series.release	series.code	series.description	geoAreaCode	X	Y	ISO3CD	geoAreaName	sliceId	Freq	Units	1990	2000	2005	2010	2015	latest.year	latest.value	latest.source	latest.nature
2017.Q2.G.01	AG_LND_FRSTN	Forest area as a proportion of total land area	4	66.02688198	33.83160199	AFG	Afghanistan	1	ANNUAL	HECTARES	1350	1350	1350	1350	1350	2015	1350	FAO estimates	E
2017.Q2.G.01	AG_LND_FRSTN	Forest area as a proportion of total land area	8	20.06660928	41.13897007	ALB	Albania	1	ANNUAL	HECTARES	788.8	769.3	782.4	776.3	771.5	2015	771.5	FAO estimates	E
2017.Q2.G.01	AG_LND_FRSTN	Forest area as a proportion of total land area	10	21.47585697	-80.40897662	ATA	Antarctica	1	ANNUAL	HECTARES									
2017.Q2.G.01	AG_LND_FRSTN	Forest area as a proportion of total land area	12	2.678164227	28.15940032	DZA	Algeria	1	ANNUAL	HECTARES	1667	1579	1536	1918	1956	2015	1956	Official submission of country data to FAO Global Forest Resources Assessment	C
2017.Q2.G.01	AG_LND_FRSTN	Forest area as a proportion of total land area	16	-170.7187269	-14.30587306	ASM	American Samoa	1	ANNUAL	HECTARES	18.388	18.05	17.881	17.712	17.543	2015	17.543	FAO estimates	E
2017.Q2.G.01	AG_LND_FRSTN	Forest area as a proportion of total land area	20	1.576257417	42.54548611	AND	Andorra	1	ANNUAL	HECTARES	16	16	16	16	16	2015	16	FAO estimates	E
2017.Q2.G.01	AG_LND_FRSTN	Forest area as a proportion of total land area	24	17.57817062	-12.33724746	AGO	Angola	1	ANNUAL	HECTARES	60976	59728	59104	58480	57856	2015	57856	Official submission of country data to FAO Global Forest Resources Assessment	C
2017.Q2.G.01	AG_LND_FRSTN	Forest area as a proportion of total land area	28	-61.7999755	17.07761471	ATG	Antigua and Barbuda	1	ANNUAL	HECTARES	10.3	10	9.8	9.8	9.8	2015	9.8	FAO estimates	E
2017.Q2.G.01	AG_LND_FRSTN	Forest area as a proportion of total land area	31	50.01064725	40.39229544	AZE	Azerbaijan	1	ANNUAL	HECTARES	851.8	871.8	877.2	1008.3	1139.4	2015	1139.4	FAO estimates	E
2017.Q2.G.01	AG_LND_FRSTN	Forest area as a proportion of total land area	32	-65.14563274	-35.19446255	ARG	Argentina	1	ANNUAL	HECTARES	34793	31860	30186	28596	27112	2015	27112	Official submission of country data to FAO Global Forest Resources Assessment	C
2017.Q2.G.01	AG_LND_FRSTN	Forest area as a proportion of total land area	36	134.3499412	-25.57717202	AUS	Australia	1	ANNUAL	HECTARES	128541	128841	127641	123211	124751	2015	124751	Official submission of country data to FAO Global Forest Resources Assessment	C
2017.Q2.G.01	AG_LND_FRSTN	Forest area as a proportion of total land area	40	14.14172472	47.58704857	AUT	Austria	1	ANNUAL	HECTARES	3776	3838	3851	3860	3869	2015	3869	Official submission of country data to FAO Global Forest Resources Assessment	C
2017.Q2.G.01	AG_LND_FRSTN	Forest area as a proportion of total land area	44	-78.05111663	24.69546597	BHS	Bahamas	1	ANNUAL	HECTARES	515	515	515	515	515	2015	515	FAO estimates	E
2017.Q2.G.01	AG_LND_FRSTN	Forest area as a proportion of total land area	48	50.5490754	26.04407747	BHR	Bahrain	1	ANNUAL	HECTARES	0.216	0.371	0.448	0.526	0.604	2015	0.604	FAO estimates	E
2017.Q2.G.01	AG_LND_FRSTN	Forest area as a proportion of total land area	50	89.17660788	22.86961622	BGD	Bangladesh	1	ANNUAL	HECTARES	1494	1468	1455	1442	1429	2015	1429	Official submission of country data to FAO Global Forest Resources Assessment	C
2017.Q2.G.01	AG_LND_FRSTN	Forest area as a proportion of total land area	51	44.93839317	40.29499741	ARM	Armenia	1	ANNUAL	HECTARES	335	333	332	331	332	2015	332	Official submission of country data to FAO Global Forest Resources Assessment	C
2017.Q2.G.01	AG_LND_FRSTN	Forest area as a proportion of total land area	52	-59.5346489	13.13648273	BRB	Barbados	1	ANNUAL	HECTARES	6.3	6.3	6.3	6.3	6.3	2015	6.3	Official submission of country data to FAO Global Forest Resources Assessment	C
2017.Q2.G.01	AG_LND_FRSTN	Forest area as a proportion of total land area	56	4.660976456	50.64104975	BEL	Belgium	1	ANNUAL	HECTARES	677.4	667.3	674.2	681.2	683.4	2015	683.4	Official submission of country data to FAO Global Forest Resources Assessment	C
2017.Q2.G.01	AG_LND_FRSTN	Forest area as a proportion of total land area	60	-64.78155012	32.27881922	BMU	Bermuda	1	ANNUAL	HECTARES	1	1	1	1	1	2015	1	FAO estimates	E
2017.Q2.G.01	AG_LND_FRSTN	Forest area as a proportion of total land area	64	90.45098484	27.39598568	BTN	Bhutan	1	ANNUAL	HECTARES	2506.714	2606.002	2655.647	2705.291	2754.935	2015	2754.935	Official submission of country data to FAO Global Forest Resources Assessment	C
2017.Q2.G.01	AG_LND_FRSTN	Forest area as a proportion of total land area	68	-64.66224284	-16.71273412	BOL	Bolivia (Plurinational State of)	1	ANNUAL	HECTARES	62795	60091	58734	56209	54764	2015	54764	Official submission of country data to FAO Global Forest Resources Assessment	C
2017.Q2.G.01	AG_LND_FRSTN	Forest area as a proportion of total land area	70	17.78584332	44.16845548	BIH	Bosnia and Herzegovina	1	ANNUAL	HECTARES	2210	2185	2185	2185	2185	2015	2185	FAO estimates	E
2017.Q2.G.01	AG_LND_FRSTN	Forest area as a proportion of total land area	72	23.81380223	-22.18810073	BWA	Botswana	1	ANNUAL	HECTARES	13718	12535	11943	11351	10840	2015	10840	Official submission of country data to FAO Global Forest Resources Assessment	C
2017.Q2.G.01	AG_LND_FRSTN	Forest area as a proportion of total land area	74	3.410732868	-54.43295905	BVT	Bouvet Island	1	ANNUAL	HECTARES									
2017.Q2.G.01	AG_LND_FRSTN	Forest area as a proportion of total land area	76	-53.08432878	-10.77668561	BRA	Brazil	1	ANNUAL	HECTARES	546705	521274	506734	498458	493538	2015	493538	Official submission of country data to FAO Global Forest Resources Assessment	C
2017.Q2.G.01	AG_LND_FRSTN	Forest area as a proportion of total land area	84	-88.70199554	17.19965901	BLZ	Belize	1	ANNUAL	HECTARES	1616.027	1459.301	1416.53	1391.391	1366.3	2015	1366.3	FAO estimates	E
2017.Q2.G.01	AG_LND_FRSTN	Forest area as a proportion of total land area	86	72.38715553	-7.299281071	IOT	British Indian Ocean Territory	1	ANNUAL	HECTARES									
2017.Q2.G.01	AG_LND_FRSTN	Forest area as a proportion of total land area	90	160.1584117	-9.622391719	SLB	Solomon Islands	1	ANNUAL	HECTARES	2324	2268	2241	2213	2185	2015	2185	FAO estimates	E
2017.Q2.G.01	AG_LND_FRSTN	Forest area as a proportion of total land area	92	-64.63294223	18.42256578	VGB	British Virgin Islands	1	ANNUAL	HECTARES	3.71	3.67	3.66	3.64	3.62	2015	3.62	FAO estimates	E
2017.Q2.G.01	AG_LND_FRSTN	Forest area as a proportion of total land area	96	114.6288563	4.49736984	BRN	Brunei Darussalam	1	ANNUAL	HECTARES	413	397	389	380	380	2015	380	FAO estimates	E
2017.Q2.G.01	AG_LND_FRSTN	Forest area as a proportion of total land area	100	25.23763153	42.75731323	BGR	Bulgaria	1	ANNUAL	HECTARES	3327	3375	3651	3737	3823	2015	3823	Official submission of country data to FAO Global Forest Resources Assessment	C
2017.Q2.G.01	AG_LND_FRSTN	Forest area as a proportion of total land area	104	96.51752295	21.19332882	MMR	Myanmar	1	ANNUAL	HECTARES	39218	34868	33321	31773	29041	2015	29041	Official submission of country data to FAO Global Forest Resources Assessment	C
2017.Q2.G.01	AG_LND_FRSTN	Forest area as a proportion of total land area	108	29.89080992	-3.366387428	BDI	Burundi	1	ANNUAL	HECTARES	289	198	181	253	276	2015	276	Official submission of country data to FAO Global Forest Resources Assessment	C
2017.Q2.G.01	AG_LND_FRSTN	Forest area as a proportion of total land area	112	28.04940161	53.54193075	BLR	Belarus	1	ANNUAL	HECTARES	7780	8273	8436	8534	8633.5	2015	8633.5	Official submission of country data to FAO Global Forest Resources Assessment	C
2017.Q2.G.01	AG_LND_FRSTN	Forest area as a proportion of total land area	116	104.922836	12.71163737	KHM	Cambodia	1	ANNUAL	HECTARES	12944	11546	10731	10094	9457	2015	9457	Official submission of country data to FAO Global Forest Resources Assessment	C
2017.Q2.G.01	AG_LND_FRSTN	Forest area as a proportion of total land area	120	12.7419827	5.692387031	CMR	Cameroon	1	ANNUAL	HECTARES	24316	22116	21016	19916	18816	2015	18816	Official submission of country data to FAO Global Forest Resources Assessment	C
2017.Q2.G.01	AG_LND_FRSTN	Forest area as a proportion of total land area	124	-101.6575058	57.72360191	CAN	Canada	1	ANNUAL	HECTARES	348273	347802	347576	347302	347069	2015	347069	Official submission of country data to FAO Global Forest Resources Assessment	C
2017.Q2.G.01	AG_LND_FRSTN	Forest area as a proportion of total land area	132	-23.63544151	15.07791834	CPV	Cabo Verde	1	ANNUAL	HECTARES	57.75	82.09	83.59	85.09	89.903	2015	89.903	Official submission of country data to FAO Global Forest Resources Assessment	C
2017.Q2.G.01	AG_LND_FRSTN	Forest area as a proportion of total land area	136	-81.16740559	19.32266656	CYM	Cayman Islands	1	ANNUAL	HECTARES	12.7	12.7	12.7	12.7	12.7	2015	12.7	FAO estimates	E
2017.Q2.G.01	AG_LND_FRSTN	Forest area as a proportion of total land area	140	20.93559492	7.003720791	CAF	Central African Republic	1	ANNUAL	HECTARES	22560	22404	22326	22248	22170	2015	22170	Official submission of country data to FAO Global Forest Resources Assessment	C
2017.Q2.G.01	AG_LND_FRSTN	Forest area as a proportion of total land area	144	80.70489654	7.614693343	LKA	Sri Lanka	1	ANNUAL	HECTARES	2284	2192	2118	2103	2070	2015	2070	Official submission of country data to FAO Global Forest Resources Assessment	C
2017.Q2.G.01	AG_LND_FRSTN	Forest area as a proportion of total land area	148	18.66618401	15.36279341	TCD	Chad	1	ANNUAL	HECTARES	6705	6326	6141	5508	4875	2015	4875	Official submission of country data to FAO Global Forest Resources Assessment	C
2017.Q2.G.01	AG_LND_FRSTN	Forest area as a proportion of total land area	152	-71.23029019	-35.2652885	CHL	Chile	1	ANNUAL	HECTARES	15263	15834	16042	16231	17735	2015	17735	Official submission of country data to FAO Global Forest Resources Assessment	C
2017.Q2.G.01	AG_LND_FRSTN	Forest area as a proportion of total land area	156	104.1403375	32.30955217	CHN	China	1	ANNUAL	HECTARES	157140.6	177000.5	193043.9	200610.3	208321.3	2015	208321.3	Official submission of country data to FAO Global Forest Resources Assessment	C
2017.Q2.G.01	AG_LND_FRSTN	Forest area as a proportion of total land area	162	105.6426067	-10.4882473	CXR	Christmas Island	1	ANNUAL	HECTARES									
2017.Q2.G.01	AG_LND_FRSTN	Forest area as a proportion of total land area	166	96.82633757	-12.18600682	CCK	Cocos (Keeling) Islands	1	ANNUAL	HECTARES									
2017.Q2.G.01	AG_LND_FRSTN	Forest area as a proportion of total land area	170	-73.07446751	3.888209046	COL	Colombia	1	ANNUAL	HECTARES	64417	61798.44	60201.36	58635.32	58501.74	2015	58501.74	Official submission of country data to FAO Global Forest Resources Assessment	C
2017.Q2.G.01	AG_LND_FRSTN	Forest area as a proportion of total land area	174	43.34234565	-11.66121732	COM	Comoros	1	ANNUAL	HECTARES	49	45	42	39	37	2015	37	FAO estimates	E
2017.Q2.G.01	AG_LND_FRSTN	Forest area as a proportion of total land area	175	45.14015057	-12.82217691	MYT	Mayotte	1	ANNUAL	HECTARES	10.67	8.73	7.76	6.79	5.82	2015	5.82	FAO estimates	E
2017.Q2.G.01	AG_LND_FRSTN	Forest area as a proportion of total land area	178	15.22052612	-0.840544119	COG	Congo	1	ANNUAL	HECTARES	22726	22556	22471	22411	22334	2015	22334	Official submission of country data to FAO Global Forest Resources Assessment	C
2017.Q2.G.01	AG_LND_FRSTN	Forest area as a proportion of total land area	180	23.65496507	-2.877154732	COD	Democratic Republic of the Congo	1	ANNUAL	HECTARES	160363	157249	155692	154135	152578	2015	152578	Official submission of country data to FAO Global Forest Resources Assessment	C
2017.Q2.G.01	AG_LND_FRSTN	Forest area as a proportion of total land area	184	-159.7711391	-21.22696458	COK	Cook Islands	1	ANNUAL	HECTARES	14.4	15.1	15.1	15.1	15.1	2015	15.1	Official submission of country data to FAO Global Forest Resources Assessment	C
2017.Q2.G.01	AG_LND_FRSTN	Forest area as a proportion of total land area	188	-84.19712782	9.970998683	CRI	Costa Rica	1	ANNUAL	HECTARES	2564	2376	2491	2605	2756	2015	2756	Official submission of country data to FAO Global Forest Resources Assessment	C
2017.Q2.G.01	AG_LND_FRSTN	Forest area as a proportion of total land area	191	17.95874553	45.45172212	HRV	Croatia	1	ANNUAL	HECTARES	1850	1885	1903	1920	1922	2015	1922	Official submission of country data to FAO Global Forest Resources Assessment	C
2017.Q2.G.01	AG_LND_FRSTN	Forest area as a proportion of total land area	192	-79.54460144	22.10030366	CUB	Cuba	1	ANNUAL	HECTARES	2058	2435	2697	2932	3200	2015	3200	Official submission of country data to FAO Global Forest Resources Assessment	C
2017.Q2.G.01	AG_LND_FRSTN	Forest area as a proportion of total land area	196	33.22285964	35.05659437	CYP	Cyprus	1	ANNUAL	HECTARES	161.11	171.61	172.851	172.841	172.7	2015	172.7	Official submission of country data to FAO Global Forest Resources Assessment	C
2017.Q2.G.01	AG_LND_FRSTN	Forest area as a proportion of total land area	203	15.33151382	49.73913871	CZE	Czechia	1	ANNUAL	HECTARES	2629	2637	2647	2657	2667	2015	2667	Official submission of country data to FAO Global Forest Resources Assessment	C
2017.Q2.G.01	AG_LND_FRSTN	Forest area as a proportion of total land area	204	2.339933594	9.65401646	BEN	Benin	1	ANNUAL	HECTARES	5761	5061	4811	4561	4311	2015	4311	Official submission of country data to FAO Global Forest Resources Assessment	C
2017.Q2.G.01	AG_LND_FRSTN	Forest area as a proportion of total land area	208	9.326571283	56.03829721	DNK	Denmark	1	ANNUAL	HECTARES	543.2	585.5	557.7	587.1	612.2	2015	612.2	Official submission of country data to FAO Global Forest Resources Assessment	C
2017.Q2.G.01	AG_LND_FRSTN	Forest area as a proportion of total land area	212	-61.3493756	15.43391378	DMA	Dominica	1	ANNUAL	HECTARES	50	47.33	45.99	44.66	43.33	2015	43.33	FAO estimates	E
2017.Q2.G.01	AG_LND_FRSTN	Forest area as a proportion of total land area	214	-70.49847576	18.89832088	DOM	Dominican Republic	1	ANNUAL	HECTARES	1105	1486	1652	1817	1983	2015	1983	Official submission of country data to FAO Global Forest Resources Assessment	C
2017.Q2.G.01	AG_LND_FRSTN	Forest area as a proportion of total land area	218	-78.37005241	-1.447785891	ECU	Ecuador	1	ANNUAL	HECTARES	14630.847	13728.916	13335.236	12941.556	12547.876	2015	12547.876	Official submission of country data to FAO Global Forest Resources Assessment	C
2017.Q2.G.01	AG_LND_FRSTN	Forest area as a proportion of total land area	222	-88.86862995	13.73603564	SLV	El Salvador	1	ANNUAL	HECTARES	377	332	309	287	265	2015	265	Official submission of country data to FAO Global Forest Resources Assessment	C
2017.Q2.G.01	AG_LND_FRSTN	Forest area as a proportion of total land area	226	10.46535826	1.565792376	GNQ	Equatorial Guinea	1	ANNUAL	HECTARES	1860	1743	1685	1626	1568	2015	1568	Official submission of country data to FAO Global Forest Resources Assessment	C
2017.Q2.G.01	AG_LND_FRSTN	Forest area as a proportion of total land area	231	39.63505296	8.631223181	ETH	Ethiopia	1	ANNUAL	HECTARES	15114	13705	13000	12296	12499	2015	12499	Official submission of country data to FAO Global Forest Resources Assessment	C
2017.Q2.G.01	AG_LND_FRSTN	Forest area as a proportion of total land area	232	38.11074289	16.12894644	ERI	Eritrea	1	ANNUAL	HECTARES	1621	1576	1554	1532	1510	2015	1510	FAO estimates	E
2017.Q2.G.01	AG_LND_FRSTN	Forest area as a proportion of total land area	233	25.84093481	58.68487172	EST	Estonia	1	ANNUAL	HECTARES	2206	2243	2252	2234	2232	2015	2232	Official submission of country data to FAO Global Forest Resources Assessment	C
2017.Q2.G.01	AG_LND_FRSTN	Forest area as a proportion of total land area	234	-7.122044325	62.21228119	FRO	Faroe Islands	1	ANNUAL	HECTARES	0.083	0.083	0.083	0.083	0.083	2015	0.083	FAO estimates	E
2017.Q2.G.01	AG_LND_FRSTN	Forest area as a proportion of total land area	238	-58.75246778	-51.74562601	FLK	Falkland Islands (Malvinas)	1	ANNUAL	HECTARES	0	0	0	0	0	2015	0	FAO estimates	E
2017.Q2.G.01	AG_LND_FRSTN	Forest area as a proportion of total land area	239	-36.90662765	-54.20736749	SGS	South Georgia and the South Sandwich Islands	1	ANNUAL	HECTARES									
2017.Q2.G.01	AG_LND_FRSTN	Forest area as a proportion of total land area	242	177.9660884	-17.83301566	FJI	Fiji	1	ANNUAL	HECTARES	952.9	980.44	997.26	992.896	1017.195	2015	1017.195	Official submission of country data to FAO Global Forest Resources Assessment	C
2017.Q2.G.01	AG_LND_FRSTN	Forest area as a proportion of total land area	246	23.308447	61.91586738	FIN	Finland	1	ANNUAL	HECTARES	21875	22445	22143	22218	22218	2015	22218	Official submission of country data to FAO Global Forest Resources Assessment	C
2017.Q2.G.01	AG_LND_FRSTN	Forest area as a proportion of total land area	248	19.80945969	60.1544901	ALA	Åland Islands	1	ANNUAL	HECTARES									
2017.Q2.G.01	AG_LND_FRSTN	Forest area as a proportion of total land area	250	2.457288129	46.62660861	FRA	France	1	ANNUAL	HECTARES	14436	15289	15861	16424	16989	2015	16989	Official submission of country data to FAO Global Forest Resources Assessment	C
2017.Q2.G.01	AG_LND_FRSTN	Forest area as a proportion of total land area	254	-53.23619089	3.922673437	GUF	French Guiana	1	ANNUAL	HECTARES	8218	8182	8168	8138	8130	2015	8130	Official submission of country data to FAO Global Forest Resources Assessment	C
2017.Q2.G.01	AG_LND_FRSTN	Forest area as a proportion of total land area	258	-149.4052367	-17.67709294	PYF	French Polynesia	1	ANNUAL	HECTARES	55	105	130	155	155	2015	155	FAO estimates	E
2017.Q2.G.01	AG_LND_FRSTN	Forest area as a proportion of total land area	260	69.64849091	-49.6068576	ATF	French Southern Territories	1	ANNUAL	HECTARES									
2017.Q2.G.01	AG_LND_FRSTN	Forest area as a proportion of total land area	262	42.18274707	11.56004161	DJI	Djibouti	1	ANNUAL	HECTARES	5.6	5.6	5.6	5.6	5.6	2015	5.6	FAO estimates	E
2017.Q2.G.01	AG_LND_FRSTN	Forest area as a proportion of total land area	266	11.78727747	-0.60687619	GAB	Gabon	1	ANNUAL	HECTARES	22000	22000	22000	22000	23000	2015	23000	Official submission of country data to FAO Global Forest Resources Assessment	C
2017.Q2.G.01	AG_LND_FRSTN	Forest area as a proportion of total land area	268	43.3713615	42.04813028	GEO	Georgia	1	ANNUAL	HECTARES	2752.3	2760.6	2772.5	2822.4	2822.4	2015	2822.4	Official submission of country data to FAO Global Forest Resources Assessment	C
2017.Q2.G.01	AG_LND_FRSTN	Forest area as a proportion of total land area	270	-15.39944785	13.45295927	GMB	Gambia	1	ANNUAL	HECTARES	442	461	471	480	488	2015	488	Official submission of country data to FAO Global Forest Resources Assessment	C
2017.Q2.G.01	AG_LND_FRSTN	Forest area as a proportion of total land area	275	35.25694122	31.94347933	PSE	State of Palestine	1	ANNUAL	HECTARES	9.08	9.08	9.17	9.17	9.17	2015	9.17	FAO estimates	E
2017.Q2.G.01	AG_LND_FRSTN	Forest area as a proportion of total land area	276	10.3806066	51.08862743	DEU	Germany	1	ANNUAL	HECTARES	11300	11354	11384	11409	11419	2015	11419	Official submission of country data to FAO Global Forest Resources Assessment	C
2017.Q2.G.01	AG_LND_FRSTN	Forest area as a proportion of total land area	288	-1.205623522	7.964825185	GHA	Ghana	1	ANNUAL	HECTARES	8627	8909	9053	9195	9337	2015	9337	Official submission of country data to FAO Global Forest Resources Assessment	C
2017.Q2.G.01	AG_LND_FRSTN	Forest area as a proportion of total land area	292	-5.347561686	36.13895036	GIB	Gibraltar	1	ANNUAL	HECTARES	0	0	0	0	0	2015	0	FAO estimates	E
2017.Q2.G.01	AG_LND_FRSTN	Forest area as a proportion of total land area	296	-157.5643005	1.768837732	KIR	Kiribati	1	ANNUAL	HECTARES	12.15	12.15	12.15	12.15	12.15	2015	12.15	FAO estimates	E
2017.Q2.G.01	AG_LND_FRSTN	Forest area as a proportion of total land area	300	22.58307827	39.47301873	GRC	Greece	1	ANNUAL	HECTARES	3299	3601	3752	3903	4054	2015	4054	FAO estimates	E
2017.Q2.G.01	AG_LND_FRSTN	Forest area as a proportion of total land area	304	-41.39371316	74.75625681	GRL	Greenland	1	ANNUAL	HECTARES	0.22	0.22	0.22	0.22	0.22	2015	0.22	FAO estimates	E
2017.Q2.G.01	AG_LND_FRSTN	Forest area as a proportion of total land area	308	-61.68248568	12.11238395	GRD	Grenada	1	ANNUAL	HECTARES	16.99	16.99	16.99	16.99	16.99	2015	16.99	FAO estimates	E
2017.Q2.G.01	AG_LND_FRSTN	Forest area as a proportion of total land area	312	-61.64762115	16.14416917	GLP	Guadeloupe	1	ANNUAL	HECTARES	73.226	73.061	72.896	71.696	71.496	2015	71.496	Official submission of country data to FAO Global Forest Resources Assessment	C
2017.Q2.G.01	AG_LND_FRSTN	Forest area as a proportion of total land area	316	144.7029305	13.35485404	GUM	Guam	1	ANNUAL	HECTARES	25	25	25	25	25	2015	25	FAO estimates	E
2017.Q2.G.01	AG_LND_FRSTN	Forest area as a proportion of total land area	320	-91.2312746	15.00273719	GTM	Guatemala	1	ANNUAL	HECTARES	4748	4208	3938	3722	3540	2015	3540	Official submission of country data to FAO Global Forest Resources Assessment	C
2017.Q2.G.01	AG_LND_FRSTN	Forest area as a proportion of total land area	324	-11.28173419	11.00210343	GIN	Guinea	1	ANNUAL	HECTARES	7264	6904	6724	6544	6364	2015	6364	Official submission of country data to FAO Global Forest Resources Assessment	C
2017.Q2.G.01	AG_LND_FRSTN	Forest area as a proportion of total land area	328	-58.97322037	4.788012784	GUY	Guyana	1	ANNUAL	HECTARES	16660	16622	16602	16576	16526	2015	16526	Official submission of country data to FAO Global Forest Resources Assessment	C
2017.Q2.G.01	AG_LND_FRSTN	Forest area as a proportion of total land area	332	-72.33640958	18.40426539	HTI	Haiti	1	ANNUAL	HECTARES	116	109	105	101	97	2015	97	Official submission of country data to FAO Global Forest Resources Assessment	C
2017.Q2.G.01	AG_LND_FRSTN	Forest area as a proportion of total land area	334	73.52633626	-53.09106147	HMD	Heard Island and McDonald Islands	1	ANNUAL	HECTARES									
2017.Q2.G.01	AG_LND_FRSTN	Forest area as a proportion of total land area	336	12.45315803	41.90343751	VAT	Holy See	1	ANNUAL	HECTARES	0	0	0	0	0	2015	0	FAO estimates	E
2017.Q2.G.01	AG_LND_FRSTN	Forest area as a proportion of total land area	340	-86.59974381	14.82243161	HND	Honduras	1	ANNUAL	HECTARES	8136	6392	5792	5192	4592	2015	4592	Official submission of country data to FAO Global Forest Resources Assessment	C
2017.Q2.G.01	AG_LND_FRSTN	Forest area as a proportion of total land area	344	114.0266445	22.41749934	HKG	China, Hong Kong Special Administrative Region	1	ANNUAL	HECTARES									
2017.Q2.G.01	AG_LND_FRSTN	Forest area as a proportion of total land area	348	19.41221519	47.1651448	HUN	Hungary	1	ANNUAL	HECTARES	1801	1917	1983	2046	2069	2015	2069	Official submission of country data to FAO Global Forest Resources Assessment	C
2017.Q2.G.01	AG_LND_FRSTN	Forest area as a proportion of total land area	352	-19.02116966	64.79134763	ISL	Iceland	1	ANNUAL	HECTARES	16.1	28.8	36.5	42.7	49.2	2015	49.2	Official submission of country data to FAO Global Forest Resources Assessment	C
2017.Q2.G.01	AG_LND_FRSTN	Forest area as a proportion of total land area	356	79.3608464	22.34642074	IND	India	1	ANNUAL	HECTARES	63939	65390	67709	69790	70682	2015	70682	Official submission of country data to FAO Global Forest Resources Assessment	C
2017.Q2.G.01	AG_LND_FRSTN	Forest area as a proportion of total land area	360	113.9174	-0.994582204	IDN	Indonesia	1	ANNUAL	HECTARES	118545	99409	97857	94432	91010	2015	91010	Official submission of country data to FAO Global Forest Resources Assessment	C
2017.Q2.G.01	AG_LND_FRSTN	Forest area as a proportion of total land area	364	54.19766348	32.74370885	IRN	Iran (Islamic Republic of)	1	ANNUAL	HECTARES	9076.058	9325.656	10691.98	10691.98	10691.98	2015	10691.98	Official submission of country data to FAO Global Forest Resources Assessment	C
2017.Q2.G.01	AG_LND_FRSTN	Forest area as a proportion of total land area	368	43.76606267	33.05013795	IRQ	Iraq	1	ANNUAL	HECTARES	804	818	825	825	825	2015	825	FAO estimates	E
2017.Q2.G.01	AG_LND_FRSTN	Forest area as a proportion of total land area	372	-7.121425272	53.25274054	IRL	Ireland	1	ANNUAL	HECTARES	465.002	634.951	694.835	725.635	754.016	2015	754.016	Official submission of country data to FAO Global Forest Resources Assessment	C
2017.Q2.G.01	AG_LND_FRSTN	Forest area as a proportion of total land area	376	34.62277992	31.06164552	ISR	Israel	1	ANNUAL	HECTARES	132	153	155	154	165	2015	165	Official submission of country data to FAO Global Forest Resources Assessment	C
2017.Q2.G.01	AG_LND_FRSTN	Forest area as a proportion of total land area	380	12.57022427	42.79917282	ITA	Italy	1	ANNUAL	HECTARES	7590	8369	8759	9028	9297	2015	9297	Official submission of country data to FAO Global Forest Resources Assessment	C
2017.Q2.G.01	AG_LND_FRSTN	Forest area as a proportion of total land area	384	-5.552690016	7.62211586	CIV	Côte d'Ivoire	1	ANNUAL	HECTARES	10222	10328	10405	10403	10401	2015	10401	FAO estimates	E
2017.Q2.G.01	AG_LND_FRSTN	Forest area as a proportion of total land area	388	-77.31068409	18.15616857	JAM	Jamaica	1	ANNUAL	HECTARES	344.6	340.9	339.2	337.1	335.2	2015	335.2	Official submission of country data to FAO Global Forest Resources Assessment	C
2017.Q2.G.01	AG_LND_FRSTN	Forest area as a proportion of total land area	392	139.2716103	36.6554539	JPN	Japan	1	ANNUAL	HECTARES	24950	24876	24935	24966	24958	2015	24958	Official submission of country data to FAO Global Forest Resources Assessment	C
2017.Q2.G.01	AG_LND_FRSTN	Forest area as a proportion of total land area	398	66.65359159	48.01963494	KAZ	Kazakhstan	1	ANNUAL	HECTARES	3422	3365	3337	3309	3309	2015	3309	FAO estimates	E
2017.Q2.G.01	AG_LND_FRSTN	Forest area as a proportion of total land area	400	37.13024774	30.65365973	JOR	Jordan	1	ANNUAL	HECTARES	97.5	97.5	97.5	97.5	97.5	2015	97.5	FAO estimates	E
2017.Q2.G.01	AG_LND_FRSTN	Forest area as a proportion of total land area	404	37.86096816	0.534797278	KEN	Kenya	1	ANNUAL	HECTARES	4724	3557	4047	4230	4413	2015	4413	Official submission of country data to FAO Global Forest Resources Assessment	C
2017.Q2.G.01	AG_LND_FRSTN	Forest area as a proportion of total land area	408	127.1803633	40.1462645	PRK	Democratic People's Republic of Korea	1	ANNUAL	HECTARES	8201	6933	6299	5666	5031	2015	5031	FAO estimates	E
2017.Q2.G.01	AG_LND_FRSTN	Forest area as a proportion of total land area	410	127.8610254	36.45201023	KOR	Republic of Korea	1	ANNUAL	HECTARES	6370	6288	6255	6222	6184	2015	6184	Official submission of country data to FAO Global Forest Resources Assessment	C
2017.Q2.G.01	AG_LND_FRSTN	Forest area as a proportion of total land area	414	47.49305029	29.53949468	KWT	Kuwait	1	ANNUAL	HECTARES	3.45	4.85	5.55	6.25	6.25	2015	6.25	FAO estimates	E
2017.Q2.G.01	AG_LND_FRSTN	Forest area as a proportion of total land area	417	74.52324839	41.46204516	KGZ	Kyrgyzstan	1	ANNUAL	HECTARES	836.4	858.3	869.3	677	637	2015	637	Official submission of country data to FAO Global Forest Resources Assessment	C
2017.Q2.G.01	AG_LND_FRSTN	Forest area as a proportion of total land area	418	101.9901968	20.27482773	LAO	Lao People's Democratic Republic	1	ANNUAL	HECTARES	17644.9	16525.99	16869.71	17815.56	18761.41	2015	18761.41	Official submission of country data to FAO Global Forest Resources Assessment	C
2017.Q2.G.01	AG_LND_FRSTN	Forest area as a proportion of total land area	422	35.89391711	33.92152458	LBN	Lebanon	1	ANNUAL	HECTARES	131	131	136.5	136.9	137.3	2015	137.3	Official submission of country data to FAO Global Forest Resources Assessment	C
2017.Q2.G.01	AG_LND_FRSTN	Forest area as a proportion of total land area	426	28.25362195	-29.58041814	LSO	Lesotho	1	ANNUAL	HECTARES	40	42	43	44	49	2015	49	Official submission of country data to FAO Global Forest Resources Assessment	C
2017.Q2.G.01	AG_LND_FRSTN	Forest area as a proportion of total land area	428	26.42461876	56.64196636	LVA	Latvia	1	ANNUAL	HECTARES	3173	3241	3297	3354	3356	2015	3356	Official submission of country data to FAO Global Forest Resources Assessment	C
2017.Q2.G.01	AG_LND_FRSTN	Forest area as a proportion of total land area	430	-9.311879038	6.448381009	LBR	Liberia	1	ANNUAL	HECTARES	4929	4629	4479	4329	4179	2015	4179	Official submission of country data to FAO Global Forest Resources Assessment	C
2017.Q2.G.01	AG_LND_FRSTN	Forest area as a proportion of total land area	434	18.0295985	27.04042819	LBY	Libya	1	ANNUAL	HECTARES	217	217	217	217	217	2015	217	FAO estimates	E
2017.Q2.G.01	AG_LND_FRSTN	Forest area as a proportion of total land area	438	9.552985019	47.14167005	LIE	Liechtenstein	1	ANNUAL	HECTARES	6.5	6.9	6.9	6.9	6.9	2015	6.9	FAO estimates	E
2017.Q2.G.01	AG_LND_FRSTN	Forest area as a proportion of total land area	440	23.90517807	55.33680309	LTU	Lithuania	1	ANNUAL	HECTARES	1945	2020	2121	2170	2180	2015	2180	Official submission of country data to FAO Global Forest Resources Assessment	C
2017.Q2.G.01	AG_LND_FRSTN	Forest area as a proportion of total land area	442	6.092656563	49.77679538	LUX	Luxembourg	1	ANNUAL	HECTARES	85.8	86.7	86.7	86.7	86.7	2015	86.7	FAO estimates	E
2017.Q2.G.01	AG_LND_FRSTN	Forest area as a proportion of total land area	446	113.5665388	22.1237259	MAC	China, Macao Special Administrative Region	1	ANNUAL	HECTARES									
2017.Q2.G.01	AG_LND_FRSTN	Forest area as a proportion of total land area	450	46.6982339	-19.38514785	MDG	Madagascar	1	ANNUAL	HECTARES	13692	13023	12838	12553	12473	2015	12473	Official submission of country data to FAO Global Forest Resources Assessment	C
2017.Q2.G.01	AG_LND_FRSTN	Forest area as a proportion of total land area	454	33.4884625	-13.40819859	MWI	Malawi	1	ANNUAL	HECTARES	3896	3567	3402	3237	3147	2015	3147	Official submission of country data to FAO Global Forest Resources Assessment	C
2017.Q2.G.01	AG_LND_FRSTN	Forest area as a proportion of total land area	458	116.8346314	5.452415309	MYS	Malaysia	1	ANNUAL	HECTARES	22376	21591	20890	22124	22195	2015	22195	Official submission of country data to FAO Global Forest Resources Assessment	C
2017.Q2.G.01	AG_LND_FRSTN	Forest area as a proportion of total land area	462	73.09672546	-0.614385021	MDV	Maldives	1	ANNUAL	HECTARES	1	1	1	1	1	2015	1	FAO estimates	E
2017.Q2.G.01	AG_LND_FRSTN	Forest area as a proportion of total land area	466	-3.522016039	17.35311254	MLI	Mali	1	ANNUAL	HECTARES	6690	5900	5505	5110	4715	2015	4715	Official submission of country data to FAO Global Forest Resources Assessment	C
2017.Q2.G.01	AG_LND_FRSTN	Forest area as a proportion of total land area	470	14.44617519	35.89194275	MLT	Malta	1	ANNUAL	HECTARES	0.347	0.347	0.347	0.347	0.347	2015	0.347	FAO estimates	E
2017.Q2.G.01	AG_LND_FRSTN	Forest area as a proportion of total land area	474	-60.91544135	14.56086108	MTQ	Martinique	1	ANNUAL	HECTARES	48.5	48.5	48.5	48.5	48.5	2015	48.5	Official submission of country data to FAO Global Forest Resources Assessment	C
2017.Q2.G.01	AG_LND_FRSTN	Forest area as a proportion of total land area	478	-10.33187259	20.26089546	MRT	Mauritania	1	ANNUAL	HECTARES	415	317	267	242	224.5	2015	224.5	Official submission of country data to FAO Global Forest Resources Assessment	C
2017.Q2.G.01	AG_LND_FRSTN	Forest area as a proportion of total land area	480	57.568022	-20.28581998	MUS	Mauritius	1	ANNUAL	HECTARES	41.1	41.9	38.2	38.4	38.6	2015	38.6	Official submission of country data to FAO Global Forest Resources Assessment	C
2017.Q2.G.01	AG_LND_FRSTN	Forest area as a proportion of total land area	484	-102.5148166	23.93378032	MEX	Mexico	1	ANNUAL	HECTARES	69760	67856	67083	66498	66040	2015	66040	Official submission of country data to FAO Global Forest Resources Assessment	C
2017.Q2.G.01	AG_LND_FRSTN	Forest area as a proportion of total land area	492	7.424214814	43.73532918	MCO	Monaco	1	ANNUAL	HECTARES	0	0	0	0	0	2015	0	FAO estimates	E
2017.Q2.G.01	AG_LND_FRSTN	Forest area as a proportion of total land area	496	103.0728057	46.83892054	MNG	Mongolia	1	ANNUAL	HECTARES	12536	11717	11308	13039.2	12552.8	2015	12552.8	Official submission of country data to FAO Global Forest Resources Assessment	C
2017.Q2.G.01	AG_LND_FRSTN	Forest area as a proportion of total land area	498	28.4650624	47.20236795	MDA	Republic of Moldova	1	ANNUAL	HECTARES	319	324	363	386	409	2015	409	FAO estimates	E
2017.Q2.G.01	AG_LND_FRSTN	Forest area as a proportion of total land area	499	19.25214024	42.78717043	MNE	Montenegro	1	ANNUAL	HECTARES	626	626	626	827	827	2015	827	Official submission of country data to FAO Global Forest Resources Assessment	C
2017.Q2.G.01	AG_LND_FRSTN	Forest area as a proportion of total land area	500	-62.19261223	16.73558313	MSR	Montserrat	1	ANNUAL	HECTARES	3.5	2.5	2.5	2.5	2.5	2015	2.5	FAO estimates	E
2017.Q2.G.01	AG_LND_FRSTN	Forest area as a proportion of total land area	504	-6.281942841	31.8440131	MAR	Morocco	1	ANNUAL	HECTARES	4954	4993	5401	5672	5632	2015	5632	Official submission of country data to FAO Global Forest Resources Assessment	C
2017.Q2.G.01	AG_LND_FRSTN	Forest area as a proportion of total land area	508	38.18479941	-14.27963886	MOZ	Mozambique	1	ANNUAL	HECTARES	43378	41188	40079	38972	37940	2015	37940	Official submission of country data to FAO Global Forest Resources Assessment	C
2017.Q2.G.01	AG_LND_FRSTN	Forest area as a proportion of total land area	512	57.87743482	21.98805614	OMN	Oman	1	ANNUAL	HECTARES	2	2	2	2	2	2015	2	Official submission of country data to FAO Global Forest Resources Assessment	C
2017.Q2.G.01	AG_LND_FRSTN	Forest area as a proportion of total land area	516	17.21907885	-22.13817068	NAM	Namibia	1	ANNUAL	HECTARES	8762	8032	7661	7290	6919	2015	6919	Official submission of country data to FAO Global Forest Resources Assessment	C
2017.Q2.G.01	AG_LND_FRSTN	Forest area as a proportion of total land area	520	166.92313	-0.528742623	NRU	Nauru	1	ANNUAL	HECTARES	0	0	0	0	0	2015	0	FAO estimates	E
2017.Q2.G.01	AG_LND_FRSTN	Forest area as a proportion of total land area	524	83.94678863	28.25866332	NPL	Nepal	1	ANNUAL	HECTARES	4817	3900	3636	3636	3636	2015	3636	Official submission of country data to FAO Global Forest Resources Assessment	C
2017.Q2.G.01	AG_LND_FRSTN	Forest area as a proportion of total land area	528	5.331480568	51.86728884	NLD	Netherlands	1	ANNUAL	HECTARES	345	360	365	373	376	2015	376	Official submission of country data to FAO Global Forest Resources Assessment	C
2017.Q2.G.01	AG_LND_FRSTN	Forest area as a proportion of total land area	530	-68.30676179	12.22720635	ANT	Netherlands Antilles	1	ANNUAL	HECTARES	1.18	1.18	1.18	1.18	1.18	2015	1.18	FAO estimates	E
2017.Q2.G.01	AG_LND_FRSTN	Forest area as a proportion of total land area	531	-68.95033464	12.15058042	CUW	Curaçao	1	ANNUAL	HECTARES									
2017.Q2.G.01	AG_LND_FRSTN	Forest area as a proportion of total land area	533	-69.97050586	12.50878756	ABW	Aruba	1	ANNUAL	HECTARES	0.42	0.42	0.42	0.42	0.42	2015	0.42	FAO estimates	E
2017.Q2.G.01	AG_LND_FRSTN	Forest area as a proportion of total land area	534	-63.06198692	18.03926508	SXM	Sint Maarten (Dutch part)	1	ANNUAL	HECTARES									
2017.Q2.G.01	AG_LND_FRSTN	Forest area as a proportion of total land area	540	165.5067368	-21.41742531	NCL	New Caledonia	1	ANNUAL	HECTARES	839	839	839	839	839	2015	839	FAO estimates	E
2017.Q2.G.01	AG_LND_FRSTN	Forest area as a proportion of total land area	548	167.0679779	-15.34445547	VUT	Vanuatu	1	ANNUAL	HECTARES	440	440	440	440	440	2015	440	FAO estimates	E
2017.Q2.G.01	AG_LND_FRSTN	Forest area as a proportion of total land area	554	170.4755673	-43.98721568	NZL	New Zealand	1	ANNUAL	HECTARES	9658	10139	10183	10151	10152	2015	10152	Official submission of country data to FAO Global Forest Resources Assessment	C
2017.Q2.G.01	AG_LND_FRSTN	Forest area as a proportion of total land area	558	-85.03060315	12.84210839	NIC	Nicaragua	1	ANNUAL	HECTARES	4514	3814	3464	3114	3114	2015	3114	Official submission of country data to FAO Global Forest Resources Assessment	C
2017.Q2.G.01	AG_LND_FRSTN	Forest area as a proportion of total land area	562	9.400167877	17.42143036	NER	Niger	1	ANNUAL	HECTARES	1945	1328	1266	1204	1142	2015	1142	Official submission of country data to FAO Global Forest Resources Assessment	C
2017.Q2.G.01	AG_LND_FRSTN	Forest area as a proportion of total land area	566	8.097363256	9.585789025	NGA	Nigeria	1	ANNUAL	HECTARES	17234	13137	11089	9041	6993	2015	6993	Official submission of country data to FAO Global Forest Resources Assessment	C
2017.Q2.G.01	AG_LND_FRSTN	Forest area as a proportion of total land area	570	-169.8601693	-19.05000475	NIU	Niue	1	ANNUAL	HECTARES	20.6	19.6	19.1	18.6	18.1	2015	18.1	FAO estimates	E
2017.Q2.G.01	AG_LND_FRSTN	Forest area as a proportion of total land area	574	167.9515548	-29.03230018	NFK	Norfolk Island	1	ANNUAL	HECTARES	0.46	0.46	0.46	0.46	0.46	2015	0.46	FAO estimates	E
2017.Q2.G.01	AG_LND_FRSTN	Forest area as a proportion of total land area	578	11.47846389	61.34311134	NOR	Norway	1	ANNUAL	HECTARES	12132	12113	12092	12102	12112	2015	12112	Official submission of country data to FAO Global Forest Resources Assessment	C
2017.Q2.G.01	AG_LND_FRSTN	Forest area as a proportion of total land area	580	145.7582114	15.19099517	MNP	Northern Mariana Islands	1	ANNUAL	HECTARES	33.609	31.964	31.142	30.319	29.496	2015	29.496	FAO estimates	E
2017.Q2.G.01	AG_LND_FRSTN	Forest area as a proportion of total land area	581	-162.4343752	5.874443968	UMI	US Minor Outlying Islands	1	ANNUAL	HECTARES									
2017.Q2.G.01	AG_LND_FRSTN	Forest area as a proportion of total land area	583	158.225216	6.880670092	FSM	Micronesia, Federated States of	1	ANNUAL	HECTARES	63.584	63.856	63.993	64.129	64.265	2015	64.265	FAO estimates	E
2017.Q2.G.01	AG_LND_FRSTN	Forest area as a proportion of total land area	584	171.0839119	7.110213497	MHL	Marshall Islands	1	ANNUAL	HECTARES	12.636	12.636	12.636	12.636	12.636	2015	12.636	FAO estimates	E
2017.Q2.G.01	AG_LND_FRSTN	Forest area as a proportion of total land area	585	134.5733878	7.502307591	PLW	Palau	1	ANNUAL	HECTARES	38.154	39.587	40.303	40.303	40.303	2015	40.303	Official submission of country data to FAO Global Forest Resources Assessment	C
2017.Q2.G.01	AG_LND_FRSTN	Forest area as a proportion of total land area	586	68.80479684	29.36491634	PAK	Pakistan	1	ANNUAL	HECTARES	2527	2116	1902	1687	1472	2015	1472	FAO estimates	E
2017.Q2.G.01	AG_LND_FRSTN	Forest area as a proportion of total land area	591	-81.26616623	8.450965746	PAN	Panama	1	ANNUAL	HECTARES	5040	4867	4782	4699	4617	2015	4617	Official submission of country data to FAO Global Forest Resources Assessment	C
2017.Q2.G.01	AG_LND_FRSTN	Forest area as a proportion of total land area	598	145.8587761	-6.756057077	PNG	Papua New Guinea	1	ANNUAL	HECTARES	33627	33600	33586	33573	33559	2015	33559	Official submission of country data to FAO Global Forest Resources Assessment	C
2017.Q2.G.01	AG_LND_FRSTN	Forest area as a proportion of total land area	600	-60.54854225	-21.70216237	PRY	Paraguay	1	ANNUAL	HECTARES	21157	19368	18475	16950	15323	2015	15323	Official submission of country data to FAO Global Forest Resources Assessment	C
2017.Q2.G.01	AG_LND_FRSTN	Forest area as a proportion of total land area	604	-71.82093277	-13.58939705	PER	Peru	1	ANNUAL	HECTARES	77921	76147	75528	74811	73973	2015	73973	Official submission of country data to FAO Global Forest Resources Assessment	C
2017.Q2.G.01	AG_LND_FRSTN	Forest area as a proportion of total land area	608	120.8601418	14.16591706	PHL	Philippines	1	ANNUAL	HECTARES	6555	7027	7074	6840	8040	2015	8040	Official submission of country data to FAO Global Forest Resources Assessment	C
2017.Q2.G.01	AG_LND_FRSTN	Forest area as a proportion of total land area	612	-128.3225873	-24.37538456	PCN	Pitcairn	1	ANNUAL	HECTARES	3.5	3.5	3.5	3.5	3.5	2015	3.5	FAO estimates	E
2017.Q2.G.01	AG_LND_FRSTN	Forest area as a proportion of total land area	616	19.40660158	52.1226733	POL	Poland	1	ANNUAL	HECTARES	8881	9059	9200	9329	9435	2015	9435	Official submission of country data to FAO Global Forest Resources Assessment	C
2017.Q2.G.01	AG_LND_FRSTN	Forest area as a proportion of total land area	620	-7.961599811	39.68509315	PRT	Portugal	1	ANNUAL	HECTARES	3436	3343	3296	3239	3182	2015	3182	Official submission of country data to FAO Global Forest Resources Assessment	C
2017.Q2.G.01	AG_LND_FRSTN	Forest area as a proportion of total land area	624	-14.40182514	12.11760394	GNB	Guinea-Bissau	1	ANNUAL	HECTARES	2216	2120	2072	2022	1972	2015	1972	FAO estimates	E
2017.Q2.G.01	AG_LND_FRSTN	Forest area as a proportion of total land area	626	125.9451052	-8.797497247	TLS	Timor-Leste	1	ANNUAL	HECTARES	966	854	798	742	686	2015	686	FAO estimates	E
2017.Q2.G.01	AG_LND_FRSTN	Forest area as a proportion of total land area	630	-66.47591017	18.22753799	PRI	Puerto Rico	1	ANNUAL	HECTARES	287	450.09	462.87	479.41	495.95	2015	495.95	Official submission of country data to FAO Global Forest Resources Assessment	C
2017.Q2.G.01	AG_LND_FRSTN	Forest area as a proportion of total land area	634	51.19152467	25.28355379	QAT	Qatar	1	ANNUAL	HECTARES	0	0	0	0	0	2015	0	FAO estimates	E
2017.Q2.G.01	AG_LND_FRSTN	Forest area as a proportion of total land area	638	55.53171398	-21.13183266	REU	Réunion	1	ANNUAL	HECTARES	87	87	85	88	88	2015	88	Official submission of country data to FAO Global Forest Resources Assessment	C
2017.Q2.G.01	AG_LND_FRSTN	Forest area as a proportion of total land area	642	24.98481009	45.83893563	ROU	Romania	1	ANNUAL	HECTARES	6371	6366	6391	6515	6861	2015	6861	Official submission of country data to FAO Global Forest Resources Assessment	C
2017.Q2.G.01	AG_LND_FRSTN	Forest area as a proportion of total land area	643	99.01404926	61.61899849	RUS	Russian Federation	1	ANNUAL	HECTARES	808949.9	809268.5	808790	815135.6	814930.5	2015	814930.5	Official submission of country data to FAO Global Forest Resources Assessment	C
2017.Q2.G.01	AG_LND_FRSTN	Forest area as a proportion of total land area	646	29.92310194	-1.999842114	RWA	Rwanda	1	ANNUAL	HECTARES	318	344	385	446	480	2015	480	Official submission of country data to FAO Global Forest Resources Assessment	C
2017.Q2.G.01	AG_LND_FRSTN	Forest area as a proportion of total land area	652	-62.83173536	17.89513362	BLM	Saint Barthélemy	1	ANNUAL	HECTARES	0	0	0	0	0	2015	0	FAO estimates	E
2017.Q2.G.01	AG_LND_FRSTN	Forest area as a proportion of total land area	654	-5.705752501	-15.96503946	SHN	Saint Helena	1	ANNUAL	HECTARES	2	2	2	2	2	2015	2	FAO estimates	E
2017.Q2.G.01	AG_LND_FRSTN	Forest area as a proportion of total land area	659	-62.76628613	17.33994219	KNA	Saint Kitts and Nevis	1	ANNUAL	HECTARES	11	11	11	11	11	2015	11	Official submission of country data to FAO Global Forest Resources Assessment	C
2017.Q2.G.01	AG_LND_FRSTN	Forest area as a proportion of total land area	660	-63.05651612	18.21525315	AIA	Anguilla	1	ANNUAL	HECTARES	5.5	5.5	5.5	5.5	5.5	2015	5.5	FAO estimates	E
2017.Q2.G.01	AG_LND_FRSTN	Forest area as a proportion of total land area	662	-60.96529553	13.89405601	LCA	Saint Lucia	1	ANNUAL	HECTARES	21.8	21.2	20.9	20.6	20.3	2015	20.3	Official submission of country data to FAO Global Forest Resources Assessment	C
2017.Q2.G.01	AG_LND_FRSTN	Forest area as a proportion of total land area	663	-63.04505461	18.0882685	MAF	Saint Martin (French Part)	1	ANNUAL	HECTARES	1.144	1.144	1.144	1.144	1.144	2015	1.144	Official submission of country data to FAO Global Forest Resources Assessment	C
2017.Q2.G.01	AG_LND_FRSTN	Forest area as a proportion of total land area	666	-56.33682442	46.85812735	SPM	Saint Pierre and Miquelon	1	ANNUAL	HECTARES	3.4	3.2	3	2.9	2.8	2015	2.8	Official submission of country data to FAO Global Forest Resources Assessment	C
2017.Q2.G.01	AG_LND_FRSTN	Forest area as a proportion of total land area	670	-61.19024321	13.24627968	VCT	Saint Vincent and the Grenadines	1	ANNUAL	HECTARES	25	26	26	27	27	2015	27	FAO estimates	E
2017.Q2.G.01	AG_LND_FRSTN	Forest area as a proportion of total land area	674	12.46329038	43.93841766	SMR	San Marino	1	ANNUAL	HECTARES	0	0	0	0	0	2015	0	FAO estimates	E
2017.Q2.G.01	AG_LND_FRSTN	Forest area as a proportion of total land area	678	6.609772265	0.241554875	STP	Sao Tome and Principe	1	ANNUAL	HECTARES	56	56	56	53.6	53.6	2015	53.6	Official submission of country data to FAO Global Forest Resources Assessment	C
2017.Q2.G.01	AG_LND_FRSTN	Forest area as a proportion of total land area	682	44.54763347	24.12594211	SAU	Saudi Arabia	1	ANNUAL	HECTARES	977	977	977	977	977	2015	977	FAO estimates	E
2017.Q2.G.01	AG_LND_FRSTN	Forest area as a proportion of total land area	686	-14.46636926	14.35920905	SEN	Senegal	1	ANNUAL	HECTARES	9348	8898	8673	8473	8273	2015	8273	Official submission of country data to FAO Global Forest Resources Assessment	C
2017.Q2.G.01	AG_LND_FRSTN	Forest area as a proportion of total land area	688	20.805876	44.03145697	SRB	Serbia	1	ANNUAL	HECTARES	2313	2460	2476	2713	2720	2015	2720	Official submission of country data to FAO Global Forest Resources Assessment	C
2017.Q2.G.01	AG_LND_FRSTN	Forest area as a proportion of total land area	690	55.46561591	-4.678053059	SYC	Seychelles	1	ANNUAL	HECTARES	40.666	40.666	40.666	40.666	40.666	2015	40.666	Official submission of country data to FAO Global Forest Resources Assessment	C
2017.Q2.G.01	AG_LND_FRSTN	Forest area as a proportion of total land area	694	-11.78306584	8.568604164	SLE	Sierra Leone	1	ANNUAL	HECTARES	3118	2922	2824	2726	3044	2015	3044	Official submission of country data to FAO Global Forest Resources Assessment	C
2017.Q2.G.01	AG_LND_FRSTN	Forest area as a proportion of total land area	702	103.8107883	1.361009155	SGP	Singapore	1	ANNUAL	HECTARES	16.35	16.35	16.35	16.35	16.35	2015	16.35	Official submission of country data to FAO Global Forest Resources Assessment	C
2017.Q2.G.01	AG_LND_FRSTN	Forest area as a proportion of total land area	703	19.48495604	48.70741446	SVK	Slovakia	1	ANNUAL	HECTARES	1922	1921	1932	1939	1940	2015	1940	Official submission of country data to FAO Global Forest Resources Assessment	C
2017.Q2.G.01	AG_LND_FRSTN	Forest area as a proportion of total land area	704	105.802499	10.09643079	VNM	Viet Nam	1	ANNUAL	HECTARES	9363	11727	13077	14128	14773	2015	14773	Official submission of country data to FAO Global Forest Resources Assessment	C
2017.Q2.G.01	AG_LND_FRSTN	Forest area as a proportion of total land area	705	14.82209486	46.11958061	SVN	Slovenia	1	ANNUAL	HECTARES	1188	1233	1243	1247	1248	2015	1248	Official submission of country data to FAO Global Forest Resources Assessment	C
2017.Q2.G.01	AG_LND_FRSTN	Forest area as a proportion of total land area	706	46.20367477	4.406485729	SOM	Somalia	1	ANNUAL	HECTARES	8282	7515	7131	6747	6363	2015	6363	Official submission of country data to FAO Global Forest Resources Assessment	C
2017.Q2.G.01	AG_LND_FRSTN	Forest area as a proportion of total land area	710	24.67184355	-29.99957544	ZAF	South Africa	1	ANNUAL	HECTARES	9241	9241	9241	9241	9241	2015	9241	Official submission of country data to FAO Global Forest Resources Assessment	C
2017.Q2.G.01	AG_LND_FRSTN	Forest area as a proportion of total land area	716	29.86909584	-19.00075492	ZWE	Zimbabwe	1	ANNUAL	HECTARES	22164	18894	17259	15624	14062	2015	14062	Official submission of country data to FAO Global Forest Resources Assessment	C
2017.Q2.G.01	AG_LND_FRSTN	Forest area as a proportion of total land area	724	-3.554078296	40.39211472	ESP	Spain	1	ANNUAL	HECTARES	13809.49	16976.94	17282.09	18247.2	18417.87	2015	18417.87	Official submission of country data to FAO Global Forest Resources Assessment	C
2017.Q2.G.01	AG_LND_FRSTN	Forest area as a proportion of total land area	728	30.32618773	7.290839152	SSD	South Sudan	1	ANNUAL	HECTARES	7157	7157	7157	7157	7157	2015	7157	Official submission of country data to FAO Global Forest Resources Assessment	C
2017.Q2.G.01	AG_LND_FRSTN	Forest area as a proportion of total land area	732	-13.13515523	24.66265342	ESH	Western Sahara	1	ANNUAL	HECTARES	707	707	707	707	707	2015	707	FAO estimates	E
2017.Q2.G.01	AG_LND_FRSTN	Forest area as a proportion of total land area	736	29.95650159	16.02643066	SDN	Sudan	1	ANNUAL	HECTARES									
2017.Q2.G.01	AG_LND_FRSTN	Forest area as a proportion of total land area	740	-55.90626394	4.132603197	SUR	Suriname	1	ANNUAL	HECTARES	15430	15391	15371	15351	15332	2015	15332	Official submission of country data to FAO Global Forest Resources Assessment	C
2017.Q2.G.01	AG_LND_FRSTN	Forest area as a proportion of total land area	744	13.38071013	78.82894131	SJM	Svalbard and Jan Mayen Islands	1	ANNUAL	HECTARES	0	0	0	0	0	2015	0	Official submission of country data to FAO Global Forest Resources Assessment	C
2017.Q2.G.01	AG_LND_FRSTN	Forest area as a proportion of total land area	748	31.50149288	-26.56471011	SWZ	Swaziland	1	ANNUAL	HECTARES	472	518	541	563	586	2015	586	Official submission of country data to FAO Global Forest Resources Assessment	C
2017.Q2.G.01	AG_LND_FRSTN	Forest area as a proportion of total land area	752	14.3775338	60.60103109	SWE	Sweden	1	ANNUAL	HECTARES	28063	28163	28218	28073	28073	2015	28073	Official submission of country data to FAO Global Forest Resources Assessment	C
2017.Q2.G.01	AG_LND_FRSTN	Forest area as a proportion of total land area	756	8.223158	46.96617097	CHE	Switzerland	1	ANNUAL	HECTARES	1151	1194	1217	1235	1254	2015	1254	Official submission of country data to FAO Global Forest Resources Assessment	C
2017.Q2.G.01	AG_LND_FRSTN	Forest area as a proportion of total land area	760	38.50466565	35.01676176	SYR	Syrian Arab Republic (Syria)	1	ANNUAL	HECTARES	372	432	461	491	491	2015	491	FAO estimates	E
2017.Q2.G.01	AG_LND_FRSTN	Forest area as a proportion of total land area	762	69.294998	38.43069666	TJK	Tajikistan	1	ANNUAL	HECTARES	408	410	410	410	412	2015	412	Official submission of country data to FAO Global Forest Resources Assessment	C
2017.Q2.G.01	AG_LND_FRSTN	Forest area as a proportion of total land area	764	101.0202951	15.13089239	THA	Thailand	1	ANNUAL	HECTARES	14005	17011	16100	16249	16399	2015	16399	Official submission of country data to FAO Global Forest Resources Assessment	C
2017.Q2.G.01	AG_LND_FRSTN	Forest area as a proportion of total land area	768	0.97835765	8.532096072	TGO	Togo	1	ANNUAL	HECTARES	685	486	386	287	188	2015	188	Official submission of country data to FAO Global Forest Resources Assessment	C
2017.Q2.G.01	AG_LND_FRSTN	Forest area as a proportion of total land area	772	-171.8154473	-9.214545558	TKL	Tokelau	1	ANNUAL	HECTARES	0	0	0	0	0	2015	0	FAO estimates	E
2017.Q2.G.01	AG_LND_FRSTN	Forest area as a proportion of total land area	776	-175.1959991	-21.19511329	TON	Tonga	1	ANNUAL	HECTARES	9	9	9	9	9	2015	9	Official submission of country data to FAO Global Forest Resources Assessment	C
2017.Q2.G.01	AG_LND_FRSTN	Forest area as a proportion of total land area	780	-61.29389504	10.41877263	TTO	Trinidad and Tobago	1	ANNUAL	HECTARES	240.7	233.6	230	226.4	234.476	2015	234.476	Official submission of country data to FAO Global Forest Resources Assessment	C
2017.Q2.G.01	AG_LND_FRSTN	Forest area as a proportion of total land area	784	53.98279159	23.43322219	ARE	United Arab Emirates	1	ANNUAL	HECTARES	245	310	312	317.3	322.6	2015	322.6	FAO estimates	E
2017.Q2.G.01	AG_LND_FRSTN	Forest area as a proportion of total land area	788	9.572737411	34.11439971	TUN	Tunisia	1	ANNUAL	HECTARES	643	837	915	990	1041	2015	1041	Official submission of country data to FAO Global Forest Resources Assessment	C
2017.Q2.G.01	AG_LND_FRSTN	Forest area as a proportion of total land area	792	35.42890329	38.9899684	TUR	Turkey	1	ANNUAL	HECTARES	9622	10183	10662	11203	11715	2015	11715	Official submission of country data to FAO Global Forest Resources Assessment	C
2017.Q2.G.01	AG_LND_FRSTN	Forest area as a proportion of total land area	795	58.9787665	40.0912346	TKM	Turkmenistan	1	ANNUAL	HECTARES	4127	4127	4127	4127	4127	2015	4127	FAO estimates	E
2017.Q2.G.01	AG_LND_FRSTN	Forest area as a proportion of total land area	796	-71.745121	21.80780585	TCA	Turks and Caicos Islands	1	ANNUAL	HECTARES	34.4	34.4	34.4	34.4	34.4	2015	34.4	FAO estimates	E
2017.Q2.G.01	AG_LND_FRSTN	Forest area as a proportion of total land area	798	178.6679611	-7.460048071	TUV	Tuvalu	1	ANNUAL	HECTARES	1	1	1	1	1	2015	1	FAO estimates	E
2017.Q2.G.01	AG_LND_FRSTN	Forest area as a proportion of total land area	800	32.39100438	1.279557331	UGA	Uganda	1	ANNUAL	HECTARES	4751	3869	3429	2753	2077	2015	2077	Official submission of country data to FAO Global Forest Resources Assessment	C
2017.Q2.G.01	AG_LND_FRSTN	Forest area as a proportion of total land area	804	31.40270802	49.00735945	UKR	Ukraine	1	ANNUAL	HECTARES	9274	9510	9575	9548	9657	2015	9657	Official submission of country data to FAO Global Forest Resources Assessment	C
2017.Q2.G.01	AG_LND_FRSTN	Forest area as a proportion of total land area	807	21.7007909	41.60048068	MKD	Macedonia, Republic of	1	ANNUAL	HECTARES	912	958	975	998	998	2015	998	FAO estimates	E
2017.Q2.G.01	AG_LND_FRSTN	Forest area as a proportion of total land area	818	29.77468534	26.57438204	EGY	Egypt	1	ANNUAL	HECTARES	44	59	67	70	73	2015	73	Official submission of country data to FAO Global Forest Resources Assessment	C
2017.Q2.G.01	AG_LND_FRSTN	Forest area as a proportion of total land area	826	-2.23830539	53.27691757	GBR	United Kingdom	1	ANNUAL	HECTARES	2778	2954	3021	3059	3144	2015	3144	Official submission of country data to FAO Global Forest Resources Assessment	C
2017.Q2.G.01	AG_LND_FRSTN	Forest area as a proportion of total land area	831	-2.200712402	49.71561166	GGY	Guernsey	1	ANNUAL	HECTARES	0.2	0.2	0.2	0.2	0.2	2015	0.2	FAO estimates	E
2017.Q2.G.01	AG_LND_FRSTN	Forest area as a proportion of total land area	832	-2.136773508	49.22353354	JEY	Jersey	1	ANNUAL	HECTARES	0.6	0.6	0.6	0.6	0.6	2015	0.6	FAO estimates	E
2017.Q2.G.01	AG_LND_FRSTN	Forest area as a proportion of total land area	833	-4.538190305	54.22880901	IMN	Isle of Man	1	ANNUAL	HECTARES	3.46	3.46	3.46	3.46	3.46	2015	3.46	FAO estimates	E
2017.Q2.G.01	AG_LND_FRSTN	Forest area as a proportion of total land area	834	34.80521182	-6.265332606	TZA	Tanzania, United Republic of	1	ANNUAL	HECTARES	55920	51920	49920	47920	46060	2015	46060	Official submission of country data to FAO Global Forest Resources Assessment	C
2017.Q2.G.01	AG_LND_FRSTN	Forest area as a proportion of total land area	840	-99.13830311	39.5277871	USA	United States of America	1	ANNUAL	HECTARES	302450	303536	304757	308720	310095	2015	310095	Official submission of country data to FAO Global Forest Resources Assessment	C
2017.Q2.G.01	AG_LND_FRSTN	Forest area as a proportion of total land area	850	-64.76960113	17.73297693	VIR	United States Virgin Islands	1	ANNUAL	HECTARES	23.58	20.47	18.73	18.16	17.6	2015	17.6	Official submission of country data to FAO Global Forest Resources Assessment	C
2017.Q2.G.01	AG_LND_FRSTN	Forest area as a proportion of total land area	854	-1.742843829	12.27491081	BFA	Burkina Faso	1	ANNUAL	HECTARES	6847	6248	5949	5649	5350	2015	5350	Official submission of country data to FAO Global Forest Resources Assessment	C
2017.Q2.G.01	AG_LND_FRSTN	Forest area as a proportion of total land area	858	-56.01387025	-32.8002838	URY	Uruguay	1	ANNUAL	HECTARES	797.8	1369.7	1521.8	1731.3	1845	2015	1845	Official submission of country data to FAO Global Forest Resources Assessment	C
2017.Q2.G.01	AG_LND_FRSTN	Forest area as a proportion of total land area	860	63.11944558	41.77560518	UZB	Uzbekistan	1	ANNUAL	HECTARES	3045	3212	3295	3275.5	3219.9	2015	3219.9	Official submission of country data to FAO Global Forest Resources Assessment	C
2017.Q2.G.01	AG_LND_FRSTN	Forest area as a proportion of total land area	862	-66.15642084	7.121324748	VEN	Venezuela (Bolivarian Republic)	1	ANNUAL	HECTARES	52026	49151	47713	47505	46683	2015	46683	Official submission of country data to FAO Global Forest Resources Assessment	C
2017.Q2.G.01	AG_LND_FRSTN	Forest area as a proportion of total land area	876	-176.2034788	-13.28471201	WLF	Wallis and Futuna Islands	1	ANNUAL	HECTARES	5.8	5.81	5.81	5.82	5.83	2015	5.83	Official submission of country data to FAO Global Forest Resources Assessment	C
2017.Q2.G.01	AG_LND_FRSTN	Forest area as a proportion of total land area	882	-172.4430749	-13.61541469	WSM	Samoa	1	ANNUAL	HECTARES	130	171	171	171	171	2015	171	FAO estimates	E
2017.Q2.G.01	AG_LND_FRSTN	Forest area as a proportion of total land area	887	45.22389143	15.22242099	YEM	Yemen	1	ANNUAL	HECTARES	549	549	549	549	549	2015	549	FAO estimates	E
2017.Q2.G.01	AG_LND_FRSTN	Forest area as a proportion of total land area	894	27.850329	-14.59701056	ZMB	Zambia	1	ANNUAL	HECTARES	52800	51134	50301	49468	48635	2015	48635	Official submission of country data to FAO Global Forest Resources Assessment	C
