series.release	series.code	series.description	geoAreaCode	X	Y	ISO3CD	geoAreaName	sliceId	Age	Freq	Units	2000	2001	2002	2003	2004	2005	2006	2007	2008	2009	2010	2011	2012	2013	2014	2015	last.5.years.mean	latest.year	latest.value	latest.source
2017.Q2.G.01	SH_DYN_MORTN	Under-five deaths, total (number)	4	66.02688198	33.83160199	AFG	Afghanistan	1	<5Y	ANNUAL	NUMBER	125616	126356	126889	127140	126497	124798	123720	121973	119855	117253	114576	110628	106217	101766	97692	94261	102112.8	2015	94261	United Nations Inter-agency Group for Child Mortality Estimation (UN IGME), 2015.
2017.Q2.G.01	SH_DYN_MORTN	Under-five deaths, total (number)	8	20.06660928	41.13897007	ALB	Albania	1	<5Y	ANNUAL	NUMBER	1380	1252	1128	1019	918	823	737	662	598	559	540	543	567	593	613	618	586.8	2015	618	United Nations Inter-agency Group for Child Mortality Estimation (UN IGME), 2015.
2017.Q2.G.01	SH_DYN_MORTN	Under-five deaths, total (number)	10	21.47585697	-80.40897662	ATA	Antarctica	1	<5Y	ANNUAL	NUMBER																				
2017.Q2.G.01	SH_DYN_MORTN	Under-five deaths, total (number)	12	2.678164227	28.15940032	DZA	Algeria	1	<5Y	ANNUAL	NUMBER	23109	22273	21739	21517	21583	21835	22336	23031	23742	24345	24683	24899	24980	24920	24676	24269	24748.8	2015	24269	United Nations Inter-agency Group for Child Mortality Estimation (UN IGME), 2015.
2017.Q2.G.01	SH_DYN_MORTN	Under-five deaths, total (number)	16	-170.7187269	-14.30587306	ASM	American Samoa	1	<5Y	ANNUAL	NUMBER																				
2017.Q2.G.01	SH_DYN_MORTN	Under-five deaths, total (number)	20	1.576257417	42.54548611	AND	Andorra	1	<5Y	ANNUAL	NUMBER	3	3	3	3	3	3	2	2	2	2	2	2	2	2	2	2	2	2015	2	United Nations Inter-agency Group for Child Mortality Estimation (UN IGME), 2015.
2017.Q2.G.01	SH_DYN_MORTN	Under-five deaths, total (number)	24	17.57817062	-12.33724746	AGO	Angola	1	<5Y	ANNUAL	NUMBER	156943	160132	163572	167036	170539	173722	176285	177687	178385	178434	178123	177033	175440	173460	171585	169310	173365.6	2015	169310	United Nations Inter-agency Group for Child Mortality Estimation (UN IGME), 2015.
2017.Q2.G.01	SH_DYN_MORTN	Under-five deaths, total (number)	28	-61.7999755	17.07761471	ATG	Antigua and Barbuda	1	<5Y	ANNUAL	NUMBER	25	24	23	21	20	19	18	17	16	15	15	14	13	13	12	12	12.8	2015	12	United Nations Inter-agency Group for Child Mortality Estimation (UN IGME), 2015.
2017.Q2.G.01	SH_DYN_MORTN	Under-five deaths, total (number)	31	50.01064725	40.39229544	AZE	Azerbaijan	1	<5Y	ANNUAL	NUMBER	9630	8618	7883	7379	7006	6737	6519	6329	6211	6200	6327	6611	6982	7296	7403	7206	7099.6	2015	7206	United Nations Inter-agency Group for Child Mortality Estimation (UN IGME), 2015.
2017.Q2.G.01	SH_DYN_MORTN	Under-five deaths, total (number)	32	-65.14563274	-35.19446255	ARG	Argentina	1	<5Y	ANNUAL	NUMBER	14023	13841	13758	13632	13367	12904	12389	11854	11422	11017	10681	10424	10224	9973	9770	9513	9980.8	2015	9513	United Nations Inter-agency Group for Child Mortality Estimation (UN IGME), 2015.
2017.Q2.G.01	SH_DYN_MORTN	Under-five deaths, total (number)	36	134.3499412	-25.57717202	AUS	Australia	1	<5Y	ANNUAL	NUMBER	1532	1494	1464	1472	1470	1458	1482	1494	1508	1504	1478	1396	1323	1243	1171	1146	1255.8	2015	1146	United Nations Inter-agency Group for Child Mortality Estimation (UN IGME), 2015.
2017.Q2.G.01	SH_DYN_MORTN	Under-five deaths, total (number)	40	14.14172472	47.58704857	AUT	Austria	1	<5Y	ANNUAL	NUMBER	412	397	395	400	396	395	389	377	364	351	341	327	315	312	300	288	308.4	2015	288	United Nations Inter-agency Group for Child Mortality Estimation (UN IGME), 2015.
2017.Q2.G.01	SH_DYN_MORTN	Under-five deaths, total (number)	44	-78.05111663	24.69546597	BHS	Bahamas	1	<5Y	ANNUAL	NUMBER	82	79	80	82	85	87	87	87	87	86	85	83	80	76	73	70	76.4	2015	70	United Nations Inter-agency Group for Child Mortality Estimation (UN IGME), 2015.
2017.Q2.G.01	SH_DYN_MORTN	Under-five deaths, total (number)	48	50.5490754	26.04407747	BHR	Bahrain	1	<5Y	ANNUAL	NUMBER	164	158	156	156	159	164	162	161	158	155	151	152	150	148	142	135	145.4	2015	135	United Nations Inter-agency Group for Child Mortality Estimation (UN IGME), 2015.
2017.Q2.G.01	SH_DYN_MORTN	Under-five deaths, total (number)	50	89.17660788	22.86961622	BGD	Bangladesh	1	<5Y	ANNUAL	NUMBER	316983	300591	283458	266688	249579	232606	216105	199737	183893	169711	157890	147391	138673	131509	125294	119326	132438.6	2015	119326	United Nations Inter-agency Group for Child Mortality Estimation (UN IGME), 2015.
2017.Q2.G.01	SH_DYN_MORTN	Under-five deaths, total (number)	51	44.93839317	40.29499741	ARM	Armenia	1	<5Y	ANNUAL	NUMBER	1087	1054	1054	1069	1080	1073	1045	1001	944	887	831	779	723	671	620	577	674	2015	577	United Nations Inter-agency Group for Child Mortality Estimation (UN IGME), 2015.
2017.Q2.G.01	SH_DYN_MORTN	Under-five deaths, total (number)	52	-59.5346489	13.13648273	BRB	Barbados	1	<5Y	ANNUAL	NUMBER	58	59	60	61	61	60	59	56	53	51	49	48	47	46	45	44	46	2015	44	United Nations Inter-agency Group for Child Mortality Estimation (UN IGME), 2015.
2017.Q2.G.01	SH_DYN_MORTN	Under-five deaths, total (number)	56	4.660976456	50.64104975	BEL	Belgium	1	<5Y	ANNUAL	NUMBER	637	615	603	595	600	604	606	607	605	599	590	578	561	556	537	522	550.8	2015	522	United Nations Inter-agency Group for Child Mortality Estimation (UN IGME), 2015.
2017.Q2.G.01	SH_DYN_MORTN	Under-five deaths, total (number)	60	-64.78155012	32.27881922	BMU	Bermuda	1	<5Y	ANNUAL	NUMBER																				
2017.Q2.G.01	SH_DYN_MORTN	Under-five deaths, total (number)	64	90.45098484	27.39598568	BTN	Bhutan	1	<5Y	ANNUAL	NUMBER	1263	1175	1088	1003	926	862	812	768	729	687	638	588	535	485	444	414	493.2	2015	414	United Nations Inter-agency Group for Child Mortality Estimation (UN IGME), 2015.
2017.Q2.G.01	SH_DYN_MORTN	Under-five deaths, total (number)	68	-64.66224284	-16.71273412	BOL	Bolivia (Plurinational State of)	1	<5Y	ANNUAL	NUMBER	20137	19162	18132	17148	16167	15285	14441	13637	12918	12244	11661	11107	10616	10130	9743	9415	10202.2	2015	9415	United Nations Inter-agency Group for Child Mortality Estimation (UN IGME), 2015.
2017.Q2.G.01	SH_DYN_MORTN	Under-five deaths, total (number)	70	17.78584332	44.16845548	BIH	Bosnia and Herzegovina	1	<5Y	ANNUAL	NUMBER	440	383	324	269	227	210	215	246	282	307	310	293	263	227	193	169	229	2015	169	United Nations Inter-agency Group for Child Mortality Estimation (UN IGME), 2015.
2017.Q2.G.01	SH_DYN_MORTN	Under-five deaths, total (number)	72	23.81380223	-22.18810073	BWA	Botswana	1	<5Y	ANNUAL	NUMBER	3918	3852	3747	3644	3527	3214	2968	2976	2993	2840	2719	2714	2673	2586	2537	2488	2599.6	2015	2488	United Nations Inter-agency Group for Child Mortality Estimation (UN IGME), 2015.
2017.Q2.G.01	SH_DYN_MORTN	Under-five deaths, total (number)	74	3.410732868	-54.43295905	BVT	Bouvet Island	1	<5Y	ANNUAL	NUMBER																				
2017.Q2.G.01	SH_DYN_MORTN	Under-five deaths, total (number)	76	-53.08432878	-10.77668561	BRA	Brazil	1	<5Y	ANNUAL	NUMBER	121560	112275	102800	93417	84492	75911	68023	61178	55055	50456	47835	46876	47449	49094	51117	52415	49390.2	2015	52415	United Nations Inter-agency Group for Child Mortality Estimation (UN IGME), 2015.
2017.Q2.G.01	SH_DYN_MORTN	Under-five deaths, total (number)	84	-88.70199554	17.19965901	BLZ	Belize	1	<5Y	ANNUAL	NUMBER	191	187	181	175	169	163	158	152	148	144	141	140	139	140	139	138	139.2	2015	138	United Nations Inter-agency Group for Child Mortality Estimation (UN IGME), 2015.
2017.Q2.G.01	SH_DYN_MORTN	Under-five deaths, total (number)	86	72.38715553	-7.299281071	IOT	British Indian Ocean Territory	1	<5Y	ANNUAL	NUMBER																				
2017.Q2.G.01	SH_DYN_MORTN	Under-five deaths, total (number)	90	160.1584117	-9.622391719	SLB	Solomon Islands	1	<5Y	ANNUAL	NUMBER	455	463	474	488	504	518	533	542	547	545	541	531	519	504	485	470	501.8	2015	470	United Nations Inter-agency Group for Child Mortality Estimation (UN IGME), 2015.
2017.Q2.G.01	SH_DYN_MORTN	Under-five deaths, total (number)	92	-64.63294223	18.42256578	VGB	British Virgin Islands	1	<5Y	ANNUAL	NUMBER																				
2017.Q2.G.01	SH_DYN_MORTN	Under-five deaths, total (number)	96	114.6288563	4.49736984	BRN	Brunei Darussalam	1	<5Y	ANNUAL	NUMBER	64	62	60	59	58	57	56	54	53	53	55	58	63	69	74	77	68.2	2015	77	United Nations Inter-agency Group for Child Mortality Estimation (UN IGME), 2015.
2017.Q2.G.01	SH_DYN_MORTN	Under-five deaths, total (number)	100	25.23763153	42.75731323	BGR	Bulgaria	1	<5Y	ANNUAL	NUMBER	1397	1332	1262	1182	1112	1057	1030	1017	1022	1020	1001	949	861	773	689	634	781.2	2015	634	United Nations Inter-agency Group for Child Mortality Estimation (UN IGME), 2015.
2017.Q2.G.01	SH_DYN_MORTN	Under-five deaths, total (number)	104	96.51752295	21.19332882	MMR	Myanmar	1	<5Y	ANNUAL	NUMBER	93816	92217	90246	87920	84880	81345	77211	72571	94929	63246	59301	55568	52581	50149	48048	46284	50526	2015	46284	United Nations Inter-agency Group for Child Mortality Estimation (UN IGME), 2015.
2017.Q2.G.01	SH_DYN_MORTN	Under-five deaths, total (number)	108	29.89080992	-3.366387428	BDI	Burundi	1	<5Y	ANNUAL	NUMBER	42007	41280	40825	40551	40376	40158	39881	39538	39257	39069	38779	38666	38300	37831	37343	36970	37822	2015	36970	United Nations Inter-agency Group for Child Mortality Estimation (UN IGME), 2015.
2017.Q2.G.01	SH_DYN_MORTN	Under-five deaths, total (number)	112	28.04940161	53.54193075	BLR	Belarus	1	<5Y	ANNUAL	NUMBER	1322	1208	1113	1028	972	912	860	795	738	693	659	627	617	604	579	567	598.8	2015	567	United Nations Inter-agency Group for Child Mortality Estimation (UN IGME), 2015.
2017.Q2.G.01	SH_DYN_MORTN	Under-five deaths, total (number)	116	104.922836	12.71163737	KHM	Cambodia	1	<5Y	ANNUAL	NUMBER	34884	31316	28037	25383	23476	22042	20930	19874	18792	17567	16171	14746	13295	12025	11022	10257	12269	2015	10257	United Nations Inter-agency Group for Child Mortality Estimation (UN IGME), 2015.
2017.Q2.G.01	SH_DYN_MORTN	Under-five deaths, total (number)	120	12.7419827	5.692387031	CMR	Cameroon	1	<5Y	ANNUAL	NUMBER	94332	93398	91919	90358	88892	87618	86221	84665	83054	81359	79323	77598	75910	74208	72574	71348	74327.6	2015	71348	United Nations Inter-agency Group for Child Mortality Estimation (UN IGME), 2015.
2017.Q2.G.01	SH_DYN_MORTN	Under-five deaths, total (number)	124	-101.6575058	57.72360191	CAN	Canada	1	<5Y	ANNUAL	NUMBER	2041	2005	2011	2014	2065	2122	2149	2181	2206	2217	2201	2121	2056	1978	1872	1824	1970.2	2015	1824	United Nations Inter-agency Group for Child Mortality Estimation (UN IGME), 2015.
2017.Q2.G.01	SH_DYN_MORTN	Under-five deaths, total (number)	132	-23.63544151	15.07791834	CPV	Cabo Verde	1	<5Y	ANNUAL	NUMBER	450	400	361	333	315	307	307	310	313	315	314	308	298	288	277	267	287.6	2015	267	United Nations Inter-agency Group for Child Mortality Estimation (UN IGME), 2015.
2017.Q2.G.01	SH_DYN_MORTN	Under-five deaths, total (number)	136	-81.16740559	19.32266656	CYM	Cayman Islands	1	<5Y	ANNUAL	NUMBER																				
2017.Q2.G.01	SH_DYN_MORTN	Under-five deaths, total (number)	140	20.93559492	7.003720791	CAF	Central African Republic	1	<5Y	ANNUAL	NUMBER	24917	25131	25076	24873	24578	24279	23927	23524	23084	22590	22216	21915	21701	21613	21317	21029	21515	2015	21029	United Nations Inter-agency Group for Child Mortality Estimation (UN IGME), 2015.
2017.Q2.G.01	SH_DYN_MORTN	Under-five deaths, total (number)	144	80.70489654	7.614693343	LKA	Sri Lanka	1	<5Y	ANNUAL	NUMBER	5464	5350	5328	5369	10358	5181	4924	4661	4368	4127	3912	3718	3547	3375	3218	3091	3389.8	2015	3091	United Nations Inter-agency Group for Child Mortality Estimation (UN IGME), 2015.
2017.Q2.G.01	SH_DYN_MORTN	Under-five deaths, total (number)	148	18.66618401	15.36279341	TCD	Chad	1	<5Y	ANNUAL	NUMBER	75614	77136	78691	80182	81638	82981	84329	85017	85286	85197	85197	85052	84574	83910	83343	82728	83921.4	2015	82728	United Nations Inter-agency Group for Child Mortality Estimation (UN IGME), 2015.
2017.Q2.G.01	SH_DYN_MORTN	Under-five deaths, total (number)	152	-71.23029019	-35.2652885	CHL	Chile	1	<5Y	ANNUAL	NUMBER	2789	2620	2473	2377	2306	2239	2200	2162	2150	2114	2104	2070	2036	1979	1948	1896	1985.8	2015	1896	United Nations Inter-agency Group for Child Mortality Estimation (UN IGME), 2015.
2017.Q2.G.01	SH_DYN_MORTN	Under-five deaths, total (number)	156	104.1403375	32.30955217	CHN	China	1	<5Y	ANNUAL	NUMBER	585027	554286	519912	482382	443233	406101	370640	335768	303084	274052	251554	233813	219549	205470	193048	181574	206690.8	2015	181574	United Nations Inter-agency Group for Child Mortality Estimation (UN IGME), 2015.
2017.Q2.G.01	SH_DYN_MORTN	Under-five deaths, total (number)	162	105.6426067	-10.4882473	CXR	Christmas Island	1	<5Y	ANNUAL	NUMBER																				
2017.Q2.G.01	SH_DYN_MORTN	Under-five deaths, total (number)	166	96.82633757	-12.18600682	CCK	Cocos (Keeling) Islands	1	<5Y	ANNUAL	NUMBER																				
2017.Q2.G.01	SH_DYN_MORTN	Under-five deaths, total (number)	170	-73.07446751	3.888209046	COL	Colombia	1	<5Y	ANNUAL	NUMBER	20708	20045	19658	19340	18941	18364	17686	16853	15943	15070	14307	13743	13190	12772	12364	11934	12800.6	2015	11934	United Nations Inter-agency Group for Child Mortality Estimation (UN IGME), 2015.
2017.Q2.G.01	SH_DYN_MORTN	Under-five deaths, total (number)	174	43.34234565	-11.66121732	COM	Comoros	1	<5Y	ANNUAL	NUMBER	2019	2051	2086	2110	2123	2125	2118	2109	2097	2075	2055	2027	2004	1970	1937	1897	1967	2015	1897	United Nations Inter-agency Group for Child Mortality Estimation (UN IGME), 2015.
2017.Q2.G.01	SH_DYN_MORTN	Under-five deaths, total (number)	175	45.14015057	-12.82217691	MYT	Mayotte	1	<5Y	ANNUAL	NUMBER																				
2017.Q2.G.01	SH_DYN_MORTN	Under-five deaths, total (number)	178	15.22052612	-0.840544119	COG	Congo	1	<5Y	ANNUAL	NUMBER	13918	14078	13884	13426	12830	12175	11448	10766	10079	9442	8878	8436	8089	7774	7502	7269	7814	2015	7269	United Nations Inter-agency Group for Child Mortality Estimation (UN IGME), 2015.
2017.Q2.G.01	SH_DYN_MORTN	Under-five deaths, total (number)	180	23.65496507	-2.877154732	COD	Democratic Republic of the Congo	1	<5Y	ANNUAL	NUMBER	341834	341751	342095	342416	342390	340975	337802	333995	329785	325122	321517	317796	314278	310394	308095	304558	311024.2	2015	304558	United Nations Inter-agency Group for Child Mortality Estimation (UN IGME), 2015.
2017.Q2.G.01	SH_DYN_MORTN	Under-five deaths, total (number)	184	-159.7711391	-21.22696458	COK	Cook Islands	1	<5Y	ANNUAL	NUMBER	7	6	6	5	5	5	4	4	4	4	4	4	3	3	3	3	3.2	2015	3	United Nations Inter-agency Group for Child Mortality Estimation (UN IGME), 2015.
2017.Q2.G.01	SH_DYN_MORTN	Under-five deaths, total (number)	188	-84.19712782	9.970998683	CRI	Costa Rica	1	<5Y	ANNUAL	NUMBER	1022	938	866	795	754	724	721	736	757	766	772	760	745	717	690	663	715	2015	663	United Nations Inter-agency Group for Child Mortality Estimation (UN IGME), 2015.
2017.Q2.G.01	SH_DYN_MORTN	Under-five deaths, total (number)	191	17.95874553	45.45172212	HRV	Croatia	1	<5Y	ANNUAL	NUMBER	437	403	355	304	263	240	234	242	255	263	263	248	229	205	182	165	205.8	2015	165	United Nations Inter-agency Group for Child Mortality Estimation (UN IGME), 2015.
2017.Q2.G.01	SH_DYN_MORTN	Under-five deaths, total (number)	192	-79.54460144	22.10030366	CUB	Cuba	1	<5Y	ANNUAL	NUMBER	1292	1220	1143	1055	970	896	845	801	777	756	736	718	693	680	665	647	680.6	2015	647	United Nations Inter-agency Group for Child Mortality Estimation (UN IGME), 2015.
2017.Q2.G.01	SH_DYN_MORTN	Under-five deaths, total (number)	196	33.22285964	35.05659437	CYP	Cyprus	1	<5Y	ANNUAL	NUMBER	84	75	70	65	61	57	56	53	52	49	47	45	43	40	38	35	40.2	2015	35	United Nations Inter-agency Group for Child Mortality Estimation (UN IGME), 2015.
2017.Q2.G.01	SH_DYN_MORTN	Under-five deaths, total (number)	203	15.33151382	49.73913871	CZE	Czechia	1	<5Y	ANNUAL	NUMBER	491	472	495	521	553	564	571	555	541	517	486	451	419	386	347	328	386.2	2015	328	United Nations Inter-agency Group for Child Mortality Estimation (UN IGME), 2015.
2017.Q2.G.01	SH_DYN_MORTN	Under-five deaths, total (number)	204	2.339933594	9.65401646	BEN	Benin	1	<5Y	ANNUAL	NUMBER	40947	40864	40679	40477	40228	39940	39692	39403	39144	38924	38710	38510	38243	37976	37510	37092	37866.2	2015	37092	United Nations Inter-agency Group for Child Mortality Estimation (UN IGME), 2015.
2017.Q2.G.01	SH_DYN_MORTN	Under-five deaths, total (number)	208	9.326571283	56.03829721	DNK	Denmark	1	<5Y	ANNUAL	NUMBER	359	350	343	338	329	319	309	300	289	282	265	250	231	211	196	187	215	2015	187	United Nations Inter-agency Group for Child Mortality Estimation (UN IGME), 2015.
2017.Q2.G.01	SH_DYN_MORTN	Under-five deaths, total (number)	212	-61.3493756	15.43391378	DMA	Dominica	1	<5Y	ANNUAL	NUMBER	16	15	14	14	14	15	15	16	17	18	20	21	22	23	23	23	22.4	2015	23	United Nations Inter-agency Group for Child Mortality Estimation (UN IGME), 2015.
2017.Q2.G.01	SH_DYN_MORTN	Under-five deaths, total (number)	214	-70.49847576	18.89832088	DOM	Dominican Republic	1	<5Y	ANNUAL	NUMBER	8580	8390	8313	8307	8276	8206	8076	7908	7707	7504	7348	7221	7094	7000	6854	6710	6975.8	2015	6710	United Nations Inter-agency Group for Child Mortality Estimation (UN IGME), 2015.
2017.Q2.G.01	SH_DYN_MORTN	Under-five deaths, total (number)	218	-78.37005241	-1.447785891	ECU	Ecuador	1	<5Y	ANNUAL	NUMBER	10853	10416	9972	9585	9265	9003	8829	8706	8634	8508	8332	8139	7868	7602	7333	7079	7604.2	2015	7079	United Nations Inter-agency Group for Child Mortality Estimation (UN IGME), 2015.
2017.Q2.G.01	SH_DYN_MORTN	Under-five deaths, total (number)	222	-88.86862995	13.73603564	SLV	El Salvador	1	<5Y	ANNUAL	NUMBER	4590	4190	3830	3501	3216	2977	2777	2633	2505	2402	2291	2179	2059	1949	1848	1763	1959.6	2015	1763	United Nations Inter-agency Group for Child Mortality Estimation (UN IGME), 2015.
2017.Q2.G.01	SH_DYN_MORTN	Under-five deaths, total (number)	226	10.46535826	1.565792376	GNQ	Equatorial Guinea	1	<5Y	ANNUAL	NUMBER	3095	3071	3037	2995	2957	2927	2907	2891	2873	2860	2841	2815	2776	2734	2701	2655	2736.2	2015	2655	United Nations Inter-agency Group for Child Mortality Estimation (UN IGME), 2015.
2017.Q2.G.01	SH_DYN_MORTN	Under-five deaths, total (number)	231	39.63505296	8.631223181	ETH	Ethiopia	1	<5Y	ANNUAL	NUMBER	413279	402199	385318	364278	341273	318258	295245	273403	253765	236894	223370	211988	203358	196372	190132	184186	197207.2	2015	184186	United Nations Inter-agency Group for Child Mortality Estimation (UN IGME), 2015.
2017.Q2.G.01	SH_DYN_MORTN	Under-five deaths, total (number)	232	38.11074289	16.12894644	ERI	Eritrea	1	<5Y	ANNUAL	NUMBER	10899	10753	10716	10716	10677	10535	10434	10197	9892	9569	9248	8927	8601	8266	7998	7764	8311.2	2015	7764	United Nations Inter-agency Group for Child Mortality Estimation (UN IGME), 2015.
2017.Q2.G.01	SH_DYN_MORTN	Under-five deaths, total (number)	233	25.84093481	58.68487172	EST	Estonia	1	<5Y	ANNUAL	NUMBER	135	131	126	120	114	110	104	98	90	83	74	66	57	49	42	37	50.2	2015	37	United Nations Inter-agency Group for Child Mortality Estimation (UN IGME), 2015.
2017.Q2.G.01	SH_DYN_MORTN	Under-five deaths, total (number)	234	-7.122044325	62.21228119	FRO	Faroe Islands	1	<5Y	ANNUAL	NUMBER																				
2017.Q2.G.01	SH_DYN_MORTN	Under-five deaths, total (number)	238	-58.75246778	-51.74562601	FLK	Falkland Islands (Malvinas)	1	<5Y	ANNUAL	NUMBER																				
2017.Q2.G.01	SH_DYN_MORTN	Under-five deaths, total (number)	239	-36.90662765	-54.20736749	SGS	South Georgia and the South Sandwich Islands	1	<5Y	ANNUAL	NUMBER																				
2017.Q2.G.01	SH_DYN_MORTN	Under-five deaths, total (number)	242	177.9660884	-17.83301566	FJI	Fiji	1	<5Y	ANNUAL	NUMBER	482	468	458	452	452	454	456	458	461	460	455	447	435	419	404	388	418.6	2015	388	United Nations Inter-agency Group for Child Mortality Estimation (UN IGME), 2015.
2017.Q2.G.01	SH_DYN_MORTN	Under-five deaths, total (number)	246	23.308447	61.91586738	FIN	Finland	1	<5Y	ANNUAL	NUMBER	230	222	219	221	223	223	216	214	203	198	186	179	164	156	142	134	155	2015	134	United Nations Inter-agency Group for Child Mortality Estimation (UN IGME), 2015.
2017.Q2.G.01	SH_DYN_MORTN	Under-five deaths, total (number)	248	19.80945969	60.1544901	ALA	Åland Islands	1	<5Y	ANNUAL	NUMBER																				
2017.Q2.G.01	SH_DYN_MORTN	Under-five deaths, total (number)	250	2.457288129	46.62660861	FRA	France	1	<5Y	ANNUAL	NUMBER	4096	4065	3940	3804	3663	3595	3529	3455	3378	3377	3376	3379	3383	3463	3462	3378	3413	2015	3378	United Nations Inter-agency Group for Child Mortality Estimation (UN IGME), 2015.
2017.Q2.G.01	SH_DYN_MORTN	Under-five deaths, total (number)	254	-53.23619089	3.922673437	GUF	French Guiana	1	<5Y	ANNUAL	NUMBER																				
2017.Q2.G.01	SH_DYN_MORTN	Under-five deaths, total (number)	258	-149.4052367	-17.67709294	PYF	French Polynesia	1	<5Y	ANNUAL	NUMBER																				
2017.Q2.G.01	SH_DYN_MORTN	Under-five deaths, total (number)	260	69.64849091	-49.6068576	ATF	French Southern Territories	1	<5Y	ANNUAL	NUMBER																				
2017.Q2.G.01	SH_DYN_MORTN	Under-five deaths, total (number)	262	42.18274707	11.56004161	DJI	Djibouti	1	<5Y	ANNUAL	NUMBER	2195	2154	2113	2067	2016	1959	1893	1817	1739	1666	1608	1565	1531	1501	1469	1429	1499	2015	1429	United Nations Inter-agency Group for Child Mortality Estimation (UN IGME), 2015.
2017.Q2.G.01	SH_DYN_MORTN	Under-five deaths, total (number)	266	11.78727747	-0.60687619	GAB	Gabon	1	<5Y	ANNUAL	NUMBER	3397	3379	3343	3296	3244	3201	3165	3120	3062	3011	2951	2892	2811	2717	2630	2579	2725.8	2015	2579	United Nations Inter-agency Group for Child Mortality Estimation (UN IGME), 2015.
2017.Q2.G.01	SH_DYN_MORTN	Under-five deaths, total (number)	268	43.3713615	42.04813028	GEO	Georgia	1	<5Y	ANNUAL	NUMBER	1863	1709	1603	1529	1460	1391	1323	1248	1173	1101	1026	955	877	801	734	673	808	2015	673	United Nations Inter-agency Group for Child Mortality Estimation (UN IGME), 2015.
2017.Q2.G.01	SH_DYN_MORTN	Under-five deaths, total (number)	270	-15.39944785	13.45295927	GMB	Gambia	1	<5Y	ANNUAL	NUMBER	6161	6117	6057	5993	5929	5868	5813	5752	5709	5669	5644	5623	5619	5606	5573	5540	5592.2	2015	5540	United Nations Inter-agency Group for Child Mortality Estimation (UN IGME), 2015.
2017.Q2.G.01	SH_DYN_MORTN	Under-five deaths, total (number)	275	35.25694122	31.94347933	PSE	State of Palestine	1	<5Y	ANNUAL	NUMBER	3541	3435	3342	3252	3191	3156	3142	3140	3165	3192	3225	3229	3225	3213	3181	3145	3198.6	2015	3145	United Nations Inter-agency Group for Child Mortality Estimation (UN IGME), 2015.
2017.Q2.G.01	SH_DYN_MORTN	Under-five deaths, total (number)	276	10.3806066	51.08862743	DEU	Germany	1	<5Y	ANNUAL	NUMBER	4375	4158	3936	3673	3426	3161	3022	2930	2872	2827	2784	2734	2687	2641	2594	2545	2640.2	2015	2545	United Nations Inter-agency Group for Child Mortality Estimation (UN IGME), 2015.
2017.Q2.G.01	SH_DYN_MORTN	Under-five deaths, total (number)	288	-1.205623522	7.964825185	GHA	Ghana	1	<5Y	ANNUAL	NUMBER	62481	61517	61087	60959	60952	60995	60895	60391	59627	58755	57907	57265	56788	56189	55364	54061	55933.4	2015	54061	United Nations Inter-agency Group for Child Mortality Estimation (UN IGME), 2015.
2017.Q2.G.01	SH_DYN_MORTN	Under-five deaths, total (number)	292	-5.347561686	36.13895036	GIB	Gibraltar	1	<5Y	ANNUAL	NUMBER																				
2017.Q2.G.01	SH_DYN_MORTN	Under-five deaths, total (number)	296	-157.5643005	1.768837732	KIR	Kiribati	1	<5Y	ANNUAL	NUMBER	181	167	150	133	123	124	134	156	182	203	214	214	204	188	173	162	188.2	2015	162	United Nations Inter-agency Group for Child Mortality Estimation (UN IGME), 2015.
2017.Q2.G.01	SH_DYN_MORTN	Under-five deaths, total (number)	300	22.58307827	39.47301873	GRC	Greece	1	<5Y	ANNUAL	NUMBER	813	761	710	661	624	588	564	552	538	545	536	537	536	529	507	489	519.6	2015	489	United Nations Inter-agency Group for Child Mortality Estimation (UN IGME), 2015.
2017.Q2.G.01	SH_DYN_MORTN	Under-five deaths, total (number)	304	-41.39371316	74.75625681	GRL	Greenland	1	<5Y	ANNUAL	NUMBER																				
2017.Q2.G.01	SH_DYN_MORTN	Under-five deaths, total (number)	308	-61.68248568	12.11238395	GRD	Grenada	1	<5Y	ANNUAL	NUMBER	35	34	31	29	27	26	26	26	27	28	28	28	27	26	25	24	26	2015	24	United Nations Inter-agency Group for Child Mortality Estimation (UN IGME), 2015.
2017.Q2.G.01	SH_DYN_MORTN	Under-five deaths, total (number)	312	-61.64762115	16.14416917	GLP	Guadeloupe	1	<5Y	ANNUAL	NUMBER																				
2017.Q2.G.01	SH_DYN_MORTN	Under-five deaths, total (number)	316	144.7029305	13.35485404	GUM	Guam	1	<5Y	ANNUAL	NUMBER																				
2017.Q2.G.01	SH_DYN_MORTN	Under-five deaths, total (number)	320	-91.2312746	15.00273719	GTM	Guatemala	1	<5Y	ANNUAL	NUMBER	20153	19476	18813	18228	17646	17017	16401	15750	15099	14615	14197	13849	13558	13370	13147	12858	13356.4	2015	12858	United Nations Inter-agency Group for Child Mortality Estimation (UN IGME), 2015.
2017.Q2.G.01	SH_DYN_MORTN	Under-five deaths, total (number)	324	-11.28173419	11.00210343	GIN	Guinea	1	<5Y	ANNUAL	NUMBER	60667	58581	56473	54477	52753	51289	49852	48505	47354	46326	45465	44670	44065	43442	42802	42073	43410.4	2015	42073	United Nations Inter-agency Group for Child Mortality Estimation (UN IGME), 2015.
2017.Q2.G.01	SH_DYN_MORTN	Under-five deaths, total (number)	328	-58.97322037	4.788012784	GUY	Guyana	1	<5Y	ANNUAL	NUMBER	882	845	806	761	716	668	616	563	517	486	478	492	532	582	623	642	574.2	2015	642	United Nations Inter-agency Group for Child Mortality Estimation (UN IGME), 2015.
2017.Q2.G.01	SH_DYN_MORTN	Under-five deaths, total (number)	332	-72.33640958	18.40426539	HTI	Haiti	1	<5Y	ANNUAL	NUMBER	27905	26914	25938	25004	24196	23553	23006	22564	22146	21710	59719	20630	19947	19191	18465	17841	19214.8	2015	17841	United Nations Inter-agency Group for Child Mortality Estimation (UN IGME), 2015.
2017.Q2.G.01	SH_DYN_MORTN	Under-five deaths, total (number)	334	73.52633626	-53.09106147	HMD	Heard Island and McDonald Islands	1	<5Y	ANNUAL	NUMBER																				
2017.Q2.G.01	SH_DYN_MORTN	Under-five deaths, total (number)	336	12.45315803	41.90343751	VAT	Holy See	1	<5Y	ANNUAL	NUMBER																				
2017.Q2.G.01	SH_DYN_MORTN	Under-five deaths, total (number)	340	-86.59974381	14.82243161	HND	Honduras	1	<5Y	ANNUAL	NUMBER	7347	6961	6569	6199	5858	5550	5268	5003	4765	4524	4294	4070	3839	3633	3467	3333	3668.4	2015	3333	United Nations Inter-agency Group for Child Mortality Estimation (UN IGME), 2015.
2017.Q2.G.01	SH_DYN_MORTN	Under-five deaths, total (number)	344	114.0266445	22.41749934	HKG	China, Hong Kong Special Administrative Region	1	<5Y	ANNUAL	NUMBER																				
2017.Q2.G.01	SH_DYN_MORTN	Under-five deaths, total (number)	348	19.41221519	47.1651448	HUN	Hungary	1	<5Y	ANNUAL	NUMBER	988	928	891	875	861	845	815	774	735	683	650	616	590	564	543	518	566.2	2015	518	United Nations Inter-agency Group for Child Mortality Estimation (UN IGME), 2015.
2017.Q2.G.01	SH_DYN_MORTN	Under-five deaths, total (number)	352	-19.02116966	64.79134763	ISL	Iceland	1	<5Y	ANNUAL	NUMBER	16	15	14	14	14	13	13	13	13	12	12	11	11	10	10	9	10.2	2015	9	United Nations Inter-agency Group for Child Mortality Estimation (UN IGME), 2015.
2017.Q2.G.01	SH_DYN_MORTN	Under-five deaths, total (number)	356	79.3608464	22.34642074	IND	India	1	<5Y	ANNUAL	NUMBER	2513120	2421920	2328088	2233293	2136392	2044482	1953399	1863783	1775492	1685035	1595122	1505869	1414819	1333577	1260762	1200998	1343205	2015	1200998	United Nations Inter-agency Group for Child Mortality Estimation (UN IGME), 2015.
2017.Q2.G.01	SH_DYN_MORTN	Under-five deaths, total (number)	360	113.9174	-0.994582204	IDN	Indonesia	1	<5Y	ANNUAL	NUMBER	230082	219355	210833	202730	222818	187380	179709	171968	164409	158869	154266	152172	151988	152605	151192	147162	151023.8	2015	147162	United Nations Inter-agency Group for Child Mortality Estimation (UN IGME), 2015.
2017.Q2.G.01	SH_DYN_MORTN	Under-five deaths, total (number)	364	54.19766348	32.74370885	IRN	Iran (Islamic Republic of)	1	<5Y	ANNUAL	NUMBER	44855	41515	38307	35386	32955	31119	29989	29135	28270	27467	26641	25681	24611	23477	22214	21010	23398.6	2015	21010	United Nations Inter-agency Group for Child Mortality Estimation (UN IGME), 2015.
2017.Q2.G.01	SH_DYN_MORTN	Under-five deaths, total (number)	368	43.76606267	33.05013795	IRQ	Iraq	1	<5Y	ANNUAL	NUMBER	37178	37061	36750	36436	36186	36252	36712	37455	38340	39179	39743	39866	39808	39564	39102	38682	39404.4	2015	38682	United Nations Inter-agency Group for Child Mortality Estimation (UN IGME), 2015.
2017.Q2.G.01	SH_DYN_MORTN	Under-five deaths, total (number)	372	-7.121425272	53.25274054	IRL	Ireland	1	<5Y	ANNUAL	NUMBER	412	410	392	373	350	334	327	321	326	320	315	309	297	274	259	244	276.6	2015	244	United Nations Inter-agency Group for Child Mortality Estimation (UN IGME), 2015.
2017.Q2.G.01	SH_DYN_MORTN	Under-five deaths, total (number)	376	34.62277992	31.06164552	ISR	Israel	1	<5Y	ANNUAL	NUMBER	896	871	848	808	770	753	724	714	707	700	706	699	706	709	706	693	702.6	2015	693	United Nations Inter-agency Group for Child Mortality Estimation (UN IGME), 2015.
2017.Q2.G.01	SH_DYN_MORTN	Under-five deaths, total (number)	380	12.57022427	42.79917282	ITA	Italy	1	<5Y	ANNUAL	NUMBER	2845	2715	2661	2562	2507	2488	2460	2413	2348	2325	2229	2124	2004	1882	1776	1693	1895.8	2015	1693	United Nations Inter-agency Group for Child Mortality Estimation (UN IGME), 2015.
2017.Q2.G.01	SH_DYN_MORTN	Under-five deaths, total (number)	384	-5.552690016	7.62211586	CIV	Côte d'Ivoire	1	<5Y	ANNUAL	NUMBER	95242	94973	93823	92065	90117	88144	86231	84273	82079	80685	79629	78804	77983	77118	76127	75393	77085	2015	75393	United Nations Inter-agency Group for Child Mortality Estimation (UN IGME), 2015.
2017.Q2.G.01	SH_DYN_MORTN	Under-five deaths, total (number)	388	-77.31068409	18.15616857	JAM	Jamaica	1	<5Y	ANNUAL	NUMBER	1269	1196	1120	1043	980	935	909	894	886	870	843	799	749	694	652	631	705	2015	631	United Nations Inter-agency Group for Child Mortality Estimation (UN IGME), 2015.
2017.Q2.G.01	SH_DYN_MORTN	Under-five deaths, total (number)	392	139.2716103	36.6554539	JPN	Japan	1	<5Y	ANNUAL	NUMBER	5316	5037	4735	4542	4354	4080	3930	3805	3693	3580	3461	3670	3222	3094	2964	2834	3156.8	2015	2834	United Nations Inter-agency Group for Child Mortality Estimation (UN IGME), 2015.
2017.Q2.G.01	SH_DYN_MORTN	Under-five deaths, total (number)	398	66.65359159	48.01963494	KAZ	Kazakhstan	1	<5Y	ANNUAL	NUMBER	9335	9064	9054	9155	9285	9324	9255	9069	8785	8393	7944	7439	6970	6489	5994	5528	6484	2015	5528	United Nations Inter-agency Group for Child Mortality Estimation (UN IGME), 2015.
2017.Q2.G.01	SH_DYN_MORTN	Under-five deaths, total (number)	400	37.13024774	30.65365973	JOR	Jordan	1	<5Y	ANNUAL	NUMBER	4103	3967	3845	3740	3674	3660	3642	3662	3719	3773	3788	3826	3845	3829	3786	3670	3791.2	2015	3670	United Nations Inter-agency Group for Child Mortality Estimation (UN IGME), 2015.
2017.Q2.G.01	SH_DYN_MORTN	Under-five deaths, total (number)	404	37.86096816	0.534797278	KEN	Kenya	1	<5Y	ANNUAL	NUMBER	122565	122137	120675	118314	115154	111190	107337	103176	96539	92039	88167	84089	80929	78651	76416	74429	78902.8	2015	74429	United Nations Inter-agency Group for Child Mortality Estimation (UN IGME), 2015.
2017.Q2.G.01	SH_DYN_MORTN	Under-five deaths, total (number)	408	127.1803633	40.1462645	PRK	Democratic People's Republic of Korea	1	<5Y	ANNUAL	NUMBER	23970	20313	17294	15040	13495	12607	12177	11886	11469	11037	10613	10240	9966	9798	9577	9271	9770.4	2015	9271	United Nations Inter-agency Group for Child Mortality Estimation (UN IGME), 2015.
2017.Q2.G.01	SH_DYN_MORTN	Under-five deaths, total (number)	410	127.8610254	36.45201023	KOR	Republic of Korea	1	<5Y	ANNUAL	NUMBER	3275	3241	3228	3218	3058	2882	2665	2445	2272	2145	2019	1954	1830	1748	1670	1559	1752.2	2015	1559	United Nations Inter-agency Group for Child Mortality Estimation (UN IGME), 2015.
2017.Q2.G.01	SH_DYN_MORTN	Under-five deaths, total (number)	414	47.49305029	29.53949468	KWT	Kuwait	1	<5Y	ANNUAL	NUMBER	573	567	542	514	502	518	552	611	678	736	763	753	725	677	634	598	677.4	2015	598	United Nations Inter-agency Group for Child Mortality Estimation (UN IGME), 2015.
2017.Q2.G.01	SH_DYN_MORTN	Under-five deaths, total (number)	417	74.52324839	41.46204516	KGZ	Kyrgyzstan	1	<5Y	ANNUAL	NUMBER	5380	5021	4685	4389	4189	4113	4132	4191	4245	4269	4229	4174	4097	4010	3871	3644	3959.2	2015	3644	United Nations Inter-agency Group for Child Mortality Estimation (UN IGME), 2015.
2017.Q2.G.01	SH_DYN_MORTN	Under-five deaths, total (number)	418	101.9901968	20.27482773	LAO	Lao People's Democratic Republic	1	<5Y	ANNUAL	NUMBER	19596	18467	17560	16850	16295	15853	15510	15257	15026	14743	14376	13904	13321	12656	12107	11613	12720.2	2015	11613	United Nations Inter-agency Group for Child Mortality Estimation (UN IGME), 2015.
2017.Q2.G.01	SH_DYN_MORTN	Under-five deaths, total (number)	422	35.89391711	33.92152458	LBN	Lebanon	1	<5Y	ANNUAL	NUMBER	1226	1149	1096	1046	975	881	772	656	556	504	506	556	644	741	816	835	718.4	2015	835	United Nations Inter-agency Group for Child Mortality Estimation (UN IGME), 2015.
2017.Q2.G.01	SH_DYN_MORTN	Under-five deaths, total (number)	426	28.25362195	-29.58041814	LSO	Lesotho	1	<5Y	ANNUAL	NUMBER	6909	6922	6863	6759	6647	6575	6525	6352	6314	5879	5680	5574	5554	5641	5629	5570	5593.6	2015	5570	United Nations Inter-agency Group for Child Mortality Estimation (UN IGME), 2015.
2017.Q2.G.01	SH_DYN_MORTN	Under-five deaths, total (number)	428	26.42461876	56.64196636	LVA	Latvia	1	<5Y	ANNUAL	NUMBER	321	311	310	311	305	294	283	267	248	227	207	187	167	149	137	129	153.8	2015	129	United Nations Inter-agency Group for Child Mortality Estimation (UN IGME), 2015.
2017.Q2.G.01	SH_DYN_MORTN	Under-five deaths, total (number)	430	-9.311879038	6.448381009	LBR	Liberia	1	<5Y	ANNUAL	NUMBER	21700	21076	19844	18343	16935	15861	14955	14279	13748	13232	12697	12218	11746	11253	10842	10509	11313.6	2015	10509	United Nations Inter-agency Group for Child Mortality Estimation (UN IGME), 2015.
2017.Q2.G.01	SH_DYN_MORTN	Under-five deaths, total (number)	434	18.0295985	27.04042819	LBY	Libya	1	<5Y	ANNUAL	NUMBER	3351	3311	3238	3126	3013	2901	2811	2717	2621	2512	2378	2503	2101	1946	1797	1684	2006.2	2015	1684	United Nations Inter-agency Group for Child Mortality Estimation (UN IGME), 2015.
2017.Q2.G.01	SH_DYN_MORTN	Under-five deaths, total (number)	438	9.552985019	47.14167005	LIE	Liechtenstein	1	<5Y	ANNUAL	NUMBER																				
2017.Q2.G.01	SH_DYN_MORTN	Under-five deaths, total (number)	440	23.90517807	55.33680309	LTU	Lithuania	1	<5Y	ANNUAL	NUMBER	419	386	358	332	314	299	287	269	252	234	215	198	182	172	167	164	176.6	2015	164	United Nations Inter-agency Group for Child Mortality Estimation (UN IGME), 2015.
2017.Q2.G.01	SH_DYN_MORTN	Under-five deaths, total (number)	442	6.092656563	49.77679538	LUX	Luxembourg	1	<5Y	ANNUAL	NUMBER	26	25	23	22	20	19	18	16	15	15	14	14	13	13	13	13	13.2	2015	13	United Nations Inter-agency Group for Child Mortality Estimation (UN IGME), 2015.
2017.Q2.G.01	SH_DYN_MORTN	Under-five deaths, total (number)	446	113.5665388	22.1237259	MAC	China, Macao Special Administrative Region	1	<5Y	ANNUAL	NUMBER																				
2017.Q2.G.01	SH_DYN_MORTN	Under-five deaths, total (number)	450	46.6982339	-19.38514785	MDG	Madagascar	1	<5Y	ANNUAL	NUMBER	69116	66322	63150	59816	56509	53526	50675	48313	46352	44877	43647	42741	41952	41272	40700	40075	41348	2015	40075	United Nations Inter-agency Group for Child Mortality Estimation (UN IGME), 2015.
2017.Q2.G.01	SH_DYN_MORTN	Under-five deaths, total (number)	454	33.4884625	-13.40819859	MWI	Malawi	1	<5Y	ANNUAL	NUMBER	82502	77767	71959	66369	61997	59020	57239	56314	55401	54458	53219	50363	46621	43405	41189	40048	44325.2	2015	40048	United Nations Inter-agency Group for Child Mortality Estimation (UN IGME), 2015.
2017.Q2.G.01	SH_DYN_MORTN	Under-five deaths, total (number)	458	116.8346314	5.452415309	MYS	Malaysia	1	<5Y	ANNUAL	NUMBER	5648	5125	4753	4425	4198	4023	3842	3651	3531	3466	3484	3539	3631	3752	3787	3793	3700.4	2015	3793	United Nations Inter-agency Group for Child Mortality Estimation (UN IGME), 2015.
2017.Q2.G.01	SH_DYN_MORTN	Under-five deaths, total (number)	462	73.09672546	-0.614385021	MDV	Maldives	1	<5Y	ANNUAL	NUMBER	281	242	209	183	178	143	129	117	108	100	93	86	80	76	71	67	76	2015	67	United Nations Inter-agency Group for Child Mortality Estimation (UN IGME), 2015.
2017.Q2.G.01	SH_DYN_MORTN	Under-five deaths, total (number)	466	-3.522016039	17.35311254	MLI	Mali	1	<5Y	ANNUAL	NUMBER	109556	108253	106178	103624	100949	98396	96454	94834	93487	91998	90659	89451	87738	85933	83962	82710	85958.8	2015	82710	United Nations Inter-agency Group for Child Mortality Estimation (UN IGME), 2015.
2017.Q2.G.01	SH_DYN_MORTN	Under-five deaths, total (number)	470	14.44617519	35.89194275	MLT	Malta	1	<5Y	ANNUAL	NUMBER	37	34	31	28	25	24	23	24	25	26	26	26	26	25	24	24	25	2015	24	United Nations Inter-agency Group for Child Mortality Estimation (UN IGME), 2015.
2017.Q2.G.01	SH_DYN_MORTN	Under-five deaths, total (number)	474	-60.91544135	14.56086108	MTQ	Martinique	1	<5Y	ANNUAL	NUMBER																				
2017.Q2.G.01	SH_DYN_MORTN	Under-five deaths, total (number)	478	-10.33187259	20.26089546	MRT	Mauritania	1	<5Y	ANNUAL	NUMBER	11279	11523	11791	12022	12182	12253	12302	12255	12166	12046	11915	11802	11630	11470	11271	11050	11444.6	2015	11050	United Nations Inter-agency Group for Child Mortality Estimation (UN IGME), 2015.
2017.Q2.G.01	SH_DYN_MORTN	Under-five deaths, total (number)	480	57.568022	-20.28581998	MUS	Mauritius	1	<5Y	ANNUAL	NUMBER	322	294	288	297	311	317	313	296	269	241	221	208	201	198	195	192	198.8	2015	192	United Nations Inter-agency Group for Child Mortality Estimation (UN IGME), 2015.
2017.Q2.G.01	SH_DYN_MORTN	Under-five deaths, total (number)	484	-102.5148166	23.93378032	MEX	Mexico	1	<5Y	ANNUAL	NUMBER	64086	59954	55646	52056	49081	46553	44763	43385	42138	40965	39580	37776	36230	34428	32785	31278	34499.4	2015	31278	United Nations Inter-agency Group for Child Mortality Estimation (UN IGME), 2015.
2017.Q2.G.01	SH_DYN_MORTN	Under-five deaths, total (number)	492	7.424214814	43.73532918	MCO	Monaco	1	<5Y	ANNUAL	NUMBER	1	1	1	2	2	1	1	1	1	1	1	1	1	1	2	2	1.4	2015	2	United Nations Inter-agency Group for Child Mortality Estimation (UN IGME), 2015.
2017.Q2.G.01	SH_DYN_MORTN	Under-five deaths, total (number)	496	103.0728057	46.83892054	MNG	Mongolia	1	<5Y	ANNUAL	NUMBER	3029	2790	2547	2325	2158	2053	2006	1994	1997	1985	1946	1893	1826	1751	1673	1581	1744.8	2015	1581	United Nations Inter-agency Group for Child Mortality Estimation (UN IGME), 2015.
2017.Q2.G.01	SH_DYN_MORTN	Under-five deaths, total (number)	498	28.4650624	47.20236795	MDA	Republic of Moldova	1	<5Y	ANNUAL	NUMBER	1490	1312	1142	1004	902	837	804	797	801	805	807	794	777	749	719	687	745.2	2015	687	United Nations Inter-agency Group for Child Mortality Estimation (UN IGME), 2015.
2017.Q2.G.01	SH_DYN_MORTN	Under-five deaths, total (number)	499	19.25214024	42.78717043	MNE	Montenegro	1	<5Y	ANNUAL	NUMBER	115	108	103	97	91	86	79	74	67	61	56	50	44	39	36	33	40.4	2015	33	United Nations Inter-agency Group for Child Mortality Estimation (UN IGME), 2015.
2017.Q2.G.01	SH_DYN_MORTN	Under-five deaths, total (number)	500	-62.19261223	16.73558313	MSR	Montserrat	1	<5Y	ANNUAL	NUMBER																				
2017.Q2.G.01	SH_DYN_MORTN	Under-five deaths, total (number)	504	-6.281942841	31.8440131	MAR	Morocco	1	<5Y	ANNUAL	NUMBER	30721	28853	27277	26084	25154	24433	23888	23510	23175	22936	22552	22189	21733	21279	20579	19759	21107.8	2015	19759	United Nations Inter-agency Group for Child Mortality Estimation (UN IGME), 2015.
2017.Q2.G.01	SH_DYN_MORTN	Under-five deaths, total (number)	508	38.18479941	-14.27963886	MOZ	Mozambique	1	<5Y	ANNUAL	NUMBER	134506	130625	127062	123800	120672	117650	114744	109702	105572	101691	98980	95496	90502	86765	83765	82387	87783	2015	82387	United Nations Inter-agency Group for Child Mortality Estimation (UN IGME), 2015.
2017.Q2.G.01	SH_DYN_MORTN	Under-five deaths, total (number)	512	57.87743482	21.98805614	OMN	Oman	1	<5Y	ANNUAL	NUMBER	918	828	761	710	680	667	658	671	696	734	799	823	865	914	932	935	893.8	2015	935	United Nations Inter-agency Group for Child Mortality Estimation (UN IGME), 2015.
2017.Q2.G.01	SH_DYN_MORTN	Under-five deaths, total (number)	516	17.21907885	-22.13817068	NAM	Namibia	1	<5Y	ANNUAL	NUMBER	4372	4405	4401	4372	4308	4200	4030	3804	3621	3483	3393	3350	3358	3325	3329	3318	3336	2015	3318	United Nations Inter-agency Group for Child Mortality Estimation (UN IGME), 2015.
2017.Q2.G.01	SH_DYN_MORTN	Under-five deaths, total (number)	520	166.92313	-0.528742623	NRU	Nauru	1	<5Y	ANNUAL	NUMBER	7	7	7	7	7	7	7	7	7	6	6	6	6	6	5	5	5.6	2015	5	United Nations Inter-agency Group for Child Mortality Estimation (UN IGME), 2015.
2017.Q2.G.01	SH_DYN_MORTN	Under-five deaths, total (number)	524	83.94678863	28.25866332	NPL	Nepal	1	<5Y	ANNUAL	NUMBER	61512	57405	53153	48970	45008	41556	38417	35795	33375	31105	28848	26597	24390	22480	21017	19900	22876.8	2015	19900	United Nations Inter-agency Group for Child Mortality Estimation (UN IGME), 2015.
2017.Q2.G.01	SH_DYN_MORTN	Under-five deaths, total (number)	528	5.331480568	51.86728884	NLD	Netherlands	1	<5Y	ANNUAL	NUMBER	1196	1188	1167	1147	1137	1093	1034	963	888	821	765	739	725	699	692	682	707.4	2015	682	United Nations Inter-agency Group for Child Mortality Estimation (UN IGME), 2015.
2017.Q2.G.01	SH_DYN_MORTN	Under-five deaths, total (number)	530	-68.30676179	12.22720635	ANT	Netherlands Antilles	1	<5Y	ANNUAL	NUMBER																				
2017.Q2.G.01	SH_DYN_MORTN	Under-five deaths, total (number)	531	-68.95033464	12.15058042	CUW	Curaçao	1	<5Y	ANNUAL	NUMBER																				
2017.Q2.G.01	SH_DYN_MORTN	Under-five deaths, total (number)	533	-69.97050586	12.50878756	ABW	Aruba	1	<5Y	ANNUAL	NUMBER																				
2017.Q2.G.01	SH_DYN_MORTN	Under-five deaths, total (number)	534	-63.06198692	18.03926508	SXM	Sint Maarten (Dutch part)	1	<5Y	ANNUAL	NUMBER																				
2017.Q2.G.01	SH_DYN_MORTN	Under-five deaths, total (number)	540	165.5067368	-21.41742531	NCL	New Caledonia	1	<5Y	ANNUAL	NUMBER																				
2017.Q2.G.01	SH_DYN_MORTN	Under-five deaths, total (number)	548	167.0679779	-15.34445547	VUT	Vanuatu	1	<5Y	ANNUAL	NUMBER	170	168	165	165	166	170	179	191	202	213	219	219	214	205	196	189	204.6	2015	189	United Nations Inter-agency Group for Child Mortality Estimation (UN IGME), 2015.
2017.Q2.G.01	SH_DYN_MORTN	Under-five deaths, total (number)	554	170.4755673	-43.98721568	NZL	New Zealand	1	<5Y	ANNUAL	NUMBER	401	390	382	384	381	385	392	399	412	414	410	403	389	372	356	342	372.4	2015	342	United Nations Inter-agency Group for Child Mortality Estimation (UN IGME), 2015.
2017.Q2.G.01	SH_DYN_MORTN	Under-five deaths, total (number)	558	-85.03060315	12.84210839	NIC	Nicaragua	1	<5Y	ANNUAL	NUMBER	5511	5175	4853	4567	4326	4106	3932	3790	3666	3545	3405	3255	3102	2928	2787	2662	2946.8	2015	2662	United Nations Inter-agency Group for Child Mortality Estimation (UN IGME), 2015.
2017.Q2.G.01	SH_DYN_MORTN	Under-five deaths, total (number)	562	9.400167877	17.42143036	NER	Niger	1	<5Y	ANNUAL	NUMBER	125955	125209	122900	119481	115562	111741	108213	104444	100687	97317	94376	92089	90233	88945	88347	87967	89516.2	2015	87967	United Nations Inter-agency Group for Child Mortality Estimation (UN IGME), 2015.
2017.Q2.G.01	SH_DYN_MORTN	Under-five deaths, total (number)	566	8.097363256	9.585789025	NGA	Nigeria	1	<5Y	ANNUAL	NUMBER	929285	925970	919556	911538	901407	888926	875564	859543	843274	826798	811738	798817	786546	775020	762534	750111	774605.6	2015	750111	United Nations Inter-agency Group for Child Mortality Estimation (UN IGME), 2015.
2017.Q2.G.01	SH_DYN_MORTN	Under-five deaths, total (number)	570	-169.8601693	-19.05000475	NIU	Niue	1	<5Y	ANNUAL	NUMBER	1	1	1	1	1	1	1	1	1	1	1	1	1	1	1	1	1	2015	1	United Nations Inter-agency Group for Child Mortality Estimation (UN IGME), 2015.
2017.Q2.G.01	SH_DYN_MORTN	Under-five deaths, total (number)	574	167.9515548	-29.03230018	NFK	Norfolk Island	1	<5Y	ANNUAL	NUMBER																				
2017.Q2.G.01	SH_DYN_MORTN	Under-five deaths, total (number)	578	11.47846389	61.34311134	NOR	Norway	1	<5Y	ANNUAL	NUMBER	287	271	256	248	236	227	225	219	214	213	204	198	190	174	166	160	177.6	2015	160	United Nations Inter-agency Group for Child Mortality Estimation (UN IGME), 2015.
2017.Q2.G.01	SH_DYN_MORTN	Under-five deaths, total (number)	580	145.7582114	15.19099517	MNP	Northern Mariana Islands	1	<5Y	ANNUAL	NUMBER																				
2017.Q2.G.01	SH_DYN_MORTN	Under-five deaths, total (number)	581	-162.4343752	5.874443968	UMI	US Minor Outlying Islands	1	<5Y	ANNUAL	NUMBER																				
2017.Q2.G.01	SH_DYN_MORTN	Under-five deaths, total (number)	583	158.225216	6.880670092	FSM	Micronesia, Federated States of	1	<5Y	ANNUAL	NUMBER	175	167	157	147	138	129	121	115	109	105	101	96	93	90	87	85	90.2	2015	85	United Nations Inter-agency Group for Child Mortality Estimation (UN IGME), 2015.
2017.Q2.G.01	SH_DYN_MORTN	Under-five deaths, total (number)	584	171.0839119	7.110213497	MHL	Marshall Islands	1	<5Y	ANNUAL	NUMBER	88	87	85	82	79	76	73	70	67	64	62	60	58	56	53	49	55.2	2015	49	United Nations Inter-agency Group for Child Mortality Estimation (UN IGME), 2015.
2017.Q2.G.01	SH_DYN_MORTN	Under-five deaths, total (number)	585	134.5733878	7.502307591	PLW	Palau	1	<5Y	ANNUAL	NUMBER	7	7	8	8	9	9	8	7	6	5	5	5	5	5	5	5	5	2015	5	United Nations Inter-agency Group for Child Mortality Estimation (UN IGME), 2015.
2017.Q2.G.01	SH_DYN_MORTN	Under-five deaths, total (number)	586	68.80479684	29.36491634	PAK	Pakistan	1	<5Y	ANNUAL	NUMBER	496972	483541	467625	451814	440180	435282	437490	445458	456056	465546	470193	470143	464260	454447	442647	431568	452613	2015	431568	United Nations Inter-agency Group for Child Mortality Estimation (UN IGME), 2015.
2017.Q2.G.01	SH_DYN_MORTN	Under-five deaths, total (number)	591	-81.26616623	8.450965746	PAN	Panama	1	<5Y	ANNUAL	NUMBER	1883	1834	1766	1683	1616	1567	1539	1528	1517	1516	1489	1456	1421	1371	1327	1277	1370.4	2015	1277	United Nations Inter-agency Group for Child Mortality Estimation (UN IGME), 2015.
2017.Q2.G.01	SH_DYN_MORTN	Under-five deaths, total (number)	598	145.8587761	-6.756057077	PNG	Papua New Guinea	1	<5Y	ANNUAL	NUMBER	14414	14459	14438	14333	14239	14171	14089	14042	13930	13784	13569	13298	12965	12643	12285	11963	12630.8	2015	11963	United Nations Inter-agency Group for Child Mortality Estimation (UN IGME), 2015.
2017.Q2.G.01	SH_DYN_MORTN	Under-five deaths, total (number)	600	-60.54854225	-21.70216237	PRY	Paraguay	1	<5Y	ANNUAL	NUMBER	4912	4692	4433	4152	3916	3735	3634	3583	3553	3519	3446	3330	3192	3039	2896	2780	3047.4	2015	2780	United Nations Inter-agency Group for Child Mortality Estimation (UN IGME), 2015.
2017.Q2.G.01	SH_DYN_MORTN	Under-five deaths, total (number)	604	-71.82093277	-13.58939705	PER	Peru	1	<5Y	ANNUAL	NUMBER	23784	21979	20439	19121	17917	16867	15893	14947	14063	13339	12676	12116	11658	11267	10843	10483	11273.4	2015	10483	United Nations Inter-agency Group for Child Mortality Estimation (UN IGME), 2015.
2017.Q2.G.01	SH_DYN_MORTN	Under-five deaths, total (number)	608	120.8601418	14.16591706	PHL	Philippines	1	<5Y	ANNUAL	NUMBER	90148	89784	89282	88502	87249	85393	82803	80026	76875	73994	71913	70521	69223	68102	66959	65613	68083.6	2015	65613	United Nations Inter-agency Group for Child Mortality Estimation (UN IGME), 2015.
2017.Q2.G.01	SH_DYN_MORTN	Under-five deaths, total (number)	612	-128.3225873	-24.37538456	PCN	Pitcairn	1	<5Y	ANNUAL	NUMBER																				
2017.Q2.G.01	SH_DYN_MORTN	Under-five deaths, total (number)	616	19.40660158	52.1226733	POL	Poland	1	<5Y	ANNUAL	NUMBER	3376	3068	2874	2785	2741	2760	2773	2806	2833	2716	2581	2427	2262	2108	1999	1917	2142.6	2015	1917	United Nations Inter-agency Group for Child Mortality Estimation (UN IGME), 2015.
2017.Q2.G.01	SH_DYN_MORTN	Under-five deaths, total (number)	620	-7.961599811	39.68509315	PRT	Portugal	1	<5Y	ANNUAL	NUMBER	776	727	670	625	575	529	489	454	428	400	376	356	346	338	321	304	333	2015	304	United Nations Inter-agency Group for Child Mortality Estimation (UN IGME), 2015.
2017.Q2.G.01	SH_DYN_MORTN	Under-five deaths, total (number)	624	-14.40182514	12.11760394	GNB	Guinea-Bissau	1	<5Y	ANNUAL	NUMBER	9022	8806	8587	8369	8147	7922	7695	7448	7208	6970	6760	6557	6365	6193	6028	5883	6205.2	2015	5883	United Nations Inter-agency Group for Child Mortality Estimation (UN IGME), 2015.
2017.Q2.G.01	SH_DYN_MORTN	Under-five deaths, total (number)	626	125.9451052	-8.797497247	TLS	Timor-Leste	1	<5Y	ANNUAL	NUMBER	4318	3970	3647	3336	3027	2728	2455	2210	2025	1932	1947	2058	2256	2467	2612	2642	2407	2015	2642	United Nations Inter-agency Group for Child Mortality Estimation (UN IGME), 2015.
2017.Q2.G.01	SH_DYN_MORTN	Under-five deaths, total (number)	630	-66.47591017	18.22753799	PRI	Puerto Rico	1	<5Y	ANNUAL	NUMBER																				
2017.Q2.G.01	SH_DYN_MORTN	Under-five deaths, total (number)	634	51.19152467	25.28355379	QAT	Qatar	1	<5Y	ANNUAL	NUMBER	148	141	134	131	133	141	137	138	145	151	159	178	197	214	224	226	207.8	2015	226	United Nations Inter-agency Group for Child Mortality Estimation (UN IGME), 2015.
2017.Q2.G.01	SH_DYN_MORTN	Under-five deaths, total (number)	638	55.53171398	-21.13183266	REU	Réunion	1	<5Y	ANNUAL	NUMBER																				
2017.Q2.G.01	SH_DYN_MORTN	Under-five deaths, total (number)	642	24.98481009	45.83893563	ROU	Romania	1	<5Y	ANNUAL	NUMBER	7019	6799	6290	5586	4912	4365	3956	3669	3438	3236	3010	2774	2495	2247	2028	1882	2285.2	2015	1882	United Nations Inter-agency Group for Child Mortality Estimation (UN IGME), 2015.
2017.Q2.G.01	SH_DYN_MORTN	Under-five deaths, total (number)	643	99.01404926	61.61899849	RUS	Russian Federation	1	<5Y	ANNUAL	NUMBER	33636	33123	31642	29534	27451	25573	23893	22343	21141	20221	19607	19314	19145	19260	18916	18542	19035.4	2015	18542	United Nations Inter-agency Group for Child Mortality Estimation (UN IGME), 2015.
2017.Q2.G.01	SH_DYN_MORTN	Under-five deaths, total (number)	646	29.92310194	-1.999842114	RWA	Rwanda	1	<5Y	ANNUAL	NUMBER	60833	59724	54460	47484	40792	35747	32087	29357	27178	25318	23396	21081	18765	16815	15250	14207	17223.6	2015	14207	United Nations Inter-agency Group for Child Mortality Estimation (UN IGME), 2015.
2017.Q2.G.01	SH_DYN_MORTN	Under-five deaths, total (number)	652	-62.83173536	17.89513362	BLM	Saint Barthélemy	1	<5Y	ANNUAL	NUMBER																				
2017.Q2.G.01	SH_DYN_MORTN	Under-five deaths, total (number)	654	-5.705752501	-15.96503946	SHN	Saint Helena	1	<5Y	ANNUAL	NUMBER																				
2017.Q2.G.01	SH_DYN_MORTN	Under-five deaths, total (number)	659	-62.76628613	17.33994219	KNA	Saint Kitts and Nevis	1	<5Y	ANNUAL	NUMBER	19	18	16	15	14	14	13	13	13	13	12	12	11	11	10	10	10.8	2015	10	United Nations Inter-agency Group for Child Mortality Estimation (UN IGME), 2015.
2017.Q2.G.01	SH_DYN_MORTN	Under-five deaths, total (number)	660	-63.05651612	18.21525315	AIA	Anguilla	1	<5Y	ANNUAL	NUMBER																				
2017.Q2.G.01	SH_DYN_MORTN	Under-five deaths, total (number)	662	-60.96529553	13.89405601	LCA	Saint Lucia	1	<5Y	ANNUAL	NUMBER	55	53	51	50	49	49	48	48	47	47	46	45	44	43	42	40	42.8	2015	40	United Nations Inter-agency Group for Child Mortality Estimation (UN IGME), 2015.
2017.Q2.G.01	SH_DYN_MORTN	Under-five deaths, total (number)	663	-63.04505461	18.0882685	MAF	Saint Martin (French Part)	1	<5Y	ANNUAL	NUMBER																				
2017.Q2.G.01	SH_DYN_MORTN	Under-five deaths, total (number)	666	-56.33682442	46.85812735	SPM	Saint Pierre and Miquelon	1	<5Y	ANNUAL	NUMBER																				
2017.Q2.G.01	SH_DYN_MORTN	Under-five deaths, total (number)	670	-61.19024321	13.24627968	VCT	Saint Vincent and the Grenadines	1	<5Y	ANNUAL	NUMBER	48	46	44	43	42	41	41	41	42	42	41	39	37	34	32	30	34.4	2015	30	United Nations Inter-agency Group for Child Mortality Estimation (UN IGME), 2015.
2017.Q2.G.01	SH_DYN_MORTN	Under-five deaths, total (number)	674	12.46329038	43.93841766	SMR	San Marino	1	<5Y	ANNUAL	NUMBER	1	1	1	1	1	1	1	1	1	1	1	1	1	1	1	1	1	2015	1	United Nations Inter-agency Group for Child Mortality Estimation (UN IGME), 2015.
2017.Q2.G.01	SH_DYN_MORTN	Under-five deaths, total (number)	678	6.609772265	0.241554875	STP	Sao Tome and Principe	1	<5Y	ANNUAL	NUMBER	453	446	435	423	408	393	377	361	346	333	324	316	311	308	303	297	307	2015	297	United Nations Inter-agency Group for Child Mortality Estimation (UN IGME), 2015.
2017.Q2.G.01	SH_DYN_MORTN	Under-five deaths, total (number)	682	44.54763347	24.12594211	SAU	Saudi Arabia	1	<5Y	ANNUAL	NUMBER	13110	12468	11935	11487	11112	10952	10866	10868	10837	10818	10644	10440	10151	9795	9405	9002	9758.6	2015	9002	United Nations Inter-agency Group for Child Mortality Estimation (UN IGME), 2015.
2017.Q2.G.01	SH_DYN_MORTN	Under-five deaths, total (number)	686	-14.46636926	14.35920905	SEN	Senegal	1	<5Y	ANNUAL	NUMBER	50600	49197	47299	45148	42851	40542	38363	36199	34188	32430	30940	29727	28894	28312	27779	27059	28354.2	2015	27059	United Nations Inter-agency Group for Child Mortality Estimation (UN IGME), 2015.
2017.Q2.G.01	SH_DYN_MORTN	Under-five deaths, total (number)	688	20.805876	44.03145697	SRB	Serbia	1	<5Y	ANNUAL	NUMBER	1607	1510	1371	1184	1014	897	815	765	744	720	697	668	651	635	628	619	640.2	2015	619	United Nations Inter-agency Group for Child Mortality Estimation (UN IGME), 2015.
2017.Q2.G.01	SH_DYN_MORTN	Under-five deaths, total (number)	690	55.46561591	-4.678053059	SYC	Seychelles	1	<5Y	ANNUAL	NUMBER	20	21	22	23	24	25	25	25	25	25	24	25	24	24	24	23	24	2015	23	United Nations Inter-agency Group for Child Mortality Estimation (UN IGME), 2015.
2017.Q2.G.01	SH_DYN_MORTN	Under-five deaths, total (number)	694	-11.78306584	8.568604164	SLE	Sierra Leone	1	<5Y	ANNUAL	NUMBER	40915	41198	41766	42315	42596	42287	41891	40880	39340	37500	35436	33372	31290	29344	27733	26466	29641	2015	26466	United Nations Inter-agency Group for Child Mortality Estimation (UN IGME), 2015.
2017.Q2.G.01	SH_DYN_MORTN	Under-five deaths, total (number)	702	103.8107883	1.361009155	SGP	Singapore	1	<5Y	ANNUAL	NUMBER	180	160	148	144	141	140	142	145	142	143	145	147	148	149	150	145	147.8	2015	145	United Nations Inter-agency Group for Child Mortality Estimation (UN IGME), 2015.
2017.Q2.G.01	SH_DYN_MORTN	Under-five deaths, total (number)	703	19.48495604	48.70741446	SVK	Slovakia	1	<5Y	ANNUAL	NUMBER	601	568	549	545	539	537	530	526	521	510	500	480	460	437	416	400	438.6	2015	400	United Nations Inter-agency Group for Child Mortality Estimation (UN IGME), 2015.
2017.Q2.G.01	SH_DYN_MORTN	Under-five deaths, total (number)	704	105.802499	10.09643079	VNM	Viet Nam	1	<5Y	ANNUAL	NUMBER	43093	40529	40269	41273	42255	42642	42518	41663	40481	39243	38200	37482	36644	35944	35143	34191	35880.8	2015	34191	United Nations Inter-agency Group for Child Mortality Estimation (UN IGME), 2015.
2017.Q2.G.01	SH_DYN_MORTN	Under-five deaths, total (number)	705	14.82209486	46.11958061	SVN	Slovenia	1	<5Y	ANNUAL	NUMBER	101	95	90	83	78	76	73	73	73	74	72	69	67	63	60	57	63.2	2015	57	United Nations Inter-agency Group for Child Mortality Estimation (UN IGME), 2015.
2017.Q2.G.01	SH_DYN_MORTN	Under-five deaths, total (number)	706	46.20367477	4.406485729	SOM	Somalia	1	<5Y	ANNUAL	NUMBER	60657	62245	63141	63635	64198	65149	66296	67346	67982	68052	67647	66509	64918	63195	61499	60537	63331.6	2015	60537	United Nations Inter-agency Group for Child Mortality Estimation (UN IGME), 2015.
2017.Q2.G.01	SH_DYN_MORTN	Under-five deaths, total (number)	710	24.67184355	-29.99957544	ZAF	South Africa	1	<5Y	ANNUAL	NUMBER	87878	89323	88430	85759	82308	80104	78917	79699	79742	76073	65444	60356	56085	48552	44141	41930	50212.8	2015	41930	United Nations Inter-agency Group for Child Mortality Estimation (UN IGME), 2015.
2017.Q2.G.01	SH_DYN_MORTN	Under-five deaths, total (number)	716	29.86909584	-19.00075492	ZWE	Zimbabwe	1	<5Y	ANNUAL	NUMBER	41969	42273	42533	42652	42988	43479	43650	43902	43934	44035	43672	42864	40169	39030	38529	38087	39735.8	2015	38087	United Nations Inter-agency Group for Child Mortality Estimation (UN IGME), 2015.
2017.Q2.G.01	SH_DYN_MORTN	Under-five deaths, total (number)	724	-3.554078296	40.39211472	ESP	Spain	1	<5Y	ANNUAL	NUMBER	2439	2436	2514	2614	2665	2679	2674	2590	2515	2402	2249	2132	1978	1808	1665	1566	1829.8	2015	1566	United Nations Inter-agency Group for Child Mortality Estimation (UN IGME), 2015.
2017.Q2.G.01	SH_DYN_MORTN	Under-five deaths, total (number)	728	30.32618773	7.290839152	SSD	South Sudan	1	<5Y	ANNUAL	NUMBER	50775	49494	47717	45856	44204	43001	42000	41367	41004	40905	40857	40781	40632	40397	39932	39487	40245.8	2015	39487	United Nations Inter-agency Group for Child Mortality Estimation (UN IGME), 2015.
2017.Q2.G.01	SH_DYN_MORTN	Under-five deaths, total (number)	732	-13.13515523	24.66265342	ESH	Western Sahara	1	<5Y	ANNUAL	NUMBER																				
2017.Q2.G.01	SH_DYN_MORTN	Under-five deaths, total (number)	736	29.95650159	16.02643066	SDN	Sudan	1	<5Y	ANNUAL	NUMBER																				
2017.Q2.G.01	SH_DYN_MORTN	Under-five deaths, total (number)	740	-55.90626394	4.132603197	SUR	Suriname	1	<5Y	ANNUAL	NUMBER	373	355	335	317	301	289	278	270	262	256	251	243	235	225	216	209	225.6	2015	209	United Nations Inter-agency Group for Child Mortality Estimation (UN IGME), 2015.
2017.Q2.G.01	SH_DYN_MORTN	Under-five deaths, total (number)	744	13.38071013	78.82894131	SJM	Svalbard and Jan Mayen Islands	1	<5Y	ANNUAL	NUMBER																				
2017.Q2.G.01	SH_DYN_MORTN	Under-five deaths, total (number)	748	31.50149288	-26.56471011	SWZ	Swaziland	1	<5Y	ANNUAL	NUMBER	4366	4489	4539	4558	4535	4484	4241	4095	4033	3723	3182	2870	2652	2474	2291	2221	2501.6	2015	2221	United Nations Inter-agency Group for Child Mortality Estimation (UN IGME), 2015.
2017.Q2.G.01	SH_DYN_MORTN	Under-five deaths, total (number)	752	14.3775338	60.60103109	SWE	Sweden	1	<5Y	ANNUAL	NUMBER	310	318	340	373	393	408	397	387	368	349	345	332	333	335	338	343	336.2	2015	343	United Nations Inter-agency Group for Child Mortality Estimation (UN IGME), 2015.
2017.Q2.G.01	SH_DYN_MORTN	Under-five deaths, total (number)	756	8.223158	46.96617097	CHE	Switzerland	1	<5Y	ANNUAL	NUMBER	430	418	401	382	372	367	363	356	358	360	361	359	356	351	338	334	347.6	2015	334	United Nations Inter-agency Group for Child Mortality Estimation (UN IGME), 2015.
2017.Q2.G.01	SH_DYN_MORTN	Under-five deaths, total (number)	760	38.50466565	35.01676176	SYR	Syrian Arab Republic (Syria)	1	<5Y	ANNUAL	NUMBER	12162	11543	10816	10030	9359	8947	8707	8691	8638	8504	8078	7832	7999	7188	6333	5515	6973.4	2015	5515	United Nations Inter-agency Group for Child Mortality Estimation (UN IGME), 2015.
2017.Q2.G.01	SH_DYN_MORTN	Under-five deaths, total (number)	762	69.294998	38.43069666	TJK	Tajikistan	1	<5Y	ANNUAL	NUMBER	17821	16323	14801	13412	12341	11663	11291	11235	11367	11604	11822	11985	12110	12154	12055	11799	12020.6	2015	11799	United Nations Inter-agency Group for Child Mortality Estimation (UN IGME), 2015.
2017.Q2.G.01	SH_DYN_MORTN	Under-five deaths, total (number)	764	101.0202951	15.13089239	THA	Thailand	1	<5Y	ANNUAL	NUMBER	20439	19257	18216	17341	16439	15459	14544	13681	12815	12073	11476	10939	10450	10058	9560	9173	10036	2015	9173	United Nations Inter-agency Group for Child Mortality Estimation (UN IGME), 2015.
2017.Q2.G.01	SH_DYN_MORTN	Under-five deaths, total (number)	768	0.97835765	8.532096072	TGO	Togo	1	<5Y	ANNUAL	NUMBER	22124	22118	22117	22102	22078	22034	21963	21830	21649	21414	21161	20880	20566	20214	19849	19512	20204.2	2015	19512	United Nations Inter-agency Group for Child Mortality Estimation (UN IGME), 2015.
2017.Q2.G.01	SH_DYN_MORTN	Under-five deaths, total (number)	772	-171.8154473	-9.214545558	TKL	Tokelau	1	<5Y	ANNUAL	NUMBER																				
2017.Q2.G.01	SH_DYN_MORTN	Under-five deaths, total (number)	776	-175.1959991	-21.19511329	TON	Tonga	1	<5Y	ANNUAL	NUMBER	45	45	45	46	47	48	49	49	49	49	49	49	47	46	44	43	45.8	2015	43	United Nations Inter-agency Group for Child Mortality Estimation (UN IGME), 2015.
2017.Q2.G.01	SH_DYN_MORTN	Under-five deaths, total (number)	780	-61.29389504	10.41877263	TTO	Trinidad and Tobago	1	<5Y	ANNUAL	NUMBER	529	529	533	539	541	538	532	520	505	491	474	457	440	421	404	387	421.8	2015	387	United Nations Inter-agency Group for Child Mortality Estimation (UN IGME), 2015.
2017.Q2.G.01	SH_DYN_MORTN	Under-five deaths, total (number)	784	53.98279159	23.43322219	ARE	United Arab Emirates	1	<5Y	ANNUAL	NUMBER	563	544	523	514	536	583	615	674	731	770	773	797	780	741	702	661	736.2	2015	661	United Nations Inter-agency Group for Child Mortality Estimation (UN IGME), 2015.
2017.Q2.G.01	SH_DYN_MORTN	Under-five deaths, total (number)	788	9.572737411	34.11439971	TUN	Tunisia	1	<5Y	ANNUAL	NUMBER	5394	4988	4637	4300	4039	3811	3636	3493	3378	3270	3199	3137	3110	3087	3026	2919	3055.8	2015	2919	United Nations Inter-agency Group for Child Mortality Estimation (UN IGME), 2015.
2017.Q2.G.01	SH_DYN_MORTN	Under-five deaths, total (number)	792	35.42890329	38.9899684	TUR	Turkey	1	<5Y	ANNUAL	NUMBER	55723	51562	47335	43147	39252	36060	33110	30629	28465	26597	24984	23690	22468	21428	20134	18936	21331.2	2015	18936	United Nations Inter-agency Group for Child Mortality Estimation (UN IGME), 2015.
2017.Q2.G.01	SH_DYN_MORTN	Under-five deaths, total (number)	795	58.9787665	40.0912346	TKM	Turkmenistan	1	<5Y	ANNUAL	NUMBER	7679	7582	7796	8141	8370	8359	8102	7631	7042	6519	6178	5984	5943	5954	5960	5868	5941.8	2015	5868	United Nations Inter-agency Group for Child Mortality Estimation (UN IGME), 2015.
2017.Q2.G.01	SH_DYN_MORTN	Under-five deaths, total (number)	796	-71.745121	21.80780585	TCA	Turks and Caicos Islands	1	<5Y	ANNUAL	NUMBER																				
2017.Q2.G.01	SH_DYN_MORTN	Under-five deaths, total (number)	798	178.6679611	-7.460048071	TUV	Tuvalu	1	<5Y	ANNUAL	NUMBER	12	11	11	10	9	8	8	7	7	7	6	6	6	6	6	6	6	2015	6	United Nations Inter-agency Group for Child Mortality Estimation (UN IGME), 2015.
2017.Q2.G.01	SH_DYN_MORTN	Under-five deaths, total (number)	800	32.39100438	1.279557331	UGA	Uganda	1	<5Y	ANNUAL	NUMBER	160254	156555	151925	146541	140573	134355	128052	121612	115415	109976	105540	100030	93673	90167	86880	85291	91208.2	2015	85291	United Nations Inter-agency Group for Child Mortality Estimation (UN IGME), 2015.
2017.Q2.G.01	SH_DYN_MORTN	Under-five deaths, total (number)	804	31.40270802	49.00735945	UKR	Ukraine	1	<5Y	ANNUAL	NUMBER	7543	6953	6481	6171	5989	6008	6176	6411	6660	6712	6588	6208	5628	4968	4418	3997	5043.8	2015	3997	United Nations Inter-agency Group for Child Mortality Estimation (UN IGME), 2015.
2017.Q2.G.01	SH_DYN_MORTN	Under-five deaths, total (number)	807	21.7007909	41.60048068	MKD	Macedonia, Republic of	1	<5Y	ANNUAL	NUMBER	417	389	369	361	355	343	323	295	267	242	215	188	167	154	145	135	157.8	2015	135	United Nations Inter-agency Group for Child Mortality Estimation (UN IGME), 2015.
2017.Q2.G.01	SH_DYN_MORTN	Under-five deaths, total (number)	818	29.77468534	26.57438204	EGY	Egypt	1	<5Y	ANNUAL	NUMBER	79233	76511	74255	72111	70054	67869	65514	62720	60167	58694	58541	60009	62567	65228	66378	65775	63991.4	2015	65775	United Nations Inter-agency Group for Child Mortality Estimation (UN IGME), 2015.
2017.Q2.G.01	SH_DYN_MORTN	Under-five deaths, total (number)	826	-2.23830539	53.27691757	GBR	United Kingdom	1	<5Y	ANNUAL	NUMBER	4557	4362	4254	4248	4161	4207	4317	4489	4583	4618	4533	4354	4079	3755	3460	3235	3776.6	2015	3235	United Nations Inter-agency Group for Child Mortality Estimation (UN IGME), 2015.
2017.Q2.G.01	SH_DYN_MORTN	Under-five deaths, total (number)	831	-2.200712402	49.71561166	GGY	Guernsey	1	<5Y	ANNUAL	NUMBER																				
2017.Q2.G.01	SH_DYN_MORTN	Under-five deaths, total (number)	832	-2.136773508	49.22353354	JEY	Jersey	1	<5Y	ANNUAL	NUMBER																				
2017.Q2.G.01	SH_DYN_MORTN	Under-five deaths, total (number)	833	-4.538190305	54.22880901	IMN	Isle of Man	1	<5Y	ANNUAL	NUMBER																				
2017.Q2.G.01	SH_DYN_MORTN	Under-five deaths, total (number)	834	34.80521182	-6.265332606	TZA	Tanzania, United Republic of	1	<5Y	ANNUAL	NUMBER	173227	167206	161756	156356	150635	144612	138036	130760	123662	117550	111200	106181	103423	101993	99367	98180	101828.8	2015	98180	United Nations Inter-agency Group for Child Mortality Estimation (UN IGME), 2015.
2017.Q2.G.01	SH_DYN_MORTN	Under-five deaths, total (number)	840	-99.13830311	39.5277871	USA	United States of America	1	<5Y	ANNUAL	NUMBER	31515	31613	32070	32671	33573	33698	33518	32977	32172	30845	29940	28688	27790	26598	25627	24923	26725.2	2015	24923	United Nations Inter-agency Group for Child Mortality Estimation (UN IGME), 2015.
2017.Q2.G.01	SH_DYN_MORTN	Under-five deaths, total (number)	850	-64.76960113	17.73297693	VIR	United States Virgin Islands	1	<5Y	ANNUAL	NUMBER																				
2017.Q2.G.01	SH_DYN_MORTN	Under-five deaths, total (number)	854	-1.742843829	12.27491081	BFA	Burkina Faso	1	<5Y	ANNUAL	NUMBER	93999	94802	94869	94131	92414	90044	87119	83525	79635	75711	72166	69142	66485	64094	62096	60477	64458.8	2015	60477	United Nations Inter-agency Group for Child Mortality Estimation (UN IGME), 2015.
2017.Q2.G.01	SH_DYN_MORTN	Under-five deaths, total (number)	858	-56.01387025	-32.8002838	URY	Uruguay	1	<5Y	ANNUAL	NUMBER	890	850	824	794	766	737	707	677	658	638	614	595	571	542	514	487	541.8	2015	487	United Nations Inter-agency Group for Child Mortality Estimation (UN IGME), 2015.
2017.Q2.G.01	SH_DYN_MORTN	Under-five deaths, total (number)	860	63.11944558	41.77560518	UZB	Uzbekistan	1	<5Y	ANNUAL	NUMBER	34947	33393	31943	30701	29807	29320	29268	29506	29887	30127	30123	29809	29248	28418	27362	26205	28208.4	2015	26205	United Nations Inter-agency Group for Child Mortality Estimation (UN IGME), 2015.
2017.Q2.G.01	SH_DYN_MORTN	Under-five deaths, total (number)	862	-66.15642084	7.121324748	VEN	Venezuela (Bolivarian Republic)	1	<5Y	ANNUAL	NUMBER	12577	12257	11977	11677	11363	10980	10653	10371	10198	10023	9909	9809	9648	9424	9191	8946	9403.6	2015	8946	United Nations Inter-agency Group for Child Mortality Estimation (UN IGME), 2015.
2017.Q2.G.01	SH_DYN_MORTN	Under-five deaths, total (number)	876	-176.2034788	-13.28471201	WLF	Wallis and Futuna Islands	1	<5Y	ANNUAL	NUMBER																				
2017.Q2.G.01	SH_DYN_MORTN	Under-five deaths, total (number)	882	-172.4430749	-13.61541469	WSM	Samoa	1	<5Y	ANNUAL	NUMBER	111	107	104	103	103	103	103	103	104	133	103	100	96	90	85	80	90.2	2015	80	United Nations Inter-agency Group for Child Mortality Estimation (UN IGME), 2015.
2017.Q2.G.01	SH_DYN_MORTN	Under-five deaths, total (number)	887	45.22389143	15.22242099	YEM	Yemen	1	<5Y	ANNUAL	NUMBER	62568	59887	57944	56547	55125	53525	51589	49522	47264	45082	42829	40766	38904	37215	35658	34351	37378.8	2015	34351	United Nations Inter-agency Group for Child Mortality Estimation (UN IGME), 2015.
2017.Q2.G.01	SH_DYN_MORTN	Under-five deaths, total (number)	894	27.850329	-14.59701056	ZMB	Zambia	1	<5Y	ANNUAL	NUMBER	72287	70140	66478	62336	58553	55526	53223	51115	49737	47743	45817	44683	42976	41163	39737	38990	41509.8	2015	38990	United Nations Inter-agency Group for Child Mortality Estimation (UN IGME), 2015.
