series.release	series.code	series.description	geoAreaCode	X	Y	ISO3CD	geoAreaName	sliceId	Age	Freq	Location	Sex	Units	Bounds	2000	2001	2002	2003	2004	2005	2006	2007	2008	2009	2010	2011	2012	2013	2014	2015	last.5.years.mean	latest.year	latest.value	latest.source	latest.nature
2017.Q2.G.01	SH_MED_PHYSNS	Health worker density of physicians per 1,000 population	4	66.02688198	33.83160199	AFG	Afghanistan	1	ALLAGE	ANNUAL	ALLAREA	BOTHSEX	PER_1000_POP	MP		0.2					0.168	0.183	0.182	0.222	0.247	0.263	0.253	0.299	0.304		0.27975	2014	0.304	Global Health Workforce Statistics database, Global Health Observatory, WHO .  Available at http://www.who.int/hrh/statistics/hwfstats/en/. For the specific sources and metadata by country, refer to database directly.	C
2017.Q2.G.01	SH_MED_PHYSNS	Health worker density of physicians per 1,000 population	8	20.06660928	41.13897007	ALB	Albania	1	ALLAGE	ANNUAL	ALLAREA	BOTHSEX	PER_1000_POP	MP											1.254	1.24	1.283	1.286			1.26966666666667	2013	1.286	Global Health Workforce Statistics database, Global Health Observatory, WHO .  Available at http://www.who.int/hrh/statistics/hwfstats/en/. For the specific sources and metadata by country, refer to database directly.	C
2017.Q2.G.01	SH_MED_PHYSNS	Health worker density of physicians per 1,000 population	10	21.47585697	-80.40897662	ATA	Antarctica	1	ALLAGE	ANNUAL	ALLAREA	BOTHSEX	PER_1000_POP	MP																					
2017.Q2.G.01	SH_MED_PHYSNS	Health worker density of physicians per 1,000 population	12	2.678164227	28.15940032	DZA	Algeria	1	ALLAGE	ANNUAL	ALLAREA	BOTHSEX	PER_1000_POP	MP			1.106			1.021		1.192										2007	1.192	Global Health Workforce Statistics database, Global Health Observatory, WHO .  Available at http://www.who.int/hrh/statistics/hwfstats/en/. For the specific sources and metadata by country, refer to database directly.	C
2017.Q2.G.01	SH_MED_PHYSNS	Health worker density of physicians per 1,000 population	16	-170.7187269	-14.30587306	ASM	American Samoa	1	ALLAGE	ANNUAL	ALLAREA	BOTHSEX	PER_1000_POP	MP																					
2017.Q2.G.01	SH_MED_PHYSNS	Health worker density of physicians per 1,000 population	20	1.576257417	42.54548611	AND	Andorra	1	ALLAGE	ANNUAL	ALLAREA	BOTHSEX	PER_1000_POP	MP				3.263						3.112						3.689	3.689	2015	3.689	Global Health Workforce Statistics database, Global Health Observatory, WHO .  Available at http://www.who.int/hrh/statistics/hwfstats/en/. For the specific sources and metadata by country, refer to database directly.	C
2017.Q2.G.01	SH_MED_PHYSNS	Health worker density of physicians per 1,000 population	24	17.57817062	-12.33724746	AGO	Angola	1	ALLAGE	ANNUAL	ALLAREA	BOTHSEX	PER_1000_POP	MP					0.067					0.144								2009	0.144	Global Health Workforce Statistics database, Global Health Observatory, WHO .  Available at http://www.who.int/hrh/statistics/hwfstats/en/. For the specific sources and metadata by country, refer to database directly.	C
2017.Q2.G.01	SH_MED_PHYSNS	Health worker density of physicians per 1,000 population	28	-61.7999755	17.07761471	ATG	Antigua and Barbuda	1	ALLAGE	ANNUAL	ALLAREA	BOTHSEX	PER_1000_POP	MP																					
2017.Q2.G.01	SH_MED_PHYSNS	Health worker density of physicians per 1,000 population	31	50.01064725	40.39229544	AZE	Azerbaijan	1	ALLAGE	ANNUAL	ALLAREA	BOTHSEX	PER_1000_POP	MP											3.636	3.407	3.454	3.415	3.402		3.4195	2014	3.402	Global Health Workforce Statistics database, Global Health Observatory, WHO .  Available at http://www.who.int/hrh/statistics/hwfstats/en/. For the specific sources and metadata by country, refer to database directly.	C
2017.Q2.G.01	SH_MED_PHYSNS	Health worker density of physicians per 1,000 population	32	-65.14563274	-35.19446255	ARG	Argentina	1	ALLAGE	ANNUAL	ALLAREA	BOTHSEX	PER_1000_POP	MP		3.231			3.166									3.762			3.762	2013	3.762	Global Health Workforce Statistics database, Global Health Observatory, WHO .  Available at http://www.who.int/hrh/statistics/hwfstats/en/. For the specific sources and metadata by country, refer to database directly.	C
2017.Q2.G.01	SH_MED_PHYSNS	Health worker density of physicians per 1,000 population	36	134.3499412	-25.57717202	AUS	Australia	1	ALLAGE	ANNUAL	ALLAREA	BOTHSEX	PER_1000_POP	MP		2.479					2.672			2.885		3.282	3.285	3.374			3.31366666666667	2013	3.374	Global Health Workforce Statistics database, Global Health Observatory, WHO .  Available at http://www.who.int/hrh/statistics/hwfstats/en/. For the specific sources and metadata by country, refer to database directly.	C
2017.Q2.G.01	SH_MED_PHYSNS	Health worker density of physicians per 1,000 population	40	14.14172472	47.58704857	AUT	Austria	1	ALLAGE	ANNUAL	ALLAREA	BOTHSEX	PER_1000_POP	MP											4.779	4.824	4.881	4.984	5.064	5.15	4.9806	2015	5.15	Global Health Workforce Statistics database, Global Health Observatory, WHO .  Available at http://www.who.int/hrh/statistics/hwfstats/en/. For the specific sources and metadata by country, refer to database directly.	C
2017.Q2.G.01	SH_MED_PHYSNS	Health worker density of physicians per 1,000 population	44	-78.05111663	24.69546597	BHS	Bahamas	1	ALLAGE	ANNUAL	ALLAREA	BOTHSEX	PER_1000_POP	MP									2.717									2008	2.717	Global Health Workforce Statistics database, Global Health Observatory, WHO .  Available at http://www.who.int/hrh/statistics/hwfstats/en/. For the specific sources and metadata by country, refer to database directly.	C
2017.Q2.G.01	SH_MED_PHYSNS	Health worker density of physicians per 1,000 population	48	50.5490754	26.04407747	BHR	Bahrain	1	ALLAGE	ANNUAL	ALLAREA	BOTHSEX	PER_1000_POP	MP	1.017	1.068	1.092	1.071	0.994	1.07	1.033	1.025	0.989	0.96	0.934	0.925	0.933	0.929	0.939		0.9315	2014	0.939	Global Health Workforce Statistics database, Global Health Observatory, WHO .  Available at http://www.who.int/hrh/statistics/hwfstats/en/. For the specific sources and metadata by country, refer to database directly.	C
2017.Q2.G.01	SH_MED_PHYSNS	Health worker density of physicians per 1,000 population	50	89.17660788	22.86961622	BGD	Bangladesh	1	ALLAGE	ANNUAL	ALLAREA	BOTHSEX	PER_1000_POP	MP		0.243		0.264	0.273	0.3	0.308	0.32	0.333	0.345	0.354	0.374	0.389				0.3815	2012	0.389	Global Health Workforce Statistics database, Global Health Observatory, WHO .  Available at http://www.who.int/hrh/statistics/hwfstats/en/. For the specific sources and metadata by country, refer to database directly.	C
2017.Q2.G.01	SH_MED_PHYSNS	Health worker density of physicians per 1,000 population	51	44.93839317	40.29499741	ARM	Armenia	1	ALLAGE	ANNUAL	ALLAREA	BOTHSEX	PER_1000_POP	MP											2.759	2.779	2.805	2.811	2.803		2.7995	2014	2.803	Global Health Workforce Statistics database, Global Health Observatory, WHO .  Available at http://www.who.int/hrh/statistics/hwfstats/en/. For the specific sources and metadata by country, refer to database directly.	C
2017.Q2.G.01	SH_MED_PHYSNS	Health worker density of physicians per 1,000 population	52	-59.5346489	13.13648273	BRB	Barbados	1	ALLAGE	ANNUAL	ALLAREA	BOTHSEX	PER_1000_POP	MP	1.353	1.552				1.785												2005	1.785	Global Health Workforce Statistics database, Global Health Observatory, WHO .  Available at http://www.who.int/hrh/statistics/hwfstats/en/. For the specific sources and metadata by country, refer to database directly.	C
2017.Q2.G.01	SH_MED_PHYSNS	Health worker density of physicians per 1,000 population	56	4.660976456	50.64104975	BEL	Belgium	1	ALLAGE	ANNUAL	ALLAREA	BOTHSEX	PER_1000_POP	MP						2.045	2.093				2.911	2.924	2.941	2.959	2.971		2.94875	2014	2.971	Global Health Workforce Statistics database, Global Health Observatory, WHO .  Available at http://www.who.int/hrh/statistics/hwfstats/en/. For the specific sources and metadata by country, refer to database directly.	C
2017.Q2.G.01	SH_MED_PHYSNS	Health worker density of physicians per 1,000 population	60	-64.78155012	32.27881922	BMU	Bermuda	1	ALLAGE	ANNUAL	ALLAREA	BOTHSEX	PER_1000_POP	MP																					
2017.Q2.G.01	SH_MED_PHYSNS	Health worker density of physicians per 1,000 population	64	90.45098484	27.39598568	BTN	Bhutan	1	ALLAGE	ANNUAL	ALLAREA	BOTHSEX	PER_1000_POP	MP					0.186			0.211	0.246				0.261		0.258		0.2595	2014	0.258	Global Health Workforce Statistics database, Global Health Observatory, WHO .  Available at http://www.who.int/hrh/statistics/hwfstats/en/. For the specific sources and metadata by country, refer to database directly.	C
2017.Q2.G.01	SH_MED_PHYSNS	Health worker density of physicians per 1,000 population	68	-64.66224284	-16.71273412	BOL	Bolivia (Plurinational State of)	1	ALLAGE	ANNUAL	ALLAREA	BOTHSEX	PER_1000_POP	MP		1.216						0.336			0.444	0.473					0.473	2011	0.473	Global Health Workforce Statistics database, Global Health Observatory, WHO .  Available at http://www.who.int/hrh/statistics/hwfstats/en/. For the specific sources and metadata by country, refer to database directly.	C
2017.Q2.G.01	SH_MED_PHYSNS	Health worker density of physicians per 1,000 population	70	17.78584332	44.16845548	BIH	Bosnia and Herzegovina	1	ALLAGE	ANNUAL	ALLAREA	BOTHSEX	PER_1000_POP	MP											1.738	1.796	1.835	1.886			1.839	2013	1.886	Global Health Workforce Statistics database, Global Health Observatory, WHO .  Available at http://www.who.int/hrh/statistics/hwfstats/en/. For the specific sources and metadata by country, refer to database directly.	C
2017.Q2.G.01	SH_MED_PHYSNS	Health worker density of physicians per 1,000 population	72	23.81380223	-22.18810073	BWA	Botswana	1	ALLAGE	ANNUAL	ALLAREA	BOTHSEX	PER_1000_POP	MP	0.287	0.289	0.3	0.291	0.389	0.25	0.312		0.338	0.345			0.384				0.384	2012	0.384	Global Health Workforce Statistics database, Global Health Observatory, WHO .  Available at http://www.who.int/hrh/statistics/hwfstats/en/. For the specific sources and metadata by country, refer to database directly.	C
2017.Q2.G.01	SH_MED_PHYSNS	Health worker density of physicians per 1,000 population	74	3.410732868	-54.43295905	BVT	Bouvet Island	1	ALLAGE	ANNUAL	ALLAREA	BOTHSEX	PER_1000_POP	MP																					
2017.Q2.G.01	SH_MED_PHYSNS	Health worker density of physicians per 1,000 population	76	-53.08432878	-10.77668561	BRA	Brazil	1	ALLAGE	ANNUAL	ALLAREA	BOTHSEX	PER_1000_POP	MP	1.127	1.38	1.406	1.46	1.569	1.645	1.678	1.707	1.755	1.791	1.787	1.821		1.852			1.8365	2013	1.852	Global Health Workforce Statistics database, Global Health Observatory, WHO .  Available at http://www.who.int/hrh/statistics/hwfstats/en/. For the specific sources and metadata by country, refer to database directly.	C
2017.Q2.G.01	SH_MED_PHYSNS	Health worker density of physicians per 1,000 population	84	-88.70199554	17.19965901	BLZ	Belize	1	ALLAGE	ANNUAL	ALLAREA	BOTHSEX	PER_1000_POP	MP	1.015									0.768								2009	0.768	Global Health Workforce Statistics database, Global Health Observatory, WHO .  Available at http://www.who.int/hrh/statistics/hwfstats/en/. For the specific sources and metadata by country, refer to database directly.	C
2017.Q2.G.01	SH_MED_PHYSNS	Health worker density of physicians per 1,000 population	86	72.38715553	-7.299281071	IOT	British Indian Ocean Territory	1	ALLAGE	ANNUAL	ALLAREA	BOTHSEX	PER_1000_POP	MP																					
2017.Q2.G.01	SH_MED_PHYSNS	Health worker density of physicians per 1,000 population	90	160.1584117	-9.622391719	SLB	Solomon Islands	1	ALLAGE	ANNUAL	ALLAREA	BOTHSEX	PER_1000_POP	MP				0.134		0.19				0.229		0.203					0.203	2011	0.203	Global Health Workforce Statistics database, Global Health Observatory, WHO .  Available at http://www.who.int/hrh/statistics/hwfstats/en/. For the specific sources and metadata by country, refer to database directly.	C
2017.Q2.G.01	SH_MED_PHYSNS	Health worker density of physicians per 1,000 population	92	-64.63294223	18.42256578	VGB	British Virgin Islands	1	ALLAGE	ANNUAL	ALLAREA	BOTHSEX	PER_1000_POP	MP																					
2017.Q2.G.01	SH_MED_PHYSNS	Health worker density of physicians per 1,000 population	96	114.6288563	4.49736984	BRN	Brunei Darussalam	1	ALLAGE	ANNUAL	ALLAREA	BOTHSEX	PER_1000_POP	MP	1.016		1.165		1.302	1.078	1.084	1.05	1.481	1.15	1.431	1.522	1.47				1.496	2012	1.47	Global Health Workforce Statistics database, Global Health Observatory, WHO .  Available at http://www.who.int/hrh/statistics/hwfstats/en/. For the specific sources and metadata by country, refer to database directly.	C
2017.Q2.G.01	SH_MED_PHYSNS	Health worker density of physicians per 1,000 population	100	25.23763153	42.75731323	BGR	Bulgaria	1	ALLAGE	ANNUAL	ALLAREA	BOTHSEX	PER_1000_POP	MP											3.775	3.859	3.916	3.984	3.999		3.9395	2014	3.999	Global Health Workforce Statistics database, Global Health Observatory, WHO .  Available at http://www.who.int/hrh/statistics/hwfstats/en/. For the specific sources and metadata by country, refer to database directly.	C
2017.Q2.G.01	SH_MED_PHYSNS	Health worker density of physicians per 1,000 population	104	96.51752295	21.19332882	MMR	Myanmar	1	ALLAGE	ANNUAL	ALLAREA	BOTHSEX	PER_1000_POP	MP					0.359	0.372	0.407	0.43	0.465	0.478	0.511	0.539	0.568				0.5535	2012	0.568	Global Health Workforce Statistics database, Global Health Observatory, WHO .  Available at http://www.who.int/hrh/statistics/hwfstats/en/. For the specific sources and metadata by country, refer to database directly.	C
2017.Q2.G.01	SH_MED_PHYSNS	Health worker density of physicians per 1,000 population	108	29.89080992	-3.366387428	BDI	Burundi	1	ALLAGE	ANNUAL	ALLAREA	BOTHSEX	PER_1000_POP	MP					0.026													2004	0.026	Global Health Workforce Statistics database, Global Health Observatory, WHO .  Available at http://www.who.int/hrh/statistics/hwfstats/en/. For the specific sources and metadata by country, refer to database directly.	C
2017.Q2.G.01	SH_MED_PHYSNS	Health worker density of physicians per 1,000 population	112	28.04940161	53.54193075	BLR	Belarus	1	ALLAGE	ANNUAL	ALLAREA	BOTHSEX	PER_1000_POP	MP											3.511	3.788	3.873	3.925	4.07		3.914	2014	4.07	Global Health Workforce Statistics database, Global Health Observatory, WHO .  Available at http://www.who.int/hrh/statistics/hwfstats/en/. For the specific sources and metadata by country, refer to database directly.	C
2017.Q2.G.01	SH_MED_PHYSNS	Health worker density of physicians per 1,000 population	116	104.922836	12.71163737	KHM	Cambodia	1	ALLAGE	ANNUAL	ALLAREA	BOTHSEX	PER_1000_POP	MP	0.168								0.244	0.237	0.229	0.226	0.165	0.168			0.186333333333333	2013	0.168	Global Health Workforce Statistics database, Global Health Observatory, WHO .  Available at http://www.who.int/hrh/statistics/hwfstats/en/. For the specific sources and metadata by country, refer to database directly.	C
2017.Q2.G.01	SH_MED_PHYSNS	Health worker density of physicians per 1,000 population	120	12.7419827	5.692387031	CMR	Cameroon	1	ALLAGE	ANNUAL	ALLAREA	BOTHSEX	PER_1000_POP	MP					0.177	0.058		0.069		0.067	0.083							2010	0.083	Global Health Workforce Statistics database, Global Health Observatory, WHO .  Available at http://www.who.int/hrh/statistics/hwfstats/en/. For the specific sources and metadata by country, refer to database directly.	C
2017.Q2.G.01	SH_MED_PHYSNS	Health worker density of physicians per 1,000 population	124	-101.6575058	57.72360191	CAN	Canada	1	ALLAGE	ANNUAL	ALLAREA	BOTHSEX	PER_1000_POP	MP		1.889	1.899		1.899		1.911		1.961		2.041		2.477				2.477	2012	2.477	Global Health Workforce Statistics database, Global Health Observatory, WHO .  Available at http://www.who.int/hrh/statistics/hwfstats/en/. For the specific sources and metadata by country, refer to database directly.	C
2017.Q2.G.01	SH_MED_PHYSNS	Health worker density of physicians per 1,000 population	132	-23.63544151	15.07791834	CPV	Cabo Verde	1	ALLAGE	ANNUAL	ALLAREA	BOTHSEX	PER_1000_POP	MP					0.493		0.253	0.283	0.287	0.267	0.341	0.309					0.309	2011	0.309	Global Health Workforce Statistics database, Global Health Observatory, WHO .  Available at http://www.who.int/hrh/statistics/hwfstats/en/. For the specific sources and metadata by country, refer to database directly.	C
2017.Q2.G.01	SH_MED_PHYSNS	Health worker density of physicians per 1,000 population	136	-81.16740559	19.32266656	CYM	Cayman Islands	1	ALLAGE	ANNUAL	ALLAREA	BOTHSEX	PER_1000_POP	MP																					
2017.Q2.G.01	SH_MED_PHYSNS	Health worker density of physicians per 1,000 population	140	20.93559492	7.003720791	CAF	Central African Republic	1	ALLAGE	ANNUAL	ALLAREA	BOTHSEX	PER_1000_POP	MP					0.083				0.04	0.047								2009	0.047	Global Health Workforce Statistics database, Global Health Observatory, WHO .  Available at http://www.who.int/hrh/statistics/hwfstats/en/. For the specific sources and metadata by country, refer to database directly.	C
2017.Q2.G.01	SH_MED_PHYSNS	Health worker density of physicians per 1,000 population	144	80.70489654	7.614693343	LKA	Sri Lanka	1	ALLAGE	ANNUAL	ALLAREA	BOTHSEX	PER_1000_POP	MP	0.424	0.443			0.541	0.522	0.523	0.556	0.626	0.684	0.726							2010	0.726	Global Health Workforce Statistics database, Global Health Observatory, WHO .  Available at http://www.who.int/hrh/statistics/hwfstats/en/. For the specific sources and metadata by country, refer to database directly.	C
2017.Q2.G.01	SH_MED_PHYSNS	Health worker density of physicians per 1,000 population	148	18.66618401	15.36279341	TCD	Chad	1	ALLAGE	ANNUAL	ALLAREA	BOTHSEX	PER_1000_POP	MP	0.028				0.036		0.035						0.042	0.044			0.043	2013	0.044	Global Health Workforce Statistics database, Global Health Observatory, WHO .  Available at http://www.who.int/hrh/statistics/hwfstats/en/. For the specific sources and metadata by country, refer to database directly.	C
2017.Q2.G.01	SH_MED_PHYSNS	Health worker density of physicians per 1,000 population	152	-71.23029019	-35.2652885	CHL	Chile	1	ALLAGE	ANNUAL	ALLAREA	BOTHSEX	PER_1000_POP	MP			0.9	0.954	0.991	0.986	1.045	1.041	1.043	1.033								2009	1.033	Global Health Workforce Statistics database, Global Health Observatory, WHO .  Available at http://www.who.int/hrh/statistics/hwfstats/en/. For the specific sources and metadata by country, refer to database directly.	C
2017.Q2.G.01	SH_MED_PHYSNS	Health worker density of physicians per 1,000 population	156	104.1403375	32.30955217	CHN	China	1	ALLAGE	ANNUAL	ALLAREA	BOTHSEX	PER_1000_POP	MP	1.255		1.133							1.421	1.463	1.49					1.49	2011	1.49	Global Health Workforce Statistics database, Global Health Observatory, WHO .  Available at http://www.who.int/hrh/statistics/hwfstats/en/. For the specific sources and metadata by country, refer to database directly.	C
2017.Q2.G.01	SH_MED_PHYSNS	Health worker density of physicians per 1,000 population	162	105.6426067	-10.4882473	CXR	Christmas Island	1	ALLAGE	ANNUAL	ALLAREA	BOTHSEX	PER_1000_POP	MP																					
2017.Q2.G.01	SH_MED_PHYSNS	Health worker density of physicians per 1,000 population	166	96.82633757	-12.18600682	CCK	Cocos (Keeling) Islands	1	ALLAGE	ANNUAL	ALLAREA	BOTHSEX	PER_1000_POP	MP																					
2017.Q2.G.01	SH_MED_PHYSNS	Health worker density of physicians per 1,000 population	170	-73.07446751	3.888209046	COL	Colombia	1	ALLAGE	ANNUAL	ALLAREA	BOTHSEX	PER_1000_POP	MP			1.413			1.451	1.474	1.497	1.521	1.544	1.568							2010	1.568	Global Health Workforce Statistics database, Global Health Observatory, WHO .  Available at http://www.who.int/hrh/statistics/hwfstats/en/. For the specific sources and metadata by country, refer to database directly.	C
2017.Q2.G.01	SH_MED_PHYSNS	Health worker density of physicians per 1,000 population	174	43.34234565	-11.66121732	COM	Comoros	1	ALLAGE	ANNUAL	ALLAREA	BOTHSEX	PER_1000_POP	MP					0.19													2004	0.19	Global Health Workforce Statistics database, Global Health Observatory, WHO .  Available at http://www.who.int/hrh/statistics/hwfstats/en/. For the specific sources and metadata by country, refer to database directly.	C
2017.Q2.G.01	SH_MED_PHYSNS	Health worker density of physicians per 1,000 population	175	45.14015057	-12.82217691	MYT	Mayotte	1	ALLAGE	ANNUAL	ALLAREA	BOTHSEX	PER_1000_POP	MP																					
2017.Q2.G.01	SH_MED_PHYSNS	Health worker density of physicians per 1,000 population	178	15.22052612	-0.840544119	COG	Congo	1	ALLAGE	ANNUAL	ALLAREA	BOTHSEX	PER_1000_POP	MP					0.222		0.217	0.108										2007	0.108	Global Health Workforce Statistics database, Global Health Observatory, WHO .  Available at http://www.who.int/hrh/statistics/hwfstats/en/. For the specific sources and metadata by country, refer to database directly.	C
2017.Q2.G.01	SH_MED_PHYSNS	Health worker density of physicians per 1,000 population	180	23.65496507	-2.877154732	COD	Democratic Republic of the Congo	1	ALLAGE	ANNUAL	ALLAREA	BOTHSEX	PER_1000_POP	MP										0.091								2009	0.091	Global Health Workforce Statistics database, Global Health Observatory, WHO .  Available at http://www.who.int/hrh/statistics/hwfstats/en/. For the specific sources and metadata by country, refer to database directly.	C
2017.Q2.G.01	SH_MED_PHYSNS	Health worker density of physicians per 1,000 population	184	-159.7711391	-21.22696458	COK	Cook Islands	1	ALLAGE	ANNUAL	ALLAREA	BOTHSEX	PER_1000_POP	MP		0.778			1.049					1.191								2009	1.191	Global Health Workforce Statistics database, Global Health Observatory, WHO .  Available at http://www.who.int/hrh/statistics/hwfstats/en/. For the specific sources and metadata by country, refer to database directly.	C
2017.Q2.G.01	SH_MED_PHYSNS	Health worker density of physicians per 1,000 population	188	-84.19712782	9.970998683	CRI	Costa Rica	1	ALLAGE	ANNUAL	ALLAREA	BOTHSEX	PER_1000_POP	MP	1.326													1.15			1.15	2013	1.15	Global Health Workforce Statistics database, Global Health Observatory, WHO .  Available at http://www.who.int/hrh/statistics/hwfstats/en/. For the specific sources and metadata by country, refer to database directly.	C
2017.Q2.G.01	SH_MED_PHYSNS	Health worker density of physicians per 1,000 population	191	17.95874553	45.45172212	HRV	Croatia	1	ALLAGE	ANNUAL	ALLAREA	BOTHSEX	PER_1000_POP	MP											2.851	2.903	2.979	3.021	3.126		3.00725	2014	3.126	Global Health Workforce Statistics database, Global Health Observatory, WHO .  Available at http://www.who.int/hrh/statistics/hwfstats/en/. For the specific sources and metadata by country, refer to database directly.	C
2017.Q2.G.01	SH_MED_PHYSNS	Health worker density of physicians per 1,000 population	192	-79.54460144	22.10030366	CUB	Cuba	1	ALLAGE	ANNUAL	ALLAREA	BOTHSEX	PER_1000_POP	MP	5.937	5.948	5.997	6.065	6.202	6.269	6.34	6.418	6.603	6.628	6.766	6.943	7.235	7.366	7.519		7.26575	2014	7.519	Global Health Workforce Statistics database, Global Health Observatory, WHO .  Available at http://www.who.int/hrh/statistics/hwfstats/en/. For the specific sources and metadata by country, refer to database directly.	C
2017.Q2.G.01	SH_MED_PHYSNS	Health worker density of physicians per 1,000 population	196	33.22285964	35.05659437	CYP	Cyprus	1	ALLAGE	ANNUAL	ALLAREA	BOTHSEX	PER_1000_POP	MP								2.016	2.059	2.121	2.174	2.265	2.308	2.412	2.496		2.37025	2014	2.496	Global Health Workforce Statistics database, Global Health Observatory, WHO .  Available at http://www.who.int/hrh/statistics/hwfstats/en/. For the specific sources and metadata by country, refer to database directly.	C
2017.Q2.G.01	SH_MED_PHYSNS	Health worker density of physicians per 1,000 population	203	15.33151382	49.73913871	CZE	Czechia	1	ALLAGE	ANNUAL	ALLAREA	BOTHSEX	PER_1000_POP	MP											3.585	3.624	3.663	3.677			3.65466666666667	2013	3.677	Global Health Workforce Statistics database, Global Health Observatory, WHO .  Available at http://www.who.int/hrh/statistics/hwfstats/en/. For the specific sources and metadata by country, refer to database directly.	C
2017.Q2.G.01	SH_MED_PHYSNS	Health worker density of physicians per 1,000 population	204	2.339933594	9.65401646	BEN	Benin	1	ALLAGE	ANNUAL	ALLAREA	BOTHSEX	PER_1000_POP	MP					0.039				0.06				0.159	0.146			0.1525	2013	0.146	Global Health Workforce Statistics database, Global Health Observatory, WHO .  Available at http://www.who.int/hrh/statistics/hwfstats/en/. For the specific sources and metadata by country, refer to database directly.	C
2017.Q2.G.01	SH_MED_PHYSNS	Health worker density of physicians per 1,000 population	208	9.326571283	56.03829721	DNK	Denmark	1	ALLAGE	ANNUAL	ALLAREA	BOTHSEX	PER_1000_POP	MP		3.66		3.001	3.045	3.202			3.395	3.403	3.582	3.622	3.652	3.648			3.64066666666667	2013	3.648	Global Health Workforce Statistics database, Global Health Observatory, WHO .  Available at http://www.who.int/hrh/statistics/hwfstats/en/. For the specific sources and metadata by country, refer to database directly.	C
2017.Q2.G.01	SH_MED_PHYSNS	Health worker density of physicians per 1,000 population	212	-61.3493756	15.43391378	DMA	Dominica	1	ALLAGE	ANNUAL	ALLAREA	BOTHSEX	PER_1000_POP	MP		1.78																2001	1.78	Global Health Workforce Statistics database, Global Health Observatory, WHO .  Available at http://www.who.int/hrh/statistics/hwfstats/en/. For the specific sources and metadata by country, refer to database directly.	C
2017.Q2.G.01	SH_MED_PHYSNS	Health worker density of physicians per 1,000 population	214	-70.49847576	18.89832088	DOM	Dominican Republic	1	ALLAGE	ANNUAL	ALLAREA	BOTHSEX	PER_1000_POP	MP	1.83								1.078			1.494					1.494	2011	1.494	Global Health Workforce Statistics database, Global Health Observatory, WHO .  Available at http://www.who.int/hrh/statistics/hwfstats/en/. For the specific sources and metadata by country, refer to database directly.	C
2017.Q2.G.01	SH_MED_PHYSNS	Health worker density of physicians per 1,000 population	218	-78.37005241	-1.447785891	ECU	Ecuador	1	ALLAGE	ANNUAL	ALLAREA	BOTHSEX	PER_1000_POP	MP	1.452	1.551	1.575	1.506						1.607		1.665					1.665	2011	1.665	Global Health Workforce Statistics database, Global Health Observatory, WHO .  Available at http://www.who.int/hrh/statistics/hwfstats/en/. For the specific sources and metadata by country, refer to database directly.	C
2017.Q2.G.01	SH_MED_PHYSNS	Health worker density of physicians per 1,000 population	222	-88.86862995	13.73603564	SLV	El Salvador	1	ALLAGE	ANNUAL	ALLAREA	BOTHSEX	PER_1000_POP	MP			1.351			1.741			1.922									2008	1.922	Global Health Workforce Statistics database, Global Health Observatory, WHO .  Available at http://www.who.int/hrh/statistics/hwfstats/en/. For the specific sources and metadata by country, refer to database directly.	C
2017.Q2.G.01	SH_MED_PHYSNS	Health worker density of physicians per 1,000 population	226	10.46535826	1.565792376	GNQ	Equatorial Guinea	1	ALLAGE	ANNUAL	ALLAREA	BOTHSEX	PER_1000_POP	MP					0.252													2004	0.252	Global Health Workforce Statistics database, Global Health Observatory, WHO .  Available at http://www.who.int/hrh/statistics/hwfstats/en/. For the specific sources and metadata by country, refer to database directly.	C
2017.Q2.G.01	SH_MED_PHYSNS	Health worker density of physicians per 1,000 population	231	39.63505296	8.631223181	ETH	Ethiopia	1	ALLAGE	ANNUAL	ALLAREA	BOTHSEX	PER_1000_POP	MP				0.027	0.027	0.032	0.027	0.022	0.025	0.025								2009	0.025	Global Health Workforce Statistics database, Global Health Observatory, WHO .  Available at http://www.who.int/hrh/statistics/hwfstats/en/. For the specific sources and metadata by country, refer to database directly.	C
2017.Q2.G.01	SH_MED_PHYSNS	Health worker density of physicians per 1,000 population	232	38.11074289	16.12894644	ERI	Eritrea	1	ALLAGE	ANNUAL	ALLAREA	BOTHSEX	PER_1000_POP	MP					0.053													2004	0.053	Global Health Workforce Statistics database, Global Health Observatory, WHO .  Available at http://www.who.int/hrh/statistics/hwfstats/en/. For the specific sources and metadata by country, refer to database directly.	C
2017.Q2.G.01	SH_MED_PHYSNS	Health worker density of physicians per 1,000 population	233	25.84093481	58.68487172	EST	Estonia	1	ALLAGE	ANNUAL	ALLAREA	BOTHSEX	PER_1000_POP	MP	4.373										3.242	3.292	3.28	3.277	3.316		3.29125	2014	3.316	Global Health Workforce Statistics database, Global Health Observatory, WHO .  Available at http://www.who.int/hrh/statistics/hwfstats/en/. For the specific sources and metadata by country, refer to database directly.	C
2017.Q2.G.01	SH_MED_PHYSNS	Health worker density of physicians per 1,000 population	234	-7.122044325	62.21228119	FRO	Faroe Islands	1	ALLAGE	ANNUAL	ALLAREA	BOTHSEX	PER_1000_POP	MP																					
2017.Q2.G.01	SH_MED_PHYSNS	Health worker density of physicians per 1,000 population	238	-58.75246778	-51.74562601	FLK	Falkland Islands (Malvinas)	1	ALLAGE	ANNUAL	ALLAREA	BOTHSEX	PER_1000_POP	MP																					
2017.Q2.G.01	SH_MED_PHYSNS	Health worker density of physicians per 1,000 population	239	-36.90662765	-54.20736749	SGS	South Georgia and the South Sandwich Islands	1	ALLAGE	ANNUAL	ALLAREA	BOTHSEX	PER_1000_POP	MP																					
2017.Q2.G.01	SH_MED_PHYSNS	Health worker density of physicians per 1,000 population	242	177.9660884	-17.83301566	FJI	Fiji	1	ALLAGE	ANNUAL	ALLAREA	BOTHSEX	PER_1000_POP	MP				0.465					0.4	0.437								2009	0.437	Global Health Workforce Statistics database, Global Health Observatory, WHO .  Available at http://www.who.int/hrh/statistics/hwfstats/en/. For the specific sources and metadata by country, refer to database directly.	C
2017.Q2.G.01	SH_MED_PHYSNS	Health worker density of physicians per 1,000 population	246	23.308447	61.91586738	FIN	Finland	1	ALLAGE	ANNUAL	ALLAREA	BOTHSEX	PER_1000_POP	MP			3.162							2.881	2.986	2.982	3.001	3.009			2.99733333333333	2013	3.009	Global Health Workforce Statistics database, Global Health Observatory, WHO .  Available at http://www.who.int/hrh/statistics/hwfstats/en/. For the specific sources and metadata by country, refer to database directly.	C
2017.Q2.G.01	SH_MED_PHYSNS	Health worker density of physicians per 1,000 population	248	19.80945969	60.1544901	ALA	Åland Islands	1	ALLAGE	ANNUAL	ALLAREA	BOTHSEX	PER_1000_POP	MP																					
2017.Q2.G.01	SH_MED_PHYSNS	Health worker density of physicians per 1,000 population	250	2.457288129	46.62660861	FRA	France	1	ALLAGE	ANNUAL	ALLAREA	BOTHSEX	PER_1000_POP	MP								3.674				3.16	3.175	3.187	3.215	3.227	3.1928	2015	3.227	Global Health Workforce Statistics database, Global Health Observatory, WHO .  Available at http://www.who.int/hrh/statistics/hwfstats/en/. For the specific sources and metadata by country, refer to database directly.	C
2017.Q2.G.01	SH_MED_PHYSNS	Health worker density of physicians per 1,000 population	254	-53.23619089	3.922673437	GUF	French Guiana	1	ALLAGE	ANNUAL	ALLAREA	BOTHSEX	PER_1000_POP	MP																					
2017.Q2.G.01	SH_MED_PHYSNS	Health worker density of physicians per 1,000 population	258	-149.4052367	-17.67709294	PYF	French Polynesia	1	ALLAGE	ANNUAL	ALLAREA	BOTHSEX	PER_1000_POP	MP																					
2017.Q2.G.01	SH_MED_PHYSNS	Health worker density of physicians per 1,000 population	260	69.64849091	-49.6068576	ATF	French Southern Territories	1	ALLAGE	ANNUAL	ALLAREA	BOTHSEX	PER_1000_POP	MP																					
2017.Q2.G.01	SH_MED_PHYSNS	Health worker density of physicians per 1,000 population	262	42.18274707	11.56004161	DJI	Djibouti	1	ALLAGE	ANNUAL	ALLAREA	BOTHSEX	PER_1000_POP	MP					0.168	0.18	0.234								0.229		0.229	2014	0.229	Global Health Workforce Statistics database, Global Health Observatory, WHO .  Available at http://www.who.int/hrh/statistics/hwfstats/en/. For the specific sources and metadata by country, refer to database directly.	C
2017.Q2.G.01	SH_MED_PHYSNS	Health worker density of physicians per 1,000 population	266	11.78727747	-0.60687619	GAB	Gabon	1	ALLAGE	ANNUAL	ALLAREA	BOTHSEX	PER_1000_POP	MP					0.293													2004	0.293	Global Health Workforce Statistics database, Global Health Observatory, WHO .  Available at http://www.who.int/hrh/statistics/hwfstats/en/. For the specific sources and metadata by country, refer to database directly.	C
2017.Q2.G.01	SH_MED_PHYSNS	Health worker density of physicians per 1,000 population	268	43.3713615	42.04813028	GEO	Georgia	1	ALLAGE	ANNUAL	ALLAREA	BOTHSEX	PER_1000_POP	MP									4.663	4.794	4.289	4.377	4.406	4.477	4.776		4.509	2014	4.776	Global Health Workforce Statistics database, Global Health Observatory, WHO .  Available at http://www.who.int/hrh/statistics/hwfstats/en/. For the specific sources and metadata by country, refer to database directly.	C
2017.Q2.G.01	SH_MED_PHYSNS	Health worker density of physicians per 1,000 population	270	-15.39944785	13.45295927	GMB	Gambia	1	ALLAGE	ANNUAL	ALLAREA	BOTHSEX	PER_1000_POP	MP				0.116	0.119	0.115	0.118	0.103	0.11									2008	0.11	Global Health Workforce Statistics database, Global Health Observatory, WHO .  Available at http://www.who.int/hrh/statistics/hwfstats/en/. For the specific sources and metadata by country, refer to database directly.	C
2017.Q2.G.01	SH_MED_PHYSNS	Health worker density of physicians per 1,000 population	275	35.25694122	31.94347933	PSE	State of Palestine	1	ALLAGE	ANNUAL	ALLAREA	BOTHSEX	PER_1000_POP	MP																					
2017.Q2.G.01	SH_MED_PHYSNS	Health worker density of physicians per 1,000 population	276	10.3806066	51.08862743	DEU	Germany	1	ALLAGE	ANNUAL	ALLAREA	BOTHSEX	PER_1000_POP	MP											3.775	3.87	3.944	4.039	4.125		3.9945	2014	4.125	Global Health Workforce Statistics database, Global Health Observatory, WHO .  Available at http://www.who.int/hrh/statistics/hwfstats/en/. For the specific sources and metadata by country, refer to database directly.	C
2017.Q2.G.01	SH_MED_PHYSNS	Health worker density of physicians per 1,000 population	288	-1.205623522	7.964825185	GHA	Ghana	1	ALLAGE	ANNUAL	ALLAREA	BOTHSEX	PER_1000_POP	MP					0.155			0.074	0.112	0.086	0.096							2010	0.096	Global Health Workforce Statistics database, Global Health Observatory, WHO .  Available at http://www.who.int/hrh/statistics/hwfstats/en/. For the specific sources and metadata by country, refer to database directly.	C
2017.Q2.G.01	SH_MED_PHYSNS	Health worker density of physicians per 1,000 population	292	-5.347561686	36.13895036	GIB	Gibraltar	1	ALLAGE	ANNUAL	ALLAREA	BOTHSEX	PER_1000_POP	MP																					
2017.Q2.G.01	SH_MED_PHYSNS	Health worker density of physicians per 1,000 population	296	-157.5643005	1.768837732	KIR	Kiribati	1	ALLAGE	ANNUAL	ALLAREA	BOTHSEX	PER_1000_POP	MP									0.254					0.203			0.203	2013	0.203	Global Health Workforce Statistics database, Global Health Observatory, WHO .  Available at http://www.who.int/hrh/statistics/hwfstats/en/. For the specific sources and metadata by country, refer to database directly.	C
2017.Q2.G.01	SH_MED_PHYSNS	Health worker density of physicians per 1,000 population	300	22.58307827	39.47301873	GRC	Greece	1	ALLAGE	ANNUAL	ALLAREA	BOTHSEX	PER_1000_POP	MP											6.197	6.226	6.23	6.231	6.255		6.2355	2014	6.255	Global Health Workforce Statistics database, Global Health Observatory, WHO .  Available at http://www.who.int/hrh/statistics/hwfstats/en/. For the specific sources and metadata by country, refer to database directly.	C
2017.Q2.G.01	SH_MED_PHYSNS	Health worker density of physicians per 1,000 population	304	-41.39371316	74.75625681	GRL	Greenland	1	ALLAGE	ANNUAL	ALLAREA	BOTHSEX	PER_1000_POP	MP																					
2017.Q2.G.01	SH_MED_PHYSNS	Health worker density of physicians per 1,000 population	308	-61.68248568	12.11238395	GRD	Grenada	1	ALLAGE	ANNUAL	ALLAREA	BOTHSEX	PER_1000_POP	MP	0.571	0.569	0.568	0.567			0.668											2006	0.668	Global Health Workforce Statistics database, Global Health Observatory, WHO .  Available at http://www.who.int/hrh/statistics/hwfstats/en/. For the specific sources and metadata by country, refer to database directly.	C
2017.Q2.G.01	SH_MED_PHYSNS	Health worker density of physicians per 1,000 population	312	-61.64762115	16.14416917	GLP	Guadeloupe	1	ALLAGE	ANNUAL	ALLAREA	BOTHSEX	PER_1000_POP	MP																					
2017.Q2.G.01	SH_MED_PHYSNS	Health worker density of physicians per 1,000 population	316	144.7029305	13.35485404	GUM	Guam	1	ALLAGE	ANNUAL	ALLAREA	BOTHSEX	PER_1000_POP	MP																					
2017.Q2.G.01	SH_MED_PHYSNS	Health worker density of physicians per 1,000 population	320	-91.2312746	15.00273719	GTM	Guatemala	1	ALLAGE	ANNUAL	ALLAREA	BOTHSEX	PER_1000_POP	MP										0.897								2009	0.897	Global Health Workforce Statistics database, Global Health Observatory, WHO .  Available at http://www.who.int/hrh/statistics/hwfstats/en/. For the specific sources and metadata by country, refer to database directly.	C
2017.Q2.G.01	SH_MED_PHYSNS	Health worker density of physicians per 1,000 population	324	-11.28173419	11.00210343	GIN	Guinea	1	ALLAGE	ANNUAL	ALLAREA	BOTHSEX	PER_1000_POP	MP	0.087				0.104	0.097												2005	0.097	Global Health Workforce Statistics database, Global Health Observatory, WHO .  Available at http://www.who.int/hrh/statistics/hwfstats/en/. For the specific sources and metadata by country, refer to database directly.	C
2017.Q2.G.01	SH_MED_PHYSNS	Health worker density of physicians per 1,000 population	328	-58.97322037	4.788012784	GUY	Guyana	1	ALLAGE	ANNUAL	ALLAREA	BOTHSEX	PER_1000_POP	MP	0.493									0.214	0.214							2010	0.214	Global Health Workforce Statistics database, Global Health Observatory, WHO .  Available at http://www.who.int/hrh/statistics/hwfstats/en/. For the specific sources and metadata by country, refer to database directly.	C
2017.Q2.G.01	SH_MED_PHYSNS	Health worker density of physicians per 1,000 population	332	-72.33640958	18.40426539	HTI	Haiti	1	ALLAGE	ANNUAL	ALLAREA	BOTHSEX	PER_1000_POP	MP																					
2017.Q2.G.01	SH_MED_PHYSNS	Health worker density of physicians per 1,000 population	334	73.52633626	-53.09106147	HMD	Heard Island and McDonald Islands	1	ALLAGE	ANNUAL	ALLAREA	BOTHSEX	PER_1000_POP	MP																					
2017.Q2.G.01	SH_MED_PHYSNS	Health worker density of physicians per 1,000 population	336	12.45315803	41.90343751	VAT	Holy See	1	ALLAGE	ANNUAL	ALLAREA	BOTHSEX	PER_1000_POP	MP																					
2017.Q2.G.01	SH_MED_PHYSNS	Health worker density of physicians per 1,000 population	340	-86.59974381	14.82243161	HND	Honduras	1	ALLAGE	ANNUAL	ALLAREA	BOTHSEX	PER_1000_POP	MP	0.589					0.39												2005	0.39	Global Health Workforce Statistics database, Global Health Observatory, WHO .  Available at http://www.who.int/hrh/statistics/hwfstats/en/. For the specific sources and metadata by country, refer to database directly.	C
2017.Q2.G.01	SH_MED_PHYSNS	Health worker density of physicians per 1,000 population	344	114.0266445	22.41749934	HKG	China, Hong Kong Special Administrative Region	1	ALLAGE	ANNUAL	ALLAREA	BOTHSEX	PER_1000_POP	MP																					
2017.Q2.G.01	SH_MED_PHYSNS	Health worker density of physicians per 1,000 population	348	19.41221519	47.1651448	HUN	Hungary	1	ALLAGE	ANNUAL	ALLAREA	BOTHSEX	PER_1000_POP	MP			3.668	3.771	3.843	3.225	3.5	3.2	3.591	3.507	2.864	2.953	3.077	3.199	3.316		3.13625	2014	3.316	Global Health Workforce Statistics database, Global Health Observatory, WHO .  Available at http://www.who.int/hrh/statistics/hwfstats/en/. For the specific sources and metadata by country, refer to database directly.	C
2017.Q2.G.01	SH_MED_PHYSNS	Health worker density of physicians per 1,000 population	352	-19.02116966	64.79134763	ISL	Iceland	1	ALLAGE	ANNUAL	ALLAREA	BOTHSEX	PER_1000_POP	MP	3.442	3.485	3.587	3.613	3.603	3.606	3.633	3.69	3.735	3.713	3.591		3.531	3.59	3.645	3.791	3.63925	2015	3.791	Global Health Workforce Statistics database, Global Health Observatory, WHO .  Available at http://www.who.int/hrh/statistics/hwfstats/en/. For the specific sources and metadata by country, refer to database directly.	C
2017.Q2.G.01	SH_MED_PHYSNS	Health worker density of physicians per 1,000 population	356	79.3608464	22.34642074	IND	India	1	ALLAGE	ANNUAL	ALLAREA	BOTHSEX	PER_1000_POP	MP	0.527	0.538	0.557	0.564	0.573	0.577	0.587	0.6	0.615	0.624	0.663	0.739	0.699		0.725		0.721	2014	0.725	Global Health Workforce Statistics database, Global Health Observatory, WHO .  Available at http://www.who.int/hrh/statistics/hwfstats/en/. For the specific sources and metadata by country, refer to database directly.	C
2017.Q2.G.01	SH_MED_PHYSNS	Health worker density of physicians per 1,000 population	360	113.9174	-0.994582204	IDN	Indonesia	1	ALLAGE	ANNUAL	ALLAREA	BOTHSEX	PER_1000_POP	MP				0.134						0.145	0.14		0.201				0.201	2012	0.201	Global Health Workforce Statistics database, Global Health Observatory, WHO .  Available at http://www.who.int/hrh/statistics/hwfstats/en/. For the specific sources and metadata by country, refer to database directly.	C
2017.Q2.G.01	SH_MED_PHYSNS	Health worker density of physicians per 1,000 population	364	54.19766348	32.74370885	IRN	Iran (Islamic Republic of)	1	ALLAGE	ANNUAL	ALLAREA	BOTHSEX	PER_1000_POP	MP					0.877	0.882									1.491		1.491	2014	1.491	Global Health Workforce Statistics database, Global Health Observatory, WHO .  Available at http://www.who.int/hrh/statistics/hwfstats/en/. For the specific sources and metadata by country, refer to database directly.	C
2017.Q2.G.01	SH_MED_PHYSNS	Health worker density of physicians per 1,000 population	368	43.76606267	33.05013795	IRQ	Iraq	1	ALLAGE	ANNUAL	ALLAREA	BOTHSEX	PER_1000_POP	MP											0.639				0.854		0.854	2014	0.854	Global Health Workforce Statistics database, Global Health Observatory, WHO .  Available at http://www.who.int/hrh/statistics/hwfstats/en/. For the specific sources and metadata by country, refer to database directly.	C
2017.Q2.G.01	SH_MED_PHYSNS	Health worker density of physicians per 1,000 population	372	-7.121425272	53.25274054	IRL	Ireland	1	ALLAGE	ANNUAL	ALLAREA	BOTHSEX	PER_1000_POP	MP												2.625	2.667	2.647	2.777	2.789	2.701	2015	2.789	Global Health Workforce Statistics database, Global Health Observatory, WHO .  Available at http://www.who.int/hrh/statistics/hwfstats/en/. For the specific sources and metadata by country, refer to database directly.	C
2017.Q2.G.01	SH_MED_PHYSNS	Health worker density of physicians per 1,000 population	376	34.62277992	31.06164552	ISR	Israel	1	ALLAGE	ANNUAL	ALLAREA	BOTHSEX	PER_1000_POP	MP											3.414	3.345	3.344	3.539	3.619		3.46175	2014	3.619	Global Health Workforce Statistics database, Global Health Observatory, WHO .  Available at http://www.who.int/hrh/statistics/hwfstats/en/. For the specific sources and metadata by country, refer to database directly.	C
2017.Q2.G.01	SH_MED_PHYSNS	Health worker density of physicians per 1,000 population	380	12.57022427	42.79917282	ITA	Italy	1	ALLAGE	ANNUAL	ALLAREA	BOTHSEX	PER_1000_POP	MP													3.861	3.93	3.945		3.912	2014	3.945	Global Health Workforce Statistics database, Global Health Observatory, WHO .  Available at http://www.who.int/hrh/statistics/hwfstats/en/. For the specific sources and metadata by country, refer to database directly.	C
2017.Q2.G.01	SH_MED_PHYSNS	Health worker density of physicians per 1,000 population	384	-5.552690016	7.62211586	CIV	Côte d'Ivoire	1	ALLAGE	ANNUAL	ALLAREA	BOTHSEX	PER_1000_POP	MP					0.117	0.094			0.143									2008	0.143	Global Health Workforce Statistics database, Global Health Observatory, WHO .  Available at http://www.who.int/hrh/statistics/hwfstats/en/. For the specific sources and metadata by country, refer to database directly.	C
2017.Q2.G.01	SH_MED_PHYSNS	Health worker density of physicians per 1,000 population	388	-77.31068409	18.15616857	JAM	Jamaica	1	ALLAGE	ANNUAL	ALLAREA	BOTHSEX	PER_1000_POP	MP				0.85					0.406									2008	0.406	Global Health Workforce Statistics database, Global Health Observatory, WHO .  Available at http://www.who.int/hrh/statistics/hwfstats/en/. For the specific sources and metadata by country, refer to database directly.	C
2017.Q2.G.01	SH_MED_PHYSNS	Health worker density of physicians per 1,000 population	392	139.2716103	36.6554539	JPN	Japan	1	ALLAGE	ANNUAL	ALLAREA	BOTHSEX	PER_1000_POP	MP	2.035		2.081		2.133		2.186		2.252		2.227		2.297				2.297	2012	2.297	Global Health Workforce Statistics database, Global Health Observatory, WHO .  Available at http://www.who.int/hrh/statistics/hwfstats/en/. For the specific sources and metadata by country, refer to database directly.	C
2017.Q2.G.01	SH_MED_PHYSNS	Health worker density of physicians per 1,000 population	398	66.65359159	48.01963494	KAZ	Kazakhstan	1	ALLAGE	ANNUAL	ALLAREA	BOTHSEX	PER_1000_POP	MP											3.506	3.548	3.489	3.501	3.274		3.453	2014	3.274	Global Health Workforce Statistics database, Global Health Observatory, WHO .  Available at http://www.who.int/hrh/statistics/hwfstats/en/. For the specific sources and metadata by country, refer to database directly.	C
2017.Q2.G.01	SH_MED_PHYSNS	Health worker density of physicians per 1,000 population	400	37.13024774	30.65365973	JOR	Jordan	1	ALLAGE	ANNUAL	ALLAREA	BOTHSEX	PER_1000_POP	MP	2.008	2.191	2.372	2.454	2.204	2.421	2.482	2.653	2.425	2.342	2.487				2.65		2.65	2014	2.65	Global Health Workforce Statistics database, Global Health Observatory, WHO .  Available at http://www.who.int/hrh/statistics/hwfstats/en/. For the specific sources and metadata by country, refer to database directly.	C
2017.Q2.G.01	SH_MED_PHYSNS	Health worker density of physicians per 1,000 population	404	37.86096816	0.534797278	KEN	Kenya	1	ALLAGE	ANNUAL	ALLAREA	BOTHSEX	PER_1000_POP	MP			0.138						0.173	0.176	0.177	0.182	0.19	0.199			0.190333333333333	2013	0.199	Global Health Workforce Statistics database, Global Health Observatory, WHO .  Available at http://www.who.int/hrh/statistics/hwfstats/en/. For the specific sources and metadata by country, refer to database directly.	C
2017.Q2.G.01	SH_MED_PHYSNS	Health worker density of physicians per 1,000 population	408	127.1803633	40.1462645	PRK	Democratic People's Republic of Korea	1	ALLAGE	ANNUAL	ALLAREA	BOTHSEX	PER_1000_POP	MP				3.181								2.777					2.777	2011	2.777	Global Health Workforce Statistics database, Global Health Observatory, WHO .  Available at http://www.who.int/hrh/statistics/hwfstats/en/. For the specific sources and metadata by country, refer to database directly.	C
2017.Q2.G.01	SH_MED_PHYSNS	Health worker density of physicians per 1,000 population	410	127.8610254	36.45201023	KOR	Republic of Korea	1	ALLAGE	ANNUAL	ALLAREA	BOTHSEX	PER_1000_POP	MP					1.733	1.793	1.842	1.898	1.96	2.017	2.002	2.054	2.099	2.185	2.231		2.14225	2014	2.231	Global Health Workforce Statistics database, Global Health Observatory, WHO .  Available at http://www.who.int/hrh/statistics/hwfstats/en/. For the specific sources and metadata by country, refer to database directly.	C
2017.Q2.G.01	SH_MED_PHYSNS	Health worker density of physicians per 1,000 population	414	47.49305029	29.53949468	KWT	Kuwait	1	ALLAGE	ANNUAL	ALLAREA	BOTHSEX	PER_1000_POP	MP							1.445	1.856	1.846	1.853					1.949		1.949	2014	1.949	Global Health Workforce Statistics database, Global Health Observatory, WHO .  Available at http://www.who.int/hrh/statistics/hwfstats/en/. For the specific sources and metadata by country, refer to database directly.	C
2017.Q2.G.01	SH_MED_PHYSNS	Health worker density of physicians per 1,000 population	417	74.52324839	41.46204516	KGZ	Kyrgyzstan	1	ALLAGE	ANNUAL	ALLAREA	BOTHSEX	PER_1000_POP	MP									2.464	2.441	1.881	1.911	1.894	1.886	1.854		1.88625	2014	1.854	Global Health Workforce Statistics database, Global Health Observatory, WHO .  Available at http://www.who.int/hrh/statistics/hwfstats/en/. For the specific sources and metadata by country, refer to database directly.	C
2017.Q2.G.01	SH_MED_PHYSNS	Health worker density of physicians per 1,000 population	418	101.9901968	20.27482773	LAO	Lao People's Democratic Republic	1	ALLAGE	ANNUAL	ALLAREA	BOTHSEX	PER_1000_POP	MP	0.284				0.353	0.281				0.197			0.179				0.179	2012	0.179	Global Health Workforce Statistics database, Global Health Observatory, WHO .  Available at http://www.who.int/hrh/statistics/hwfstats/en/. For the specific sources and metadata by country, refer to database directly.	C
2017.Q2.G.01	SH_MED_PHYSNS	Health worker density of physicians per 1,000 population	422	35.89391711	33.92152458	LBN	Lebanon	1	ALLAGE	ANNUAL	ALLAREA	BOTHSEX	PER_1000_POP	MP		3.424					2.899	2.738			2.671	2.968			2.38		2.674	2014	2.38	Global Health Workforce Statistics database, Global Health Observatory, WHO .  Available at http://www.who.int/hrh/statistics/hwfstats/en/. For the specific sources and metadata by country, refer to database directly.	C
2017.Q2.G.01	SH_MED_PHYSNS	Health worker density of physicians per 1,000 population	426	28.25362195	-29.58041814	LSO	Lesotho	1	ALLAGE	ANNUAL	ALLAREA	BOTHSEX	PER_1000_POP	MP				0.047														2003	0.047	Global Health Workforce Statistics database, Global Health Observatory, WHO .  Available at http://www.who.int/hrh/statistics/hwfstats/en/. For the specific sources and metadata by country, refer to database directly.	C
2017.Q2.G.01	SH_MED_PHYSNS	Health worker density of physicians per 1,000 population	428	26.42461876	56.64196636	LVA	Latvia	1	ALLAGE	ANNUAL	ALLAREA	BOTHSEX	PER_1000_POP	MP	3.43	3.302	3.419	3.447	3.583	3.684	3.793	3.691	3.935	3.761	3.117	3.128	3.14	3.193	3.223		3.171	2014	3.223	Global Health Workforce Statistics database, Global Health Observatory, WHO .  Available at http://www.who.int/hrh/statistics/hwfstats/en/. For the specific sources and metadata by country, refer to database directly.	C
2017.Q2.G.01	SH_MED_PHYSNS	Health worker density of physicians per 1,000 population	430	-9.311879038	6.448381009	LBR	Liberia	1	ALLAGE	ANNUAL	ALLAREA	BOTHSEX	PER_1000_POP	MP					0.032				0.014									2008	0.014	Global Health Workforce Statistics database, Global Health Observatory, WHO .  Available at http://www.who.int/hrh/statistics/hwfstats/en/. For the specific sources and metadata by country, refer to database directly.	C
2017.Q2.G.01	SH_MED_PHYSNS	Health worker density of physicians per 1,000 population	434	18.0295985	27.04042819	LBY	Libya	1	ALLAGE	ANNUAL	ALLAREA	BOTHSEX	PER_1000_POP	MP					1.24				1.823	1.934					2.092		2.092	2014	2.092	Global Health Workforce Statistics database, Global Health Observatory, WHO .  Available at http://www.who.int/hrh/statistics/hwfstats/en/. For the specific sources and metadata by country, refer to database directly.	C
2017.Q2.G.01	SH_MED_PHYSNS	Health worker density of physicians per 1,000 population	438	9.552985019	47.14167005	LIE	Liechtenstein	1	ALLAGE	ANNUAL	ALLAREA	BOTHSEX	PER_1000_POP	MP																					
2017.Q2.G.01	SH_MED_PHYSNS	Health worker density of physicians per 1,000 population	440	23.90517807	55.33680309	LTU	Lithuania	1	ALLAGE	ANNUAL	ALLAREA	BOTHSEX	PER_1000_POP	MP											3.915	4.041	4.178	4.268	4.33		4.20425	2014	4.33	Global Health Workforce Statistics database, Global Health Observatory, WHO .  Available at http://www.who.int/hrh/statistics/hwfstats/en/. For the specific sources and metadata by country, refer to database directly.	C
2017.Q2.G.01	SH_MED_PHYSNS	Health worker density of physicians per 1,000 population	442	6.092656563	49.77679538	LUX	Luxembourg	1	ALLAGE	ANNUAL	ALLAREA	BOTHSEX	PER_1000_POP	MP											2.764	2.748	2.776	2.799	2.855	2.92	2.8196	2015	2.92	Global Health Workforce Statistics database, Global Health Observatory, WHO .  Available at http://www.who.int/hrh/statistics/hwfstats/en/. For the specific sources and metadata by country, refer to database directly.	C
2017.Q2.G.01	SH_MED_PHYSNS	Health worker density of physicians per 1,000 population	446	113.5665388	22.1237259	MAC	China, Macao Special Administrative Region	1	ALLAGE	ANNUAL	ALLAREA	BOTHSEX	PER_1000_POP	MP																					
2017.Q2.G.01	SH_MED_PHYSNS	Health worker density of physicians per 1,000 population	450	46.6982339	-19.38514785	MDG	Madagascar	1	ALLAGE	ANNUAL	ALLAREA	BOTHSEX	PER_1000_POP	MP			0.136	0.148	0.157	0.181	0.171	0.182	0.187	0.182	0.196	0.144	0.143				0.1435	2012	0.143	Global Health Workforce Statistics database, Global Health Observatory, WHO .  Available at http://www.who.int/hrh/statistics/hwfstats/en/. For the specific sources and metadata by country, refer to database directly.	C
2017.Q2.G.01	SH_MED_PHYSNS	Health worker density of physicians per 1,000 population	454	33.4884625	-13.40819859	MWI	Malawi	1	ALLAGE	ANNUAL	ALLAREA	BOTHSEX	PER_1000_POP	MP					0.021				0.018	0.018								2009	0.018	Global Health Workforce Statistics database, Global Health Observatory, WHO .  Available at http://www.who.int/hrh/statistics/hwfstats/en/. For the specific sources and metadata by country, refer to database directly.	C
2017.Q2.G.01	SH_MED_PHYSNS	Health worker density of physicians per 1,000 population	458	116.8346314	5.452415309	MYS	Malaysia	1	ALLAGE	ANNUAL	ALLAREA	BOTHSEX	PER_1000_POP	MP	0.689		0.697						0.923		1.173	1.281					1.281	2011	1.281	Global Health Workforce Statistics database, Global Health Observatory, WHO .  Available at http://www.who.int/hrh/statistics/hwfstats/en/. For the specific sources and metadata by country, refer to database directly.	C
2017.Q2.G.01	SH_MED_PHYSNS	Health worker density of physicians per 1,000 population	462	73.09672546	-0.614385021	MDV	Maldives	1	ALLAGE	ANNUAL	ALLAREA	BOTHSEX	PER_1000_POP	MP					1.007			1.75		1.61	1.579							2010	1.579	Global Health Workforce Statistics database, Global Health Observatory, WHO .  Available at http://www.who.int/hrh/statistics/hwfstats/en/. For the specific sources and metadata by country, refer to database directly.	C
2017.Q2.G.01	SH_MED_PHYSNS	Health worker density of physicians per 1,000 population	466	-3.522016039	17.35311254	MLI	Mali	1	ALLAGE	ANNUAL	ALLAREA	BOTHSEX	PER_1000_POP	MP					0.084			0.077		0.076	0.085							2010	0.085	Global Health Workforce Statistics database, Global Health Observatory, WHO .  Available at http://www.who.int/hrh/statistics/hwfstats/en/. For the specific sources and metadata by country, refer to database directly.	C
2017.Q2.G.01	SH_MED_PHYSNS	Health worker density of physicians per 1,000 population	470	14.44617519	35.89194275	MLT	Malta	1	ALLAGE	ANNUAL	ALLAREA	BOTHSEX	PER_1000_POP	MP											3.104	3.185	3.323	3.518	3.749	3.908	3.5366	2015	3.908	Global Health Workforce Statistics database, Global Health Observatory, WHO .  Available at http://www.who.int/hrh/statistics/hwfstats/en/. For the specific sources and metadata by country, refer to database directly.	C
2017.Q2.G.01	SH_MED_PHYSNS	Health worker density of physicians per 1,000 population	474	-60.91544135	14.56086108	MTQ	Martinique	1	ALLAGE	ANNUAL	ALLAREA	BOTHSEX	PER_1000_POP	MP																					
2017.Q2.G.01	SH_MED_PHYSNS	Health worker density of physicians per 1,000 population	478	-10.33187259	20.26089546	MRT	Mauritania	1	ALLAGE	ANNUAL	ALLAREA	BOTHSEX	PER_1000_POP	MP					0.102					0.127								2009	0.127	Global Health Workforce Statistics database, Global Health Observatory, WHO .  Available at http://www.who.int/hrh/statistics/hwfstats/en/. For the specific sources and metadata by country, refer to database directly.	C
2017.Q2.G.01	SH_MED_PHYSNS	Health worker density of physicians per 1,000 population	480	57.568022	-20.28581998	MUS	Mauritius	1	ALLAGE	ANNUAL	ALLAREA	BOTHSEX	PER_1000_POP	MP					1.072													2004	1.072	Global Health Workforce Statistics database, Global Health Observatory, WHO .  Available at http://www.who.int/hrh/statistics/hwfstats/en/. For the specific sources and metadata by country, refer to database directly.	C
2017.Q2.G.01	SH_MED_PHYSNS	Health worker density of physicians per 1,000 population	484	-102.5148166	23.93378032	MEX	Mexico	1	ALLAGE	ANNUAL	ALLAREA	BOTHSEX	PER_1000_POP	MP	1.905										1.922	2.019	2.029	2.071			2.03966666666667	2013	2.071	Global Health Workforce Statistics database, Global Health Observatory, WHO .  Available at http://www.who.int/hrh/statistics/hwfstats/en/. For the specific sources and metadata by country, refer to database directly.	C
2017.Q2.G.01	SH_MED_PHYSNS	Health worker density of physicians per 1,000 population	492	7.424214814	43.73532918	MCO	Monaco	1	ALLAGE	ANNUAL	ALLAREA	BOTHSEX	PER_1000_POP	MP												6.723	6.791	6.662	6.645		6.70525	2014	6.645	Global Health Workforce Statistics database, Global Health Observatory, WHO .  Available at http://www.who.int/hrh/statistics/hwfstats/en/. For the specific sources and metadata by country, refer to database directly.	C
2017.Q2.G.01	SH_MED_PHYSNS	Health worker density of physicians per 1,000 population	496	103.0728057	46.83892054	MNG	Mongolia	1	ALLAGE	ANNUAL	ALLAREA	BOTHSEX	PER_1000_POP	MP			2.755						2.884	2.675	2.764	2.879					2.879	2011	2.879	Global Health Workforce Statistics database, Global Health Observatory, WHO .  Available at http://www.who.int/hrh/statistics/hwfstats/en/. For the specific sources and metadata by country, refer to database directly.	C
2017.Q2.G.01	SH_MED_PHYSNS	Health worker density of physicians per 1,000 population	498	28.4650624	47.20236795	MDA	Republic of Moldova	1	ALLAGE	ANNUAL	ALLAREA	BOTHSEX	PER_1000_POP	MP											2.439	2.467	2.469	2.561	2.537		2.5085	2014	2.537	Global Health Workforce Statistics database, Global Health Observatory, WHO .  Available at http://www.who.int/hrh/statistics/hwfstats/en/. For the specific sources and metadata by country, refer to database directly.	C
2017.Q2.G.01	SH_MED_PHYSNS	Health worker density of physicians per 1,000 population	499	19.25214024	42.78717043	MNE	Montenegro	1	ALLAGE	ANNUAL	ALLAREA	BOTHSEX	PER_1000_POP	MP											2.039	2.008	2.031	2.142	2.188	2.343	2.1424	2015	2.343	Global Health Workforce Statistics database, Global Health Observatory, WHO .  Available at http://www.who.int/hrh/statistics/hwfstats/en/. For the specific sources and metadata by country, refer to database directly.	C
2017.Q2.G.01	SH_MED_PHYSNS	Health worker density of physicians per 1,000 population	500	-62.19261223	16.73558313	MSR	Montserrat	1	ALLAGE	ANNUAL	ALLAREA	BOTHSEX	PER_1000_POP	MP																					
2017.Q2.G.01	SH_MED_PHYSNS	Health worker density of physicians per 1,000 population	504	-6.281942841	31.8440131	MAR	Morocco	1	ALLAGE	ANNUAL	ALLAREA	BOTHSEX	PER_1000_POP	MP					0.531			0.589		0.652					0.618		0.618	2014	0.618	Global Health Workforce Statistics database, Global Health Observatory, WHO .  Available at http://www.who.int/hrh/statistics/hwfstats/en/. For the specific sources and metadata by country, refer to database directly.	C
2017.Q2.G.01	SH_MED_PHYSNS	Health worker density of physicians per 1,000 population	508	38.18479941	-14.27963886	MOZ	Mozambique	1	ALLAGE	ANNUAL	ALLAREA	BOTHSEX	PER_1000_POP	MP					0.025		0.025			0.044	0.047	0.051	0.053	0.055			0.053	2013	0.055	Global Health Workforce Statistics database, Global Health Observatory, WHO .  Available at http://www.who.int/hrh/statistics/hwfstats/en/. For the specific sources and metadata by country, refer to database directly.	C
2017.Q2.G.01	SH_MED_PHYSNS	Health worker density of physicians per 1,000 population	512	57.87743482	21.98805614	OMN	Oman	1	ALLAGE	ANNUAL	ALLAREA	BOTHSEX	PER_1000_POP	MP	1.455				1.581	1.668	1.793	1.892	1.958	2.014	1.991	1.971	1.99		1.541		1.834	2014	1.541	Global Health Workforce Statistics database, Global Health Observatory, WHO .  Available at http://www.who.int/hrh/statistics/hwfstats/en/. For the specific sources and metadata by country, refer to database directly.	C
2017.Q2.G.01	SH_MED_PHYSNS	Health worker density of physicians per 1,000 population	516	17.21907885	-22.13817068	NAM	Namibia	1	ALLAGE	ANNUAL	ALLAREA	BOTHSEX	PER_1000_POP	MP					0.299			0.372										2007	0.372	Global Health Workforce Statistics database, Global Health Observatory, WHO .  Available at http://www.who.int/hrh/statistics/hwfstats/en/. For the specific sources and metadata by country, refer to database directly.	C
2017.Q2.G.01	SH_MED_PHYSNS	Health worker density of physicians per 1,000 population	520	166.92313	-0.528742623	NRU	Nauru	1	ALLAGE	ANNUAL	ALLAREA	BOTHSEX	PER_1000_POP	MP					0.989				0.995	0.997	0.998							2010	0.998	Global Health Workforce Statistics database, Global Health Observatory, WHO .  Available at http://www.who.int/hrh/statistics/hwfstats/en/. For the specific sources and metadata by country, refer to database directly.	C
2017.Q2.G.01	SH_MED_PHYSNS	Health worker density of physicians per 1,000 population	524	83.94678863	28.25866332	NPL	Nepal	1	ALLAGE	ANNUAL	ALLAREA	BOTHSEX	PER_1000_POP	MP					0.214													2004	0.214	Global Health Workforce Statistics database, Global Health Observatory, WHO .  Available at http://www.who.int/hrh/statistics/hwfstats/en/. For the specific sources and metadata by country, refer to database directly.	C
2017.Q2.G.01	SH_MED_PHYSNS	Health worker density of physicians per 1,000 population	528	5.331480568	51.86728884	NLD	Netherlands	1	ALLAGE	ANNUAL	ALLAREA	BOTHSEX	PER_1000_POP	MP											2.961	3.133	3.255	3.313	3.352		3.26325	2014	3.352	Global Health Workforce Statistics database, Global Health Observatory, WHO .  Available at http://www.who.int/hrh/statistics/hwfstats/en/. For the specific sources and metadata by country, refer to database directly.	C
2017.Q2.G.01	SH_MED_PHYSNS	Health worker density of physicians per 1,000 population	530	-68.30676179	12.22720635	ANT	Netherlands Antilles	1	ALLAGE	ANNUAL	ALLAREA	BOTHSEX	PER_1000_POP	MP																					
2017.Q2.G.01	SH_MED_PHYSNS	Health worker density of physicians per 1,000 population	531	-68.95033464	12.15058042	CUW	Curaçao	1	ALLAGE	ANNUAL	ALLAREA	BOTHSEX	PER_1000_POP	MP																					
2017.Q2.G.01	SH_MED_PHYSNS	Health worker density of physicians per 1,000 population	533	-69.97050586	12.50878756	ABW	Aruba	1	ALLAGE	ANNUAL	ALLAREA	BOTHSEX	PER_1000_POP	MP																					
2017.Q2.G.01	SH_MED_PHYSNS	Health worker density of physicians per 1,000 population	534	-63.06198692	18.03926508	SXM	Sint Maarten (Dutch part)	1	ALLAGE	ANNUAL	ALLAREA	BOTHSEX	PER_1000_POP	MP																					
2017.Q2.G.01	SH_MED_PHYSNS	Health worker density of physicians per 1,000 population	540	165.5067368	-21.41742531	NCL	New Caledonia	1	ALLAGE	ANNUAL	ALLAREA	BOTHSEX	PER_1000_POP	MP																					
2017.Q2.G.01	SH_MED_PHYSNS	Health worker density of physicians per 1,000 population	548	167.0679779	-15.34445547	VUT	Vanuatu	1	ALLAGE	ANNUAL	ALLAREA	BOTHSEX	PER_1000_POP	MP					0.147			0.118	0.115				0.186				0.186	2012	0.186	Global Health Workforce Statistics database, Global Health Observatory, WHO .  Available at http://www.who.int/hrh/statistics/hwfstats/en/. For the specific sources and metadata by country, refer to database directly.	C
2017.Q2.G.01	SH_MED_PHYSNS	Health worker density of physicians per 1,000 population	554	170.4755673	-43.98721568	NZL	New Zealand	1	ALLAGE	ANNUAL	ALLAREA	BOTHSEX	PER_1000_POP	MP		2.311	2.067					2.302			2.612	2.641	2.698	2.818	2.852		2.75225	2014	2.852	Global Health Workforce Statistics database, Global Health Observatory, WHO .  Available at http://www.who.int/hrh/statistics/hwfstats/en/. For the specific sources and metadata by country, refer to database directly.	C
2017.Q2.G.01	SH_MED_PHYSNS	Health worker density of physicians per 1,000 population	558	-85.03060315	12.84210839	NIC	Nicaragua	1	ALLAGE	ANNUAL	ALLAREA	BOTHSEX	PER_1000_POP	MP				0.39		0.505	0.498	0.533	0.657	0.713	0.739	0.827	0.876	0.916	0.914		0.88325	2014	0.914	Global Health Workforce Statistics database, Global Health Observatory, WHO .  Available at http://www.who.int/hrh/statistics/hwfstats/en/. For the specific sources and metadata by country, refer to database directly.	C
2017.Q2.G.01	SH_MED_PHYSNS	Health worker density of physicians per 1,000 population	562	9.400167877	17.42143036	NER	Niger	1	ALLAGE	ANNUAL	ALLAREA	BOTHSEX	PER_1000_POP	MP					0.023				0.019									2008	0.019	Global Health Workforce Statistics database, Global Health Observatory, WHO .  Available at http://www.who.int/hrh/statistics/hwfstats/en/. For the specific sources and metadata by country, refer to database directly.	C
2017.Q2.G.01	SH_MED_PHYSNS	Health worker density of physicians per 1,000 population	566	8.097363256	9.585789025	NGA	Nigeria	1	ALLAGE	ANNUAL	ALLAREA	BOTHSEX	PER_1000_POP	MP				0.263		0.281	0.346	0.376	0.374	0.376								2009	0.376	Global Health Workforce Statistics database, Global Health Observatory, WHO .  Available at http://www.who.int/hrh/statistics/hwfstats/en/. For the specific sources and metadata by country, refer to database directly.	C
2017.Q2.G.01	SH_MED_PHYSNS	Health worker density of physicians per 1,000 population	570	-169.8601693	-19.05000475	NIU	Niue	1	ALLAGE	ANNUAL	ALLAREA	BOTHSEX	PER_1000_POP	MP					2.329		2.408		1.836									2008	1.836	Global Health Workforce Statistics database, Global Health Observatory, WHO .  Available at http://www.who.int/hrh/statistics/hwfstats/en/. For the specific sources and metadata by country, refer to database directly.	C
2017.Q2.G.01	SH_MED_PHYSNS	Health worker density of physicians per 1,000 population	574	167.9515548	-29.03230018	NFK	Norfolk Island	1	ALLAGE	ANNUAL	ALLAREA	BOTHSEX	PER_1000_POP	MP																					
2017.Q2.G.01	SH_MED_PHYSNS	Health worker density of physicians per 1,000 population	578	11.47846389	61.34311134	NOR	Norway	1	ALLAGE	ANNUAL	ALLAREA	BOTHSEX	PER_1000_POP	MP										4.053	4.112	4.187	4.232	4.303	4.42		4.2855	2014	4.42	Global Health Workforce Statistics database, Global Health Observatory, WHO .  Available at http://www.who.int/hrh/statistics/hwfstats/en/. For the specific sources and metadata by country, refer to database directly.	C
2017.Q2.G.01	SH_MED_PHYSNS	Health worker density of physicians per 1,000 population	580	145.7582114	15.19099517	MNP	Northern Mariana Islands	1	ALLAGE	ANNUAL	ALLAREA	BOTHSEX	PER_1000_POP	MP																					
2017.Q2.G.01	SH_MED_PHYSNS	Health worker density of physicians per 1,000 population	581	-162.4343752	5.874443968	UMI	US Minor Outlying Islands	1	ALLAGE	ANNUAL	ALLAREA	BOTHSEX	PER_1000_POP	MP																					
2017.Q2.G.01	SH_MED_PHYSNS	Health worker density of physicians per 1,000 population	583	158.225216	6.880670092	FSM	Micronesia, Federated States of	1	ALLAGE	ANNUAL	ALLAREA	BOTHSEX	PER_1000_POP	MP	0.596			0.562		0.584			0.613	0.192								2009	0.192	Global Health Workforce Statistics database, Global Health Observatory, WHO .  Available at http://www.who.int/hrh/statistics/hwfstats/en/. For the specific sources and metadata by country, refer to database directly.	C
2017.Q2.G.01	SH_MED_PHYSNS	Health worker density of physicians per 1,000 population	584	171.0839119	7.110213497	MHL	Marshall Islands	1	ALLAGE	ANNUAL	ALLAREA	BOTHSEX	PER_1000_POP	MP								0.595					0.456				0.456	2012	0.456	Global Health Workforce Statistics database, Global Health Observatory, WHO .  Available at http://www.who.int/hrh/statistics/hwfstats/en/. For the specific sources and metadata by country, refer to database directly.	C
2017.Q2.G.01	SH_MED_PHYSNS	Health worker density of physicians per 1,000 population	585	134.5733878	7.502307591	PLW	Palau	1	ALLAGE	ANNUAL	ALLAREA	BOTHSEX	PER_1000_POP	MP							1.299			1.425	1.417							2010	1.417	Global Health Workforce Statistics database, Global Health Observatory, WHO .  Available at http://www.who.int/hrh/statistics/hwfstats/en/. For the specific sources and metadata by country, refer to database directly.	C
2017.Q2.G.01	SH_MED_PHYSNS	Health worker density of physicians per 1,000 population	586	68.80479684	29.36491634	PAK	Pakistan	1	ALLAGE	ANNUAL	ALLAREA	BOTHSEX	PER_1000_POP	MP	0.664	0.681			0.774	0.824		0.8	0.821	0.838	0.852				0.806		0.806	2014	0.806	Global Health Workforce Statistics database, Global Health Observatory, WHO .  Available at http://www.who.int/hrh/statistics/hwfstats/en/. For the specific sources and metadata by country, refer to database directly.	C
2017.Q2.G.01	SH_MED_PHYSNS	Health worker density of physicians per 1,000 population	591	-81.26616623	8.450965746	PAN	Panama	1	ALLAGE	ANNUAL	ALLAREA	BOTHSEX	PER_1000_POP	MP		1.245	1.337	1.343	1.325	1.352	1.354	1.309	1.388	1.317	1.414	1.508	1.609	1.594			1.57033333333333	2013	1.594	Global Health Workforce Statistics database, Global Health Observatory, WHO .  Available at http://www.who.int/hrh/statistics/hwfstats/en/. For the specific sources and metadata by country, refer to database directly.	C
2017.Q2.G.01	SH_MED_PHYSNS	Health worker density of physicians per 1,000 population	598	145.8587761	-6.756057077	PNG	Papua New Guinea	1	ALLAGE	ANNUAL	ALLAREA	BOTHSEX	PER_1000_POP	MP	0.051								0.051		0.055							2010	0.055	Global Health Workforce Statistics database, Global Health Observatory, WHO .  Available at http://www.who.int/hrh/statistics/hwfstats/en/. For the specific sources and metadata by country, refer to database directly.	C
2017.Q2.G.01	SH_MED_PHYSNS	Health worker density of physicians per 1,000 population	600	-60.54854225	-21.70216237	PRY	Paraguay	1	ALLAGE	ANNUAL	ALLAREA	BOTHSEX	PER_1000_POP	MP			1.154										1.286				1.286	2012	1.286	Global Health Workforce Statistics database, Global Health Observatory, WHO .  Available at http://www.who.int/hrh/statistics/hwfstats/en/. For the specific sources and metadata by country, refer to database directly.	C
2017.Q2.G.01	SH_MED_PHYSNS	Health worker density of physicians per 1,000 population	604	-71.82093277	-13.58939705	PER	Peru	1	ALLAGE	ANNUAL	ALLAREA	BOTHSEX	PER_1000_POP	MP										0.94			1.116				1.116	2012	1.116	Global Health Workforce Statistics database, Global Health Observatory, WHO .  Available at http://www.who.int/hrh/statistics/hwfstats/en/. For the specific sources and metadata by country, refer to database directly.	C
2017.Q2.G.01	SH_MED_PHYSNS	Health worker density of physicians per 1,000 population	608	120.8601418	14.16591706	PHL	Philippines	1	ALLAGE	ANNUAL	ALLAREA	BOTHSEX	PER_1000_POP	MP	0.568		1.112		1.11													2004	1.11	Global Health Workforce Statistics database, Global Health Observatory, WHO .  Available at http://www.who.int/hrh/statistics/hwfstats/en/. For the specific sources and metadata by country, refer to database directly.	C
2017.Q2.G.01	SH_MED_PHYSNS	Health worker density of physicians per 1,000 population	612	-128.3225873	-24.37538456	PCN	Pitcairn	1	ALLAGE	ANNUAL	ALLAREA	BOTHSEX	PER_1000_POP	MP																					
2017.Q2.G.01	SH_MED_PHYSNS	Health worker density of physicians per 1,000 population	616	19.40660158	52.1226733	POL	Poland	1	ALLAGE	ANNUAL	ALLAREA	BOTHSEX	PER_1000_POP	MP											2.157	2.182	2.202	2.207	2.271		2.2155	2014	2.271	Global Health Workforce Statistics database, Global Health Observatory, WHO .  Available at http://www.who.int/hrh/statistics/hwfstats/en/. For the specific sources and metadata by country, refer to database directly.	C
2017.Q2.G.01	SH_MED_PHYSNS	Health worker density of physicians per 1,000 population	620	-7.961599811	39.68509315	PRT	Portugal	1	ALLAGE	ANNUAL	ALLAREA	BOTHSEX	PER_1000_POP	MP			3.257	3.311	3.372	3.448	3.511	3.593	3.681	3.786	3.842	3.983	4.101	4.26	4.426		4.1925	2014	4.426	Global Health Workforce Statistics database, Global Health Observatory, WHO .  Available at http://www.who.int/hrh/statistics/hwfstats/en/. For the specific sources and metadata by country, refer to database directly.	C
2017.Q2.G.01	SH_MED_PHYSNS	Health worker density of physicians per 1,000 population	624	-14.40182514	12.11760394	GNB	Guinea-Bissau	1	ALLAGE	ANNUAL	ALLAREA	BOTHSEX	PER_1000_POP	MP					0.131				0.05	0.078								2009	0.078	Global Health Workforce Statistics database, Global Health Observatory, WHO .  Available at http://www.who.int/hrh/statistics/hwfstats/en/. For the specific sources and metadata by country, refer to database directly.	C
2017.Q2.G.01	SH_MED_PHYSNS	Health worker density of physicians per 1,000 population	626	125.9451052	-8.797497247	TLS	Timor-Leste	1	ALLAGE	ANNUAL	ALLAREA	BOTHSEX	PER_1000_POP	MP		0.003			0.082			0.034	0.037	0.044	0.079	0.078					0.078	2011	0.078	Global Health Workforce Statistics database, Global Health Observatory, WHO .  Available at http://www.who.int/hrh/statistics/hwfstats/en/. For the specific sources and metadata by country, refer to database directly.	C
2017.Q2.G.01	SH_MED_PHYSNS	Health worker density of physicians per 1,000 population	630	-66.47591017	18.22753799	PRI	Puerto Rico	1	ALLAGE	ANNUAL	ALLAREA	BOTHSEX	PER_1000_POP	MP																					
2017.Q2.G.01	SH_MED_PHYSNS	Health worker density of physicians per 1,000 population	634	51.19152467	25.28355379	QAT	Qatar	1	ALLAGE	ANNUAL	ALLAREA	BOTHSEX	PER_1000_POP	MP						2.569	2.34		3.319	3.222	3.919				1.964		1.964	2014	1.964	Global Health Workforce Statistics database, Global Health Observatory, WHO .  Available at http://www.who.int/hrh/statistics/hwfstats/en/. For the specific sources and metadata by country, refer to database directly.	C
2017.Q2.G.01	SH_MED_PHYSNS	Health worker density of physicians per 1,000 population	638	55.53171398	-21.13183266	REU	Réunion	1	ALLAGE	ANNUAL	ALLAREA	BOTHSEX	PER_1000_POP	MP																					
2017.Q2.G.01	SH_MED_PHYSNS	Health worker density of physicians per 1,000 population	642	24.98481009	45.83893563	ROU	Romania	1	ALLAGE	ANNUAL	ALLAREA	BOTHSEX	PER_1000_POP	MP			1.972								2.502	2.543	2.625	2.669			2.61233333333333	2013	2.669	Global Health Workforce Statistics database, Global Health Observatory, WHO .  Available at http://www.who.int/hrh/statistics/hwfstats/en/. For the specific sources and metadata by country, refer to database directly.	C
2017.Q2.G.01	SH_MED_PHYSNS	Health worker density of physicians per 1,000 population	643	99.01404926	61.61899849	RUS	Russian Federation	1	ALLAGE	ANNUAL	ALLAREA	BOTHSEX	PER_1000_POP	MP											2.398	2.409	2.386	2.382	3.306		2.62075	2014	3.306	Global Health Workforce Statistics database, Global Health Observatory, WHO .  Available at http://www.who.int/hrh/statistics/hwfstats/en/. For the specific sources and metadata by country, refer to database directly.	C
2017.Q2.G.01	SH_MED_PHYSNS	Health worker density of physicians per 1,000 population	646	29.92310194	-1.999842114	RWA	Rwanda	1	ALLAGE	ANNUAL	ALLAREA	BOTHSEX	PER_1000_POP	MP					0.049				0.052	0.055	0.055							2010	0.055	Global Health Workforce Statistics database, Global Health Observatory, WHO .  Available at http://www.who.int/hrh/statistics/hwfstats/en/. For the specific sources and metadata by country, refer to database directly.	C
2017.Q2.G.01	SH_MED_PHYSNS	Health worker density of physicians per 1,000 population	652	-62.83173536	17.89513362	BLM	Saint Barthélemy	1	ALLAGE	ANNUAL	ALLAREA	BOTHSEX	PER_1000_POP	MP																					
2017.Q2.G.01	SH_MED_PHYSNS	Health worker density of physicians per 1,000 population	654	-5.705752501	-15.96503946	SHN	Saint Helena	1	ALLAGE	ANNUAL	ALLAREA	BOTHSEX	PER_1000_POP	MP																					
2017.Q2.G.01	SH_MED_PHYSNS	Health worker density of physicians per 1,000 population	659	-62.76628613	17.33994219	KNA	Saint Kitts and Nevis	1	ALLAGE	ANNUAL	ALLAREA	BOTHSEX	PER_1000_POP	MP		1.06																2001	1.06	Global Health Workforce Statistics database, Global Health Observatory, WHO .  Available at http://www.who.int/hrh/statistics/hwfstats/en/. For the specific sources and metadata by country, refer to database directly.	C
2017.Q2.G.01	SH_MED_PHYSNS	Health worker density of physicians per 1,000 population	660	-63.05651612	18.21525315	AIA	Anguilla	1	ALLAGE	ANNUAL	ALLAREA	BOTHSEX	PER_1000_POP	MP																					
2017.Q2.G.01	SH_MED_PHYSNS	Health worker density of physicians per 1,000 population	662	-60.96529553	13.89405601	LCA	Saint Lucia	1	ALLAGE	ANNUAL	ALLAREA	BOTHSEX	PER_1000_POP	MP		0.819	0.437	0.464	0.416	0.502		0.182	0.156	0.103								2009	0.103	Global Health Workforce Statistics database, Global Health Observatory, WHO .  Available at http://www.who.int/hrh/statistics/hwfstats/en/. For the specific sources and metadata by country, refer to database directly.	C
2017.Q2.G.01	SH_MED_PHYSNS	Health worker density of physicians per 1,000 population	663	-63.04505461	18.0882685	MAF	Saint Martin (French Part)	1	ALLAGE	ANNUAL	ALLAREA	BOTHSEX	PER_1000_POP	MP																					
2017.Q2.G.01	SH_MED_PHYSNS	Health worker density of physicians per 1,000 population	666	-56.33682442	46.85812735	SPM	Saint Pierre and Miquelon	1	ALLAGE	ANNUAL	ALLAREA	BOTHSEX	PER_1000_POP	MP																					
2017.Q2.G.01	SH_MED_PHYSNS	Health worker density of physicians per 1,000 population	670	-61.19024321	13.24627968	VCT	Saint Vincent and the Grenadines	1	ALLAGE	ANNUAL	ALLAREA	BOTHSEX	PER_1000_POP	MP	0.825	0.574																2001	0.574	Global Health Workforce Statistics database, Global Health Observatory, WHO .  Available at http://www.who.int/hrh/statistics/hwfstats/en/. For the specific sources and metadata by country, refer to database directly.	C
2017.Q2.G.01	SH_MED_PHYSNS	Health worker density of physicians per 1,000 population	674	12.46329038	43.93841766	SMR	San Marino	1	ALLAGE	ANNUAL	ALLAREA	BOTHSEX	PER_1000_POP	MP												5.01	5.261	5.225	6.362		5.4645	2014	6.362	Global Health Workforce Statistics database, Global Health Observatory, WHO .  Available at http://www.who.int/hrh/statistics/hwfstats/en/. For the specific sources and metadata by country, refer to database directly.	C
2017.Q2.G.01	SH_MED_PHYSNS	Health worker density of physicians per 1,000 population	678	6.609772265	0.241554875	STP	Sao Tome and Principe	1	ALLAGE	ANNUAL	ALLAREA	BOTHSEX	PER_1000_POP	MP					0.541													2004	0.541	Global Health Workforce Statistics database, Global Health Observatory, WHO .  Available at http://www.who.int/hrh/statistics/hwfstats/en/. For the specific sources and metadata by country, refer to database directly.	C
2017.Q2.G.01	SH_MED_PHYSNS	Health worker density of physicians per 1,000 population	682	44.54763347	24.12594211	SAU	Saudi Arabia	1	ALLAGE	ANNUAL	ALLAREA	BOTHSEX	PER_1000_POP	MP	0.699	0.657							1.997	2.017	2.35	2.416	2.425		2.568		2.46966666666667	2014	2.568	Global Health Workforce Statistics database, Global Health Observatory, WHO .  Available at http://www.who.int/hrh/statistics/hwfstats/en/. For the specific sources and metadata by country, refer to database directly.	C
2017.Q2.G.01	SH_MED_PHYSNS	Health worker density of physicians per 1,000 population	686	-14.46636926	14.35920905	SEN	Senegal	1	ALLAGE	ANNUAL	ALLAREA	BOTHSEX	PER_1000_POP	MP					0.054				0.061									2008	0.061	Global Health Workforce Statistics database, Global Health Observatory, WHO .  Available at http://www.who.int/hrh/statistics/hwfstats/en/. For the specific sources and metadata by country, refer to database directly.	C
2017.Q2.G.01	SH_MED_PHYSNS	Health worker density of physicians per 1,000 population	688	20.805876	44.03145697	SRB	Serbia	1	ALLAGE	ANNUAL	ALLAREA	BOTHSEX	PER_1000_POP	MP										2.292	2.463	2.484	2.484	2.489	2.463		2.48	2014	2.463	Global Health Workforce Statistics database, Global Health Observatory, WHO .  Available at http://www.who.int/hrh/statistics/hwfstats/en/. For the specific sources and metadata by country, refer to database directly.	C
2017.Q2.G.01	SH_MED_PHYSNS	Health worker density of physicians per 1,000 population	690	55.46561591	-4.678053059	SYC	Seychelles	1	ALLAGE	ANNUAL	ALLAREA	BOTHSEX	PER_1000_POP	MP					1.385	1.172	0.834	1.002	0.764	1.115	1.074	1.141	0.984				1.0625	2012	0.984	Global Health Workforce Statistics database, Global Health Observatory, WHO .  Available at http://www.who.int/hrh/statistics/hwfstats/en/. For the specific sources and metadata by country, refer to database directly.	C
2017.Q2.G.01	SH_MED_PHYSNS	Health worker density of physicians per 1,000 population	694	-11.78306584	8.568604164	SLE	Sierra Leone	1	ALLAGE	ANNUAL	ALLAREA	BOTHSEX	PER_1000_POP	MP					0.034				0.017		0.024							2010	0.024	Global Health Workforce Statistics database, Global Health Observatory, WHO .  Available at http://www.who.int/hrh/statistics/hwfstats/en/. For the specific sources and metadata by country, refer to database directly.	C
2017.Q2.G.01	SH_MED_PHYSNS	Health worker density of physicians per 1,000 population	702	103.8107883	1.361009155	SGP	Singapore	1	ALLAGE	ANNUAL	ALLAREA	BOTHSEX	PER_1000_POP	MP		1.428		1.5	1.484	1.501	1.502	1.56	1.617	1.676	1.736	1.747	1.82	1.913			1.82666666666667	2013	1.913	Global Health Workforce Statistics database, Global Health Observatory, WHO .  Available at http://www.who.int/hrh/statistics/hwfstats/en/. For the specific sources and metadata by country, refer to database directly.	C
2017.Q2.G.01	SH_MED_PHYSNS	Health worker density of physicians per 1,000 population	703	19.48495604	48.70741446	SVK	Slovakia	1	ALLAGE	ANNUAL	ALLAREA	BOTHSEX	PER_1000_POP	MP								3.005		3.295				3.387			3.387	2013	3.387	Global Health Workforce Statistics database, Global Health Observatory, WHO .  Available at http://www.who.int/hrh/statistics/hwfstats/en/. For the specific sources and metadata by country, refer to database directly.	C
2017.Q2.G.01	SH_MED_PHYSNS	Health worker density of physicians per 1,000 population	704	105.802499	10.09643079	VNM	Viet Nam	1	ALLAGE	ANNUAL	ALLAREA	BOTHSEX	PER_1000_POP	MP		0.522	0.549			1.201	1.196	1.208	1.237	1.124	1.127	1.152	1.266	1.18			1.19933333333333	2013	1.18	Global Health Workforce Statistics database, Global Health Observatory, WHO .  Available at http://www.who.int/hrh/statistics/hwfstats/en/. For the specific sources and metadata by country, refer to database directly.	C
2017.Q2.G.01	SH_MED_PHYSNS	Health worker density of physicians per 1,000 population	705	14.82209486	46.11958061	SVN	Slovenia	1	ALLAGE	ANNUAL	ALLAREA	BOTHSEX	PER_1000_POP	MP											2.426	2.487	2.534	2.623	2.765		2.60225	2014	2.765	Global Health Workforce Statistics database, Global Health Observatory, WHO .  Available at http://www.who.int/hrh/statistics/hwfstats/en/. For the specific sources and metadata by country, refer to database directly.	C
2017.Q2.G.01	SH_MED_PHYSNS	Health worker density of physicians per 1,000 population	706	46.20367477	4.406485729	SOM	Somalia	1	ALLAGE	ANNUAL	ALLAREA	BOTHSEX	PER_1000_POP	MP							0.035								0.029		0.029	2014	0.029	Global Health Workforce Statistics database, Global Health Observatory, WHO .  Available at http://www.who.int/hrh/statistics/hwfstats/en/. For the specific sources and metadata by country, refer to database directly.	C
2017.Q2.G.01	SH_MED_PHYSNS	Health worker density of physicians per 1,000 population	710	24.67184355	-29.99957544	ZAF	South Africa	1	ALLAGE	ANNUAL	ALLAREA	BOTHSEX	PER_1000_POP	MP					0.731						0.728	0.715	0.725	0.742	0.756	0.767	0.741	2015	0.767	Global Health Workforce Statistics database, Global Health Observatory, WHO .  Available at http://www.who.int/hrh/statistics/hwfstats/en/. For the specific sources and metadata by country, refer to database directly.	C
2017.Q2.G.01	SH_MED_PHYSNS	Health worker density of physicians per 1,000 population	716	29.86909584	-19.00075492	ZWE	Zimbabwe	1	ALLAGE	ANNUAL	ALLAREA	BOTHSEX	PER_1000_POP	MP					0.162			0.05	0.055	0.06	0.066	0.074					0.074	2011	0.074	Global Health Workforce Statistics database, Global Health Observatory, WHO .  Available at http://www.who.int/hrh/statistics/hwfstats/en/. For the specific sources and metadata by country, refer to database directly.	C
2017.Q2.G.01	SH_MED_PHYSNS	Health worker density of physicians per 1,000 population	724	-3.554078296	40.39211472	ESP	Spain	1	ALLAGE	ANNUAL	ALLAREA	BOTHSEX	PER_1000_POP	MP	4.393	4.376	4.446	4.489	4.51	4.541	4.56	4.603	4.67	4.731	3.756	3.838	3.835	3.824	3.819		3.829	2014	3.819	Global Health Workforce Statistics database, Global Health Observatory, WHO .  Available at http://www.who.int/hrh/statistics/hwfstats/en/. For the specific sources and metadata by country, refer to database directly.	C
2017.Q2.G.01	SH_MED_PHYSNS	Health worker density of physicians per 1,000 population	728	30.32618773	7.290839152	SSD	South Sudan	1	ALLAGE	ANNUAL	ALLAREA	BOTHSEX	PER_1000_POP	MP																					
2017.Q2.G.01	SH_MED_PHYSNS	Health worker density of physicians per 1,000 population	732	-13.13515523	24.66265342	ESH	Western Sahara	1	ALLAGE	ANNUAL	ALLAREA	BOTHSEX	PER_1000_POP	MP																					
2017.Q2.G.01	SH_MED_PHYSNS	Health worker density of physicians per 1,000 population	736	29.95650159	16.02643066	SDN	Sudan	1	ALLAGE	ANNUAL	ALLAREA	BOTHSEX	PER_1000_POP	MP																					
2017.Q2.G.01	SH_MED_PHYSNS	Health worker density of physicians per 1,000 population	740	-55.90626394	4.132603197	SUR	Suriname	1	ALLAGE	ANNUAL	ALLAREA	BOTHSEX	PER_1000_POP	MP	0.397				0.817													2004	0.817	Global Health Workforce Statistics database, Global Health Observatory, WHO .  Available at http://www.who.int/hrh/statistics/hwfstats/en/. For the specific sources and metadata by country, refer to database directly.	C
2017.Q2.G.01	SH_MED_PHYSNS	Health worker density of physicians per 1,000 population	744	13.38071013	78.82894131	SJM	Svalbard and Jan Mayen Islands	1	ALLAGE	ANNUAL	ALLAREA	BOTHSEX	PER_1000_POP	MP																					
2017.Q2.G.01	SH_MED_PHYSNS	Health worker density of physicians per 1,000 population	748	31.50149288	-26.56471011	SWZ	Swaziland	1	ALLAGE	ANNUAL	ALLAREA	BOTHSEX	PER_1000_POP	MP	0.002	0.167		0.147	0.156					0.147								2009	0.147	Global Health Workforce Statistics database, Global Health Observatory, WHO .  Available at http://www.who.int/hrh/statistics/hwfstats/en/. For the specific sources and metadata by country, refer to database directly.	C
2017.Q2.G.01	SH_MED_PHYSNS	Health worker density of physicians per 1,000 population	752	14.3775338	60.60103109	SWE	Sweden	1	ALLAGE	ANNUAL	ALLAREA	BOTHSEX	PER_1000_POP	MP								3.244			3.89	3.96	4.033	4.107			4.03333333333333	2013	4.107	Global Health Workforce Statistics database, Global Health Observatory, WHO .  Available at http://www.who.int/hrh/statistics/hwfstats/en/. For the specific sources and metadata by country, refer to database directly.	C
2017.Q2.G.01	SH_MED_PHYSNS	Health worker density of physicians per 1,000 population	756	8.223158	46.96617097	CHE	Switzerland	1	ALLAGE	ANNUAL	ALLAREA	BOTHSEX	PER_1000_POP	MP											3.806	3.826	3.903	4.025	4.114		3.967	2014	4.114	Global Health Workforce Statistics database, Global Health Observatory, WHO .  Available at http://www.who.int/hrh/statistics/hwfstats/en/. For the specific sources and metadata by country, refer to database directly.	C
2017.Q2.G.01	SH_MED_PHYSNS	Health worker density of physicians per 1,000 population	760	38.50466565	35.01676176	SYR	Syrian Arab Republic (Syria)	1	ALLAGE	ANNUAL	ALLAREA	BOTHSEX	PER_1000_POP	MP	1.37		1.475	1.414	1.465	1.558		1.523	1.528	1.455	1.505				1.546		1.546	2014	1.546	Global Health Workforce Statistics database, Global Health Observatory, WHO .  Available at http://www.who.int/hrh/statistics/hwfstats/en/. For the specific sources and metadata by country, refer to database directly.	C
2017.Q2.G.01	SH_MED_PHYSNS	Health worker density of physicians per 1,000 population	762	69.294998	38.43069666	TJK	Tajikistan	1	ALLAGE	ANNUAL	ALLAREA	BOTHSEX	PER_1000_POP	MP	2.182	2.134	2.047	1.942	1.95	1.95	1.909	1.886	1.917		1.685	1.708	1.715	1.698	1.714		1.70875	2014	1.714	Global Health Workforce Statistics database, Global Health Observatory, WHO .  Available at http://www.who.int/hrh/statistics/hwfstats/en/. For the specific sources and metadata by country, refer to database directly.	C
2017.Q2.G.01	SH_MED_PHYSNS	Health worker density of physicians per 1,000 population	764	101.0202951	15.13089239	THA	Thailand	1	ALLAGE	ANNUAL	ALLAREA	BOTHSEX	PER_1000_POP	MP		0.299	0.296		0.289		0.286	0.295	0.317	0.34	0.394							2010	0.394	Global Health Workforce Statistics database, Global Health Observatory, WHO .  Available at http://www.who.int/hrh/statistics/hwfstats/en/. For the specific sources and metadata by country, refer to database directly.	C
2017.Q2.G.01	SH_MED_PHYSNS	Health worker density of physicians per 1,000 population	768	0.97835765	8.532096072	TGO	Togo	1	ALLAGE	ANNUAL	ALLAREA	BOTHSEX	PER_1000_POP	MP					0.041			0.049	0.058									2008	0.058	Global Health Workforce Statistics database, Global Health Observatory, WHO .  Available at http://www.who.int/hrh/statistics/hwfstats/en/. For the specific sources and metadata by country, refer to database directly.	C
2017.Q2.G.01	SH_MED_PHYSNS	Health worker density of physicians per 1,000 population	772	-171.8154473	-9.214545558	TKL	Tokelau	1	ALLAGE	ANNUAL	ALLAREA	BOTHSEX	PER_1000_POP	MP																					
2017.Q2.G.01	SH_MED_PHYSNS	Health worker density of physicians per 1,000 population	776	-175.1959991	-21.19511329	TON	Tonga	1	ALLAGE	ANNUAL	ALLAREA	BOTHSEX	PER_1000_POP	MP		0.356	0.303						0.554	0.6	0.558							2010	0.558	Global Health Workforce Statistics database, Global Health Observatory, WHO .  Available at http://www.who.int/hrh/statistics/hwfstats/en/. For the specific sources and metadata by country, refer to database directly.	C
2017.Q2.G.01	SH_MED_PHYSNS	Health worker density of physicians per 1,000 population	780	-61.29389504	10.41877263	TTO	Trinidad and Tobago	1	ALLAGE	ANNUAL	ALLAREA	BOTHSEX	PER_1000_POP	MP	1.006	0.97	0.825	0.808			1.222	1.179										2007	1.179	Global Health Workforce Statistics database, Global Health Observatory, WHO .  Available at http://www.who.int/hrh/statistics/hwfstats/en/. For the specific sources and metadata by country, refer to database directly.	C
2017.Q2.G.01	SH_MED_PHYSNS	Health worker density of physicians per 1,000 population	784	53.98279159	23.43322219	ARE	United Arab Emirates	1	ALLAGE	ANNUAL	ALLAREA	BOTHSEX	PER_1000_POP	MP		1.81				1.55		1.533	1.929	1.558	1.531				1.558		1.558	2014	1.558	Global Health Workforce Statistics database, Global Health Observatory, WHO .  Available at http://www.who.int/hrh/statistics/hwfstats/en/. For the specific sources and metadata by country, refer to database directly.	C
2017.Q2.G.01	SH_MED_PHYSNS	Health worker density of physicians per 1,000 population	788	9.572737411	34.11439971	TUN	Tunisia	1	ALLAGE	ANNUAL	ALLAREA	BOTHSEX	PER_1000_POP	MP	0.767	0.794	0.807	0.824	1.331	0.933		1.025	1.162	1.191	1.222				1.648		1.648	2014	1.648	Global Health Workforce Statistics database, Global Health Observatory, WHO .  Available at http://www.who.int/hrh/statistics/hwfstats/en/. For the specific sources and metadata by country, refer to database directly.	C
2017.Q2.G.01	SH_MED_PHYSNS	Health worker density of physicians per 1,000 population	792	35.42890329	38.9899684	TUR	Turkey	1	ALLAGE	ANNUAL	ALLAREA	BOTHSEX	PER_1000_POP	MP	1.348	1.399	1.412	1.43	1.45	1.486	1.521	1.559	1.609	1.665	1.707	1.714	1.734	1.755	1.749		1.738	2014	1.749	Global Health Workforce Statistics database, Global Health Observatory, WHO .  Available at http://www.who.int/hrh/statistics/hwfstats/en/. For the specific sources and metadata by country, refer to database directly.	C
2017.Q2.G.01	SH_MED_PHYSNS	Health worker density of physicians per 1,000 population	795	58.9787665	40.0912346	TKM	Turkmenistan	1	ALLAGE	ANNUAL	ALLAREA	BOTHSEX	PER_1000_POP	MP			4.355								2.295	2.314	2.279	2.266	2.291		2.2875	2014	2.291	Global Health Workforce Statistics database, Global Health Observatory, WHO .  Available at http://www.who.int/hrh/statistics/hwfstats/en/. For the specific sources and metadata by country, refer to database directly.	C
2017.Q2.G.01	SH_MED_PHYSNS	Health worker density of physicians per 1,000 population	796	-71.745121	21.80780585	TCA	Turks and Caicos Islands	1	ALLAGE	ANNUAL	ALLAREA	BOTHSEX	PER_1000_POP	MP																					
2017.Q2.G.01	SH_MED_PHYSNS	Health worker density of physicians per 1,000 population	798	178.6679611	-7.460048071	TUV	Tuvalu	1	ALLAGE	ANNUAL	ALLAREA	BOTHSEX	PER_1000_POP	MP			0.63	1.043					1.022	1.224								2009	1.224	Global Health Workforce Statistics database, Global Health Observatory, WHO .  Available at http://www.who.int/hrh/statistics/hwfstats/en/. For the specific sources and metadata by country, refer to database directly.	C
2017.Q2.G.01	SH_MED_PHYSNS	Health worker density of physicians per 1,000 population	800	32.39100438	1.279557331	UGA	Uganda	1	ALLAGE	ANNUAL	ALLAREA	BOTHSEX	PER_1000_POP	MP					0.081	0.12												2005	0.12	Global Health Workforce Statistics database, Global Health Observatory, WHO .  Available at http://www.who.int/hrh/statistics/hwfstats/en/. For the specific sources and metadata by country, refer to database directly.	C
2017.Q2.G.01	SH_MED_PHYSNS	Health worker density of physicians per 1,000 population	804	31.40270802	49.00735945	UKR	Ukraine	1	ALLAGE	ANNUAL	ALLAREA	BOTHSEX	PER_1000_POP	MP											3.494	3.495	3.501	3.506	3		3.3755	2014	3	Global Health Workforce Statistics database, Global Health Observatory, WHO .  Available at http://www.who.int/hrh/statistics/hwfstats/en/. For the specific sources and metadata by country, refer to database directly.	C
2017.Q2.G.01	SH_MED_PHYSNS	Health worker density of physicians per 1,000 population	807	21.7007909	41.60048068	MKD	Macedonia, Republic of	1	ALLAGE	ANNUAL	ALLAREA	BOTHSEX	PER_1000_POP	MP										2.605	2.687	2.734	2.781	2.8			2.77166666666667	2013	2.8	Global Health Workforce Statistics database, Global Health Observatory, WHO .  Available at http://www.who.int/hrh/statistics/hwfstats/en/. For the specific sources and metadata by country, refer to database directly.	C
2017.Q2.G.01	SH_MED_PHYSNS	Health worker density of physicians per 1,000 population	818	29.77468534	26.57438204	EGY	Egypt	1	ALLAGE	ANNUAL	ALLAREA	BOTHSEX	PER_1000_POP	MP				0.533		2.401		2.604		2.804					0.814		0.814	2014	0.814	Global Health Workforce Statistics database, Global Health Observatory, WHO .  Available at http://www.who.int/hrh/statistics/hwfstats/en/. For the specific sources and metadata by country, refer to database directly.	C
2017.Q2.G.01	SH_MED_PHYSNS	Health worker density of physicians per 1,000 population	826	-2.23830539	53.27691757	GBR	United Kingdom	1	ALLAGE	ANNUAL	ALLAREA	BOTHSEX	PER_1000_POP	MP											2.698	2.745	2.757	2.777	2.806	2.806	2.7782	2015	2.806	Global Health Workforce Statistics database, Global Health Observatory, WHO .  Available at http://www.who.int/hrh/statistics/hwfstats/en/. For the specific sources and metadata by country, refer to database directly.	C
2017.Q2.G.01	SH_MED_PHYSNS	Health worker density of physicians per 1,000 population	831	-2.200712402	49.71561166	GGY	Guernsey	1	ALLAGE	ANNUAL	ALLAREA	BOTHSEX	PER_1000_POP	MP																					
2017.Q2.G.01	SH_MED_PHYSNS	Health worker density of physicians per 1,000 population	832	-2.136773508	49.22353354	JEY	Jersey	1	ALLAGE	ANNUAL	ALLAREA	BOTHSEX	PER_1000_POP	MP																					
2017.Q2.G.01	SH_MED_PHYSNS	Health worker density of physicians per 1,000 population	833	-4.538190305	54.22880901	IMN	Isle of Man	1	ALLAGE	ANNUAL	ALLAREA	BOTHSEX	PER_1000_POP	MP																					
2017.Q2.G.01	SH_MED_PHYSNS	Health worker density of physicians per 1,000 population	834	34.80521182	-6.265332606	TZA	Tanzania, United Republic of	1	ALLAGE	ANNUAL	ALLAREA	BOTHSEX	PER_1000_POP	MP			0.023				0.007						0.03				0.03	2012	0.03	Global Health Workforce Statistics database, Global Health Observatory, WHO .  Available at http://www.who.int/hrh/statistics/hwfstats/en/. For the specific sources and metadata by country, refer to database directly.	C
2017.Q2.G.01	SH_MED_PHYSNS	Health worker density of physicians per 1,000 population	840	-99.13830311	39.5277871	USA	United States of America	1	ALLAGE	ANNUAL	ALLAREA	BOTHSEX	PER_1000_POP	MP	2.583				2.704						2.429	2.458	2.492	2.554			2.50133333333333	2013	2.554	Global Health Workforce Statistics database, Global Health Observatory, WHO .  Available at http://www.who.int/hrh/statistics/hwfstats/en/. For the specific sources and metadata by country, refer to database directly.	C
2017.Q2.G.01	SH_MED_PHYSNS	Health worker density of physicians per 1,000 population	850	-64.76960113	17.73297693	VIR	United States Virgin Islands	1	ALLAGE	ANNUAL	ALLAREA	BOTHSEX	PER_1000_POP	MP																					
2017.Q2.G.01	SH_MED_PHYSNS	Health worker density of physicians per 1,000 population	854	-1.742843829	12.27491081	BFA	Burkina Faso	1	ALLAGE	ANNUAL	ALLAREA	BOTHSEX	PER_1000_POP	MP					0.054				0.032	0.045	0.046	0.038	0.047				0.0425	2012	0.047	Global Health Workforce Statistics database, Global Health Observatory, WHO .  Available at http://www.who.int/hrh/statistics/hwfstats/en/. For the specific sources and metadata by country, refer to database directly.	C
2017.Q2.G.01	SH_MED_PHYSNS	Health worker density of physicians per 1,000 population	858	-56.01387025	-32.8002838	URY	Uruguay	1	ALLAGE	ANNUAL	ALLAREA	BOTHSEX	PER_1000_POP	MP			3.721						3.938									2008	3.938	Global Health Workforce Statistics database, Global Health Observatory, WHO .  Available at http://www.who.int/hrh/statistics/hwfstats/en/. For the specific sources and metadata by country, refer to database directly.	C
2017.Q2.G.01	SH_MED_PHYSNS	Health worker density of physicians per 1,000 population	860	63.11944558	41.77560518	UZB	Uzbekistan	1	ALLAGE	ANNUAL	ALLAREA	BOTHSEX	PER_1000_POP	MP											2.614	2.576	2.518	2.479	2.451		2.506	2014	2.451	Global Health Workforce Statistics database, Global Health Observatory, WHO .  Available at http://www.who.int/hrh/statistics/hwfstats/en/. For the specific sources and metadata by country, refer to database directly.	C
2017.Q2.G.01	SH_MED_PHYSNS	Health worker density of physicians per 1,000 population	862	-66.15642084	7.121324748	VEN	Venezuela (Bolivarian Republic)	1	ALLAGE	ANNUAL	ALLAREA	BOTHSEX	PER_1000_POP	MP		1.925																2001	1.925	Global Health Workforce Statistics database, Global Health Observatory, WHO .  Available at http://www.who.int/hrh/statistics/hwfstats/en/. For the specific sources and metadata by country, refer to database directly.	C
2017.Q2.G.01	SH_MED_PHYSNS	Health worker density of physicians per 1,000 population	876	-176.2034788	-13.28471201	WLF	Wallis and Futuna Islands	1	ALLAGE	ANNUAL	ALLAREA	BOTHSEX	PER_1000_POP	MP																					
2017.Q2.G.01	SH_MED_PHYSNS	Health worker density of physicians per 1,000 population	882	-172.4430749	-13.61541469	WSM	Samoa	1	ALLAGE	ANNUAL	ALLAREA	BOTHSEX	PER_1000_POP	MP				0.281		0.278			0.463									2008	0.463	Global Health Workforce Statistics database, Global Health Observatory, WHO .  Available at http://www.who.int/hrh/statistics/hwfstats/en/. For the specific sources and metadata by country, refer to database directly.	C
2017.Q2.G.01	SH_MED_PHYSNS	Health worker density of physicians per 1,000 population	887	45.22389143	15.22242099	YEM	Yemen	1	ALLAGE	ANNUAL	ALLAREA	BOTHSEX	PER_1000_POP	MP					0.338				0.31	0.31					0.311		0.311	2014	0.311	Global Health Workforce Statistics database, Global Health Observatory, WHO .  Available at http://www.who.int/hrh/statistics/hwfstats/en/. For the specific sources and metadata by country, refer to database directly.	C
2017.Q2.G.01	SH_MED_PHYSNS	Health worker density of physicians per 1,000 population	894	27.850329	-14.59701056	ZMB	Zambia	1	ALLAGE	ANNUAL	ALLAREA	BOTHSEX	PER_1000_POP	MP					0.128	0.054	0.052		0.061	0.059	0.06	0.161	0.162				0.1615	2012	0.162	Global Health Workforce Statistics database, Global Health Observatory, WHO .  Available at http://www.who.int/hrh/statistics/hwfstats/en/. For the specific sources and metadata by country, refer to database directly.	C
