series.release	series.code	series.description	geoAreaCode	X	Y	ISO3CD	geoAreaName	sliceId	Freq	Units	1998	2000	2001	2002	2003	2004	2005	2006	2007	2008	2009	2010	2011	2012	2013	2014	last.5.years.mean	latest.year	latest.value	latest.source	latest.nature
2017.Q2.G.01	SI_COV_SOCASTPQ	Proportion of poorest quintile population covered by social assistance programs, total (%)	4	66.02688198	33.83160199	AFG	Afghanistan	1	ANNUAL	PERCENT									23.630488				12.466566				12.466566	2011	12.466566	World Bank	
2017.Q2.G.01	SI_COV_SOCASTPQ	Proportion of poorest quintile population covered by social assistance programs, total (%)	8	20.06660928	41.13897007	ALB	Albania	1	ANNUAL	PERCENT										45.551926				27.670751			27.670751	2012	27.670751	World Bank	
2017.Q2.G.01	SI_COV_SOCASTPQ	Proportion of poorest quintile population covered by social assistance programs, total (%)	10	21.47585697	-80.40897662	ATA	Antarctica	1	ANNUAL	PERCENT																					
2017.Q2.G.01	SI_COV_SOCASTPQ	Proportion of poorest quintile population covered by social assistance programs, total (%)	12	2.678164227	28.15940032	DZA	Algeria	1	ANNUAL	PERCENT																					
2017.Q2.G.01	SI_COV_SOCASTPQ	Proportion of poorest quintile population covered by social assistance programs, total (%)	16	-170.7187269	-14.30587306	ASM	American Samoa	1	ANNUAL	PERCENT																					
2017.Q2.G.01	SI_COV_SOCASTPQ	Proportion of poorest quintile population covered by social assistance programs, total (%)	20	1.576257417	42.54548611	AND	Andorra	1	ANNUAL	PERCENT																					
2017.Q2.G.01	SI_COV_SOCASTPQ	Proportion of poorest quintile population covered by social assistance programs, total (%)	24	17.57817062	-12.33724746	AGO	Angola	1	ANNUAL	PERCENT																					
2017.Q2.G.01	SI_COV_SOCASTPQ	Proportion of poorest quintile population covered by social assistance programs, total (%)	28	-61.7999755	17.07761471	ATG	Antigua and Barbuda	1	ANNUAL	PERCENT																					
2017.Q2.G.01	SI_COV_SOCASTPQ	Proportion of poorest quintile population covered by social assistance programs, total (%)	31	50.01064725	40.39229544	AZE	Azerbaijan	1	ANNUAL	PERCENT										87.037322								2008	87.037322	World Bank	
2017.Q2.G.01	SI_COV_SOCASTPQ	Proportion of poorest quintile population covered by social assistance programs, total (%)	32	-65.14563274	-35.19446255	ARG	Argentina	1	ANNUAL	PERCENT								28.056493				21.789917	26.227976	25.265385			24.4277593333333	2012	25.265385	World Bank	
2017.Q2.G.01	SI_COV_SOCASTPQ	Proportion of poorest quintile population covered by social assistance programs, total (%)	36	134.3499412	-25.57717202	AUS	Australia	1	ANNUAL	PERCENT																					
2017.Q2.G.01	SI_COV_SOCASTPQ	Proportion of poorest quintile population covered by social assistance programs, total (%)	40	14.14172472	47.58704857	AUT	Austria	1	ANNUAL	PERCENT																					
2017.Q2.G.01	SI_COV_SOCASTPQ	Proportion of poorest quintile population covered by social assistance programs, total (%)	44	-78.05111663	24.69546597	BHS	Bahamas	1	ANNUAL	PERCENT																					
2017.Q2.G.01	SI_COV_SOCASTPQ	Proportion of poorest quintile population covered by social assistance programs, total (%)	48	50.5490754	26.04407747	BHR	Bahrain	1	ANNUAL	PERCENT																					
2017.Q2.G.01	SI_COV_SOCASTPQ	Proportion of poorest quintile population covered by social assistance programs, total (%)	50	89.17660788	22.86961622	BGD	Bangladesh	1	ANNUAL	PERCENT							22.497773					22.333479					22.333479	2010	22.333479	World Bank	
2017.Q2.G.01	SI_COV_SOCASTPQ	Proportion of poorest quintile population covered by social assistance programs, total (%)	51	44.93839317	40.29499741	ARM	Armenia	1	ANNUAL	PERCENT										34.102332	28.148769	32.781672	27.450916	36.918313	34.410621	40.121054	34.3365152	2014	40.121054	World Bank	
2017.Q2.G.01	SI_COV_SOCASTPQ	Proportion of poorest quintile population covered by social assistance programs, total (%)	52	-59.5346489	13.13648273	BRB	Barbados	1	ANNUAL	PERCENT																					
2017.Q2.G.01	SI_COV_SOCASTPQ	Proportion of poorest quintile population covered by social assistance programs, total (%)	56	4.660976456	50.64104975	BEL	Belgium	1	ANNUAL	PERCENT																					
2017.Q2.G.01	SI_COV_SOCASTPQ	Proportion of poorest quintile population covered by social assistance programs, total (%)	60	-64.78155012	32.27881922	BMU	Bermuda	1	ANNUAL	PERCENT																					
2017.Q2.G.01	SI_COV_SOCASTPQ	Proportion of poorest quintile population covered by social assistance programs, total (%)	64	90.45098484	27.39598568	BTN	Bhutan	1	ANNUAL	PERCENT									1.56507					3.924233			3.924233	2012	3.924233	World Bank	
2017.Q2.G.01	SI_COV_SOCASTPQ	Proportion of poorest quintile population covered by social assistance programs, total (%)	68	-64.66224284	-16.71273412	BOL	Bolivia (Plurinational State of)	1	ANNUAL	PERCENT								6.774281	72.613533	84.882099	90.203094		88.297252	88.184767			88.2410095	2012	88.184767	World Bank	
2017.Q2.G.01	SI_COV_SOCASTPQ	Proportion of poorest quintile population covered by social assistance programs, total (%)	70	17.78584332	44.16845548	BIH	Bosnia and Herzegovina	1	ANNUAL	PERCENT									21.834574									2007	21.834574	World Bank	
2017.Q2.G.01	SI_COV_SOCASTPQ	Proportion of poorest quintile population covered by social assistance programs, total (%)	72	23.81380223	-22.18810073	BWA	Botswana	1	ANNUAL	PERCENT											91.631939							2009	91.631939	World Bank	
2017.Q2.G.01	SI_COV_SOCASTPQ	Proportion of poorest quintile population covered by social assistance programs, total (%)	74	3.410732868	-54.43295905	BVT	Bouvet Island	1	ANNUAL	PERCENT																					
2017.Q2.G.01	SI_COV_SOCASTPQ	Proportion of poorest quintile population covered by social assistance programs, total (%)	76	-53.08432878	-10.77668561	BRA	Brazil	1	ANNUAL	PERCENT								59.238259			22.822245		24.568521	24.909919			24.73922	2012	24.909919	World Bank	
2017.Q2.G.01	SI_COV_SOCASTPQ	Proportion of poorest quintile population covered by social assistance programs, total (%)	84	-88.70199554	17.19965901	BLZ	Belize	1	ANNUAL	PERCENT											18.499642							2009	18.499642	World Bank	
2017.Q2.G.01	SI_COV_SOCASTPQ	Proportion of poorest quintile population covered by social assistance programs, total (%)	86	72.38715553	-7.299281071	IOT	British Indian Ocean Territory	1	ANNUAL	PERCENT																					
2017.Q2.G.01	SI_COV_SOCASTPQ	Proportion of poorest quintile population covered by social assistance programs, total (%)	90	160.1584117	-9.622391719	SLB	Solomon Islands	1	ANNUAL	PERCENT							1.114163											2005	1.114163	World Bank	
2017.Q2.G.01	SI_COV_SOCASTPQ	Proportion of poorest quintile population covered by social assistance programs, total (%)	92	-64.63294223	18.42256578	VGB	British Virgin Islands	1	ANNUAL	PERCENT																					
2017.Q2.G.01	SI_COV_SOCASTPQ	Proportion of poorest quintile population covered by social assistance programs, total (%)	96	114.6288563	4.49736984	BRN	Brunei Darussalam	1	ANNUAL	PERCENT																					
2017.Q2.G.01	SI_COV_SOCASTPQ	Proportion of poorest quintile population covered by social assistance programs, total (%)	100	25.23763153	42.75731323	BGR	Bulgaria	1	ANNUAL	PERCENT									57.581967									2007	57.581967	World Bank	
2017.Q2.G.01	SI_COV_SOCASTPQ	Proportion of poorest quintile population covered by social assistance programs, total (%)	104	96.51752295	21.19332882	MMR	Myanmar	1	ANNUAL	PERCENT																					
2017.Q2.G.01	SI_COV_SOCASTPQ	Proportion of poorest quintile population covered by social assistance programs, total (%)	108	29.89080992	-3.366387428	BDI	Burundi	1	ANNUAL	PERCENT																					
2017.Q2.G.01	SI_COV_SOCASTPQ	Proportion of poorest quintile population covered by social assistance programs, total (%)	112	28.04940161	53.54193075	BLR	Belarus	1	ANNUAL	PERCENT										69.874658	71.105385	68.868017		66.199459	62.917374		65.99495	2013	62.917374	World Bank	
2017.Q2.G.01	SI_COV_SOCASTPQ	Proportion of poorest quintile population covered by social assistance programs, total (%)	116	104.922836	12.71163737	KHM	Cambodia	1	ANNUAL	PERCENT																					
2017.Q2.G.01	SI_COV_SOCASTPQ	Proportion of poorest quintile population covered by social assistance programs, total (%)	120	12.7419827	5.692387031	CMR	Cameroon	1	ANNUAL	PERCENT									0.181612									2007	0.181612	World Bank	
2017.Q2.G.01	SI_COV_SOCASTPQ	Proportion of poorest quintile population covered by social assistance programs, total (%)	124	-101.6575058	57.72360191	CAN	Canada	1	ANNUAL	PERCENT																					
2017.Q2.G.01	SI_COV_SOCASTPQ	Proportion of poorest quintile population covered by social assistance programs, total (%)	132	-23.63544151	15.07791834	CPV	Cabo Verde	1	ANNUAL	PERCENT									25.349492									2007	25.349492	World Bank	
2017.Q2.G.01	SI_COV_SOCASTPQ	Proportion of poorest quintile population covered by social assistance programs, total (%)	136	-81.16740559	19.32266656	CYM	Cayman Islands	1	ANNUAL	PERCENT																					
2017.Q2.G.01	SI_COV_SOCASTPQ	Proportion of poorest quintile population covered by social assistance programs, total (%)	140	20.93559492	7.003720791	CAF	Central African Republic	1	ANNUAL	PERCENT										0.39032								2008	0.39032	World Bank	
2017.Q2.G.01	SI_COV_SOCASTPQ	Proportion of poorest quintile population covered by social assistance programs, total (%)	144	80.70489654	7.614693343	LKA	Sri Lanka	1	ANNUAL	PERCENT								52.112394			44.709276			46.738629			46.738629	2012	46.738629	World Bank	
2017.Q2.G.01	SI_COV_SOCASTPQ	Proportion of poorest quintile population covered by social assistance programs, total (%)	148	18.66618401	15.36279341	TCD	Chad	1	ANNUAL	PERCENT													0.087235				0.087235	2011	0.087235	World Bank	
2017.Q2.G.01	SI_COV_SOCASTPQ	Proportion of poorest quintile population covered by social assistance programs, total (%)	152	-71.23029019	-35.2652885	CHL	Chile	1	ANNUAL	PERCENT								94.365394			93.323202		94.086154		93.384872		93.735513	2013	93.384872	World Bank	
2017.Q2.G.01	SI_COV_SOCASTPQ	Proportion of poorest quintile population covered by social assistance programs, total (%)	156	104.1403375	32.30955217	CHN	China	1	ANNUAL	PERCENT																					
2017.Q2.G.01	SI_COV_SOCASTPQ	Proportion of poorest quintile population covered by social assistance programs, total (%)	162	105.6426067	-10.4882473	CXR	Christmas Island	1	ANNUAL	PERCENT																					
2017.Q2.G.01	SI_COV_SOCASTPQ	Proportion of poorest quintile population covered by social assistance programs, total (%)	166	96.82633757	-12.18600682	CCK	Cocos (Keeling) Islands	1	ANNUAL	PERCENT																					
2017.Q2.G.01	SI_COV_SOCASTPQ	Proportion of poorest quintile population covered by social assistance programs, total (%)	170	-73.07446751	3.888209046	COL	Colombia	1	ANNUAL	PERCENT												65.834877	63.528675	61.103649			63.489067	2012	61.103649	World Bank	
2017.Q2.G.01	SI_COV_SOCASTPQ	Proportion of poorest quintile population covered by social assistance programs, total (%)	174	43.34234565	-11.66121732	COM	Comoros	1	ANNUAL	PERCENT																					
2017.Q2.G.01	SI_COV_SOCASTPQ	Proportion of poorest quintile population covered by social assistance programs, total (%)	175	45.14015057	-12.82217691	MYT	Mayotte	1	ANNUAL	PERCENT																					
2017.Q2.G.01	SI_COV_SOCASTPQ	Proportion of poorest quintile population covered by social assistance programs, total (%)	178	15.22052612	-0.840544119	COG	Congo	1	ANNUAL	PERCENT							1.020229											2005	1.020229	World Bank	
2017.Q2.G.01	SI_COV_SOCASTPQ	Proportion of poorest quintile population covered by social assistance programs, total (%)	180	23.65496507	-2.877154732	COD	Democratic Republic of the Congo	1	ANNUAL	PERCENT														4.834966			4.834966	2012	4.834966	World Bank	
2017.Q2.G.01	SI_COV_SOCASTPQ	Proportion of poorest quintile population covered by social assistance programs, total (%)	184	-159.7711391	-21.22696458	COK	Cook Islands	1	ANNUAL	PERCENT																					
2017.Q2.G.01	SI_COV_SOCASTPQ	Proportion of poorest quintile population covered by social assistance programs, total (%)	188	-84.19712782	9.970998683	CRI	Costa Rica	1	ANNUAL	PERCENT										79.049598	74.904637	77.108527	78.077346	75.03419			76.740021	2012	75.03419	World Bank	
2017.Q2.G.01	SI_COV_SOCASTPQ	Proportion of poorest quintile population covered by social assistance programs, total (%)	191	17.95874553	45.45172212	HRV	Croatia	1	ANNUAL	PERCENT										46.323112		47.889953					47.889953	2010	47.889953	World Bank	
2017.Q2.G.01	SI_COV_SOCASTPQ	Proportion of poorest quintile population covered by social assistance programs, total (%)	192	-79.54460144	22.10030366	CUB	Cuba	1	ANNUAL	PERCENT																					
2017.Q2.G.01	SI_COV_SOCASTPQ	Proportion of poorest quintile population covered by social assistance programs, total (%)	196	33.22285964	35.05659437	CYP	Cyprus	1	ANNUAL	PERCENT																					
2017.Q2.G.01	SI_COV_SOCASTPQ	Proportion of poorest quintile population covered by social assistance programs, total (%)	203	15.33151382	49.73913871	CZE	Czechia	1	ANNUAL	PERCENT																					
2017.Q2.G.01	SI_COV_SOCASTPQ	Proportion of poorest quintile population covered by social assistance programs, total (%)	204	2.339933594	9.65401646	BEN	Benin	1	ANNUAL	PERCENT																					
2017.Q2.G.01	SI_COV_SOCASTPQ	Proportion of poorest quintile population covered by social assistance programs, total (%)	208	9.326571283	56.03829721	DNK	Denmark	1	ANNUAL	PERCENT																					
2017.Q2.G.01	SI_COV_SOCASTPQ	Proportion of poorest quintile population covered by social assistance programs, total (%)	212	-61.3493756	15.43391378	DMA	Dominica	1	ANNUAL	PERCENT				10.610466														2002	10.610466	World Bank	
2017.Q2.G.01	SI_COV_SOCASTPQ	Proportion of poorest quintile population covered by social assistance programs, total (%)	214	-70.49847576	18.89832088	DOM	Dominican Republic	1	ANNUAL	PERCENT									19.118531	33.408118	37.893444	40.540073	38.049498	40.884671			39.8247473333333	2012	40.884671	World Bank	
2017.Q2.G.01	SI_COV_SOCASTPQ	Proportion of poorest quintile population covered by social assistance programs, total (%)	218	-78.37005241	-1.447785891	ECU	Ecuador	1	ANNUAL	PERCENT										84.014473		85.638332	88.759619	88.759619			87.71919	2012	88.759619	World Bank	
2017.Q2.G.01	SI_COV_SOCASTPQ	Proportion of poorest quintile population covered by social assistance programs, total (%)	222	-88.86862995	13.73603564	SLV	El Salvador	1	ANNUAL	PERCENT									52.132121	54.6366	67.100025	77.768027	74.901695	76.88732			76.519014	2012	76.88732	World Bank	
2017.Q2.G.01	SI_COV_SOCASTPQ	Proportion of poorest quintile population covered by social assistance programs, total (%)	226	10.46535826	1.565792376	GNQ	Equatorial Guinea	1	ANNUAL	PERCENT																					
2017.Q2.G.01	SI_COV_SOCASTPQ	Proportion of poorest quintile population covered by social assistance programs, total (%)	231	39.63505296	8.631223181	ETH	Ethiopia	1	ANNUAL	PERCENT						0.595208						16.210311					16.210311	2010	16.210311	World Bank	
2017.Q2.G.01	SI_COV_SOCASTPQ	Proportion of poorest quintile population covered by social assistance programs, total (%)	232	38.11074289	16.12894644	ERI	Eritrea	1	ANNUAL	PERCENT																					
2017.Q2.G.01	SI_COV_SOCASTPQ	Proportion of poorest quintile population covered by social assistance programs, total (%)	233	25.84093481	58.68487172	EST	Estonia	1	ANNUAL	PERCENT																					
2017.Q2.G.01	SI_COV_SOCASTPQ	Proportion of poorest quintile population covered by social assistance programs, total (%)	234	-7.122044325	62.21228119	FRO	Faroe Islands	1	ANNUAL	PERCENT																					
2017.Q2.G.01	SI_COV_SOCASTPQ	Proportion of poorest quintile population covered by social assistance programs, total (%)	238	-58.75246778	-51.74562601	FLK	Falkland Islands (Malvinas)	1	ANNUAL	PERCENT																					
2017.Q2.G.01	SI_COV_SOCASTPQ	Proportion of poorest quintile population covered by social assistance programs, total (%)	239	-36.90662765	-54.20736749	SGS	South Georgia and the South Sandwich Islands	1	ANNUAL	PERCENT																					
2017.Q2.G.01	SI_COV_SOCASTPQ	Proportion of poorest quintile population covered by social assistance programs, total (%)	242	177.9660884	-17.83301566	FJI	Fiji	1	ANNUAL	PERCENT										11.199377								2008	11.199377	World Bank	
2017.Q2.G.01	SI_COV_SOCASTPQ	Proportion of poorest quintile population covered by social assistance programs, total (%)	246	23.308447	61.91586738	FIN	Finland	1	ANNUAL	PERCENT																					
2017.Q2.G.01	SI_COV_SOCASTPQ	Proportion of poorest quintile population covered by social assistance programs, total (%)	248	19.80945969	60.1544901	ALA	Åland Islands	1	ANNUAL	PERCENT																					
2017.Q2.G.01	SI_COV_SOCASTPQ	Proportion of poorest quintile population covered by social assistance programs, total (%)	250	2.457288129	46.62660861	FRA	France	1	ANNUAL	PERCENT																					
2017.Q2.G.01	SI_COV_SOCASTPQ	Proportion of poorest quintile population covered by social assistance programs, total (%)	254	-53.23619089	3.922673437	GUF	French Guiana	1	ANNUAL	PERCENT																					
2017.Q2.G.01	SI_COV_SOCASTPQ	Proportion of poorest quintile population covered by social assistance programs, total (%)	258	-149.4052367	-17.67709294	PYF	French Polynesia	1	ANNUAL	PERCENT																					
2017.Q2.G.01	SI_COV_SOCASTPQ	Proportion of poorest quintile population covered by social assistance programs, total (%)	260	69.64849091	-49.6068576	ATF	French Southern Territories	1	ANNUAL	PERCENT																					
2017.Q2.G.01	SI_COV_SOCASTPQ	Proportion of poorest quintile population covered by social assistance programs, total (%)	262	42.18274707	11.56004161	DJI	Djibouti	1	ANNUAL	PERCENT				2.368224										30.866427			30.866427	2012	30.866427	World Bank	
2017.Q2.G.01	SI_COV_SOCASTPQ	Proportion of poorest quintile population covered by social assistance programs, total (%)	266	11.78727747	-0.60687619	GAB	Gabon	1	ANNUAL	PERCENT							48.843866											2005	48.843866	World Bank	
2017.Q2.G.01	SI_COV_SOCASTPQ	Proportion of poorest quintile population covered by social assistance programs, total (%)	268	43.3713615	42.04813028	GEO	Georgia	1	ANNUAL	PERCENT													51.585374				51.585374	2011	51.585374	World Bank	
2017.Q2.G.01	SI_COV_SOCASTPQ	Proportion of poorest quintile population covered by social assistance programs, total (%)	270	-15.39944785	13.45295927	GMB	Gambia	1	ANNUAL	PERCENT	1.120188																	1998	1.120188	World Bank	
2017.Q2.G.01	SI_COV_SOCASTPQ	Proportion of poorest quintile population covered by social assistance programs, total (%)	275	35.25694122	31.94347933	PSE	State of Palestine	1	ANNUAL	PERCENT									26.678775		27.637807							2009	27.637807	World Bank	
2017.Q2.G.01	SI_COV_SOCASTPQ	Proportion of poorest quintile population covered by social assistance programs, total (%)	276	10.3806066	51.08862743	DEU	Germany	1	ANNUAL	PERCENT																					
2017.Q2.G.01	SI_COV_SOCASTPQ	Proportion of poorest quintile population covered by social assistance programs, total (%)	288	-1.205623522	7.964825185	GHA	Ghana	1	ANNUAL	PERCENT							1.452358							5.963883			5.963883	2012	5.963883	World Bank	
2017.Q2.G.01	SI_COV_SOCASTPQ	Proportion of poorest quintile population covered by social assistance programs, total (%)	292	-5.347561686	36.13895036	GIB	Gibraltar	1	ANNUAL	PERCENT																					
2017.Q2.G.01	SI_COV_SOCASTPQ	Proportion of poorest quintile population covered by social assistance programs, total (%)	296	-157.5643005	1.768837732	KIR	Kiribati	1	ANNUAL	PERCENT								4.840237										2006	4.840237	World Bank	
2017.Q2.G.01	SI_COV_SOCASTPQ	Proportion of poorest quintile population covered by social assistance programs, total (%)	300	22.58307827	39.47301873	GRC	Greece	1	ANNUAL	PERCENT																					
2017.Q2.G.01	SI_COV_SOCASTPQ	Proportion of poorest quintile population covered by social assistance programs, total (%)	304	-41.39371316	74.75625681	GRL	Greenland	1	ANNUAL	PERCENT																					
2017.Q2.G.01	SI_COV_SOCASTPQ	Proportion of poorest quintile population covered by social assistance programs, total (%)	308	-61.68248568	12.11238395	GRD	Grenada	1	ANNUAL	PERCENT																					
2017.Q2.G.01	SI_COV_SOCASTPQ	Proportion of poorest quintile population covered by social assistance programs, total (%)	312	-61.64762115	16.14416917	GLP	Guadeloupe	1	ANNUAL	PERCENT																					
2017.Q2.G.01	SI_COV_SOCASTPQ	Proportion of poorest quintile population covered by social assistance programs, total (%)	316	144.7029305	13.35485404	GUM	Guam	1	ANNUAL	PERCENT																					
2017.Q2.G.01	SI_COV_SOCASTPQ	Proportion of poorest quintile population covered by social assistance programs, total (%)	320	-91.2312746	15.00273719	GTM	Guatemala	1	ANNUAL	PERCENT								61.011463					79.313715				79.313715	2011	79.313715	World Bank	
2017.Q2.G.01	SI_COV_SOCASTPQ	Proportion of poorest quintile population covered by social assistance programs, total (%)	324	-11.28173419	11.00210343	GIN	Guinea	1	ANNUAL	PERCENT																					
2017.Q2.G.01	SI_COV_SOCASTPQ	Proportion of poorest quintile population covered by social assistance programs, total (%)	328	-58.97322037	4.788012784	GUY	Guyana	1	ANNUAL	PERCENT																					
2017.Q2.G.01	SI_COV_SOCASTPQ	Proportion of poorest quintile population covered by social assistance programs, total (%)	332	-72.33640958	18.40426539	HTI	Haiti	1	ANNUAL	PERCENT			1.023637															2001	1.023637	World Bank	
2017.Q2.G.01	SI_COV_SOCASTPQ	Proportion of poorest quintile population covered by social assistance programs, total (%)	334	73.52633626	-53.09106147	HMD	Heard Island and McDonald Islands	1	ANNUAL	PERCENT																					
2017.Q2.G.01	SI_COV_SOCASTPQ	Proportion of poorest quintile population covered by social assistance programs, total (%)	336	12.45315803	41.90343751	VAT	Holy See	1	ANNUAL	PERCENT																					
2017.Q2.G.01	SI_COV_SOCASTPQ	Proportion of poorest quintile population covered by social assistance programs, total (%)	340	-86.59974381	14.82243161	HND	Honduras	1	ANNUAL	PERCENT										67.584984	61.673628	68.568892	62.827997				65.6984445	2011	62.827997	World Bank	
2017.Q2.G.01	SI_COV_SOCASTPQ	Proportion of poorest quintile population covered by social assistance programs, total (%)	344	114.0266445	22.41749934	HKG	China, Hong Kong Special Administrative Region	1	ANNUAL	PERCENT																					
2017.Q2.G.01	SI_COV_SOCASTPQ	Proportion of poorest quintile population covered by social assistance programs, total (%)	348	19.41221519	47.1651448	HUN	Hungary	1	ANNUAL	PERCENT									81.306398									2007	81.306398	World Bank	
2017.Q2.G.01	SI_COV_SOCASTPQ	Proportion of poorest quintile population covered by social assistance programs, total (%)	352	-19.02116966	64.79134763	ISL	Iceland	1	ANNUAL	PERCENT																					
2017.Q2.G.01	SI_COV_SOCASTPQ	Proportion of poorest quintile population covered by social assistance programs, total (%)	356	79.3608464	22.34642074	IND	India	1	ANNUAL	PERCENT						29.069158					20.754399		26.556218				26.556218	2011	26.556218	World Bank	
2017.Q2.G.01	SI_COV_SOCASTPQ	Proportion of poorest quintile population covered by social assistance programs, total (%)	360	113.9174	-0.994582204	IDN	Indonesia	1	ANNUAL	PERCENT											67.781991		81.662378	83.555548		88.700582	84.6395026666667	2014	88.700582	World Bank	
2017.Q2.G.01	SI_COV_SOCASTPQ	Proportion of poorest quintile population covered by social assistance programs, total (%)	364	54.19766348	32.74370885	IRN	Iran (Islamic Republic of)	1	ANNUAL	PERCENT																					
2017.Q2.G.01	SI_COV_SOCASTPQ	Proportion of poorest quintile population covered by social assistance programs, total (%)	368	43.76606267	33.05013795	IRQ	Iraq	1	ANNUAL	PERCENT								86.366652						86.124348			86.124348	2012	86.124348	World Bank	
2017.Q2.G.01	SI_COV_SOCASTPQ	Proportion of poorest quintile population covered by social assistance programs, total (%)	372	-7.121425272	53.25274054	IRL	Ireland	1	ANNUAL	PERCENT																					
2017.Q2.G.01	SI_COV_SOCASTPQ	Proportion of poorest quintile population covered by social assistance programs, total (%)	376	34.62277992	31.06164552	ISR	Israel	1	ANNUAL	PERCENT																					
2017.Q2.G.01	SI_COV_SOCASTPQ	Proportion of poorest quintile population covered by social assistance programs, total (%)	380	12.57022427	42.79917282	ITA	Italy	1	ANNUAL	PERCENT																					
2017.Q2.G.01	SI_COV_SOCASTPQ	Proportion of poorest quintile population covered by social assistance programs, total (%)	384	-5.552690016	7.62211586	CIV	Côte d'Ivoire	1	ANNUAL	PERCENT				3.254968														2002	3.254968	World Bank	
2017.Q2.G.01	SI_COV_SOCASTPQ	Proportion of poorest quintile population covered by social assistance programs, total (%)	388	-77.31068409	18.15616857	JAM	Jamaica	1	ANNUAL	PERCENT				42.960347								85.477178					85.477178	2010	85.477178	World Bank	
2017.Q2.G.01	SI_COV_SOCASTPQ	Proportion of poorest quintile population covered by social assistance programs, total (%)	392	139.2716103	36.6554539	JPN	Japan	1	ANNUAL	PERCENT																					
2017.Q2.G.01	SI_COV_SOCASTPQ	Proportion of poorest quintile population covered by social assistance programs, total (%)	398	66.65359159	48.01963494	KAZ	Kazakhstan	1	ANNUAL	PERCENT									42.158733			40.404022					40.404022	2010	40.404022	World Bank	
2017.Q2.G.01	SI_COV_SOCASTPQ	Proportion of poorest quintile population covered by social assistance programs, total (%)	400	37.13024774	30.65365973	JOR	Jordan	1	ANNUAL	PERCENT								87.007373				83.306346					83.306346	2010	83.306346	World Bank	
2017.Q2.G.01	SI_COV_SOCASTPQ	Proportion of poorest quintile population covered by social assistance programs, total (%)	404	37.86096816	0.534797278	KEN	Kenya	1	ANNUAL	PERCENT							34.392314											2005	34.392314	World Bank	
2017.Q2.G.01	SI_COV_SOCASTPQ	Proportion of poorest quintile population covered by social assistance programs, total (%)	408	127.1803633	40.1462645	PRK	Democratic People's Republic of Korea	1	ANNUAL	PERCENT																					
2017.Q2.G.01	SI_COV_SOCASTPQ	Proportion of poorest quintile population covered by social assistance programs, total (%)	410	127.8610254	36.45201023	KOR	Republic of Korea	1	ANNUAL	PERCENT																					
2017.Q2.G.01	SI_COV_SOCASTPQ	Proportion of poorest quintile population covered by social assistance programs, total (%)	414	47.49305029	29.53949468	KWT	Kuwait	1	ANNUAL	PERCENT																					
2017.Q2.G.01	SI_COV_SOCASTPQ	Proportion of poorest quintile population covered by social assistance programs, total (%)	417	74.52324839	41.46204516	KGZ	Kyrgyzstan	1	ANNUAL	PERCENT								15.733786					15.647883	11.41397			13.5309265	2012	11.41397	World Bank	
2017.Q2.G.01	SI_COV_SOCASTPQ	Proportion of poorest quintile population covered by social assistance programs, total (%)	418	101.9901968	20.27482773	LAO	Lao People's Democratic Republic	1	ANNUAL	PERCENT																					
2017.Q2.G.01	SI_COV_SOCASTPQ	Proportion of poorest quintile population covered by social assistance programs, total (%)	422	35.89391711	33.92152458	LBN	Lebanon	1	ANNUAL	PERCENT						3.153195												2004	3.153195	World Bank	
2017.Q2.G.01	SI_COV_SOCASTPQ	Proportion of poorest quintile population covered by social assistance programs, total (%)	426	28.25362195	-29.58041814	LSO	Lesotho	1	ANNUAL	PERCENT												7.666641				64.059362	35.8630015	2014	64.059362	World Bank	
2017.Q2.G.01	SI_COV_SOCASTPQ	Proportion of poorest quintile population covered by social assistance programs, total (%)	428	26.42461876	56.64196636	LVA	Latvia	1	ANNUAL	PERCENT										40.145144	68.153186							2009	68.153186	World Bank	
2017.Q2.G.01	SI_COV_SOCASTPQ	Proportion of poorest quintile population covered by social assistance programs, total (%)	430	-9.311879038	6.448381009	LBR	Liberia	1	ANNUAL	PERCENT									63.020078									2007	63.020078	World Bank	
2017.Q2.G.01	SI_COV_SOCASTPQ	Proportion of poorest quintile population covered by social assistance programs, total (%)	434	18.0295985	27.04042819	LBY	Libya	1	ANNUAL	PERCENT																					
2017.Q2.G.01	SI_COV_SOCASTPQ	Proportion of poorest quintile population covered by social assistance programs, total (%)	438	9.552985019	47.14167005	LIE	Liechtenstein	1	ANNUAL	PERCENT																					
2017.Q2.G.01	SI_COV_SOCASTPQ	Proportion of poorest quintile population covered by social assistance programs, total (%)	440	23.90517807	55.33680309	LTU	Lithuania	1	ANNUAL	PERCENT										68.094145								2008	68.094145	World Bank	
2017.Q2.G.01	SI_COV_SOCASTPQ	Proportion of poorest quintile population covered by social assistance programs, total (%)	442	6.092656563	49.77679538	LUX	Luxembourg	1	ANNUAL	PERCENT																					
2017.Q2.G.01	SI_COV_SOCASTPQ	Proportion of poorest quintile population covered by social assistance programs, total (%)	446	113.5665388	22.1237259	MAC	China, Macao Special Administrative Region	1	ANNUAL	PERCENT																					
2017.Q2.G.01	SI_COV_SOCASTPQ	Proportion of poorest quintile population covered by social assistance programs, total (%)	450	46.6982339	-19.38514785	MDG	Madagascar	1	ANNUAL	PERCENT												0.176174					0.176174	2010	0.176174	World Bank	
2017.Q2.G.01	SI_COV_SOCASTPQ	Proportion of poorest quintile population covered by social assistance programs, total (%)	454	33.4884625	-13.40819859	MWI	Malawi	1	ANNUAL	PERCENT						60.511845						19.08421			42.453146		30.768678	2013	42.453146	World Bank	
2017.Q2.G.01	SI_COV_SOCASTPQ	Proportion of poorest quintile population covered by social assistance programs, total (%)	458	116.8346314	5.452415309	MYS	Malaysia	1	ANNUAL	PERCENT										93.8492								2008	93.8492	World Bank	
2017.Q2.G.01	SI_COV_SOCASTPQ	Proportion of poorest quintile population covered by social assistance programs, total (%)	462	73.09672546	-0.614385021	MDV	Maldives	1	ANNUAL	PERCENT						3.112592												2004	3.112592	World Bank	
2017.Q2.G.01	SI_COV_SOCASTPQ	Proportion of poorest quintile population covered by social assistance programs, total (%)	466	-3.522016039	17.35311254	MLI	Mali	1	ANNUAL	PERCENT																					
2017.Q2.G.01	SI_COV_SOCASTPQ	Proportion of poorest quintile population covered by social assistance programs, total (%)	470	14.44617519	35.89194275	MLT	Malta	1	ANNUAL	PERCENT																					
2017.Q2.G.01	SI_COV_SOCASTPQ	Proportion of poorest quintile population covered by social assistance programs, total (%)	474	-60.91544135	14.56086108	MTQ	Martinique	1	ANNUAL	PERCENT																					
2017.Q2.G.01	SI_COV_SOCASTPQ	Proportion of poorest quintile population covered by social assistance programs, total (%)	478	-10.33187259	20.26089546	MRT	Mauritania	1	ANNUAL	PERCENT										30.346341						47.460808	47.460808	2014	47.460808	World Bank	
2017.Q2.G.01	SI_COV_SOCASTPQ	Proportion of poorest quintile population covered by social assistance programs, total (%)	480	57.568022	-20.28581998	MUS	Mauritius	1	ANNUAL	PERCENT								44.685854						51.80374			51.80374	2012	51.80374	World Bank	
2017.Q2.G.01	SI_COV_SOCASTPQ	Proportion of poorest quintile population covered by social assistance programs, total (%)	484	-102.5148166	23.93378032	MEX	Mexico	1	ANNUAL	PERCENT										54.568228		74.218438		87.026295			80.6223665	2012	87.026295	World Bank	
2017.Q2.G.01	SI_COV_SOCASTPQ	Proportion of poorest quintile population covered by social assistance programs, total (%)	492	7.424214814	43.73532918	MCO	Monaco	1	ANNUAL	PERCENT																					
2017.Q2.G.01	SI_COV_SOCASTPQ	Proportion of poorest quintile population covered by social assistance programs, total (%)	496	103.0728057	46.83892054	MNG	Mongolia	1	ANNUAL	PERCENT									91.744254		93.180383	97.268708	99.858678	99.784092			98.9704926666667	2012	99.784092	World Bank	
2017.Q2.G.01	SI_COV_SOCASTPQ	Proportion of poorest quintile population covered by social assistance programs, total (%)	498	28.4650624	47.20236795	MDA	Republic of Moldova	1	ANNUAL	PERCENT												41.711062		38.809196	29.629001		36.7164196666667	2013	29.629001	World Bank	
2017.Q2.G.01	SI_COV_SOCASTPQ	Proportion of poorest quintile population covered by social assistance programs, total (%)	499	19.25214024	42.78717043	MNE	Montenegro	1	ANNUAL	PERCENT													14.994262				14.994262	2011	14.994262	World Bank	
2017.Q2.G.01	SI_COV_SOCASTPQ	Proportion of poorest quintile population covered by social assistance programs, total (%)	500	-62.19261223	16.73558313	MSR	Montserrat	1	ANNUAL	PERCENT																					
2017.Q2.G.01	SI_COV_SOCASTPQ	Proportion of poorest quintile population covered by social assistance programs, total (%)	504	-6.281942841	31.8440131	MAR	Morocco	1	ANNUAL	PERCENT											50.107119							2009	50.107119	World Bank	
2017.Q2.G.01	SI_COV_SOCASTPQ	Proportion of poorest quintile population covered by social assistance programs, total (%)	508	38.18479941	-14.27963886	MOZ	Mozambique	1	ANNUAL	PERCENT										7.68773								2008	7.68773	World Bank	
2017.Q2.G.01	SI_COV_SOCASTPQ	Proportion of poorest quintile population covered by social assistance programs, total (%)	512	57.87743482	21.98805614	OMN	Oman	1	ANNUAL	PERCENT																					
2017.Q2.G.01	SI_COV_SOCASTPQ	Proportion of poorest quintile population covered by social assistance programs, total (%)	516	17.21907885	-22.13817068	NAM	Namibia	1	ANNUAL	PERCENT					19.339927						26.084902							2009	26.084902	World Bank	
2017.Q2.G.01	SI_COV_SOCASTPQ	Proportion of poorest quintile population covered by social assistance programs, total (%)	520	166.92313	-0.528742623	NRU	Nauru	1	ANNUAL	PERCENT																					
2017.Q2.G.01	SI_COV_SOCASTPQ	Proportion of poorest quintile population covered by social assistance programs, total (%)	524	83.94678863	28.25866332	NPL	Nepal	1	ANNUAL	PERCENT												48.9455					48.9455	2010	48.9455	World Bank	
2017.Q2.G.01	SI_COV_SOCASTPQ	Proportion of poorest quintile population covered by social assistance programs, total (%)	528	5.331480568	51.86728884	NLD	Netherlands	1	ANNUAL	PERCENT																					
2017.Q2.G.01	SI_COV_SOCASTPQ	Proportion of poorest quintile population covered by social assistance programs, total (%)	530	-68.30676179	12.22720635	ANT	Netherlands Antilles	1	ANNUAL	PERCENT																					
2017.Q2.G.01	SI_COV_SOCASTPQ	Proportion of poorest quintile population covered by social assistance programs, total (%)	531	-68.95033464	12.15058042	CUW	Curaçao	1	ANNUAL	PERCENT																					
2017.Q2.G.01	SI_COV_SOCASTPQ	Proportion of poorest quintile population covered by social assistance programs, total (%)	533	-69.97050586	12.50878756	ABW	Aruba	1	ANNUAL	PERCENT																					
2017.Q2.G.01	SI_COV_SOCASTPQ	Proportion of poorest quintile population covered by social assistance programs, total (%)	534	-63.06198692	18.03926508	SXM	Sint Maarten (Dutch part)	1	ANNUAL	PERCENT																					
2017.Q2.G.01	SI_COV_SOCASTPQ	Proportion of poorest quintile population covered by social assistance programs, total (%)	540	165.5067368	-21.41742531	NCL	New Caledonia	1	ANNUAL	PERCENT																					
2017.Q2.G.01	SI_COV_SOCASTPQ	Proportion of poorest quintile population covered by social assistance programs, total (%)	548	167.0679779	-15.34445547	VUT	Vanuatu	1	ANNUAL	PERCENT																					
2017.Q2.G.01	SI_COV_SOCASTPQ	Proportion of poorest quintile population covered by social assistance programs, total (%)	554	170.4755673	-43.98721568	NZL	New Zealand	1	ANNUAL	PERCENT																					
2017.Q2.G.01	SI_COV_SOCASTPQ	Proportion of poorest quintile population covered by social assistance programs, total (%)	558	-85.03060315	12.84210839	NIC	Nicaragua	1	ANNUAL	PERCENT							66.008506				54.443652							2009	54.443652	World Bank	
2017.Q2.G.01	SI_COV_SOCASTPQ	Proportion of poorest quintile population covered by social assistance programs, total (%)	562	9.400167877	17.42143036	NER	Niger	1	ANNUAL	PERCENT													2.576205				2.576205	2011	2.576205	World Bank	
2017.Q2.G.01	SI_COV_SOCASTPQ	Proportion of poorest quintile population covered by social assistance programs, total (%)	566	8.097363256	9.585789025	NGA	Nigeria	1	ANNUAL	PERCENT												1.021578		3.064865			2.0432215	2012	3.064865	World Bank	
2017.Q2.G.01	SI_COV_SOCASTPQ	Proportion of poorest quintile population covered by social assistance programs, total (%)	570	-169.8601693	-19.05000475	NIU	Niue	1	ANNUAL	PERCENT																					
2017.Q2.G.01	SI_COV_SOCASTPQ	Proportion of poorest quintile population covered by social assistance programs, total (%)	574	167.9515548	-29.03230018	NFK	Norfolk Island	1	ANNUAL	PERCENT																					
2017.Q2.G.01	SI_COV_SOCASTPQ	Proportion of poorest quintile population covered by social assistance programs, total (%)	578	11.47846389	61.34311134	NOR	Norway	1	ANNUAL	PERCENT																					
2017.Q2.G.01	SI_COV_SOCASTPQ	Proportion of poorest quintile population covered by social assistance programs, total (%)	580	145.7582114	15.19099517	MNP	Northern Mariana Islands	1	ANNUAL	PERCENT																					
2017.Q2.G.01	SI_COV_SOCASTPQ	Proportion of poorest quintile population covered by social assistance programs, total (%)	581	-162.4343752	5.874443968	UMI	US Minor Outlying Islands	1	ANNUAL	PERCENT																					
2017.Q2.G.01	SI_COV_SOCASTPQ	Proportion of poorest quintile population covered by social assistance programs, total (%)	583	158.225216	6.880670092	FSM	Micronesia, Federated States of	1	ANNUAL	PERCENT		4.616657																2000	4.616657	World Bank	
2017.Q2.G.01	SI_COV_SOCASTPQ	Proportion of poorest quintile population covered by social assistance programs, total (%)	584	171.0839119	7.110213497	MHL	Marshall Islands	1	ANNUAL	PERCENT																					
2017.Q2.G.01	SI_COV_SOCASTPQ	Proportion of poorest quintile population covered by social assistance programs, total (%)	585	134.5733878	7.502307591	PLW	Palau	1	ANNUAL	PERCENT								8.667688										2006	8.667688	World Bank	
2017.Q2.G.01	SI_COV_SOCASTPQ	Proportion of poorest quintile population covered by social assistance programs, total (%)	586	68.80479684	29.36491634	PAK	Pakistan	1	ANNUAL	PERCENT									1.143584		13.402197				19.702989		19.702989	2013	19.702989	World Bank	
2017.Q2.G.01	SI_COV_SOCASTPQ	Proportion of poorest quintile population covered by social assistance programs, total (%)	591	-81.26616623	8.450965746	PAN	Panama	1	ANNUAL	PERCENT										79.041317	82.644393	83.45539	79.326061	84.530365			82.437272	2012	84.530365	World Bank	
2017.Q2.G.01	SI_COV_SOCASTPQ	Proportion of poorest quintile population covered by social assistance programs, total (%)	598	145.8587761	-6.756057077	PNG	Papua New Guinea	1	ANNUAL	PERCENT											1.920104							2009	1.920104	World Bank	
2017.Q2.G.01	SI_COV_SOCASTPQ	Proportion of poorest quintile population covered by social assistance programs, total (%)	600	-60.54854225	-21.70216237	PRY	Paraguay	1	ANNUAL	PERCENT									51.643395	58.71264	58.913316	73.031259	72.700474				72.8658665	2011	72.700474	World Bank	
2017.Q2.G.01	SI_COV_SOCASTPQ	Proportion of poorest quintile population covered by social assistance programs, total (%)	604	-71.82093277	-13.58939705	PER	Peru	1	ANNUAL	PERCENT										78.024805	84.585786	85.768106	85.817101	90.02258			87.2025956666667	2012	90.02258	World Bank	
2017.Q2.G.01	SI_COV_SOCASTPQ	Proportion of poorest quintile population covered by social assistance programs, total (%)	608	120.8601418	14.16591706	PHL	Philippines	1	ANNUAL	PERCENT															57.296778		57.296778	2013	57.296778	World Bank	
2017.Q2.G.01	SI_COV_SOCASTPQ	Proportion of poorest quintile population covered by social assistance programs, total (%)	612	-128.3225873	-24.37538456	PCN	Pitcairn	1	ANNUAL	PERCENT																					
2017.Q2.G.01	SI_COV_SOCASTPQ	Proportion of poorest quintile population covered by social assistance programs, total (%)	616	19.40660158	52.1226733	POL	Poland	1	ANNUAL	PERCENT							71.045568	69.584923	66.869268	62.005863	60.845913	60.505476	60.104283	60.600222			60.403327	2012	60.600222	World Bank	
2017.Q2.G.01	SI_COV_SOCASTPQ	Proportion of poorest quintile population covered by social assistance programs, total (%)	620	-7.961599811	39.68509315	PRT	Portugal	1	ANNUAL	PERCENT																					
2017.Q2.G.01	SI_COV_SOCASTPQ	Proportion of poorest quintile population covered by social assistance programs, total (%)	624	-14.40182514	12.11760394	GNB	Guinea-Bissau	1	ANNUAL	PERCENT																					
2017.Q2.G.01	SI_COV_SOCASTPQ	Proportion of poorest quintile population covered by social assistance programs, total (%)	626	125.9451052	-8.797497247	TLS	Timor-Leste	1	ANNUAL	PERCENT									23.52349				41.397244				41.397244	2011	41.397244	World Bank	
2017.Q2.G.01	SI_COV_SOCASTPQ	Proportion of poorest quintile population covered by social assistance programs, total (%)	630	-66.47591017	18.22753799	PRI	Puerto Rico	1	ANNUAL	PERCENT																					
2017.Q2.G.01	SI_COV_SOCASTPQ	Proportion of poorest quintile population covered by social assistance programs, total (%)	634	51.19152467	25.28355379	QAT	Qatar	1	ANNUAL	PERCENT																					
2017.Q2.G.01	SI_COV_SOCASTPQ	Proportion of poorest quintile population covered by social assistance programs, total (%)	638	55.53171398	-21.13183266	REU	Réunion	1	ANNUAL	PERCENT																					
2017.Q2.G.01	SI_COV_SOCASTPQ	Proportion of poorest quintile population covered by social assistance programs, total (%)	642	24.98481009	45.83893563	ROU	Romania	1	ANNUAL	PERCENT										79.490012			82.75261	82.853269			82.8029395	2012	82.853269	World Bank	
2017.Q2.G.01	SI_COV_SOCASTPQ	Proportion of poorest quintile population covered by social assistance programs, total (%)	643	99.01404926	61.61899849	RUS	Russian Federation	1	ANNUAL	PERCENT									46.809649							76.305801	76.305801	2014	76.305801	World Bank	
2017.Q2.G.01	SI_COV_SOCASTPQ	Proportion of poorest quintile population covered by social assistance programs, total (%)	646	29.92310194	-1.999842114	RWA	Rwanda	1	ANNUAL	PERCENT							0.735319					36.48409					36.48409	2010	36.48409	World Bank	
2017.Q2.G.01	SI_COV_SOCASTPQ	Proportion of poorest quintile population covered by social assistance programs, total (%)	652	-62.83173536	17.89513362	BLM	Saint Barthélemy	1	ANNUAL	PERCENT																					
2017.Q2.G.01	SI_COV_SOCASTPQ	Proportion of poorest quintile population covered by social assistance programs, total (%)	654	-5.705752501	-15.96503946	SHN	Saint Helena	1	ANNUAL	PERCENT																					
2017.Q2.G.01	SI_COV_SOCASTPQ	Proportion of poorest quintile population covered by social assistance programs, total (%)	659	-62.76628613	17.33994219	KNA	Saint Kitts and Nevis	1	ANNUAL	PERCENT																					
2017.Q2.G.01	SI_COV_SOCASTPQ	Proportion of poorest quintile population covered by social assistance programs, total (%)	660	-63.05651612	18.21525315	AIA	Anguilla	1	ANNUAL	PERCENT																					
2017.Q2.G.01	SI_COV_SOCASTPQ	Proportion of poorest quintile population covered by social assistance programs, total (%)	662	-60.96529553	13.89405601	LCA	Saint Lucia	1	ANNUAL	PERCENT																					
2017.Q2.G.01	SI_COV_SOCASTPQ	Proportion of poorest quintile population covered by social assistance programs, total (%)	663	-63.04505461	18.0882685	MAF	Saint Martin (French Part)	1	ANNUAL	PERCENT																					
2017.Q2.G.01	SI_COV_SOCASTPQ	Proportion of poorest quintile population covered by social assistance programs, total (%)	666	-56.33682442	46.85812735	SPM	Saint Pierre and Miquelon	1	ANNUAL	PERCENT																					
2017.Q2.G.01	SI_COV_SOCASTPQ	Proportion of poorest quintile population covered by social assistance programs, total (%)	670	-61.19024321	13.24627968	VCT	Saint Vincent and the Grenadines	1	ANNUAL	PERCENT																					
2017.Q2.G.01	SI_COV_SOCASTPQ	Proportion of poorest quintile population covered by social assistance programs, total (%)	674	12.46329038	43.93841766	SMR	San Marino	1	ANNUAL	PERCENT																					
2017.Q2.G.01	SI_COV_SOCASTPQ	Proportion of poorest quintile population covered by social assistance programs, total (%)	678	6.609772265	0.241554875	STP	Sao Tome and Principe	1	ANNUAL	PERCENT																					
2017.Q2.G.01	SI_COV_SOCASTPQ	Proportion of poorest quintile population covered by social assistance programs, total (%)	682	44.54763347	24.12594211	SAU	Saudi Arabia	1	ANNUAL	PERCENT																					
2017.Q2.G.01	SI_COV_SOCASTPQ	Proportion of poorest quintile population covered by social assistance programs, total (%)	686	-14.46636926	14.35920905	SEN	Senegal	1	ANNUAL	PERCENT													7.25794				7.25794	2011	7.25794	World Bank	
2017.Q2.G.01	SI_COV_SOCASTPQ	Proportion of poorest quintile population covered by social assistance programs, total (%)	688	20.805876	44.03145697	SRB	Serbia	1	ANNUAL	PERCENT									21.847267			26.001224					26.001224	2010	26.001224	World Bank	
2017.Q2.G.01	SI_COV_SOCASTPQ	Proportion of poorest quintile population covered by social assistance programs, total (%)	690	55.46561591	-4.678053059	SYC	Seychelles	1	ANNUAL	PERCENT																					
2017.Q2.G.01	SI_COV_SOCASTPQ	Proportion of poorest quintile population covered by social assistance programs, total (%)	694	-11.78306584	8.568604164	SLE	Sierra Leone	1	ANNUAL	PERCENT													34.572356				34.572356	2011	34.572356	World Bank	
2017.Q2.G.01	SI_COV_SOCASTPQ	Proportion of poorest quintile population covered by social assistance programs, total (%)	702	103.8107883	1.361009155	SGP	Singapore	1	ANNUAL	PERCENT																					
2017.Q2.G.01	SI_COV_SOCASTPQ	Proportion of poorest quintile population covered by social assistance programs, total (%)	703	19.48495604	48.70741446	SVK	Slovakia	1	ANNUAL	PERCENT											95.613636							2009	95.613636	World Bank	
2017.Q2.G.01	SI_COV_SOCASTPQ	Proportion of poorest quintile population covered by social assistance programs, total (%)	704	105.802499	10.09643079	VNM	Viet Nam	1	ANNUAL	PERCENT								56.434841				78.272573		78.455741		74.749396	77.1592366666667	2014	74.749396	World Bank	
2017.Q2.G.01	SI_COV_SOCASTPQ	Proportion of poorest quintile population covered by social assistance programs, total (%)	705	14.82209486	46.11958061	SVN	Slovenia	1	ANNUAL	PERCENT																					
2017.Q2.G.01	SI_COV_SOCASTPQ	Proportion of poorest quintile population covered by social assistance programs, total (%)	706	46.20367477	4.406485729	SOM	Somalia	1	ANNUAL	PERCENT																					
2017.Q2.G.01	SI_COV_SOCASTPQ	Proportion of poorest quintile population covered by social assistance programs, total (%)	710	24.67184355	-29.99957544	ZAF	South Africa	1	ANNUAL	PERCENT							83.921189					86.292594					86.292594	2010	86.292594	World Bank	
2017.Q2.G.01	SI_COV_SOCASTPQ	Proportion of poorest quintile population covered by social assistance programs, total (%)	716	29.86909584	-19.00075492	ZWE	Zimbabwe	1	ANNUAL	PERCENT									28.434697									2007	28.434697	World Bank	
2017.Q2.G.01	SI_COV_SOCASTPQ	Proportion of poorest quintile population covered by social assistance programs, total (%)	724	-3.554078296	40.39211472	ESP	Spain	1	ANNUAL	PERCENT																					
2017.Q2.G.01	SI_COV_SOCASTPQ	Proportion of poorest quintile population covered by social assistance programs, total (%)	728	30.32618773	7.290839152	SSD	South Sudan	1	ANNUAL	PERCENT											3.367066							2009	3.367066	World Bank	
2017.Q2.G.01	SI_COV_SOCASTPQ	Proportion of poorest quintile population covered by social assistance programs, total (%)	732	-13.13515523	24.66265342	ESH	Western Sahara	1	ANNUAL	PERCENT																					
2017.Q2.G.01	SI_COV_SOCASTPQ	Proportion of poorest quintile population covered by social assistance programs, total (%)	736	29.95650159	16.02643066	SDN	Sudan	1	ANNUAL	PERCENT																					
2017.Q2.G.01	SI_COV_SOCASTPQ	Proportion of poorest quintile population covered by social assistance programs, total (%)	740	-55.90626394	4.132603197	SUR	Suriname	1	ANNUAL	PERCENT																					
2017.Q2.G.01	SI_COV_SOCASTPQ	Proportion of poorest quintile population covered by social assistance programs, total (%)	744	13.38071013	78.82894131	SJM	Svalbard and Jan Mayen Islands	1	ANNUAL	PERCENT																					
2017.Q2.G.01	SI_COV_SOCASTPQ	Proportion of poorest quintile population covered by social assistance programs, total (%)	748	31.50149288	-26.56471011	SWZ	Swaziland	1	ANNUAL	PERCENT		47.128607									70.926726							2009	70.926726	World Bank	
2017.Q2.G.01	SI_COV_SOCASTPQ	Proportion of poorest quintile population covered by social assistance programs, total (%)	752	14.3775338	60.60103109	SWE	Sweden	1	ANNUAL	PERCENT																					
2017.Q2.G.01	SI_COV_SOCASTPQ	Proportion of poorest quintile population covered by social assistance programs, total (%)	756	8.223158	46.96617097	CHE	Switzerland	1	ANNUAL	PERCENT																					
2017.Q2.G.01	SI_COV_SOCASTPQ	Proportion of poorest quintile population covered by social assistance programs, total (%)	760	38.50466565	35.01676176	SYR	Syrian Arab Republic (Syria)	1	ANNUAL	PERCENT																					
2017.Q2.G.01	SI_COV_SOCASTPQ	Proportion of poorest quintile population covered by social assistance programs, total (%)	762	69.294998	38.43069666	TJK	Tajikistan	1	ANNUAL	PERCENT													13.042682				13.042682	2011	13.042682	World Bank	
2017.Q2.G.01	SI_COV_SOCASTPQ	Proportion of poorest quintile population covered by social assistance programs, total (%)	764	101.0202951	15.13089239	THA	Thailand	1	ANNUAL	PERCENT								99.147568			99.507544		98.973445		98.599867		98.786656	2013	98.599867	World Bank	
2017.Q2.G.01	SI_COV_SOCASTPQ	Proportion of poorest quintile population covered by social assistance programs, total (%)	768	0.97835765	8.532096072	TGO	Togo	1	ANNUAL	PERCENT																					
2017.Q2.G.01	SI_COV_SOCASTPQ	Proportion of poorest quintile population covered by social assistance programs, total (%)	772	-171.8154473	-9.214545558	TKL	Tokelau	1	ANNUAL	PERCENT																					
2017.Q2.G.01	SI_COV_SOCASTPQ	Proportion of poorest quintile population covered by social assistance programs, total (%)	776	-175.1959991	-21.19511329	TON	Tonga	1	ANNUAL	PERCENT																					
2017.Q2.G.01	SI_COV_SOCASTPQ	Proportion of poorest quintile population covered by social assistance programs, total (%)	780	-61.29389504	10.41877263	TTO	Trinidad and Tobago	1	ANNUAL	PERCENT																					
2017.Q2.G.01	SI_COV_SOCASTPQ	Proportion of poorest quintile population covered by social assistance programs, total (%)	784	53.98279159	23.43322219	ARE	United Arab Emirates	1	ANNUAL	PERCENT																					
2017.Q2.G.01	SI_COV_SOCASTPQ	Proportion of poorest quintile population covered by social assistance programs, total (%)	788	9.572737411	34.11439971	TUN	Tunisia	1	ANNUAL	PERCENT												19.806474					19.806474	2010	19.806474	World Bank	
2017.Q2.G.01	SI_COV_SOCASTPQ	Proportion of poorest quintile population covered by social assistance programs, total (%)	792	35.42890329	38.9899684	TUR	Turkey	1	ANNUAL	PERCENT						47.802007	59.594255	65.448212	72.67344	74.845352	61.956811	68.375384	64.737543	57.547119			63.5533486666667	2012	57.547119	World Bank	
2017.Q2.G.01	SI_COV_SOCASTPQ	Proportion of poorest quintile population covered by social assistance programs, total (%)	795	58.9787665	40.0912346	TKM	Turkmenistan	1	ANNUAL	PERCENT																					
2017.Q2.G.01	SI_COV_SOCASTPQ	Proportion of poorest quintile population covered by social assistance programs, total (%)	796	-71.745121	21.80780585	TCA	Turks and Caicos Islands	1	ANNUAL	PERCENT																					
2017.Q2.G.01	SI_COV_SOCASTPQ	Proportion of poorest quintile population covered by social assistance programs, total (%)	798	178.6679611	-7.460048071	TUV	Tuvalu	1	ANNUAL	PERCENT																					
2017.Q2.G.01	SI_COV_SOCASTPQ	Proportion of poorest quintile population covered by social assistance programs, total (%)	800	32.39100438	1.279557331	UGA	Uganda	1	ANNUAL	PERCENT							13.036079				5.102326			76.148753			76.148753	2012	76.148753	World Bank	
2017.Q2.G.01	SI_COV_SOCASTPQ	Proportion of poorest quintile population covered by social assistance programs, total (%)	804	31.40270802	49.00735945	UKR	Ukraine	1	ANNUAL	PERCENT								53.497148					58.006823	58.58967	58.090229		58.2289073333333	2013	58.090229	World Bank	
2017.Q2.G.01	SI_COV_SOCASTPQ	Proportion of poorest quintile population covered by social assistance programs, total (%)	807	21.7007909	41.60048068	MKD	Macedonia, Republic of	1	ANNUAL	PERCENT																					
2017.Q2.G.01	SI_COV_SOCASTPQ	Proportion of poorest quintile population covered by social assistance programs, total (%)	818	29.77468534	26.57438204	EGY	Egypt	1	ANNUAL	PERCENT										54.860631								2008	54.860631	World Bank	
2017.Q2.G.01	SI_COV_SOCASTPQ	Proportion of poorest quintile population covered by social assistance programs, total (%)	826	-2.23830539	53.27691757	GBR	United Kingdom	1	ANNUAL	PERCENT																					
2017.Q2.G.01	SI_COV_SOCASTPQ	Proportion of poorest quintile population covered by social assistance programs, total (%)	831	-2.200712402	49.71561166	GGY	Guernsey	1	ANNUAL	PERCENT																					
2017.Q2.G.01	SI_COV_SOCASTPQ	Proportion of poorest quintile population covered by social assistance programs, total (%)	832	-2.136773508	49.22353354	JEY	Jersey	1	ANNUAL	PERCENT																					
2017.Q2.G.01	SI_COV_SOCASTPQ	Proportion of poorest quintile population covered by social assistance programs, total (%)	833	-4.538190305	54.22880901	IMN	Isle of Man	1	ANNUAL	PERCENT																					
2017.Q2.G.01	SI_COV_SOCASTPQ	Proportion of poorest quintile population covered by social assistance programs, total (%)	834	34.80521182	-6.265332606	TZA	Tanzania, United Republic of	1	ANNUAL	PERCENT										7.782288		13.377818		20.223974			16.800896	2012	20.223974	World Bank	
2017.Q2.G.01	SI_COV_SOCASTPQ	Proportion of poorest quintile population covered by social assistance programs, total (%)	840	-99.13830311	39.5277871	USA	United States of America	1	ANNUAL	PERCENT																					
2017.Q2.G.01	SI_COV_SOCASTPQ	Proportion of poorest quintile population covered by social assistance programs, total (%)	850	-64.76960113	17.73297693	VIR	United States Virgin Islands	1	ANNUAL	PERCENT																					
2017.Q2.G.01	SI_COV_SOCASTPQ	Proportion of poorest quintile population covered by social assistance programs, total (%)	854	-1.742843829	12.27491081	BFA	Burkina Faso	1	ANNUAL	PERCENT					31.493637											1.581602	1.581602	2014	1.581602	World Bank	
2017.Q2.G.01	SI_COV_SOCASTPQ	Proportion of poorest quintile population covered by social assistance programs, total (%)	858	-56.01387025	-32.8002838	URY	Uruguay	1	ANNUAL	PERCENT										78.511153	87.680933	91.075284	90.137879	91.716294			90.9764856666667	2012	91.716294	World Bank	
2017.Q2.G.01	SI_COV_SOCASTPQ	Proportion of poorest quintile population covered by social assistance programs, total (%)	860	63.11944558	41.77560518	UZB	Uzbekistan	1	ANNUAL	PERCENT																					
2017.Q2.G.01	SI_COV_SOCASTPQ	Proportion of poorest quintile population covered by social assistance programs, total (%)	862	-66.15642084	7.121324748	VEN	Venezuela (Bolivarian Republic)	1	ANNUAL	PERCENT								4.995779										2006	4.995779	World Bank	
2017.Q2.G.01	SI_COV_SOCASTPQ	Proportion of poorest quintile population covered by social assistance programs, total (%)	876	-176.2034788	-13.28471201	WLF	Wallis and Futuna Islands	1	ANNUAL	PERCENT																					
2017.Q2.G.01	SI_COV_SOCASTPQ	Proportion of poorest quintile population covered by social assistance programs, total (%)	882	-172.4430749	-13.61541469	WSM	Samoa	1	ANNUAL	PERCENT																					
2017.Q2.G.01	SI_COV_SOCASTPQ	Proportion of poorest quintile population covered by social assistance programs, total (%)	887	45.22389143	15.22242099	YEM	Yemen	1	ANNUAL	PERCENT							16.953979											2005	16.953979	World Bank	
2017.Q2.G.01	SI_COV_SOCASTPQ	Proportion of poorest quintile population covered by social assistance programs, total (%)	894	27.850329	-14.59701056	ZMB	Zambia	1	ANNUAL	PERCENT												1.021206					1.021206	2010	1.021206	World Bank	
