series.release	series.code	series.description	geoAreaCode	X	Y	ISO3CD	geoAreaName	sliceId	Freq	Units	2016	latest.year	latest.value	latest.source	latest.nature
2017.Q2.G.01	VC_DSR_EXVAL	Direct disaster economic loss, exposed value	4	66.02688198	33.83160199	AFG	Afghanistan	1	ANNUAL	CU_USD	60187.9	2016	60187.9	UNISDR (2015). Global Assessment Report on Disaster Risk Reduction 2015, Geneva, Switzerland: United Nations Office for Disaster Risk Reduction	E
2017.Q2.G.01	VC_DSR_EXVAL	Direct disaster economic loss, exposed value	8	20.06660928	41.13897007	ALB	Albania	1	ANNUAL	CU_USD	40459.7	2016	40459.7	UNISDR (2015). Global Assessment Report on Disaster Risk Reduction 2015, Geneva, Switzerland: United Nations Office for Disaster Risk Reduction	E
2017.Q2.G.01	VC_DSR_EXVAL	Direct disaster economic loss, exposed value	10	21.47585697	-80.40897662	ATA	Antarctica	1	ANNUAL	CU_USD					
2017.Q2.G.01	VC_DSR_EXVAL	Direct disaster economic loss, exposed value	12	2.678164227	28.15940032	DZA	Algeria	1	ANNUAL	CU_USD	899206	2016	899206	UNISDR (2015). Global Assessment Report on Disaster Risk Reduction 2015, Geneva, Switzerland: United Nations Office for Disaster Risk Reduction	E
2017.Q2.G.01	VC_DSR_EXVAL	Direct disaster economic loss, exposed value	16	-170.7187269	-14.30587306	ASM	American Samoa	1	ANNUAL	CU_USD					
2017.Q2.G.01	VC_DSR_EXVAL	Direct disaster economic loss, exposed value	20	1.576257417	42.54548611	AND	Andorra	1	ANNUAL	CU_USD	8381.65	2016	8381.65	UNISDR (2015). Global Assessment Report on Disaster Risk Reduction 2015, Geneva, Switzerland: United Nations Office for Disaster Risk Reduction	E
2017.Q2.G.01	VC_DSR_EXVAL	Direct disaster economic loss, exposed value	24	17.57817062	-12.33724746	AGO	Angola	1	ANNUAL	CU_USD	176183	2016	176183	UNISDR (2015). Global Assessment Report on Disaster Risk Reduction 2015, Geneva, Switzerland: United Nations Office for Disaster Risk Reduction	E
2017.Q2.G.01	VC_DSR_EXVAL	Direct disaster economic loss, exposed value	28	-61.7999755	17.07761471	ATG	Antigua and Barbuda	1	ANNUAL	CU_USD	6257.29	2016	6257.29	UNISDR (2015). Global Assessment Report on Disaster Risk Reduction 2015, Geneva, Switzerland: United Nations Office for Disaster Risk Reduction	E
2017.Q2.G.01	VC_DSR_EXVAL	Direct disaster economic loss, exposed value	31	50.01064725	40.39229544	AZE	Azerbaijan	1	ANNUAL	CU_USD	192784	2016	192784	UNISDR (2015). Global Assessment Report on Disaster Risk Reduction 2015, Geneva, Switzerland: United Nations Office for Disaster Risk Reduction	E
2017.Q2.G.01	VC_DSR_EXVAL	Direct disaster economic loss, exposed value	32	-65.14563274	-35.19446255	ARG	Argentina	1	ANNUAL	CU_USD	1380560	2016	1380560	UNISDR (2015). Global Assessment Report on Disaster Risk Reduction 2015, Geneva, Switzerland: United Nations Office for Disaster Risk Reduction	E
2017.Q2.G.01	VC_DSR_EXVAL	Direct disaster economic loss, exposed value	36	134.3499412	-25.57717202	AUS	Australia	1	ANNUAL	CU_USD	6616530	2016	6616530	UNISDR (2015). Global Assessment Report on Disaster Risk Reduction 2015, Geneva, Switzerland: United Nations Office for Disaster Risk Reduction	E
2017.Q2.G.01	VC_DSR_EXVAL	Direct disaster economic loss, exposed value	40	14.14172472	47.58704857	AUT	Austria	1	ANNUAL	CU_USD	1801470	2016	1801470	UNISDR (2015). Global Assessment Report on Disaster Risk Reduction 2015, Geneva, Switzerland: United Nations Office for Disaster Risk Reduction	E
2017.Q2.G.01	VC_DSR_EXVAL	Direct disaster economic loss, exposed value	44	-78.05111663	24.69546597	BHS	Bahamas	1	ANNUAL	CU_USD	45743.7	2016	45743.7	UNISDR (2015). Global Assessment Report on Disaster Risk Reduction 2015, Geneva, Switzerland: United Nations Office for Disaster Risk Reduction	E
2017.Q2.G.01	VC_DSR_EXVAL	Direct disaster economic loss, exposed value	48	50.5490754	26.04407747	BHR	Bahrain	1	ANNUAL	CU_USD	103503	2016	103503	UNISDR (2015). Global Assessment Report on Disaster Risk Reduction 2015, Geneva, Switzerland: United Nations Office for Disaster Risk Reduction	E
2017.Q2.G.01	VC_DSR_EXVAL	Direct disaster economic loss, exposed value	50	89.17660788	22.86961622	BGD	Bangladesh	1	ANNUAL	CU_USD	381432	2016	381432	UNISDR (2015). Global Assessment Report on Disaster Risk Reduction 2015, Geneva, Switzerland: United Nations Office for Disaster Risk Reduction	E
2017.Q2.G.01	VC_DSR_EXVAL	Direct disaster economic loss, exposed value	51	44.93839317	40.29499741	ARM	Armenia	1	ANNUAL	CU_USD	22895.2	2016	22895.2	UNISDR (2015). Global Assessment Report on Disaster Risk Reduction 2015, Geneva, Switzerland: United Nations Office for Disaster Risk Reduction	E
2017.Q2.G.01	VC_DSR_EXVAL	Direct disaster economic loss, exposed value	52	-59.5346489	13.13648273	BRB	Barbados	1	ANNUAL	CU_USD	14036.5	2016	14036.5	UNISDR (2015). Global Assessment Report on Disaster Risk Reduction 2015, Geneva, Switzerland: United Nations Office for Disaster Risk Reduction	E
2017.Q2.G.01	VC_DSR_EXVAL	Direct disaster economic loss, exposed value	56	4.660976456	50.64104975	BEL	Belgium	1	ANNUAL	CU_USD	1980550	2016	1980550	UNISDR (2015). Global Assessment Report on Disaster Risk Reduction 2015, Geneva, Switzerland: United Nations Office for Disaster Risk Reduction	E
2017.Q2.G.01	VC_DSR_EXVAL	Direct disaster economic loss, exposed value	60	-64.78155012	32.27881922	BMU	Bermuda	1	ANNUAL	CU_USD	10451.9	2016	10451.9	UNISDR (2015). Global Assessment Report on Disaster Risk Reduction 2015, Geneva, Switzerland: United Nations Office for Disaster Risk Reduction	E
2017.Q2.G.01	VC_DSR_EXVAL	Direct disaster economic loss, exposed value	64	90.45098484	27.39598568	BTN	Bhutan	1	ANNUAL	CU_USD	11083.7	2016	11083.7	UNISDR (2015). Global Assessment Report on Disaster Risk Reduction 2015, Geneva, Switzerland: United Nations Office for Disaster Risk Reduction	E
2017.Q2.G.01	VC_DSR_EXVAL	Direct disaster economic loss, exposed value	68	-64.66224284	-16.71273412	BOL	Bolivia (Plurinational State of)	1	ANNUAL	CU_USD	60590	2016	60590	UNISDR (2015). Global Assessment Report on Disaster Risk Reduction 2015, Geneva, Switzerland: United Nations Office for Disaster Risk Reduction	E
2017.Q2.G.01	VC_DSR_EXVAL	Direct disaster economic loss, exposed value	70	17.78584332	44.16845548	BIH	Bosnia and Herzegovina	1	ANNUAL	CU_USD	30656.2	2016	30656.2	UNISDR (2015). Global Assessment Report on Disaster Risk Reduction 2015, Geneva, Switzerland: United Nations Office for Disaster Risk Reduction	E
2017.Q2.G.01	VC_DSR_EXVAL	Direct disaster economic loss, exposed value	72	23.81380223	-22.18810073	BWA	Botswana	1	ANNUAL	CU_USD	90628.6	2016	90628.6	UNISDR (2015). Global Assessment Report on Disaster Risk Reduction 2015, Geneva, Switzerland: United Nations Office for Disaster Risk Reduction	E
2017.Q2.G.01	VC_DSR_EXVAL	Direct disaster economic loss, exposed value	74	3.410732868	-54.43295905	BVT	Bouvet Island	1	ANNUAL	CU_USD					
2017.Q2.G.01	VC_DSR_EXVAL	Direct disaster economic loss, exposed value	76	-53.08432878	-10.77668561	BRA	Brazil	1	ANNUAL	CU_USD	6817410	2016	6817410	UNISDR (2015). Global Assessment Report on Disaster Risk Reduction 2015, Geneva, Switzerland: United Nations Office for Disaster Risk Reduction	E
2017.Q2.G.01	VC_DSR_EXVAL	Direct disaster economic loss, exposed value	84	-88.70199554	17.19965901	BLZ	Belize	1	ANNUAL	CU_USD	5994.43	2016	5994.43	UNISDR (2015). Global Assessment Report on Disaster Risk Reduction 2015, Geneva, Switzerland: United Nations Office for Disaster Risk Reduction	E
2017.Q2.G.01	VC_DSR_EXVAL	Direct disaster economic loss, exposed value	86	72.38715553	-7.299281071	IOT	British Indian Ocean Territory	1	ANNUAL	CU_USD					
2017.Q2.G.01	VC_DSR_EXVAL	Direct disaster economic loss, exposed value	90	160.1584117	-9.622391719	SLB	Solomon Islands	1	ANNUAL	CU_USD	3693.47	2016	3693.47	UNISDR (2015). Global Assessment Report on Disaster Risk Reduction 2015, Geneva, Switzerland: United Nations Office for Disaster Risk Reduction	E
2017.Q2.G.01	VC_DSR_EXVAL	Direct disaster economic loss, exposed value	92	-64.63294223	18.42256578	VGB	British Virgin Islands	1	ANNUAL	CU_USD	3849.5	2016	3849.5	UNISDR (2015). Global Assessment Report on Disaster Risk Reduction 2015, Geneva, Switzerland: United Nations Office for Disaster Risk Reduction	E
2017.Q2.G.01	VC_DSR_EXVAL	Direct disaster economic loss, exposed value	96	114.6288563	4.49736984	BRN	Brunei Darussalam	1	ANNUAL	CU_USD	71236.5	2016	71236.5	UNISDR (2015). Global Assessment Report on Disaster Risk Reduction 2015, Geneva, Switzerland: United Nations Office for Disaster Risk Reduction	E
2017.Q2.G.01	VC_DSR_EXVAL	Direct disaster economic loss, exposed value	100	25.23763153	42.75731323	BGR	Bulgaria	1	ANNUAL	CU_USD	163822	2016	163822	UNISDR (2015). Global Assessment Report on Disaster Risk Reduction 2015, Geneva, Switzerland: United Nations Office for Disaster Risk Reduction	E
2017.Q2.G.01	VC_DSR_EXVAL	Direct disaster economic loss, exposed value	104	96.51752295	21.19332882	MMR	Myanmar	1	ANNUAL	CU_USD	195390	2016	195390	UNISDR (2015). Global Assessment Report on Disaster Risk Reduction 2015, Geneva, Switzerland: United Nations Office for Disaster Risk Reduction	E
2017.Q2.G.01	VC_DSR_EXVAL	Direct disaster economic loss, exposed value	108	29.89080992	-3.366387428	BDI	Burundi	1	ANNUAL	CU_USD	3616.17	2016	3616.17	UNISDR (2015). Global Assessment Report on Disaster Risk Reduction 2015, Geneva, Switzerland: United Nations Office for Disaster Risk Reduction	E
2017.Q2.G.01	VC_DSR_EXVAL	Direct disaster economic loss, exposed value	112	28.04940161	53.54193075	BLR	Belarus	1	ANNUAL	CU_USD	229400	2016	229400	UNISDR (2015). Global Assessment Report on Disaster Risk Reduction 2015, Geneva, Switzerland: United Nations Office for Disaster Risk Reduction	E
2017.Q2.G.01	VC_DSR_EXVAL	Direct disaster economic loss, exposed value	116	104.922836	12.71163737	KHM	Cambodia	1	ANNUAL	CU_USD	27390.5	2016	27390.5	UNISDR (2015). Global Assessment Report on Disaster Risk Reduction 2015, Geneva, Switzerland: United Nations Office for Disaster Risk Reduction	E
2017.Q2.G.01	VC_DSR_EXVAL	Direct disaster economic loss, exposed value	120	12.7419827	5.692387031	CMR	Cameroon	1	ANNUAL	CU_USD	81683.7	2016	81683.7	UNISDR (2015). Global Assessment Report on Disaster Risk Reduction 2015, Geneva, Switzerland: United Nations Office for Disaster Risk Reduction	E
2017.Q2.G.01	VC_DSR_EXVAL	Direct disaster economic loss, exposed value	124	-101.6575058	57.72360191	CAN	Canada	1	ANNUAL	CU_USD	6291920	2016	6291920	UNISDR (2015). Global Assessment Report on Disaster Risk Reduction 2015, Geneva, Switzerland: United Nations Office for Disaster Risk Reduction	E
2017.Q2.G.01	VC_DSR_EXVAL	Direct disaster economic loss, exposed value	132	-23.63544151	15.07791834	CPV	Cabo Verde	1	ANNUAL	CU_USD	7137.79	2016	7137.79	UNISDR (2015). Global Assessment Report on Disaster Risk Reduction 2015, Geneva, Switzerland: United Nations Office for Disaster Risk Reduction	E
2017.Q2.G.01	VC_DSR_EXVAL	Direct disaster economic loss, exposed value	136	-81.16740559	19.32266656	CYM	Cayman Islands	1	ANNUAL	CU_USD	8554.03	2016	8554.03	UNISDR (2015). Global Assessment Report on Disaster Risk Reduction 2015, Geneva, Switzerland: United Nations Office for Disaster Risk Reduction	E
2017.Q2.G.01	VC_DSR_EXVAL	Direct disaster economic loss, exposed value	140	20.93559492	7.003720791	CAF	Central African Republic	1	ANNUAL	CU_USD	3893.74	2016	3893.74	UNISDR (2015). Global Assessment Report on Disaster Risk Reduction 2015, Geneva, Switzerland: United Nations Office for Disaster Risk Reduction	E
2017.Q2.G.01	VC_DSR_EXVAL	Direct disaster economic loss, exposed value	144	80.70489654	7.614693343	LKA	Sri Lanka	1	ANNUAL	CU_USD	208274	2016	208274	UNISDR (2015). Global Assessment Report on Disaster Risk Reduction 2015, Geneva, Switzerland: United Nations Office for Disaster Risk Reduction	E
2017.Q2.G.01	VC_DSR_EXVAL	Direct disaster economic loss, exposed value	148	18.66618401	15.36279341	TCD	Chad	1	ANNUAL	CU_USD	26745.1	2016	26745.1	UNISDR (2015). Global Assessment Report on Disaster Risk Reduction 2015, Geneva, Switzerland: United Nations Office for Disaster Risk Reduction	E
2017.Q2.G.01	VC_DSR_EXVAL	Direct disaster economic loss, exposed value	152	-71.23029019	-35.2652885	CHL	Chile	1	ANNUAL	CU_USD	784154	2016	784154	UNISDR (2015). Global Assessment Report on Disaster Risk Reduction 2015, Geneva, Switzerland: United Nations Office for Disaster Risk Reduction	E
2017.Q2.G.01	VC_DSR_EXVAL	Direct disaster economic loss, exposed value	156	104.1403375	32.30955217	CHN	China	1	ANNUAL	CU_USD	31726100	2016	31726100	UNISDR (2015). Global Assessment Report on Disaster Risk Reduction 2015, Geneva, Switzerland: United Nations Office for Disaster Risk Reduction	E
2017.Q2.G.01	VC_DSR_EXVAL	Direct disaster economic loss, exposed value	162	105.6426067	-10.4882473	CXR	Christmas Island	1	ANNUAL	CU_USD					
2017.Q2.G.01	VC_DSR_EXVAL	Direct disaster economic loss, exposed value	166	96.82633757	-12.18600682	CCK	Cocos (Keeling) Islands	1	ANNUAL	CU_USD					
2017.Q2.G.01	VC_DSR_EXVAL	Direct disaster economic loss, exposed value	170	-73.07446751	3.888209046	COL	Colombia	1	ANNUAL	CU_USD	944577	2016	944577	UNISDR (2015). Global Assessment Report on Disaster Risk Reduction 2015, Geneva, Switzerland: United Nations Office for Disaster Risk Reduction	E
2017.Q2.G.01	VC_DSR_EXVAL	Direct disaster economic loss, exposed value	174	43.34234565	-11.66121732	COM	Comoros	1	ANNUAL	CU_USD	1426.14	2016	1426.14	UNISDR (2015). Global Assessment Report on Disaster Risk Reduction 2015, Geneva, Switzerland: United Nations Office for Disaster Risk Reduction	E
2017.Q2.G.01	VC_DSR_EXVAL	Direct disaster economic loss, exposed value	175	45.14015057	-12.82217691	MYT	Mayotte	1	ANNUAL	CU_USD	6949.04	2016	6949.04	UNISDR (2015). Global Assessment Report on Disaster Risk Reduction 2015, Geneva, Switzerland: United Nations Office for Disaster Risk Reduction	E
2017.Q2.G.01	VC_DSR_EXVAL	Direct disaster economic loss, exposed value	178	15.22052612	-0.840544119	COG	Congo	1	ANNUAL	CU_USD	69047.7	2016	69047.7	UNISDR (2015). Global Assessment Report on Disaster Risk Reduction 2015, Geneva, Switzerland: United Nations Office for Disaster Risk Reduction	E
2017.Q2.G.01	VC_DSR_EXVAL	Direct disaster economic loss, exposed value	180	23.65496507	-2.877154732	COD	Democratic Republic of the Congo	1	ANNUAL	CU_USD	27402	2016	27402	UNISDR (2015). Global Assessment Report on Disaster Risk Reduction 2015, Geneva, Switzerland: United Nations Office for Disaster Risk Reduction	E
2017.Q2.G.01	VC_DSR_EXVAL	Direct disaster economic loss, exposed value	184	-159.7711391	-21.22696458	COK	Cook Islands	1	ANNUAL	CU_USD					
2017.Q2.G.01	VC_DSR_EXVAL	Direct disaster economic loss, exposed value	188	-84.19712782	9.970998683	CRI	Costa Rica	1	ANNUAL	CU_USD	140412	2016	140412	UNISDR (2015). Global Assessment Report on Disaster Risk Reduction 2015, Geneva, Switzerland: United Nations Office for Disaster Risk Reduction	E
2017.Q2.G.01	VC_DSR_EXVAL	Direct disaster economic loss, exposed value	191	17.95874553	45.45172212	HRV	Croatia	1	ANNUAL	CU_USD	188114	2016	188114	UNISDR (2015). Global Assessment Report on Disaster Risk Reduction 2015, Geneva, Switzerland: United Nations Office for Disaster Risk Reduction	E
2017.Q2.G.01	VC_DSR_EXVAL	Direct disaster economic loss, exposed value	192	-79.54460144	22.10030366	CUB	Cuba	1	ANNUAL	CU_USD	174919	2016	174919	UNISDR (2015). Global Assessment Report on Disaster Risk Reduction 2015, Geneva, Switzerland: United Nations Office for Disaster Risk Reduction	E
2017.Q2.G.01	VC_DSR_EXVAL	Direct disaster economic loss, exposed value	196	33.22285964	35.05659437	CYP	Cyprus	1	ANNUAL	CU_USD	71610.5	2016	71610.5	UNISDR (2015). Global Assessment Report on Disaster Risk Reduction 2015, Geneva, Switzerland: United Nations Office for Disaster Risk Reduction	E
2017.Q2.G.01	VC_DSR_EXVAL	Direct disaster economic loss, exposed value	203	15.33151382	49.73913871	CZE	Czechia	1	ANNUAL	CU_USD	1007260	2016	1007260	UNISDR (2015). Global Assessment Report on Disaster Risk Reduction 2015, Geneva, Switzerland: United Nations Office for Disaster Risk Reduction	E
2017.Q2.G.01	VC_DSR_EXVAL	Direct disaster economic loss, exposed value	204	2.339933594	9.65401646	BEN	Benin	1	ANNUAL	CU_USD	21971.9	2016	21971.9	UNISDR (2015). Global Assessment Report on Disaster Risk Reduction 2015, Geneva, Switzerland: United Nations Office for Disaster Risk Reduction	E
2017.Q2.G.01	VC_DSR_EXVAL	Direct disaster economic loss, exposed value	208	9.326571283	56.03829721	DNK	Denmark	1	ANNUAL	CU_USD	1346390	2016	1346390	UNISDR (2015). Global Assessment Report on Disaster Risk Reduction 2015, Geneva, Switzerland: United Nations Office for Disaster Risk Reduction	E
2017.Q2.G.01	VC_DSR_EXVAL	Direct disaster economic loss, exposed value	212	-61.3493756	15.43391378	DMA	Dominica	1	ANNUAL	CU_USD	2027.94	2016	2027.94	UNISDR (2015). Global Assessment Report on Disaster Risk Reduction 2015, Geneva, Switzerland: United Nations Office for Disaster Risk Reduction	E
2017.Q2.G.01	VC_DSR_EXVAL	Direct disaster economic loss, exposed value	214	-70.49847576	18.89832088	DOM	Dominican Republic	1	ANNUAL	CU_USD	202173	2016	202173	UNISDR (2015). Global Assessment Report on Disaster Risk Reduction 2015, Geneva, Switzerland: United Nations Office for Disaster Risk Reduction	E
2017.Q2.G.01	VC_DSR_EXVAL	Direct disaster economic loss, exposed value	218	-78.37005241	-1.447785891	ECU	Ecuador	1	ANNUAL	CU_USD	282705	2016	282705	UNISDR (2015). Global Assessment Report on Disaster Risk Reduction 2015, Geneva, Switzerland: United Nations Office for Disaster Risk Reduction	E
2017.Q2.G.01	VC_DSR_EXVAL	Direct disaster economic loss, exposed value	222	-88.86862995	13.73603564	SLV	El Salvador	1	ANNUAL	CU_USD	71580.5	2016	71580.5	UNISDR (2015). Global Assessment Report on Disaster Risk Reduction 2015, Geneva, Switzerland: United Nations Office for Disaster Risk Reduction	E
2017.Q2.G.01	VC_DSR_EXVAL	Direct disaster economic loss, exposed value	226	10.46535826	1.565792376	GNQ	Equatorial Guinea	1	ANNUAL	CU_USD	20061.4	2016	20061.4	UNISDR (2015). Global Assessment Report on Disaster Risk Reduction 2015, Geneva, Switzerland: United Nations Office for Disaster Risk Reduction	E
2017.Q2.G.01	VC_DSR_EXVAL	Direct disaster economic loss, exposed value	231	39.63505296	8.631223181	ETH	Ethiopia	1	ANNUAL	CU_USD	65598.9	2016	65598.9	UNISDR (2015). Global Assessment Report on Disaster Risk Reduction 2015, Geneva, Switzerland: United Nations Office for Disaster Risk Reduction	E
2017.Q2.G.01	VC_DSR_EXVAL	Direct disaster economic loss, exposed value	232	38.11074289	16.12894644	ERI	Eritrea	1	ANNUAL	CU_USD	9081.79	2016	9081.79	UNISDR (2015). Global Assessment Report on Disaster Risk Reduction 2015, Geneva, Switzerland: United Nations Office for Disaster Risk Reduction	E
2017.Q2.G.01	VC_DSR_EXVAL	Direct disaster economic loss, exposed value	233	25.84093481	58.68487172	EST	Estonia	1	ANNUAL	CU_USD	79617.3	2016	79617.3	UNISDR (2015). Global Assessment Report on Disaster Risk Reduction 2015, Geneva, Switzerland: United Nations Office for Disaster Risk Reduction	E
2017.Q2.G.01	VC_DSR_EXVAL	Direct disaster economic loss, exposed value	234	-7.122044325	62.21228119	FRO	Faroe Islands	1	ANNUAL	CU_USD	9272.37	2016	9272.37	UNISDR (2015). Global Assessment Report on Disaster Risk Reduction 2015, Geneva, Switzerland: United Nations Office for Disaster Risk Reduction	E
2017.Q2.G.01	VC_DSR_EXVAL	Direct disaster economic loss, exposed value	238	-58.75246778	-51.74562601	FLK	Falkland Islands (Malvinas)	1	ANNUAL	CU_USD	44.9375	2016	44.9375	UNISDR (2015). Global Assessment Report on Disaster Risk Reduction 2015, Geneva, Switzerland: United Nations Office for Disaster Risk Reduction	E
2017.Q2.G.01	VC_DSR_EXVAL	Direct disaster economic loss, exposed value	239	-36.90662765	-54.20736749	SGS	South Georgia and the South Sandwich Islands	1	ANNUAL	CU_USD					
2017.Q2.G.01	VC_DSR_EXVAL	Direct disaster economic loss, exposed value	242	177.9660884	-17.83301566	FJI	Fiji	1	ANNUAL	CU_USD	11571	2016	11571	UNISDR (2015). Global Assessment Report on Disaster Risk Reduction 2015, Geneva, Switzerland: United Nations Office for Disaster Risk Reduction	E
2017.Q2.G.01	VC_DSR_EXVAL	Direct disaster economic loss, exposed value	246	23.308447	61.91586738	FIN	Finland	1	ANNUAL	CU_USD	965383	2016	965383	UNISDR (2015). Global Assessment Report on Disaster Risk Reduction 2015, Geneva, Switzerland: United Nations Office for Disaster Risk Reduction	E
2017.Q2.G.01	VC_DSR_EXVAL	Direct disaster economic loss, exposed value	248	19.80945969	60.1544901	ALA	Åland Islands	1	ANNUAL	CU_USD					
2017.Q2.G.01	VC_DSR_EXVAL	Direct disaster economic loss, exposed value	250	2.457288129	46.62660861	FRA	France	1	ANNUAL	CU_USD	10329400	2016	10329400	UNISDR (2015). Global Assessment Report on Disaster Risk Reduction 2015, Geneva, Switzerland: United Nations Office for Disaster Risk Reduction	E
2017.Q2.G.01	VC_DSR_EXVAL	Direct disaster economic loss, exposed value	254	-53.23619089	3.922673437	GUF	French Guiana	1	ANNUAL	CU_USD	16800.4	2016	16800.4	UNISDR (2015). Global Assessment Report on Disaster Risk Reduction 2015, Geneva, Switzerland: United Nations Office for Disaster Risk Reduction	E
2017.Q2.G.01	VC_DSR_EXVAL	Direct disaster economic loss, exposed value	258	-149.4052367	-17.67709294	PYF	French Polynesia	1	ANNUAL	CU_USD	22002	2016	22002	UNISDR (2015). Global Assessment Report on Disaster Risk Reduction 2015, Geneva, Switzerland: United Nations Office for Disaster Risk Reduction	E
2017.Q2.G.01	VC_DSR_EXVAL	Direct disaster economic loss, exposed value	260	69.64849091	-49.6068576	ATF	French Southern Territories	1	ANNUAL	CU_USD					
2017.Q2.G.01	VC_DSR_EXVAL	Direct disaster economic loss, exposed value	262	42.18274707	11.56004161	DJI	Djibouti	1	ANNUAL	CU_USD	4744.66	2016	4744.66	UNISDR (2015). Global Assessment Report on Disaster Risk Reduction 2015, Geneva, Switzerland: United Nations Office for Disaster Risk Reduction	E
2017.Q2.G.01	VC_DSR_EXVAL	Direct disaster economic loss, exposed value	266	11.78727747	-0.60687619	GAB	Gabon	1	ANNUAL	CU_USD	120252	2016	120252	UNISDR (2015). Global Assessment Report on Disaster Risk Reduction 2015, Geneva, Switzerland: United Nations Office for Disaster Risk Reduction	E
2017.Q2.G.01	VC_DSR_EXVAL	Direct disaster economic loss, exposed value	268	43.3713615	42.04813028	GEO	Georgia	1	ANNUAL	CU_USD	53823.5	2016	53823.5	UNISDR (2015). Global Assessment Report on Disaster Risk Reduction 2015, Geneva, Switzerland: United Nations Office for Disaster Risk Reduction	E
2017.Q2.G.01	VC_DSR_EXVAL	Direct disaster economic loss, exposed value	270	-15.39944785	13.45295927	GMB	Gambia	1	ANNUAL	CU_USD	2097.61	2016	2097.61	UNISDR (2015). Global Assessment Report on Disaster Risk Reduction 2015, Geneva, Switzerland: United Nations Office for Disaster Risk Reduction	E
2017.Q2.G.01	VC_DSR_EXVAL	Direct disaster economic loss, exposed value	275	35.25694122	31.94347933	PSE	State of Palestine	1	ANNUAL	CU_USD	69454.3	2016	69454.3	UNISDR (2015). Global Assessment Report on Disaster Risk Reduction 2015, Geneva, Switzerland: United Nations Office for Disaster Risk Reduction	E
2017.Q2.G.01	VC_DSR_EXVAL	Direct disaster economic loss, exposed value	276	10.3806066	51.08862743	DEU	Germany	1	ANNUAL	CU_USD	15114900	2016	15114900	UNISDR (2015). Global Assessment Report on Disaster Risk Reduction 2015, Geneva, Switzerland: United Nations Office for Disaster Risk Reduction	E
2017.Q2.G.01	VC_DSR_EXVAL	Direct disaster economic loss, exposed value	288	-1.205623522	7.964825185	GHA	Ghana	1	ANNUAL	CU_USD	74174	2016	74174	UNISDR (2015). Global Assessment Report on Disaster Risk Reduction 2015, Geneva, Switzerland: United Nations Office for Disaster Risk Reduction	E
2017.Q2.G.01	VC_DSR_EXVAL	Direct disaster economic loss, exposed value	292	-5.347561686	36.13895036	GIB	Gibraltar	1	ANNUAL	CU_USD	4042.19	2016	4042.19	UNISDR (2015). Global Assessment Report on Disaster Risk Reduction 2015, Geneva, Switzerland: United Nations Office for Disaster Risk Reduction	E
2017.Q2.G.01	VC_DSR_EXVAL	Direct disaster economic loss, exposed value	296	-157.5643005	1.768837732	KIR	Kiribati	1	ANNUAL	CU_USD	595.115	2016	595.115	UNISDR (2015). Global Assessment Report on Disaster Risk Reduction 2015, Geneva, Switzerland: United Nations Office for Disaster Risk Reduction	E
2017.Q2.G.01	VC_DSR_EXVAL	Direct disaster economic loss, exposed value	300	22.58307827	39.47301873	GRC	Greece	1	ANNUAL	CU_USD	1181280	2016	1181280	UNISDR (2015). Global Assessment Report on Disaster Risk Reduction 2015, Geneva, Switzerland: United Nations Office for Disaster Risk Reduction	E
2017.Q2.G.01	VC_DSR_EXVAL	Direct disaster economic loss, exposed value	304	-41.39371316	74.75625681	GRL	Greenland	1	ANNUAL	CU_USD					
2017.Q2.G.01	VC_DSR_EXVAL	Direct disaster economic loss, exposed value	308	-61.68248568	12.11238395	GRD	Grenada	1	ANNUAL	CU_USD	4536.19	2016	4536.19	UNISDR (2015). Global Assessment Report on Disaster Risk Reduction 2015, Geneva, Switzerland: United Nations Office for Disaster Risk Reduction	E
2017.Q2.G.01	VC_DSR_EXVAL	Direct disaster economic loss, exposed value	312	-61.64762115	16.14416917	GLP	Guadeloupe	1	ANNUAL	CU_USD	41119.1	2016	41119.1	UNISDR (2015). Global Assessment Report on Disaster Risk Reduction 2015, Geneva, Switzerland: United Nations Office for Disaster Risk Reduction	E
2017.Q2.G.01	VC_DSR_EXVAL	Direct disaster economic loss, exposed value	316	144.7029305	13.35485404	GUM	Guam	1	ANNUAL	CU_USD					
2017.Q2.G.01	VC_DSR_EXVAL	Direct disaster economic loss, exposed value	320	-91.2312746	15.00273719	GTM	Guatemala	1	ANNUAL	CU_USD	172912	2016	172912	UNISDR (2015). Global Assessment Report on Disaster Risk Reduction 2015, Geneva, Switzerland: United Nations Office for Disaster Risk Reduction	E
2017.Q2.G.01	VC_DSR_EXVAL	Direct disaster economic loss, exposed value	324	-11.28173419	11.00210343	GIN	Guinea	1	ANNUAL	CU_USD	13665.9	2016	13665.9	UNISDR (2015). Global Assessment Report on Disaster Risk Reduction 2015, Geneva, Switzerland: United Nations Office for Disaster Risk Reduction	E
2017.Q2.G.01	VC_DSR_EXVAL	Direct disaster economic loss, exposed value	328	-58.97322037	4.788012784	GUY	Guyana	1	ANNUAL	CU_USD	8076.05	2016	8076.05	UNISDR (2015). Global Assessment Report on Disaster Risk Reduction 2015, Geneva, Switzerland: United Nations Office for Disaster Risk Reduction	E
2017.Q2.G.01	VC_DSR_EXVAL	Direct disaster economic loss, exposed value	332	-72.33640958	18.40426539	HTI	Haiti	1	ANNUAL	CU_USD	28268.6	2016	28268.6	UNISDR (2015). Global Assessment Report on Disaster Risk Reduction 2015, Geneva, Switzerland: United Nations Office for Disaster Risk Reduction	E
2017.Q2.G.01	VC_DSR_EXVAL	Direct disaster economic loss, exposed value	334	73.52633626	-53.09106147	HMD	Heard Island and McDonald Islands	1	ANNUAL	CU_USD					
2017.Q2.G.01	VC_DSR_EXVAL	Direct disaster economic loss, exposed value	336	12.45315803	41.90343751	VAT	Holy See	1	ANNUAL	CU_USD					
2017.Q2.G.01	VC_DSR_EXVAL	Direct disaster economic loss, exposed value	340	-86.59974381	14.82243161	HND	Honduras	1	ANNUAL	CU_USD	77974.8	2016	77974.8	UNISDR (2015). Global Assessment Report on Disaster Risk Reduction 2015, Geneva, Switzerland: United Nations Office for Disaster Risk Reduction	E
2017.Q2.G.01	VC_DSR_EXVAL	Direct disaster economic loss, exposed value	344	114.0266445	22.41749934	HKG	China, Hong Kong Special Administrative Region	1	ANNUAL	CU_USD	1250060	2016	1250060	UNISDR (2015). Global Assessment Report on Disaster Risk Reduction 2015, Geneva, Switzerland: United Nations Office for Disaster Risk Reduction	E
2017.Q2.G.01	VC_DSR_EXVAL	Direct disaster economic loss, exposed value	348	19.41221519	47.1651448	HUN	Hungary	1	ANNUAL	CU_USD	562480	2016	562480	UNISDR (2015). Global Assessment Report on Disaster Risk Reduction 2015, Geneva, Switzerland: United Nations Office for Disaster Risk Reduction	E
2017.Q2.G.01	VC_DSR_EXVAL	Direct disaster economic loss, exposed value	352	-19.02116966	64.79134763	ISL	Iceland	1	ANNUAL	CU_USD	57291.7	2016	57291.7	UNISDR (2015). Global Assessment Report on Disaster Risk Reduction 2015, Geneva, Switzerland: United Nations Office for Disaster Risk Reduction	E
2017.Q2.G.01	VC_DSR_EXVAL	Direct disaster economic loss, exposed value	356	79.3608464	22.34642074	IND	India	1	ANNUAL	CU_USD	5769370	2016	5769370	UNISDR (2015). Global Assessment Report on Disaster Risk Reduction 2015, Geneva, Switzerland: United Nations Office for Disaster Risk Reduction	E
2017.Q2.G.01	VC_DSR_EXVAL	Direct disaster economic loss, exposed value	360	113.9174	-0.994582204	IDN	Indonesia	1	ANNUAL	CU_USD	2827830	2016	2827830	UNISDR (2015). Global Assessment Report on Disaster Risk Reduction 2015, Geneva, Switzerland: United Nations Office for Disaster Risk Reduction	E
2017.Q2.G.01	VC_DSR_EXVAL	Direct disaster economic loss, exposed value	364	54.19766348	32.74370885	IRN	Iran (Islamic Republic of)	1	ANNUAL	CU_USD	2067640	2016	2067640	UNISDR (2015). Global Assessment Report on Disaster Risk Reduction 2015, Geneva, Switzerland: United Nations Office for Disaster Risk Reduction	E
2017.Q2.G.01	VC_DSR_EXVAL	Direct disaster economic loss, exposed value	368	43.76606267	33.05013795	IRQ	Iraq	1	ANNUAL	CU_USD	132500	2016	132500	UNISDR (2015). Global Assessment Report on Disaster Risk Reduction 2015, Geneva, Switzerland: United Nations Office for Disaster Risk Reduction	E
2017.Q2.G.01	VC_DSR_EXVAL	Direct disaster economic loss, exposed value	372	-7.121425272	53.25274054	IRL	Ireland	1	ANNUAL	CU_USD	778822	2016	778822	UNISDR (2015). Global Assessment Report on Disaster Risk Reduction 2015, Geneva, Switzerland: United Nations Office for Disaster Risk Reduction	E
2017.Q2.G.01	VC_DSR_EXVAL	Direct disaster economic loss, exposed value	376	34.62277992	31.06164552	ISR	Israel	1	ANNUAL	CU_USD	853829	2016	853829	UNISDR (2015). Global Assessment Report on Disaster Risk Reduction 2015, Geneva, Switzerland: United Nations Office for Disaster Risk Reduction	E
2017.Q2.G.01	VC_DSR_EXVAL	Direct disaster economic loss, exposed value	380	12.57022427	42.79917282	ITA	Italy	1	ANNUAL	CU_USD	8604330	2016	8604330	UNISDR (2015). Global Assessment Report on Disaster Risk Reduction 2015, Geneva, Switzerland: United Nations Office for Disaster Risk Reduction	E
2017.Q2.G.01	VC_DSR_EXVAL	Direct disaster economic loss, exposed value	384	-5.552690016	7.62211586	CIV	Côte d'Ivoire	1	ANNUAL	CU_USD	45467.6	2016	45467.6	UNISDR (2015). Global Assessment Report on Disaster Risk Reduction 2015, Geneva, Switzerland: United Nations Office for Disaster Risk Reduction	E
2017.Q2.G.01	VC_DSR_EXVAL	Direct disaster economic loss, exposed value	388	-77.31068409	18.15616857	JAM	Jamaica	1	ANNUAL	CU_USD	70711.4	2016	70711.4	UNISDR (2015). Global Assessment Report on Disaster Risk Reduction 2015, Geneva, Switzerland: United Nations Office for Disaster Risk Reduction	E
2017.Q2.G.01	VC_DSR_EXVAL	Direct disaster economic loss, exposed value	392	139.2716103	36.6554539	JPN	Japan	1	ANNUAL	CU_USD	39255200	2016	39255200	UNISDR (2015). Global Assessment Report on Disaster Risk Reduction 2015, Geneva, Switzerland: United Nations Office for Disaster Risk Reduction	E
2017.Q2.G.01	VC_DSR_EXVAL	Direct disaster economic loss, exposed value	398	66.65359159	48.01963494	KAZ	Kazakhstan	1	ANNUAL	CU_USD	734310	2016	734310	UNISDR (2015). Global Assessment Report on Disaster Risk Reduction 2015, Geneva, Switzerland: United Nations Office for Disaster Risk Reduction	E
2017.Q2.G.01	VC_DSR_EXVAL	Direct disaster economic loss, exposed value	400	37.13024774	30.65365973	JOR	Jordan	1	ANNUAL	CU_USD	121481	2016	121481	UNISDR (2015). Global Assessment Report on Disaster Risk Reduction 2015, Geneva, Switzerland: United Nations Office for Disaster Risk Reduction	E
2017.Q2.G.01	VC_DSR_EXVAL	Direct disaster economic loss, exposed value	404	37.86096816	0.534797278	KEN	Kenya	1	ANNUAL	CU_USD	98382.7	2016	98382.7	UNISDR (2015). Global Assessment Report on Disaster Risk Reduction 2015, Geneva, Switzerland: United Nations Office for Disaster Risk Reduction	E
2017.Q2.G.01	VC_DSR_EXVAL	Direct disaster economic loss, exposed value	408	127.1803633	40.1462645	PRK	Democratic People's Republic of Korea	1	ANNUAL	CU_USD	77982.1	2016	77982.1	UNISDR (2015). Global Assessment Report on Disaster Risk Reduction 2015, Geneva, Switzerland: United Nations Office for Disaster Risk Reduction	E
2017.Q2.G.01	VC_DSR_EXVAL	Direct disaster economic loss, exposed value	410	127.8610254	36.45201023	KOR	Republic of Korea	1	ANNUAL	CU_USD	5538600	2016	5538600	UNISDR (2015). Global Assessment Report on Disaster Risk Reduction 2015, Geneva, Switzerland: United Nations Office for Disaster Risk Reduction	E
2017.Q2.G.01	VC_DSR_EXVAL	Direct disaster economic loss, exposed value	414	47.49305029	29.53949468	KWT	Kuwait	1	ANNUAL	CU_USD	469418	2016	469418	UNISDR (2015). Global Assessment Report on Disaster Risk Reduction 2015, Geneva, Switzerland: United Nations Office for Disaster Risk Reduction	E
2017.Q2.G.01	VC_DSR_EXVAL	Direct disaster economic loss, exposed value	417	74.52324839	41.46204516	KGZ	Kyrgyzstan	1	ANNUAL	CU_USD	18466.6	2016	18466.6	UNISDR (2015). Global Assessment Report on Disaster Risk Reduction 2015, Geneva, Switzerland: United Nations Office for Disaster Risk Reduction	E
2017.Q2.G.01	VC_DSR_EXVAL	Direct disaster economic loss, exposed value	418	101.9901968	20.27482773	LAO	Lao People's Democratic Republic	1	ANNUAL	CU_USD	21925.6	2016	21925.6	UNISDR (2015). Global Assessment Report on Disaster Risk Reduction 2015, Geneva, Switzerland: United Nations Office for Disaster Risk Reduction	E
2017.Q2.G.01	VC_DSR_EXVAL	Direct disaster economic loss, exposed value	422	35.89391711	33.92152458	LBN	Lebanon	1	ANNUAL	CU_USD	207724	2016	207724	UNISDR (2015). Global Assessment Report on Disaster Risk Reduction 2015, Geneva, Switzerland: United Nations Office for Disaster Risk Reduction	E
2017.Q2.G.01	VC_DSR_EXVAL	Direct disaster economic loss, exposed value	426	28.25362195	-29.58041814	LSO	Lesotho	1	ANNUAL	CU_USD	17938	2016	17938	UNISDR (2015). Global Assessment Report on Disaster Risk Reduction 2015, Geneva, Switzerland: United Nations Office for Disaster Risk Reduction	E
2017.Q2.G.01	VC_DSR_EXVAL	Direct disaster economic loss, exposed value	428	26.42461876	56.64196636	LVA	Latvia	1	ANNUAL	CU_USD	95608.8	2016	95608.8	UNISDR (2015). Global Assessment Report on Disaster Risk Reduction 2015, Geneva, Switzerland: United Nations Office for Disaster Risk Reduction	E
2017.Q2.G.01	VC_DSR_EXVAL	Direct disaster economic loss, exposed value	430	-9.311879038	6.448381009	LBR	Liberia	1	ANNUAL	CU_USD	1911.24	2016	1911.24	UNISDR (2015). Global Assessment Report on Disaster Risk Reduction 2015, Geneva, Switzerland: United Nations Office for Disaster Risk Reduction	E
2017.Q2.G.01	VC_DSR_EXVAL	Direct disaster economic loss, exposed value	434	18.0295985	27.04042819	LBY	Libya	1	ANNUAL	CU_USD	73757.4	2016	73757.4	UNISDR (2015). Global Assessment Report on Disaster Risk Reduction 2015, Geneva, Switzerland: United Nations Office for Disaster Risk Reduction	E
2017.Q2.G.01	VC_DSR_EXVAL	Direct disaster economic loss, exposed value	438	9.552985019	47.14167005	LIE	Liechtenstein	1	ANNUAL	CU_USD	18837.1	2016	18837.1	UNISDR (2015). Global Assessment Report on Disaster Risk Reduction 2015, Geneva, Switzerland: United Nations Office for Disaster Risk Reduction	E
2017.Q2.G.01	VC_DSR_EXVAL	Direct disaster economic loss, exposed value	440	23.90517807	55.33680309	LTU	Lithuania	1	ANNUAL	CU_USD	135614	2016	135614	UNISDR (2015). Global Assessment Report on Disaster Risk Reduction 2015, Geneva, Switzerland: United Nations Office for Disaster Risk Reduction	E
2017.Q2.G.01	VC_DSR_EXVAL	Direct disaster economic loss, exposed value	442	6.092656563	49.77679538	LUX	Luxembourg	1	ANNUAL	CU_USD	201131	2016	201131	UNISDR (2015). Global Assessment Report on Disaster Risk Reduction 2015, Geneva, Switzerland: United Nations Office for Disaster Risk Reduction	E
2017.Q2.G.01	VC_DSR_EXVAL	Direct disaster economic loss, exposed value	446	113.5665388	22.1237259	MAC	China, Macao Special Administrative Region	1	ANNUAL	CU_USD	56709.1	2016	56709.1	UNISDR (2015). Global Assessment Report on Disaster Risk Reduction 2015, Geneva, Switzerland: United Nations Office for Disaster Risk Reduction	E
2017.Q2.G.01	VC_DSR_EXVAL	Direct disaster economic loss, exposed value	450	46.6982339	-19.38514785	MDG	Madagascar	1	ANNUAL	CU_USD	23496.4	2016	23496.4	UNISDR (2015). Global Assessment Report on Disaster Risk Reduction 2015, Geneva, Switzerland: United Nations Office for Disaster Risk Reduction	E
2017.Q2.G.01	VC_DSR_EXVAL	Direct disaster economic loss, exposed value	454	33.4884625	-13.40819859	MWI	Malawi	1	ANNUAL	CU_USD	18357	2016	18357	UNISDR (2015). Global Assessment Report on Disaster Risk Reduction 2015, Geneva, Switzerland: United Nations Office for Disaster Risk Reduction	E
2017.Q2.G.01	VC_DSR_EXVAL	Direct disaster economic loss, exposed value	458	116.8346314	5.452415309	MYS	Malaysia	1	ANNUAL	CU_USD	1170980	2016	1170980	UNISDR (2015). Global Assessment Report on Disaster Risk Reduction 2015, Geneva, Switzerland: United Nations Office for Disaster Risk Reduction	E
2017.Q2.G.01	VC_DSR_EXVAL	Direct disaster economic loss, exposed value	462	73.09672546	-0.614385021	MDV	Maldives	1	ANNUAL	CU_USD	7443.12	2016	7443.12	UNISDR (2015). Global Assessment Report on Disaster Risk Reduction 2015, Geneva, Switzerland: United Nations Office for Disaster Risk Reduction	E
2017.Q2.G.01	VC_DSR_EXVAL	Direct disaster economic loss, exposed value	466	-3.522016039	17.35311254	MLI	Mali	1	ANNUAL	CU_USD	27719.2	2016	27719.2	UNISDR (2015). Global Assessment Report on Disaster Risk Reduction 2015, Geneva, Switzerland: United Nations Office for Disaster Risk Reduction	E
2017.Q2.G.01	VC_DSR_EXVAL	Direct disaster economic loss, exposed value	470	14.44617519	35.89194275	MLT	Malta	1	ANNUAL	CU_USD	36990.2	2016	36990.2	UNISDR (2015). Global Assessment Report on Disaster Risk Reduction 2015, Geneva, Switzerland: United Nations Office for Disaster Risk Reduction	E
2017.Q2.G.01	VC_DSR_EXVAL	Direct disaster economic loss, exposed value	474	-60.91544135	14.56086108	MTQ	Martinique	1	ANNUAL	CU_USD	39559.9	2016	39559.9	UNISDR (2015). Global Assessment Report on Disaster Risk Reduction 2015, Geneva, Switzerland: United Nations Office for Disaster Risk Reduction	E
2017.Q2.G.01	VC_DSR_EXVAL	Direct disaster economic loss, exposed value	478	-10.33187259	20.26089546	MRT	Mauritania	1	ANNUAL	CU_USD	11985.5	2016	11985.5	UNISDR (2015). Global Assessment Report on Disaster Risk Reduction 2015, Geneva, Switzerland: United Nations Office for Disaster Risk Reduction	E
2017.Q2.G.01	VC_DSR_EXVAL	Direct disaster economic loss, exposed value	480	57.568022	-20.28581998	MUS	Mauritius	1	ANNUAL	CU_USD	44217.9	2016	44217.9	UNISDR (2015). Global Assessment Report on Disaster Risk Reduction 2015, Geneva, Switzerland: United Nations Office for Disaster Risk Reduction	E
2017.Q2.G.01	VC_DSR_EXVAL	Direct disaster economic loss, exposed value	484	-102.5148166	23.93378032	MEX	Mexico	1	ANNUAL	CU_USD	4513850	2016	4513850	UNISDR (2015). Global Assessment Report on Disaster Risk Reduction 2015, Geneva, Switzerland: United Nations Office for Disaster Risk Reduction	E
2017.Q2.G.01	VC_DSR_EXVAL	Direct disaster economic loss, exposed value	492	7.424214814	43.73532918	MCO	Monaco	1	ANNUAL	CU_USD	20716.4	2016	20716.4	UNISDR (2015). Global Assessment Report on Disaster Risk Reduction 2015, Geneva, Switzerland: United Nations Office for Disaster Risk Reduction	E
2017.Q2.G.01	VC_DSR_EXVAL	Direct disaster economic loss, exposed value	496	103.0728057	46.83892054	MNG	Mongolia	1	ANNUAL	CU_USD	36587.6	2016	36587.6	UNISDR (2015). Global Assessment Report on Disaster Risk Reduction 2015, Geneva, Switzerland: United Nations Office for Disaster Risk Reduction	E
2017.Q2.G.01	VC_DSR_EXVAL	Direct disaster economic loss, exposed value	498	28.4650624	47.20236795	MDA	Republic of Moldova	1	ANNUAL	CU_USD	33762.7	2016	33762.7	UNISDR (2015). Global Assessment Report on Disaster Risk Reduction 2015, Geneva, Switzerland: United Nations Office for Disaster Risk Reduction	E
2017.Q2.G.01	VC_DSR_EXVAL	Direct disaster economic loss, exposed value	499	19.25214024	42.78717043	MNE	Montenegro	1	ANNUAL	CU_USD	8892.93	2016	8892.93	UNISDR (2015). Global Assessment Report on Disaster Risk Reduction 2015, Geneva, Switzerland: United Nations Office for Disaster Risk Reduction	E
2017.Q2.G.01	VC_DSR_EXVAL	Direct disaster economic loss, exposed value	500	-62.19261223	16.73558313	MSR	Montserrat	1	ANNUAL	CU_USD	158.421	2016	158.421	UNISDR (2015). Global Assessment Report on Disaster Risk Reduction 2015, Geneva, Switzerland: United Nations Office for Disaster Risk Reduction	E
2017.Q2.G.01	VC_DSR_EXVAL	Direct disaster economic loss, exposed value	504	-6.281942841	31.8440131	MAR	Morocco	1	ANNUAL	CU_USD	374846	2016	374846	UNISDR (2015). Global Assessment Report on Disaster Risk Reduction 2015, Geneva, Switzerland: United Nations Office for Disaster Risk Reduction	E
2017.Q2.G.01	VC_DSR_EXVAL	Direct disaster economic loss, exposed value	508	38.18479941	-14.27963886	MOZ	Mozambique	1	ANNUAL	CU_USD	36409.4	2016	36409.4	UNISDR (2015). Global Assessment Report on Disaster Risk Reduction 2015, Geneva, Switzerland: United Nations Office for Disaster Risk Reduction	E
2017.Q2.G.01	VC_DSR_EXVAL	Direct disaster economic loss, exposed value	512	57.87743482	21.98805614	OMN	Oman	1	ANNUAL	CU_USD	202534	2016	202534	UNISDR (2015). Global Assessment Report on Disaster Risk Reduction 2015, Geneva, Switzerland: United Nations Office for Disaster Risk Reduction	E
2017.Q2.G.01	VC_DSR_EXVAL	Direct disaster economic loss, exposed value	516	17.21907885	-22.13817068	NAM	Namibia	1	ANNUAL	CU_USD	42062.7	2016	42062.7	UNISDR (2015). Global Assessment Report on Disaster Risk Reduction 2015, Geneva, Switzerland: United Nations Office for Disaster Risk Reduction	E
2017.Q2.G.01	VC_DSR_EXVAL	Direct disaster economic loss, exposed value	520	166.92313	-0.528742623	NRU	Nauru	1	ANNUAL	CU_USD					
2017.Q2.G.01	VC_DSR_EXVAL	Direct disaster economic loss, exposed value	524	83.94678863	28.25866332	NPL	Nepal	1	ANNUAL	CU_USD	53996.6	2016	53996.6	UNISDR (2015). Global Assessment Report on Disaster Risk Reduction 2015, Geneva, Switzerland: United Nations Office for Disaster Risk Reduction	E
2017.Q2.G.01	VC_DSR_EXVAL	Direct disaster economic loss, exposed value	528	5.331480568	51.86728884	NLD	Netherlands	1	ANNUAL	CU_USD	3410960	2016	3410960	UNISDR (2015). Global Assessment Report on Disaster Risk Reduction 2015, Geneva, Switzerland: United Nations Office for Disaster Risk Reduction	E
2017.Q2.G.01	VC_DSR_EXVAL	Direct disaster economic loss, exposed value	530	-68.30676179	12.22720635	ANT	Netherlands Antilles	1	ANNUAL	CU_USD					
2017.Q2.G.01	VC_DSR_EXVAL	Direct disaster economic loss, exposed value	531	-68.95033464	12.15058042	CUW	Curaçao	1	ANNUAL	CU_USD					
2017.Q2.G.01	VC_DSR_EXVAL	Direct disaster economic loss, exposed value	533	-69.97050586	12.50878756	ABW	Aruba	1	ANNUAL	CU_USD	8909.38	2016	8909.38	UNISDR (2015). Global Assessment Report on Disaster Risk Reduction 2015, Geneva, Switzerland: United Nations Office for Disaster Risk Reduction	E
2017.Q2.G.01	VC_DSR_EXVAL	Direct disaster economic loss, exposed value	534	-63.06198692	18.03926508	SXM	Sint Maarten (Dutch part)	1	ANNUAL	CU_USD					
2017.Q2.G.01	VC_DSR_EXVAL	Direct disaster economic loss, exposed value	540	165.5067368	-21.41742531	NCL	New Caledonia	1	ANNUAL	CU_USD	17113.3	2016	17113.3	UNISDR (2015). Global Assessment Report on Disaster Risk Reduction 2015, Geneva, Switzerland: United Nations Office for Disaster Risk Reduction	E
2017.Q2.G.01	VC_DSR_EXVAL	Direct disaster economic loss, exposed value	548	167.0679779	-15.34445547	VUT	Vanuatu	1	ANNUAL	CU_USD	2809.61	2016	2809.61	UNISDR (2015). Global Assessment Report on Disaster Risk Reduction 2015, Geneva, Switzerland: United Nations Office for Disaster Risk Reduction	E
2017.Q2.G.01	VC_DSR_EXVAL	Direct disaster economic loss, exposed value	554	170.4755673	-43.98721568	NZL	New Zealand	1	ANNUAL	CU_USD	679705	2016	679705	UNISDR (2015). Global Assessment Report on Disaster Risk Reduction 2015, Geneva, Switzerland: United Nations Office for Disaster Risk Reduction	E
2017.Q2.G.01	VC_DSR_EXVAL	Direct disaster economic loss, exposed value	558	-85.03060315	12.84210839	NIC	Nicaragua	1	ANNUAL	CU_USD	35973.8	2016	35973.8	UNISDR (2015). Global Assessment Report on Disaster Risk Reduction 2015, Geneva, Switzerland: United Nations Office for Disaster Risk Reduction	E
2017.Q2.G.01	VC_DSR_EXVAL	Direct disaster economic loss, exposed value	562	9.400167877	17.42143036	NER	Niger	1	ANNUAL	CU_USD	12723.5	2016	12723.5	UNISDR (2015). Global Assessment Report on Disaster Risk Reduction 2015, Geneva, Switzerland: United Nations Office for Disaster Risk Reduction	E
2017.Q2.G.01	VC_DSR_EXVAL	Direct disaster economic loss, exposed value	566	8.097363256	9.585789025	NGA	Nigeria	1	ANNUAL	CU_USD	592030	2016	592030	UNISDR (2015). Global Assessment Report on Disaster Risk Reduction 2015, Geneva, Switzerland: United Nations Office for Disaster Risk Reduction	E
2017.Q2.G.01	VC_DSR_EXVAL	Direct disaster economic loss, exposed value	570	-169.8601693	-19.05000475	NIU	Niue	1	ANNUAL	CU_USD					
2017.Q2.G.01	VC_DSR_EXVAL	Direct disaster economic loss, exposed value	574	167.9515548	-29.03230018	NFK	Norfolk Island	1	ANNUAL	CU_USD					
2017.Q2.G.01	VC_DSR_EXVAL	Direct disaster economic loss, exposed value	578	11.47846389	61.34311134	NOR	Norway	1	ANNUAL	CU_USD	1933680	2016	1933680	UNISDR (2015). Global Assessment Report on Disaster Risk Reduction 2015, Geneva, Switzerland: United Nations Office for Disaster Risk Reduction	E
2017.Q2.G.01	VC_DSR_EXVAL	Direct disaster economic loss, exposed value	580	145.7582114	15.19099517	MNP	Northern Mariana Islands	1	ANNUAL	CU_USD					
2017.Q2.G.01	VC_DSR_EXVAL	Direct disaster economic loss, exposed value	581	-162.4343752	5.874443968	UMI	US Minor Outlying Islands	1	ANNUAL	CU_USD					
2017.Q2.G.01	VC_DSR_EXVAL	Direct disaster economic loss, exposed value	583	158.225216	6.880670092	FSM	Micronesia, Federated States of	1	ANNUAL	CU_USD	1347.82	2016	1347.82	UNISDR (2015). Global Assessment Report on Disaster Risk Reduction 2015, Geneva, Switzerland: United Nations Office for Disaster Risk Reduction	E
2017.Q2.G.01	VC_DSR_EXVAL	Direct disaster economic loss, exposed value	584	171.0839119	7.110213497	MHL	Marshall Islands	1	ANNUAL	CU_USD	766.314	2016	766.314	UNISDR (2015). Global Assessment Report on Disaster Risk Reduction 2015, Geneva, Switzerland: United Nations Office for Disaster Risk Reduction	E
2017.Q2.G.01	VC_DSR_EXVAL	Direct disaster economic loss, exposed value	585	134.5733878	7.502307591	PLW	Palau	1	ANNUAL	CU_USD	780.067	2016	780.067	UNISDR (2015). Global Assessment Report on Disaster Risk Reduction 2015, Geneva, Switzerland: United Nations Office for Disaster Risk Reduction	E
2017.Q2.G.01	VC_DSR_EXVAL	Direct disaster economic loss, exposed value	586	68.80479684	29.36491634	PAK	Pakistan	1	ANNUAL	CU_USD	502344	2016	502344	UNISDR (2015). Global Assessment Report on Disaster Risk Reduction 2015, Geneva, Switzerland: United Nations Office for Disaster Risk Reduction	E
2017.Q2.G.01	VC_DSR_EXVAL	Direct disaster economic loss, exposed value	591	-81.26616623	8.450965746	PAN	Panama	1	ANNUAL	CU_USD	124687	2016	124687	UNISDR (2015). Global Assessment Report on Disaster Risk Reduction 2015, Geneva, Switzerland: United Nations Office for Disaster Risk Reduction	E
2017.Q2.G.01	VC_DSR_EXVAL	Direct disaster economic loss, exposed value	598	145.8587761	-6.756057077	PNG	Papua New Guinea	1	ANNUAL	CU_USD	47017.9	2016	47017.9	UNISDR (2015). Global Assessment Report on Disaster Risk Reduction 2015, Geneva, Switzerland: United Nations Office for Disaster Risk Reduction	E
2017.Q2.G.01	VC_DSR_EXVAL	Direct disaster economic loss, exposed value	600	-60.54854225	-21.70216237	PRY	Paraguay	1	ANNUAL	CU_USD	92568.6	2016	92568.6	UNISDR (2015). Global Assessment Report on Disaster Risk Reduction 2015, Geneva, Switzerland: United Nations Office for Disaster Risk Reduction	E
2017.Q2.G.01	VC_DSR_EXVAL	Direct disaster economic loss, exposed value	604	-71.82093277	-13.58939705	PER	Peru	1	ANNUAL	CU_USD	692345	2016	692345	UNISDR (2015). Global Assessment Report on Disaster Risk Reduction 2015, Geneva, Switzerland: United Nations Office for Disaster Risk Reduction	E
2017.Q2.G.01	VC_DSR_EXVAL	Direct disaster economic loss, exposed value	608	120.8601418	14.16591706	PHL	Philippines	1	ANNUAL	CU_USD	566949	2016	566949	UNISDR (2015). Global Assessment Report on Disaster Risk Reduction 2015, Geneva, Switzerland: United Nations Office for Disaster Risk Reduction	E
2017.Q2.G.01	VC_DSR_EXVAL	Direct disaster economic loss, exposed value	612	-128.3225873	-24.37538456	PCN	Pitcairn	1	ANNUAL	CU_USD					
2017.Q2.G.01	VC_DSR_EXVAL	Direct disaster economic loss, exposed value	616	19.40660158	52.1226733	POL	Poland	1	ANNUAL	CU_USD	1614720	2016	1614720	UNISDR (2015). Global Assessment Report on Disaster Risk Reduction 2015, Geneva, Switzerland: United Nations Office for Disaster Risk Reduction	E
2017.Q2.G.01	VC_DSR_EXVAL	Direct disaster economic loss, exposed value	620	-7.961599811	39.68509315	PRT	Portugal	1	ANNUAL	CU_USD	1054340	2016	1054340	UNISDR (2015). Global Assessment Report on Disaster Risk Reduction 2015, Geneva, Switzerland: United Nations Office for Disaster Risk Reduction	E
2017.Q2.G.01	VC_DSR_EXVAL	Direct disaster economic loss, exposed value	624	-14.40182514	12.11760394	GNB	Guinea-Bissau	1	ANNUAL	CU_USD	2029.35	2016	2029.35	UNISDR (2015). Global Assessment Report on Disaster Risk Reduction 2015, Geneva, Switzerland: United Nations Office for Disaster Risk Reduction	E
2017.Q2.G.01	VC_DSR_EXVAL	Direct disaster economic loss, exposed value	626	125.9451052	-8.797497247	TLS	Timor-Leste	1	ANNUAL	CU_USD	12524.2	2016	12524.2	UNISDR (2015). Global Assessment Report on Disaster Risk Reduction 2015, Geneva, Switzerland: United Nations Office for Disaster Risk Reduction	E
2017.Q2.G.01	VC_DSR_EXVAL	Direct disaster economic loss, exposed value	630	-66.47591017	18.22753799	PRI	Puerto Rico	1	ANNUAL	CU_USD	259030	2016	259030	UNISDR (2015). Global Assessment Report on Disaster Risk Reduction 2015, Geneva, Switzerland: United Nations Office for Disaster Risk Reduction	E
2017.Q2.G.01	VC_DSR_EXVAL	Direct disaster economic loss, exposed value	634	51.19152467	25.28355379	QAT	Qatar	1	ANNUAL	CU_USD	624818	2016	624818	UNISDR (2015). Global Assessment Report on Disaster Risk Reduction 2015, Geneva, Switzerland: United Nations Office for Disaster Risk Reduction	E
2017.Q2.G.01	VC_DSR_EXVAL	Direct disaster economic loss, exposed value	638	55.53171398	-21.13183266	REU	Réunion	1	ANNUAL	CU_USD	67897.7	2016	67897.7	UNISDR (2015). Global Assessment Report on Disaster Risk Reduction 2015, Geneva, Switzerland: United Nations Office for Disaster Risk Reduction	E
2017.Q2.G.01	VC_DSR_EXVAL	Direct disaster economic loss, exposed value	642	24.98481009	45.83893563	ROU	Romania	1	ANNUAL	CU_USD	555697	2016	555697	UNISDR (2015). Global Assessment Report on Disaster Risk Reduction 2015, Geneva, Switzerland: United Nations Office for Disaster Risk Reduction	E
2017.Q2.G.01	VC_DSR_EXVAL	Direct disaster economic loss, exposed value	643	99.01404926	61.61899849	RUS	Russian Federation	1	ANNUAL	CU_USD	6325790	2016	6325790	UNISDR (2015). Global Assessment Report on Disaster Risk Reduction 2015, Geneva, Switzerland: United Nations Office for Disaster Risk Reduction	E
2017.Q2.G.01	VC_DSR_EXVAL	Direct disaster economic loss, exposed value	646	29.92310194	-1.999842114	RWA	Rwanda	1	ANNUAL	CU_USD	13197.4	2016	13197.4	UNISDR (2015). Global Assessment Report on Disaster Risk Reduction 2015, Geneva, Switzerland: United Nations Office for Disaster Risk Reduction	E
2017.Q2.G.01	VC_DSR_EXVAL	Direct disaster economic loss, exposed value	652	-62.83173536	17.89513362	BLM	Saint Barthélemy	1	ANNUAL	CU_USD					
2017.Q2.G.01	VC_DSR_EXVAL	Direct disaster economic loss, exposed value	654	-5.705752501	-15.96503946	SHN	Saint Helena	1	ANNUAL	CU_USD					
2017.Q2.G.01	VC_DSR_EXVAL	Direct disaster economic loss, exposed value	659	-62.76628613	17.33994219	KNA	Saint Kitts and Nevis	1	ANNUAL	CU_USD	4112.06	2016	4112.06	UNISDR (2015). Global Assessment Report on Disaster Risk Reduction 2015, Geneva, Switzerland: United Nations Office for Disaster Risk Reduction	E
2017.Q2.G.01	VC_DSR_EXVAL	Direct disaster economic loss, exposed value	660	-63.05651612	18.21525315	AIA	Anguilla	1	ANNUAL	CU_USD	865.496	2016	865.496	UNISDR (2015). Global Assessment Report on Disaster Risk Reduction 2015, Geneva, Switzerland: United Nations Office for Disaster Risk Reduction	E
2017.Q2.G.01	VC_DSR_EXVAL	Direct disaster economic loss, exposed value	662	-60.96529553	13.89405601	LCA	Saint Lucia	1	ANNUAL	CU_USD	3361.85	2016	3361.85	UNISDR (2015). Global Assessment Report on Disaster Risk Reduction 2015, Geneva, Switzerland: United Nations Office for Disaster Risk Reduction	E
2017.Q2.G.01	VC_DSR_EXVAL	Direct disaster economic loss, exposed value	663	-63.04505461	18.0882685	MAF	Saint Martin (French Part)	1	ANNUAL	CU_USD					
2017.Q2.G.01	VC_DSR_EXVAL	Direct disaster economic loss, exposed value	666	-56.33682442	46.85812735	SPM	Saint Pierre and Miquelon	1	ANNUAL	CU_USD					
2017.Q2.G.01	VC_DSR_EXVAL	Direct disaster economic loss, exposed value	670	-61.19024321	13.24627968	VCT	Saint Vincent and the Grenadines	1	ANNUAL	CU_USD	2645.41	2016	2645.41	UNISDR (2015). Global Assessment Report on Disaster Risk Reduction 2015, Geneva, Switzerland: United Nations Office for Disaster Risk Reduction	E
2017.Q2.G.01	VC_DSR_EXVAL	Direct disaster economic loss, exposed value	674	12.46329038	43.93841766	SMR	San Marino	1	ANNUAL	CU_USD	4049.35	2016	4049.35	UNISDR (2015). Global Assessment Report on Disaster Risk Reduction 2015, Geneva, Switzerland: United Nations Office for Disaster Risk Reduction	E
2017.Q2.G.01	VC_DSR_EXVAL	Direct disaster economic loss, exposed value	678	6.609772265	0.241554875	STP	Sao Tome and Principe	1	ANNUAL	CU_USD	2122.7	2016	2122.7	UNISDR (2015). Global Assessment Report on Disaster Risk Reduction 2015, Geneva, Switzerland: United Nations Office for Disaster Risk Reduction	E
2017.Q2.G.01	VC_DSR_EXVAL	Direct disaster economic loss, exposed value	682	44.54763347	24.12594211	SAU	Saudi Arabia	1	ANNUAL	CU_USD	2141420	2016	2141420	UNISDR (2015). Global Assessment Report on Disaster Risk Reduction 2015, Geneva, Switzerland: United Nations Office for Disaster Risk Reduction	E
2017.Q2.G.01	VC_DSR_EXVAL	Direct disaster economic loss, exposed value	686	-14.46636926	14.35920905	SEN	Senegal	1	ANNUAL	CU_USD	35335.2	2016	35335.2	UNISDR (2015). Global Assessment Report on Disaster Risk Reduction 2015, Geneva, Switzerland: United Nations Office for Disaster Risk Reduction	E
2017.Q2.G.01	VC_DSR_EXVAL	Direct disaster economic loss, exposed value	688	20.805876	44.03145697	SRB	Serbia	1	ANNUAL	CU_USD	57317.2	2016	57317.2	UNISDR (2015). Global Assessment Report on Disaster Risk Reduction 2015, Geneva, Switzerland: United Nations Office for Disaster Risk Reduction	E
2017.Q2.G.01	VC_DSR_EXVAL	Direct disaster economic loss, exposed value	690	55.46561591	-4.678053059	SYC	Seychelles	1	ANNUAL	CU_USD	6234.98	2016	6234.98	UNISDR (2015). Global Assessment Report on Disaster Risk Reduction 2015, Geneva, Switzerland: United Nations Office for Disaster Risk Reduction	E
2017.Q2.G.01	VC_DSR_EXVAL	Direct disaster economic loss, exposed value	694	-11.78306584	8.568604164	SLE	Sierra Leone	1	ANNUAL	CU_USD	3031.82	2016	3031.82	UNISDR (2015). Global Assessment Report on Disaster Risk Reduction 2015, Geneva, Switzerland: United Nations Office for Disaster Risk Reduction	E
2017.Q2.G.01	VC_DSR_EXVAL	Direct disaster economic loss, exposed value	702	103.8107883	1.361009155	SGP	Singapore	1	ANNUAL	CU_USD	1126580	2016	1126580	UNISDR (2015). Global Assessment Report on Disaster Risk Reduction 2015, Geneva, Switzerland: United Nations Office for Disaster Risk Reduction	E
2017.Q2.G.01	VC_DSR_EXVAL	Direct disaster economic loss, exposed value	703	19.48495604	48.70741446	SVK	Slovakia	1	ANNUAL	CU_USD	414783	2016	414783	UNISDR (2015). Global Assessment Report on Disaster Risk Reduction 2015, Geneva, Switzerland: United Nations Office for Disaster Risk Reduction	E
2017.Q2.G.01	VC_DSR_EXVAL	Direct disaster economic loss, exposed value	704	105.802499	10.09643079	VNM	Viet Nam	1	ANNUAL	CU_USD	487574	2016	487574	UNISDR (2015). Global Assessment Report on Disaster Risk Reduction 2015, Geneva, Switzerland: United Nations Office for Disaster Risk Reduction	E
2017.Q2.G.01	VC_DSR_EXVAL	Direct disaster economic loss, exposed value	705	14.82209486	46.11958061	SVN	Slovenia	1	ANNUAL	CU_USD	139900	2016	139900	UNISDR (2015). Global Assessment Report on Disaster Risk Reduction 2015, Geneva, Switzerland: United Nations Office for Disaster Risk Reduction	E
2017.Q2.G.01	VC_DSR_EXVAL	Direct disaster economic loss, exposed value	706	46.20367477	4.406485729	SOM	Somalia	1	ANNUAL	CU_USD	6408.32	2016	6408.32	UNISDR (2015). Global Assessment Report on Disaster Risk Reduction 2015, Geneva, Switzerland: United Nations Office for Disaster Risk Reduction	E
2017.Q2.G.01	VC_DSR_EXVAL	Direct disaster economic loss, exposed value	710	24.67184355	-29.99957544	ZAF	South Africa	1	ANNUAL	CU_USD	1282850	2016	1282850	UNISDR (2015). Global Assessment Report on Disaster Risk Reduction 2015, Geneva, Switzerland: United Nations Office for Disaster Risk Reduction	E
2017.Q2.G.01	VC_DSR_EXVAL	Direct disaster economic loss, exposed value	716	29.86909584	-19.00075492	ZWE	Zimbabwe	1	ANNUAL	CU_USD	22038.1	2016	22038.1	UNISDR (2015). Global Assessment Report on Disaster Risk Reduction 2015, Geneva, Switzerland: United Nations Office for Disaster Risk Reduction	E
2017.Q2.G.01	VC_DSR_EXVAL	Direct disaster economic loss, exposed value	724	-3.554078296	40.39211472	ESP	Spain	1	ANNUAL	CU_USD	6233960	2016	6233960	UNISDR (2015). Global Assessment Report on Disaster Risk Reduction 2015, Geneva, Switzerland: United Nations Office for Disaster Risk Reduction	E
2017.Q2.G.01	VC_DSR_EXVAL	Direct disaster economic loss, exposed value	728	30.32618773	7.290839152	SSD	South Sudan	1	ANNUAL	CU_USD	19958.3	2016	19958.3	UNISDR (2015). Global Assessment Report on Disaster Risk Reduction 2015, Geneva, Switzerland: United Nations Office for Disaster Risk Reduction	E
2017.Q2.G.01	VC_DSR_EXVAL	Direct disaster economic loss, exposed value	732	-13.13515523	24.66265342	ESH	Western Sahara	1	ANNUAL	CU_USD	3690.88	2016	3690.88	UNISDR (2015). Global Assessment Report on Disaster Risk Reduction 2015, Geneva, Switzerland: United Nations Office for Disaster Risk Reduction	E
2017.Q2.G.01	VC_DSR_EXVAL	Direct disaster economic loss, exposed value	736	29.95650159	16.02643066	SDN	Sudan	1	ANNUAL	CU_USD					
2017.Q2.G.01	VC_DSR_EXVAL	Direct disaster economic loss, exposed value	740	-55.90626394	4.132603197	SUR	Suriname	1	ANNUAL	CU_USD	9620.16	2016	9620.16	UNISDR (2015). Global Assessment Report on Disaster Risk Reduction 2015, Geneva, Switzerland: United Nations Office for Disaster Risk Reduction	E
2017.Q2.G.01	VC_DSR_EXVAL	Direct disaster economic loss, exposed value	744	13.38071013	78.82894131	SJM	Svalbard and Jan Mayen Islands	1	ANNUAL	CU_USD					
2017.Q2.G.01	VC_DSR_EXVAL	Direct disaster economic loss, exposed value	748	31.50149288	-26.56471011	SWZ	Swaziland	1	ANNUAL	CU_USD	13701.2	2016	13701.2	UNISDR (2015). Global Assessment Report on Disaster Risk Reduction 2015, Geneva, Switzerland: United Nations Office for Disaster Risk Reduction	E
2017.Q2.G.01	VC_DSR_EXVAL	Direct disaster economic loss, exposed value	752	14.3775338	60.60103109	SWE	Sweden	1	ANNUAL	CU_USD	1747500	2016	1747500	UNISDR (2015). Global Assessment Report on Disaster Risk Reduction 2015, Geneva, Switzerland: United Nations Office for Disaster Risk Reduction	E
2017.Q2.G.01	VC_DSR_EXVAL	Direct disaster economic loss, exposed value	756	8.223158	46.96617097	CHE	Switzerland	1	ANNUAL	CU_USD	3421610	2016	3421610	UNISDR (2015). Global Assessment Report on Disaster Risk Reduction 2015, Geneva, Switzerland: United Nations Office for Disaster Risk Reduction	E
2017.Q2.G.01	VC_DSR_EXVAL	Direct disaster economic loss, exposed value	760	38.50466565	35.01676176	SYR	Syrian Arab Republic (Syria)	1	ANNUAL	CU_USD	204643	2016	204643	UNISDR (2015). Global Assessment Report on Disaster Risk Reduction 2015, Geneva, Switzerland: United Nations Office for Disaster Risk Reduction	E
2017.Q2.G.01	VC_DSR_EXVAL	Direct disaster economic loss, exposed value	762	69.294998	38.43069666	TJK	Tajikistan	1	ANNUAL	CU_USD	20536.9	2016	20536.9	UNISDR (2015). Global Assessment Report on Disaster Risk Reduction 2015, Geneva, Switzerland: United Nations Office for Disaster Risk Reduction	E
2017.Q2.G.01	VC_DSR_EXVAL	Direct disaster economic loss, exposed value	764	101.0202951	15.13089239	THA	Thailand	1	ANNUAL	CU_USD	1379000	2016	1379000	UNISDR (2015). Global Assessment Report on Disaster Risk Reduction 2015, Geneva, Switzerland: United Nations Office for Disaster Risk Reduction	E
2017.Q2.G.01	VC_DSR_EXVAL	Direct disaster economic loss, exposed value	768	0.97835765	8.532096072	TGO	Togo	1	ANNUAL	CU_USD	12513.7	2016	12513.7	UNISDR (2015). Global Assessment Report on Disaster Risk Reduction 2015, Geneva, Switzerland: United Nations Office for Disaster Risk Reduction	E
2017.Q2.G.01	VC_DSR_EXVAL	Direct disaster economic loss, exposed value	772	-171.8154473	-9.214545558	TKL	Tokelau	1	ANNUAL	CU_USD					
2017.Q2.G.01	VC_DSR_EXVAL	Direct disaster economic loss, exposed value	776	-175.1959991	-21.19511329	TON	Tonga	1	ANNUAL	CU_USD	1303.32	2016	1303.32	UNISDR (2015). Global Assessment Report on Disaster Risk Reduction 2015, Geneva, Switzerland: United Nations Office for Disaster Risk Reduction	E
2017.Q2.G.01	VC_DSR_EXVAL	Direct disaster economic loss, exposed value	780	-61.29389504	10.41877263	TTO	Trinidad and Tobago	1	ANNUAL	CU_USD	68647.9	2016	68647.9	UNISDR (2015). Global Assessment Report on Disaster Risk Reduction 2015, Geneva, Switzerland: United Nations Office for Disaster Risk Reduction	E
2017.Q2.G.01	VC_DSR_EXVAL	Direct disaster economic loss, exposed value	784	53.98279159	23.43322219	ARE	United Arab Emirates	1	ANNUAL	CU_USD	1282120	2016	1282120	UNISDR (2015). Global Assessment Report on Disaster Risk Reduction 2015, Geneva, Switzerland: United Nations Office for Disaster Risk Reduction	E
2017.Q2.G.01	VC_DSR_EXVAL	Direct disaster economic loss, exposed value	788	9.572737411	34.11439971	TUN	Tunisia	1	ANNUAL	CU_USD	178846	2016	178846	UNISDR (2015). Global Assessment Report on Disaster Risk Reduction 2015, Geneva, Switzerland: United Nations Office for Disaster Risk Reduction	E
2017.Q2.G.01	VC_DSR_EXVAL	Direct disaster economic loss, exposed value	792	35.42890329	38.9899684	TUR	Turkey	1	ANNUAL	CU_USD	1947250	2016	1947250	UNISDR (2015). Global Assessment Report on Disaster Risk Reduction 2015, Geneva, Switzerland: United Nations Office for Disaster Risk Reduction	E
2017.Q2.G.01	VC_DSR_EXVAL	Direct disaster economic loss, exposed value	795	58.9787665	40.0912346	TKM	Turkmenistan	1	ANNUAL	CU_USD	36127	2016	36127	UNISDR (2015). Global Assessment Report on Disaster Risk Reduction 2015, Geneva, Switzerland: United Nations Office for Disaster Risk Reduction	E
2017.Q2.G.01	VC_DSR_EXVAL	Direct disaster economic loss, exposed value	796	-71.745121	21.80780585	TCA	Turks and Caicos Islands	1	ANNUAL	CU_USD	1049.28	2016	1049.28	UNISDR (2015). Global Assessment Report on Disaster Risk Reduction 2015, Geneva, Switzerland: United Nations Office for Disaster Risk Reduction	E
2017.Q2.G.01	VC_DSR_EXVAL	Direct disaster economic loss, exposed value	798	178.6679611	-7.460048071	TUV	Tuvalu	1	ANNUAL	CU_USD	123.265	2016	123.265	UNISDR (2015). Global Assessment Report on Disaster Risk Reduction 2015, Geneva, Switzerland: United Nations Office for Disaster Risk Reduction	E
2017.Q2.G.01	VC_DSR_EXVAL	Direct disaster economic loss, exposed value	800	32.39100438	1.279557331	UGA	Uganda	1	ANNUAL	CU_USD	43697.1	2016	43697.1	UNISDR (2015). Global Assessment Report on Disaster Risk Reduction 2015, Geneva, Switzerland: United Nations Office for Disaster Risk Reduction	E
2017.Q2.G.01	VC_DSR_EXVAL	Direct disaster economic loss, exposed value	804	31.40270802	49.00735945	UKR	Ukraine	1	ANNUAL	CU_USD	676834	2016	676834	UNISDR (2015). Global Assessment Report on Disaster Risk Reduction 2015, Geneva, Switzerland: United Nations Office for Disaster Risk Reduction	E
2017.Q2.G.01	VC_DSR_EXVAL	Direct disaster economic loss, exposed value	807	21.7007909	41.60048068	MKD	Macedonia, Republic of	1	ANNUAL	CU_USD	32996.4	2016	32996.4	UNISDR (2015). Global Assessment Report on Disaster Risk Reduction 2015, Geneva, Switzerland: United Nations Office for Disaster Risk Reduction	E
2017.Q2.G.01	VC_DSR_EXVAL	Direct disaster economic loss, exposed value	818	29.77468534	26.57438204	EGY	Egypt	1	ANNUAL	CU_USD	617149	2016	617149	UNISDR (2015). Global Assessment Report on Disaster Risk Reduction 2015, Geneva, Switzerland: United Nations Office for Disaster Risk Reduction	E
2017.Q2.G.01	VC_DSR_EXVAL	Direct disaster economic loss, exposed value	826	-2.23830539	53.27691757	GBR	United Kingdom	1	ANNUAL	CU_USD	7806800	2016	7806800	UNISDR (2015). Global Assessment Report on Disaster Risk Reduction 2015, Geneva, Switzerland: United Nations Office for Disaster Risk Reduction	E
2017.Q2.G.01	VC_DSR_EXVAL	Direct disaster economic loss, exposed value	831	-2.200712402	49.71561166	GGY	Guernsey	1	ANNUAL	CU_USD					
2017.Q2.G.01	VC_DSR_EXVAL	Direct disaster economic loss, exposed value	832	-2.136773508	49.22353354	JEY	Jersey	1	ANNUAL	CU_USD					
2017.Q2.G.01	VC_DSR_EXVAL	Direct disaster economic loss, exposed value	833	-4.538190305	54.22880901	IMN	Isle of Man	1	ANNUAL	CU_USD					
2017.Q2.G.01	VC_DSR_EXVAL	Direct disaster economic loss, exposed value	834	34.80521182	-6.265332606	TZA	Tanzania, United Republic of	1	ANNUAL	CU_USD	50142.8	2016	50142.8	UNISDR (2015). Global Assessment Report on Disaster Risk Reduction 2015, Geneva, Switzerland: United Nations Office for Disaster Risk Reduction	E
2017.Q2.G.01	VC_DSR_EXVAL	Direct disaster economic loss, exposed value	840	-99.13830311	39.5277871	USA	United States of America	1	ANNUAL	CU_USD	54922500	2016	54922500	UNISDR (2015). Global Assessment Report on Disaster Risk Reduction 2015, Geneva, Switzerland: United Nations Office for Disaster Risk Reduction	E
2017.Q2.G.01	VC_DSR_EXVAL	Direct disaster economic loss, exposed value	850	-64.76960113	17.73297693	VIR	United States Virgin Islands	1	ANNUAL	CU_USD	5344.44	2016	5344.44	UNISDR (2015). Global Assessment Report on Disaster Risk Reduction 2015, Geneva, Switzerland: United Nations Office for Disaster Risk Reduction	E
2017.Q2.G.01	VC_DSR_EXVAL	Direct disaster economic loss, exposed value	854	-1.742843829	12.27491081	BFA	Burkina Faso	1	ANNUAL	CU_USD	24689.4	2016	24689.4	UNISDR (2015). Global Assessment Report on Disaster Risk Reduction 2015, Geneva, Switzerland: United Nations Office for Disaster Risk Reduction	E
2017.Q2.G.01	VC_DSR_EXVAL	Direct disaster economic loss, exposed value	858	-56.01387025	-32.8002838	URY	Uruguay	1	ANNUAL	CU_USD	116460	2016	116460	UNISDR (2015). Global Assessment Report on Disaster Risk Reduction 2015, Geneva, Switzerland: United Nations Office for Disaster Risk Reduction	E
2017.Q2.G.01	VC_DSR_EXVAL	Direct disaster economic loss, exposed value	860	63.11944558	41.77560518	UZB	Uzbekistan	1	ANNUAL	CU_USD	151891	2016	151891	UNISDR (2015). Global Assessment Report on Disaster Risk Reduction 2015, Geneva, Switzerland: United Nations Office for Disaster Risk Reduction	E
2017.Q2.G.01	VC_DSR_EXVAL	Direct disaster economic loss, exposed value	862	-66.15642084	7.121324748	VEN	Venezuela (Bolivarian Republic)	1	ANNUAL	CU_USD	1154530	2016	1154530	UNISDR (2015). Global Assessment Report on Disaster Risk Reduction 2015, Geneva, Switzerland: United Nations Office for Disaster Risk Reduction	E
2017.Q2.G.01	VC_DSR_EXVAL	Direct disaster economic loss, exposed value	876	-176.2034788	-13.28471201	WLF	Wallis and Futuna Islands	1	ANNUAL	CU_USD					
2017.Q2.G.01	VC_DSR_EXVAL	Direct disaster economic loss, exposed value	882	-172.4430749	-13.61541469	WSM	Samoa	1	ANNUAL	CU_USD	1930.49	2016	1930.49	UNISDR (2015). Global Assessment Report on Disaster Risk Reduction 2015, Geneva, Switzerland: United Nations Office for Disaster Risk Reduction	E
2017.Q2.G.01	VC_DSR_EXVAL	Direct disaster economic loss, exposed value	887	45.22389143	15.22242099	YEM	Yemen	1	ANNUAL	CU_USD	79113.6	2016	79113.6	UNISDR (2015). Global Assessment Report on Disaster Risk Reduction 2015, Geneva, Switzerland: United Nations Office for Disaster Risk Reduction	E
2017.Q2.G.01	VC_DSR_EXVAL	Direct disaster economic loss, exposed value	894	27.850329	-14.59701056	ZMB	Zambia	1	ANNUAL	CU_USD	48954.5	2016	48954.5	UNISDR (2015). Global Assessment Report on Disaster Risk Reduction 2015, Geneva, Switzerland: United Nations Office for Disaster Risk Reduction	E
