series.release	series.code	series.description	geoAreaCode	X	Y	ISO3CD	geoAreaName	sliceId	Freq	Units	1990	1991	1992	1993	1994	1995	1996	1997	1998	1999	2000	2001	2002	2003	2004	2005	2006	2007	2008	2009	2010	2011	2012	2013	2014	2015	2016	last.5.years.mean	latest.year	latest.value	latest.source	latest.nature
2017.Q2.G.01	VC_DSR_MISS	Number of missing persons due to disaster, total (number)	4	66.02688198	33.83160199	AFG	Afghanistan	1	ANNUAL	NUMBER																																
2017.Q2.G.01	VC_DSR_MISS	Number of missing persons due to disaster, total (number)	8	20.06660928	41.13897007	ALB	Albania	1	ANNUAL	NUMBER				1				2			1											8	1			1		1	2015	1	UNISDR (2015). Global Assessment Report on Disaster Risk Reduction 2015, Geneva, Switzerland: United Nations Office for Disaster Risk Reduction	C
2017.Q2.G.01	VC_DSR_MISS	Number of missing persons due to disaster, total (number)	10	21.47585697	-80.40897662	ATA	Antarctica	1	ANNUAL	NUMBER																																
2017.Q2.G.01	VC_DSR_MISS	Number of missing persons due to disaster, total (number)	12	2.678164227	28.15940032	DZA	Algeria	1	ANNUAL	NUMBER																																
2017.Q2.G.01	VC_DSR_MISS	Number of missing persons due to disaster, total (number)	16	-170.7187269	-14.30587306	ASM	American Samoa	1	ANNUAL	NUMBER																																
2017.Q2.G.01	VC_DSR_MISS	Number of missing persons due to disaster, total (number)	20	1.576257417	42.54548611	AND	Andorra	1	ANNUAL	NUMBER																																
2017.Q2.G.01	VC_DSR_MISS	Number of missing persons due to disaster, total (number)	24	17.57817062	-12.33724746	AGO	Angola	1	ANNUAL	NUMBER																																
2017.Q2.G.01	VC_DSR_MISS	Number of missing persons due to disaster, total (number)	28	-61.7999755	17.07761471	ATG	Antigua and Barbuda	1	ANNUAL	NUMBER										1																			1999	1	UNISDR (2015). Global Assessment Report on Disaster Risk Reduction 2015, Geneva, Switzerland: United Nations Office for Disaster Risk Reduction	C
2017.Q2.G.01	VC_DSR_MISS	Number of missing persons due to disaster, total (number)	31	50.01064725	40.39229544	AZE	Azerbaijan	1	ANNUAL	NUMBER																																
2017.Q2.G.01	VC_DSR_MISS	Number of missing persons due to disaster, total (number)	32	-65.14563274	-35.19446255	ARG	Argentina	1	ANNUAL	NUMBER	5	2	65	8	1	20	10	11	18	4	22	29	14	10	11	3	4	7	12	6									2009	6	UNISDR (2015). Global Assessment Report on Disaster Risk Reduction 2015, Geneva, Switzerland: United Nations Office for Disaster Risk Reduction	C
2017.Q2.G.01	VC_DSR_MISS	Number of missing persons due to disaster, total (number)	36	134.3499412	-25.57717202	AUS	Australia	1	ANNUAL	NUMBER																																
2017.Q2.G.01	VC_DSR_MISS	Number of missing persons due to disaster, total (number)	40	14.14172472	47.58704857	AUT	Austria	1	ANNUAL	NUMBER																																
2017.Q2.G.01	VC_DSR_MISS	Number of missing persons due to disaster, total (number)	44	-78.05111663	24.69546597	BHS	Bahamas	1	ANNUAL	NUMBER																																
2017.Q2.G.01	VC_DSR_MISS	Number of missing persons due to disaster, total (number)	48	50.5490754	26.04407747	BHR	Bahrain	1	ANNUAL	NUMBER																																
2017.Q2.G.01	VC_DSR_MISS	Number of missing persons due to disaster, total (number)	50	89.17660788	22.86961622	BGD	Bangladesh	1	ANNUAL	NUMBER																																
2017.Q2.G.01	VC_DSR_MISS	Number of missing persons due to disaster, total (number)	51	44.93839317	40.29499741	ARM	Armenia	1	ANNUAL	NUMBER																																
2017.Q2.G.01	VC_DSR_MISS	Number of missing persons due to disaster, total (number)	52	-59.5346489	13.13648273	BRB	Barbados	1	ANNUAL	NUMBER																																
2017.Q2.G.01	VC_DSR_MISS	Number of missing persons due to disaster, total (number)	56	4.660976456	50.64104975	BEL	Belgium	1	ANNUAL	NUMBER																																
2017.Q2.G.01	VC_DSR_MISS	Number of missing persons due to disaster, total (number)	60	-64.78155012	32.27881922	BMU	Bermuda	1	ANNUAL	NUMBER																																
2017.Q2.G.01	VC_DSR_MISS	Number of missing persons due to disaster, total (number)	64	90.45098484	27.39598568	BTN	Bhutan	1	ANNUAL	NUMBER																																
2017.Q2.G.01	VC_DSR_MISS	Number of missing persons due to disaster, total (number)	68	-64.66224284	-16.71273412	BOL	Bolivia (Plurinational State of)	1	ANNUAL	NUMBER					1						20	6		148	2	19	4	3	18	2	1								2010	1	UNISDR (2015). Global Assessment Report on Disaster Risk Reduction 2015, Geneva, Switzerland: United Nations Office for Disaster Risk Reduction	C
2017.Q2.G.01	VC_DSR_MISS	Number of missing persons due to disaster, total (number)	70	17.78584332	44.16845548	BIH	Bosnia and Herzegovina	1	ANNUAL	NUMBER																																
2017.Q2.G.01	VC_DSR_MISS	Number of missing persons due to disaster, total (number)	72	23.81380223	-22.18810073	BWA	Botswana	1	ANNUAL	NUMBER																																
2017.Q2.G.01	VC_DSR_MISS	Number of missing persons due to disaster, total (number)	74	3.410732868	-54.43295905	BVT	Bouvet Island	1	ANNUAL	NUMBER																																
2017.Q2.G.01	VC_DSR_MISS	Number of missing persons due to disaster, total (number)	76	-53.08432878	-10.77668561	BRA	Brazil	1	ANNUAL	NUMBER																																
2017.Q2.G.01	VC_DSR_MISS	Number of missing persons due to disaster, total (number)	84	-88.70199554	17.19965901	BLZ	Belize	1	ANNUAL	NUMBER																																
2017.Q2.G.01	VC_DSR_MISS	Number of missing persons due to disaster, total (number)	86	72.38715553	-7.299281071	IOT	British Indian Ocean Territory	1	ANNUAL	NUMBER																																
2017.Q2.G.01	VC_DSR_MISS	Number of missing persons due to disaster, total (number)	90	160.1584117	-9.622391719	SLB	Solomon Islands	1	ANNUAL	NUMBER																		6		11	2			4				4	2013	4	UNISDR (2015). Global Assessment Report on Disaster Risk Reduction 2015, Geneva, Switzerland: United Nations Office for Disaster Risk Reduction	C
2017.Q2.G.01	VC_DSR_MISS	Number of missing persons due to disaster, total (number)	92	-64.63294223	18.42256578	VGB	British Virgin Islands	1	ANNUAL	NUMBER																																
2017.Q2.G.01	VC_DSR_MISS	Number of missing persons due to disaster, total (number)	96	114.6288563	4.49736984	BRN	Brunei Darussalam	1	ANNUAL	NUMBER																																
2017.Q2.G.01	VC_DSR_MISS	Number of missing persons due to disaster, total (number)	100	25.23763153	42.75731323	BGR	Bulgaria	1	ANNUAL	NUMBER																																
2017.Q2.G.01	VC_DSR_MISS	Number of missing persons due to disaster, total (number)	104	96.51752295	21.19332882	MMR	Myanmar	1	ANNUAL	NUMBER																			3325					3		15		9	2015	15	UNISDR (2015). Global Assessment Report on Disaster Risk Reduction 2015, Geneva, Switzerland: United Nations Office for Disaster Risk Reduction	C
2017.Q2.G.01	VC_DSR_MISS	Number of missing persons due to disaster, total (number)	108	29.89080992	-3.366387428	BDI	Burundi	1	ANNUAL	NUMBER																																
2017.Q2.G.01	VC_DSR_MISS	Number of missing persons due to disaster, total (number)	112	28.04940161	53.54193075	BLR	Belarus	1	ANNUAL	NUMBER																																
2017.Q2.G.01	VC_DSR_MISS	Number of missing persons due to disaster, total (number)	116	104.922836	12.71163737	KHM	Cambodia	1	ANNUAL	NUMBER											2																		2000	2	UNISDR (2015). Global Assessment Report on Disaster Risk Reduction 2015, Geneva, Switzerland: United Nations Office for Disaster Risk Reduction	C
2017.Q2.G.01	VC_DSR_MISS	Number of missing persons due to disaster, total (number)	120	12.7419827	5.692387031	CMR	Cameroon	1	ANNUAL	NUMBER																																
2017.Q2.G.01	VC_DSR_MISS	Number of missing persons due to disaster, total (number)	124	-101.6575058	57.72360191	CAN	Canada	1	ANNUAL	NUMBER																																
2017.Q2.G.01	VC_DSR_MISS	Number of missing persons due to disaster, total (number)	132	-23.63544151	15.07791834	CPV	Cabo Verde	1	ANNUAL	NUMBER																																
2017.Q2.G.01	VC_DSR_MISS	Number of missing persons due to disaster, total (number)	136	-81.16740559	19.32266656	CYM	Cayman Islands	1	ANNUAL	NUMBER																																
2017.Q2.G.01	VC_DSR_MISS	Number of missing persons due to disaster, total (number)	140	20.93559492	7.003720791	CAF	Central African Republic	1	ANNUAL	NUMBER																																
2017.Q2.G.01	VC_DSR_MISS	Number of missing persons due to disaster, total (number)	144	80.70489654	7.614693343	LKA	Sri Lanka	1	ANNUAL	NUMBER			10					5						33	1908	1	1	7	4	2	4	21	9	29	1			13	2014	1	UNISDR (2015). Global Assessment Report on Disaster Risk Reduction 2015, Geneva, Switzerland: United Nations Office for Disaster Risk Reduction	C
2017.Q2.G.01	VC_DSR_MISS	Number of missing persons due to disaster, total (number)	148	18.66618401	15.36279341	TCD	Chad	1	ANNUAL	NUMBER																																
2017.Q2.G.01	VC_DSR_MISS	Number of missing persons due to disaster, total (number)	152	-71.23029019	-35.2652885	CHL	Chile	1	ANNUAL	NUMBER	22	55	1	73	4	1	2	16		2	4	14	22	11	2	6	12	23	5	7	368	3	31	2				16.5	2013	2	UNISDR (2015). Global Assessment Report on Disaster Risk Reduction 2015, Geneva, Switzerland: United Nations Office for Disaster Risk Reduction	C
2017.Q2.G.01	VC_DSR_MISS	Number of missing persons due to disaster, total (number)	156	104.1403375	32.30955217	CHN	China	1	ANNUAL	NUMBER																																
2017.Q2.G.01	VC_DSR_MISS	Number of missing persons due to disaster, total (number)	162	105.6426067	-10.4882473	CXR	Christmas Island	1	ANNUAL	NUMBER																																
2017.Q2.G.01	VC_DSR_MISS	Number of missing persons due to disaster, total (number)	166	96.82633757	-12.18600682	CCK	Cocos (Keeling) Islands	1	ANNUAL	NUMBER																																
2017.Q2.G.01	VC_DSR_MISS	Number of missing persons due to disaster, total (number)	170	-73.07446751	3.888209046	COL	Colombia	1	ANNUAL	NUMBER	44	126	27	39	133	57	66	14	7	813	45	32	68	34	30	44	39	38	55	71	74	65	49	42	50	32		43.25	2015	32	UNISDR (2015). Global Assessment Report on Disaster Risk Reduction 2015, Geneva, Switzerland: United Nations Office for Disaster Risk Reduction	C
2017.Q2.G.01	VC_DSR_MISS	Number of missing persons due to disaster, total (number)	174	43.34234565	-11.66121732	COM	Comoros	1	ANNUAL	NUMBER																						98			1			1	2014	1	UNISDR (2015). Global Assessment Report on Disaster Risk Reduction 2015, Geneva, Switzerland: United Nations Office for Disaster Risk Reduction	C
2017.Q2.G.01	VC_DSR_MISS	Number of missing persons due to disaster, total (number)	175	45.14015057	-12.82217691	MYT	Mayotte	1	ANNUAL	NUMBER																																
2017.Q2.G.01	VC_DSR_MISS	Number of missing persons due to disaster, total (number)	178	15.22052612	-0.840544119	COG	Congo	1	ANNUAL	NUMBER																																
2017.Q2.G.01	VC_DSR_MISS	Number of missing persons due to disaster, total (number)	180	23.65496507	-2.877154732	COD	Democratic Republic of the Congo	1	ANNUAL	NUMBER																																
2017.Q2.G.01	VC_DSR_MISS	Number of missing persons due to disaster, total (number)	184	-159.7711391	-21.22696458	COK	Cook Islands	1	ANNUAL	NUMBER																																
2017.Q2.G.01	VC_DSR_MISS	Number of missing persons due to disaster, total (number)	188	-84.19712782	9.970998683	CRI	Costa Rica	1	ANNUAL	NUMBER	1	1			4			2	2		8		7			1		2	3	7	2		3		2		8	4.33333333333333	2016	8	UNISDR (2015). Global Assessment Report on Disaster Risk Reduction 2015, Geneva, Switzerland: United Nations Office for Disaster Risk Reduction	C
2017.Q2.G.01	VC_DSR_MISS	Number of missing persons due to disaster, total (number)	191	17.95874553	45.45172212	HRV	Croatia	1	ANNUAL	NUMBER																																
2017.Q2.G.01	VC_DSR_MISS	Number of missing persons due to disaster, total (number)	192	-79.54460144	22.10030366	CUB	Cuba	1	ANNUAL	NUMBER																																
2017.Q2.G.01	VC_DSR_MISS	Number of missing persons due to disaster, total (number)	196	33.22285964	35.05659437	CYP	Cyprus	1	ANNUAL	NUMBER																																
2017.Q2.G.01	VC_DSR_MISS	Number of missing persons due to disaster, total (number)	203	15.33151382	49.73913871	CZE	Czechia	1	ANNUAL	NUMBER																																
2017.Q2.G.01	VC_DSR_MISS	Number of missing persons due to disaster, total (number)	204	2.339933594	9.65401646	BEN	Benin	1	ANNUAL	NUMBER																																
2017.Q2.G.01	VC_DSR_MISS	Number of missing persons due to disaster, total (number)	208	9.326571283	56.03829721	DNK	Denmark	1	ANNUAL	NUMBER																																
2017.Q2.G.01	VC_DSR_MISS	Number of missing persons due to disaster, total (number)	212	-61.3493756	15.43391378	DMA	Dominica	1	ANNUAL	NUMBER																					1								2010	1	UNISDR (2015). Global Assessment Report on Disaster Risk Reduction 2015, Geneva, Switzerland: United Nations Office for Disaster Risk Reduction	C
2017.Q2.G.01	VC_DSR_MISS	Number of missing persons due to disaster, total (number)	214	-70.49847576	18.89832088	DOM	Dominican Republic	1	ANNUAL	NUMBER		8		16	1		2		2	2	10																		2000	10	UNISDR (2015). Global Assessment Report on Disaster Risk Reduction 2015, Geneva, Switzerland: United Nations Office for Disaster Risk Reduction	C
2017.Q2.G.01	VC_DSR_MISS	Number of missing persons due to disaster, total (number)	218	-78.37005241	-1.447785891	ECU	Ecuador	1	ANNUAL	NUMBER		8	18	328	18		3	37	78	14	14	57	127	1	14	4	31	6	21	11	11	13		58	58	66	61	60.75	2016	61	UNISDR (2015). Global Assessment Report on Disaster Risk Reduction 2015, Geneva, Switzerland: United Nations Office for Disaster Risk Reduction	C
2017.Q2.G.01	VC_DSR_MISS	Number of missing persons due to disaster, total (number)	222	-88.86862995	13.73603564	SLV	El Salvador	1	ANNUAL	NUMBER		1	10		3				19	4		492		1		81		1	7		8	4	8	4		1		4.33333333333333	2015	1	UNISDR (2015). Global Assessment Report on Disaster Risk Reduction 2015, Geneva, Switzerland: United Nations Office for Disaster Risk Reduction	C
2017.Q2.G.01	VC_DSR_MISS	Number of missing persons due to disaster, total (number)	226	10.46535826	1.565792376	GNQ	Equatorial Guinea	1	ANNUAL	NUMBER																																
2017.Q2.G.01	VC_DSR_MISS	Number of missing persons due to disaster, total (number)	231	39.63505296	8.631223181	ETH	Ethiopia	1	ANNUAL	NUMBER																																
2017.Q2.G.01	VC_DSR_MISS	Number of missing persons due to disaster, total (number)	232	38.11074289	16.12894644	ERI	Eritrea	1	ANNUAL	NUMBER																																
2017.Q2.G.01	VC_DSR_MISS	Number of missing persons due to disaster, total (number)	233	25.84093481	58.68487172	EST	Estonia	1	ANNUAL	NUMBER																																
2017.Q2.G.01	VC_DSR_MISS	Number of missing persons due to disaster, total (number)	234	-7.122044325	62.21228119	FRO	Faroe Islands	1	ANNUAL	NUMBER																																
2017.Q2.G.01	VC_DSR_MISS	Number of missing persons due to disaster, total (number)	238	-58.75246778	-51.74562601	FLK	Falkland Islands (Malvinas)	1	ANNUAL	NUMBER																																
2017.Q2.G.01	VC_DSR_MISS	Number of missing persons due to disaster, total (number)	239	-36.90662765	-54.20736749	SGS	South Georgia and the South Sandwich Islands	1	ANNUAL	NUMBER																																
2017.Q2.G.01	VC_DSR_MISS	Number of missing persons due to disaster, total (number)	242	177.9660884	-17.83301566	FJI	Fiji	1	ANNUAL	NUMBER										14											1		3					3	2012	3	UNISDR (2015). Global Assessment Report on Disaster Risk Reduction 2015, Geneva, Switzerland: United Nations Office for Disaster Risk Reduction	C
2017.Q2.G.01	VC_DSR_MISS	Number of missing persons due to disaster, total (number)	246	23.308447	61.91586738	FIN	Finland	1	ANNUAL	NUMBER																																
2017.Q2.G.01	VC_DSR_MISS	Number of missing persons due to disaster, total (number)	248	19.80945969	60.1544901	ALA	Åland Islands	1	ANNUAL	NUMBER																																
2017.Q2.G.01	VC_DSR_MISS	Number of missing persons due to disaster, total (number)	250	2.457288129	46.62660861	FRA	France	1	ANNUAL	NUMBER																																
2017.Q2.G.01	VC_DSR_MISS	Number of missing persons due to disaster, total (number)	254	-53.23619089	3.922673437	GUF	French Guiana	1	ANNUAL	NUMBER																																
2017.Q2.G.01	VC_DSR_MISS	Number of missing persons due to disaster, total (number)	258	-149.4052367	-17.67709294	PYF	French Polynesia	1	ANNUAL	NUMBER																																
2017.Q2.G.01	VC_DSR_MISS	Number of missing persons due to disaster, total (number)	260	69.64849091	-49.6068576	ATF	French Southern Territories	1	ANNUAL	NUMBER																																
2017.Q2.G.01	VC_DSR_MISS	Number of missing persons due to disaster, total (number)	262	42.18274707	11.56004161	DJI	Djibouti	1	ANNUAL	NUMBER					20		1				6				10		7	7				20							2011	20	UNISDR (2015). Global Assessment Report on Disaster Risk Reduction 2015, Geneva, Switzerland: United Nations Office for Disaster Risk Reduction	C
2017.Q2.G.01	VC_DSR_MISS	Number of missing persons due to disaster, total (number)	266	11.78727747	-0.60687619	GAB	Gabon	1	ANNUAL	NUMBER																																
2017.Q2.G.01	VC_DSR_MISS	Number of missing persons due to disaster, total (number)	268	43.3713615	42.04813028	GEO	Georgia	1	ANNUAL	NUMBER																																
2017.Q2.G.01	VC_DSR_MISS	Number of missing persons due to disaster, total (number)	270	-15.39944785	13.45295927	GMB	Gambia	1	ANNUAL	NUMBER																																
2017.Q2.G.01	VC_DSR_MISS	Number of missing persons due to disaster, total (number)	275	35.25694122	31.94347933	PSE	State of Palestine	1	ANNUAL	NUMBER								2																					1997	2	UNISDR (2015). Global Assessment Report on Disaster Risk Reduction 2015, Geneva, Switzerland: United Nations Office for Disaster Risk Reduction	C
2017.Q2.G.01	VC_DSR_MISS	Number of missing persons due to disaster, total (number)	276	10.3806066	51.08862743	DEU	Germany	1	ANNUAL	NUMBER																																
2017.Q2.G.01	VC_DSR_MISS	Number of missing persons due to disaster, total (number)	288	-1.205623522	7.964825185	GHA	Ghana	1	ANNUAL	NUMBER																																
2017.Q2.G.01	VC_DSR_MISS	Number of missing persons due to disaster, total (number)	292	-5.347561686	36.13895036	GIB	Gibraltar	1	ANNUAL	NUMBER																																
2017.Q2.G.01	VC_DSR_MISS	Number of missing persons due to disaster, total (number)	296	-157.5643005	1.768837732	KIR	Kiribati	1	ANNUAL	NUMBER																																
2017.Q2.G.01	VC_DSR_MISS	Number of missing persons due to disaster, total (number)	300	22.58307827	39.47301873	GRC	Greece	1	ANNUAL	NUMBER																																
2017.Q2.G.01	VC_DSR_MISS	Number of missing persons due to disaster, total (number)	304	-41.39371316	74.75625681	GRL	Greenland	1	ANNUAL	NUMBER																																
2017.Q2.G.01	VC_DSR_MISS	Number of missing persons due to disaster, total (number)	308	-61.68248568	12.11238395	GRD	Grenada	1	ANNUAL	NUMBER																																
2017.Q2.G.01	VC_DSR_MISS	Number of missing persons due to disaster, total (number)	312	-61.64762115	16.14416917	GLP	Guadeloupe	1	ANNUAL	NUMBER																																
2017.Q2.G.01	VC_DSR_MISS	Number of missing persons due to disaster, total (number)	316	144.7029305	13.35485404	GUM	Guam	1	ANNUAL	NUMBER																																
2017.Q2.G.01	VC_DSR_MISS	Number of missing persons due to disaster, total (number)	320	-91.2312746	15.00273719	GTM	Guatemala	1	ANNUAL	NUMBER	3	2	18			15	41	19	119	32	1		12	1		790	6	9	33	30	47	19		5				5	2013	5	UNISDR (2015). Global Assessment Report on Disaster Risk Reduction 2015, Geneva, Switzerland: United Nations Office for Disaster Risk Reduction	C
2017.Q2.G.01	VC_DSR_MISS	Number of missing persons due to disaster, total (number)	324	-11.28173419	11.00210343	GIN	Guinea	1	ANNUAL	NUMBER																																
2017.Q2.G.01	VC_DSR_MISS	Number of missing persons due to disaster, total (number)	328	-58.97322037	4.788012784	GUY	Guyana	1	ANNUAL	NUMBER																																
2017.Q2.G.01	VC_DSR_MISS	Number of missing persons due to disaster, total (number)	332	-72.33640958	18.40426539	HTI	Haiti	1	ANNUAL	NUMBER																																
2017.Q2.G.01	VC_DSR_MISS	Number of missing persons due to disaster, total (number)	334	73.52633626	-53.09106147	HMD	Heard Island and McDonald Islands	1	ANNUAL	NUMBER																																
2017.Q2.G.01	VC_DSR_MISS	Number of missing persons due to disaster, total (number)	336	12.45315803	41.90343751	VAT	Holy See	1	ANNUAL	NUMBER																																
2017.Q2.G.01	VC_DSR_MISS	Number of missing persons due to disaster, total (number)	340	-86.59974381	14.82243161	HND	Honduras	1	ANNUAL	NUMBER	6			239		1			12425	25			15	1	1	28	5	6	46	1	3	4	20	8				14	2013	8	UNISDR (2015). Global Assessment Report on Disaster Risk Reduction 2015, Geneva, Switzerland: United Nations Office for Disaster Risk Reduction	C
2017.Q2.G.01	VC_DSR_MISS	Number of missing persons due to disaster, total (number)	344	114.0266445	22.41749934	HKG	China, Hong Kong Special Administrative Region	1	ANNUAL	NUMBER																																
2017.Q2.G.01	VC_DSR_MISS	Number of missing persons due to disaster, total (number)	348	19.41221519	47.1651448	HUN	Hungary	1	ANNUAL	NUMBER																																
2017.Q2.G.01	VC_DSR_MISS	Number of missing persons due to disaster, total (number)	352	-19.02116966	64.79134763	ISL	Iceland	1	ANNUAL	NUMBER																																
2017.Q2.G.01	VC_DSR_MISS	Number of missing persons due to disaster, total (number)	356	79.3608464	22.34642074	IND	India	1	ANNUAL	NUMBER																																
2017.Q2.G.01	VC_DSR_MISS	Number of missing persons due to disaster, total (number)	360	113.9174	-0.994582204	IDN	Indonesia	1	ANNUAL	NUMBER		1000	40		144		109		141	1		574	94	318	6272	35	488	361	154	649	369	262	114	126	83			107.666666666667	2014	83	UNISDR (2015). Global Assessment Report on Disaster Risk Reduction 2015, Geneva, Switzerland: United Nations Office for Disaster Risk Reduction	C
2017.Q2.G.01	VC_DSR_MISS	Number of missing persons due to disaster, total (number)	364	54.19766348	32.74370885	IRN	Iran (Islamic Republic of)	1	ANNUAL	NUMBER	10	16	18	670		6	6	1727	33	55	10	222	10	555	6	12	7		11	1	3								2010	3	UNISDR (2015). Global Assessment Report on Disaster Risk Reduction 2015, Geneva, Switzerland: United Nations Office for Disaster Risk Reduction	C
2017.Q2.G.01	VC_DSR_MISS	Number of missing persons due to disaster, total (number)	368	43.76606267	33.05013795	IRQ	Iraq	1	ANNUAL	NUMBER																																
2017.Q2.G.01	VC_DSR_MISS	Number of missing persons due to disaster, total (number)	372	-7.121425272	53.25274054	IRL	Ireland	1	ANNUAL	NUMBER																																
2017.Q2.G.01	VC_DSR_MISS	Number of missing persons due to disaster, total (number)	376	34.62277992	31.06164552	ISR	Israel	1	ANNUAL	NUMBER																																
2017.Q2.G.01	VC_DSR_MISS	Number of missing persons due to disaster, total (number)	380	12.57022427	42.79917282	ITA	Italy	1	ANNUAL	NUMBER																																
2017.Q2.G.01	VC_DSR_MISS	Number of missing persons due to disaster, total (number)	384	-5.552690016	7.62211586	CIV	Côte d'Ivoire	1	ANNUAL	NUMBER																																
2017.Q2.G.01	VC_DSR_MISS	Number of missing persons due to disaster, total (number)	388	-77.31068409	18.15616857	JAM	Jamaica	1	ANNUAL	NUMBER													35																2002	35	UNISDR (2015). Global Assessment Report on Disaster Risk Reduction 2015, Geneva, Switzerland: United Nations Office for Disaster Risk Reduction	C
2017.Q2.G.01	VC_DSR_MISS	Number of missing persons due to disaster, total (number)	392	139.2716103	36.6554539	JPN	Japan	1	ANNUAL	NUMBER																																
2017.Q2.G.01	VC_DSR_MISS	Number of missing persons due to disaster, total (number)	398	66.65359159	48.01963494	KAZ	Kazakhstan	1	ANNUAL	NUMBER																																
2017.Q2.G.01	VC_DSR_MISS	Number of missing persons due to disaster, total (number)	400	37.13024774	30.65365973	JOR	Jordan	1	ANNUAL	NUMBER		12			10	1												1			34								2010	34	UNISDR (2015). Global Assessment Report on Disaster Risk Reduction 2015, Geneva, Switzerland: United Nations Office for Disaster Risk Reduction	C
2017.Q2.G.01	VC_DSR_MISS	Number of missing persons due to disaster, total (number)	404	37.86096816	0.534797278	KEN	Kenya	1	ANNUAL	NUMBER																					6	3	1	9			1	3.66666666666667	2016	1	UNISDR (2015). Global Assessment Report on Disaster Risk Reduction 2015, Geneva, Switzerland: United Nations Office for Disaster Risk Reduction	C
2017.Q2.G.01	VC_DSR_MISS	Number of missing persons due to disaster, total (number)	408	127.1803633	40.1462645	PRK	Democratic People's Republic of Korea	1	ANNUAL	NUMBER																																
2017.Q2.G.01	VC_DSR_MISS	Number of missing persons due to disaster, total (number)	410	127.8610254	36.45201023	KOR	Republic of Korea	1	ANNUAL	NUMBER																																
2017.Q2.G.01	VC_DSR_MISS	Number of missing persons due to disaster, total (number)	414	47.49305029	29.53949468	KWT	Kuwait	1	ANNUAL	NUMBER																																
2017.Q2.G.01	VC_DSR_MISS	Number of missing persons due to disaster, total (number)	417	74.52324839	41.46204516	KGZ	Kyrgyzstan	1	ANNUAL	NUMBER																																
2017.Q2.G.01	VC_DSR_MISS	Number of missing persons due to disaster, total (number)	418	101.9901968	20.27482773	LAO	Lao People's Democratic Republic	1	ANNUAL	NUMBER																		3			2	2	31					31	2012	31	UNISDR (2015). Global Assessment Report on Disaster Risk Reduction 2015, Geneva, Switzerland: United Nations Office for Disaster Risk Reduction	C
2017.Q2.G.01	VC_DSR_MISS	Number of missing persons due to disaster, total (number)	422	35.89391711	33.92152458	LBN	Lebanon	1	ANNUAL	NUMBER			13																										1992	13	UNISDR (2015). Global Assessment Report on Disaster Risk Reduction 2015, Geneva, Switzerland: United Nations Office for Disaster Risk Reduction	C
2017.Q2.G.01	VC_DSR_MISS	Number of missing persons due to disaster, total (number)	426	28.25362195	-29.58041814	LSO	Lesotho	1	ANNUAL	NUMBER																																
2017.Q2.G.01	VC_DSR_MISS	Number of missing persons due to disaster, total (number)	428	26.42461876	56.64196636	LVA	Latvia	1	ANNUAL	NUMBER																																
2017.Q2.G.01	VC_DSR_MISS	Number of missing persons due to disaster, total (number)	430	-9.311879038	6.448381009	LBR	Liberia	1	ANNUAL	NUMBER																																
2017.Q2.G.01	VC_DSR_MISS	Number of missing persons due to disaster, total (number)	434	18.0295985	27.04042819	LBY	Libya	1	ANNUAL	NUMBER																																
2017.Q2.G.01	VC_DSR_MISS	Number of missing persons due to disaster, total (number)	438	9.552985019	47.14167005	LIE	Liechtenstein	1	ANNUAL	NUMBER																																
2017.Q2.G.01	VC_DSR_MISS	Number of missing persons due to disaster, total (number)	440	23.90517807	55.33680309	LTU	Lithuania	1	ANNUAL	NUMBER																																
2017.Q2.G.01	VC_DSR_MISS	Number of missing persons due to disaster, total (number)	442	6.092656563	49.77679538	LUX	Luxembourg	1	ANNUAL	NUMBER																																
2017.Q2.G.01	VC_DSR_MISS	Number of missing persons due to disaster, total (number)	446	113.5665388	22.1237259	MAC	China, Macao Special Administrative Region	1	ANNUAL	NUMBER																																
2017.Q2.G.01	VC_DSR_MISS	Number of missing persons due to disaster, total (number)	450	46.6982339	-19.38514785	MDG	Madagascar	1	ANNUAL	NUMBER								14			77		7	19	181	260	6	30	176		34	7	3	18	10	9		10	2015	9	UNISDR (2015). Global Assessment Report on Disaster Risk Reduction 2015, Geneva, Switzerland: United Nations Office for Disaster Risk Reduction	C
2017.Q2.G.01	VC_DSR_MISS	Number of missing persons due to disaster, total (number)	454	33.4884625	-13.40819859	MWI	Malawi	1	ANNUAL	NUMBER																																
2017.Q2.G.01	VC_DSR_MISS	Number of missing persons due to disaster, total (number)	458	116.8346314	5.452415309	MYS	Malaysia	1	ANNUAL	NUMBER																																
2017.Q2.G.01	VC_DSR_MISS	Number of missing persons due to disaster, total (number)	462	73.09672546	-0.614385021	MDV	Maldives	1	ANNUAL	NUMBER															27														2004	27	UNISDR (2015). Global Assessment Report on Disaster Risk Reduction 2015, Geneva, Switzerland: United Nations Office for Disaster Risk Reduction	C
2017.Q2.G.01	VC_DSR_MISS	Number of missing persons due to disaster, total (number)	466	-3.522016039	17.35311254	MLI	Mali	1	ANNUAL	NUMBER										1						3				2				18	10			14	2014	10	UNISDR (2015). Global Assessment Report on Disaster Risk Reduction 2015, Geneva, Switzerland: United Nations Office for Disaster Risk Reduction	C
2017.Q2.G.01	VC_DSR_MISS	Number of missing persons due to disaster, total (number)	470	14.44617519	35.89194275	MLT	Malta	1	ANNUAL	NUMBER																																
2017.Q2.G.01	VC_DSR_MISS	Number of missing persons due to disaster, total (number)	474	-60.91544135	14.56086108	MTQ	Martinique	1	ANNUAL	NUMBER																																
2017.Q2.G.01	VC_DSR_MISS	Number of missing persons due to disaster, total (number)	478	-10.33187259	20.26089546	MRT	Mauritania	1	ANNUAL	NUMBER																																
2017.Q2.G.01	VC_DSR_MISS	Number of missing persons due to disaster, total (number)	480	57.568022	-20.28581998	MUS	Mauritius	1	ANNUAL	NUMBER					14				7	5					2	2	1		2	12	2								2010	2	UNISDR (2015). Global Assessment Report on Disaster Risk Reduction 2015, Geneva, Switzerland: United Nations Office for Disaster Risk Reduction	C
2017.Q2.G.01	VC_DSR_MISS	Number of missing persons due to disaster, total (number)	484	-102.5148166	23.93378032	MEX	Mexico	1	ANNUAL	NUMBER	264	50	173	73	34	262	92	193	368	2865	34	12	126	122	105	132	45	84	119	38	363	76	14	35				24.5	2013	35	UNISDR (2015). Global Assessment Report on Disaster Risk Reduction 2015, Geneva, Switzerland: United Nations Office for Disaster Risk Reduction	C
2017.Q2.G.01	VC_DSR_MISS	Number of missing persons due to disaster, total (number)	492	7.424214814	43.73532918	MCO	Monaco	1	ANNUAL	NUMBER																																
2017.Q2.G.01	VC_DSR_MISS	Number of missing persons due to disaster, total (number)	496	103.0728057	46.83892054	MNG	Mongolia	1	ANNUAL	NUMBER																	1												2006	1	UNISDR (2015). Global Assessment Report on Disaster Risk Reduction 2015, Geneva, Switzerland: United Nations Office for Disaster Risk Reduction	C
2017.Q2.G.01	VC_DSR_MISS	Number of missing persons due to disaster, total (number)	498	28.4650624	47.20236795	MDA	Republic of Moldova	1	ANNUAL	NUMBER																																
2017.Q2.G.01	VC_DSR_MISS	Number of missing persons due to disaster, total (number)	499	19.25214024	42.78717043	MNE	Montenegro	1	ANNUAL	NUMBER																																
2017.Q2.G.01	VC_DSR_MISS	Number of missing persons due to disaster, total (number)	500	-62.19261223	16.73558313	MSR	Montserrat	1	ANNUAL	NUMBER																																
2017.Q2.G.01	VC_DSR_MISS	Number of missing persons due to disaster, total (number)	504	-6.281942841	31.8440131	MAR	Morocco	1	ANNUAL	NUMBER						15		2					21	220					1		6	1							2011	1	UNISDR (2015). Global Assessment Report on Disaster Risk Reduction 2015, Geneva, Switzerland: United Nations Office for Disaster Risk Reduction	C
2017.Q2.G.01	VC_DSR_MISS	Number of missing persons due to disaster, total (number)	508	38.18479941	-14.27963886	MOZ	Mozambique	1	ANNUAL	NUMBER					316			3	72		113	2		4	2	26		11	15	4									2009	4	UNISDR (2015). Global Assessment Report on Disaster Risk Reduction 2015, Geneva, Switzerland: United Nations Office for Disaster Risk Reduction	C
2017.Q2.G.01	VC_DSR_MISS	Number of missing persons due to disaster, total (number)	512	57.87743482	21.98805614	OMN	Oman	1	ANNUAL	NUMBER																																
2017.Q2.G.01	VC_DSR_MISS	Number of missing persons due to disaster, total (number)	516	17.21907885	-22.13817068	NAM	Namibia	1	ANNUAL	NUMBER																																
2017.Q2.G.01	VC_DSR_MISS	Number of missing persons due to disaster, total (number)	520	166.92313	-0.528742623	NRU	Nauru	1	ANNUAL	NUMBER																																
2017.Q2.G.01	VC_DSR_MISS	Number of missing persons due to disaster, total (number)	524	83.94678863	28.25866332	NPL	Nepal	1	ANNUAL	NUMBER	35	26	63	81	46	35	98	4	16	43	19	80	104	86	60	100	101	92	125	140	142	185	75	111				93	2013	111	UNISDR (2015). Global Assessment Report on Disaster Risk Reduction 2015, Geneva, Switzerland: United Nations Office for Disaster Risk Reduction	C
2017.Q2.G.01	VC_DSR_MISS	Number of missing persons due to disaster, total (number)	528	5.331480568	51.86728884	NLD	Netherlands	1	ANNUAL	NUMBER																																
2017.Q2.G.01	VC_DSR_MISS	Number of missing persons due to disaster, total (number)	530	-68.30676179	12.22720635	ANT	Netherlands Antilles	1	ANNUAL	NUMBER																																
2017.Q2.G.01	VC_DSR_MISS	Number of missing persons due to disaster, total (number)	531	-68.95033464	12.15058042	CUW	Curaçao	1	ANNUAL	NUMBER																																
2017.Q2.G.01	VC_DSR_MISS	Number of missing persons due to disaster, total (number)	533	-69.97050586	12.50878756	ABW	Aruba	1	ANNUAL	NUMBER																																
2017.Q2.G.01	VC_DSR_MISS	Number of missing persons due to disaster, total (number)	534	-63.06198692	18.03926508	SXM	Sint Maarten (Dutch part)	1	ANNUAL	NUMBER																																
2017.Q2.G.01	VC_DSR_MISS	Number of missing persons due to disaster, total (number)	540	165.5067368	-21.41742531	NCL	New Caledonia	1	ANNUAL	NUMBER																																
2017.Q2.G.01	VC_DSR_MISS	Number of missing persons due to disaster, total (number)	548	167.0679779	-15.34445547	VUT	Vanuatu	1	ANNUAL	NUMBER																									2			2	2014	2	UNISDR (2015). Global Assessment Report on Disaster Risk Reduction 2015, Geneva, Switzerland: United Nations Office for Disaster Risk Reduction	C
2017.Q2.G.01	VC_DSR_MISS	Number of missing persons due to disaster, total (number)	554	170.4755673	-43.98721568	NZL	New Zealand	1	ANNUAL	NUMBER																																
2017.Q2.G.01	VC_DSR_MISS	Number of missing persons due to disaster, total (number)	558	-85.03060315	12.84210839	NIC	Nicaragua	1	ANNUAL	NUMBER			40				83	2				12					1	1003	5	1	3								2010	3	UNISDR (2015). Global Assessment Report on Disaster Risk Reduction 2015, Geneva, Switzerland: United Nations Office for Disaster Risk Reduction	C
2017.Q2.G.01	VC_DSR_MISS	Number of missing persons due to disaster, total (number)	562	9.400167877	17.42143036	NER	Niger	1	ANNUAL	NUMBER																																
2017.Q2.G.01	VC_DSR_MISS	Number of missing persons due to disaster, total (number)	566	8.097363256	9.585789025	NGA	Nigeria	1	ANNUAL	NUMBER																																
2017.Q2.G.01	VC_DSR_MISS	Number of missing persons due to disaster, total (number)	570	-169.8601693	-19.05000475	NIU	Niue	1	ANNUAL	NUMBER															2														2004	2	UNISDR (2015). Global Assessment Report on Disaster Risk Reduction 2015, Geneva, Switzerland: United Nations Office for Disaster Risk Reduction	C
2017.Q2.G.01	VC_DSR_MISS	Number of missing persons due to disaster, total (number)	574	167.9515548	-29.03230018	NFK	Norfolk Island	1	ANNUAL	NUMBER																																
2017.Q2.G.01	VC_DSR_MISS	Number of missing persons due to disaster, total (number)	578	11.47846389	61.34311134	NOR	Norway	1	ANNUAL	NUMBER																																
2017.Q2.G.01	VC_DSR_MISS	Number of missing persons due to disaster, total (number)	580	145.7582114	15.19099517	MNP	Northern Mariana Islands	1	ANNUAL	NUMBER																																
2017.Q2.G.01	VC_DSR_MISS	Number of missing persons due to disaster, total (number)	581	-162.4343752	5.874443968	UMI	US Minor Outlying Islands	1	ANNUAL	NUMBER																																
2017.Q2.G.01	VC_DSR_MISS	Number of missing persons due to disaster, total (number)	583	158.225216	6.880670092	FSM	Micronesia, Federated States of	1	ANNUAL	NUMBER																																
2017.Q2.G.01	VC_DSR_MISS	Number of missing persons due to disaster, total (number)	584	171.0839119	7.110213497	MHL	Marshall Islands	1	ANNUAL	NUMBER																																
2017.Q2.G.01	VC_DSR_MISS	Number of missing persons due to disaster, total (number)	585	134.5733878	7.502307591	PLW	Palau	1	ANNUAL	NUMBER																																
2017.Q2.G.01	VC_DSR_MISS	Number of missing persons due to disaster, total (number)	586	68.80479684	29.36491634	PAK	Pakistan	1	ANNUAL	NUMBER				6	2		1		6		229	1692240	184	846516	249	1475	851505	397	723	139	315	114	279	403	133			271.666666666667	2014	133	UNISDR (2015). Global Assessment Report on Disaster Risk Reduction 2015, Geneva, Switzerland: United Nations Office for Disaster Risk Reduction	C
2017.Q2.G.01	VC_DSR_MISS	Number of missing persons due to disaster, total (number)	591	-81.26616623	8.450965746	PAN	Panama	1	ANNUAL	NUMBER	6	2	5	5	2	5	11	1	2	1		6	3					2	19	14		1	1		7	1	1	2.5	2016	1	UNISDR (2015). Global Assessment Report on Disaster Risk Reduction 2015, Geneva, Switzerland: United Nations Office for Disaster Risk Reduction	C
2017.Q2.G.01	VC_DSR_MISS	Number of missing persons due to disaster, total (number)	598	145.8587761	-6.756057077	PNG	Papua New Guinea	1	ANNUAL	NUMBER									500				30										35					35	2012	35	UNISDR (2015). Global Assessment Report on Disaster Risk Reduction 2015, Geneva, Switzerland: United Nations Office for Disaster Risk Reduction	C
2017.Q2.G.01	VC_DSR_MISS	Number of missing persons due to disaster, total (number)	600	-60.54854225	-21.70216237	PRY	Paraguay	1	ANNUAL	NUMBER								3											5		2		1					1	2012	1	UNISDR (2015). Global Assessment Report on Disaster Risk Reduction 2015, Geneva, Switzerland: United Nations Office for Disaster Risk Reduction	C
2017.Q2.G.01	VC_DSR_MISS	Number of missing persons due to disaster, total (number)	604	-71.82093277	-13.58939705	PER	Peru	1	ANNUAL	NUMBER	227	35	11	60	99	41	85	235	388	75	79	132	5	110	30	7	33	49	54	40	68	6	4	34				19	2013	34	UNISDR (2015). Global Assessment Report on Disaster Risk Reduction 2015, Geneva, Switzerland: United Nations Office for Disaster Risk Reduction	C
2017.Q2.G.01	VC_DSR_MISS	Number of missing persons due to disaster, total (number)	608	120.8601418	14.16591706	PHL	Philippines	1	ANNUAL	NUMBER																																
2017.Q2.G.01	VC_DSR_MISS	Number of missing persons due to disaster, total (number)	612	-128.3225873	-24.37538456	PCN	Pitcairn	1	ANNUAL	NUMBER																																
2017.Q2.G.01	VC_DSR_MISS	Number of missing persons due to disaster, total (number)	616	19.40660158	52.1226733	POL	Poland	1	ANNUAL	NUMBER																																
2017.Q2.G.01	VC_DSR_MISS	Number of missing persons due to disaster, total (number)	620	-7.961599811	39.68509315	PRT	Portugal	1	ANNUAL	NUMBER																																
2017.Q2.G.01	VC_DSR_MISS	Number of missing persons due to disaster, total (number)	624	-14.40182514	12.11760394	GNB	Guinea-Bissau	1	ANNUAL	NUMBER																																
2017.Q2.G.01	VC_DSR_MISS	Number of missing persons due to disaster, total (number)	626	125.9451052	-8.797497247	TLS	Timor-Leste	1	ANNUAL	NUMBER																										26		26	2015	26	UNISDR (2015). Global Assessment Report on Disaster Risk Reduction 2015, Geneva, Switzerland: United Nations Office for Disaster Risk Reduction	C
2017.Q2.G.01	VC_DSR_MISS	Number of missing persons due to disaster, total (number)	630	-66.47591017	18.22753799	PRI	Puerto Rico	1	ANNUAL	NUMBER																																
2017.Q2.G.01	VC_DSR_MISS	Number of missing persons due to disaster, total (number)	634	51.19152467	25.28355379	QAT	Qatar	1	ANNUAL	NUMBER																																
2017.Q2.G.01	VC_DSR_MISS	Number of missing persons due to disaster, total (number)	638	55.53171398	-21.13183266	REU	Réunion	1	ANNUAL	NUMBER																																
2017.Q2.G.01	VC_DSR_MISS	Number of missing persons due to disaster, total (number)	642	24.98481009	45.83893563	ROU	Romania	1	ANNUAL	NUMBER																																
2017.Q2.G.01	VC_DSR_MISS	Number of missing persons due to disaster, total (number)	643	99.01404926	61.61899849	RUS	Russian Federation	1	ANNUAL	NUMBER																																
2017.Q2.G.01	VC_DSR_MISS	Number of missing persons due to disaster, total (number)	646	29.92310194	-1.999842114	RWA	Rwanda	1	ANNUAL	NUMBER																																
2017.Q2.G.01	VC_DSR_MISS	Number of missing persons due to disaster, total (number)	652	-62.83173536	17.89513362	BLM	Saint Barthélemy	1	ANNUAL	NUMBER																																
2017.Q2.G.01	VC_DSR_MISS	Number of missing persons due to disaster, total (number)	654	-5.705752501	-15.96503946	SHN	Saint Helena	1	ANNUAL	NUMBER																																
2017.Q2.G.01	VC_DSR_MISS	Number of missing persons due to disaster, total (number)	659	-62.76628613	17.33994219	KNA	Saint Kitts and Nevis	1	ANNUAL	NUMBER																																
2017.Q2.G.01	VC_DSR_MISS	Number of missing persons due to disaster, total (number)	660	-63.05651612	18.21525315	AIA	Anguilla	1	ANNUAL	NUMBER																																
2017.Q2.G.01	VC_DSR_MISS	Number of missing persons due to disaster, total (number)	662	-60.96529553	13.89405601	LCA	Saint Lucia	1	ANNUAL	NUMBER					6																5	2							2011	2	UNISDR (2015). Global Assessment Report on Disaster Risk Reduction 2015, Geneva, Switzerland: United Nations Office for Disaster Risk Reduction	C
2017.Q2.G.01	VC_DSR_MISS	Number of missing persons due to disaster, total (number)	663	-63.04505461	18.0882685	MAF	Saint Martin (French Part)	1	ANNUAL	NUMBER																																
2017.Q2.G.01	VC_DSR_MISS	Number of missing persons due to disaster, total (number)	666	-56.33682442	46.85812735	SPM	Saint Pierre and Miquelon	1	ANNUAL	NUMBER																																
2017.Q2.G.01	VC_DSR_MISS	Number of missing persons due to disaster, total (number)	670	-61.19024321	13.24627968	VCT	Saint Vincent and the Grenadines	1	ANNUAL	NUMBER													7											3				3	2013	3	UNISDR (2015). Global Assessment Report on Disaster Risk Reduction 2015, Geneva, Switzerland: United Nations Office for Disaster Risk Reduction	C
2017.Q2.G.01	VC_DSR_MISS	Number of missing persons due to disaster, total (number)	674	12.46329038	43.93841766	SMR	San Marino	1	ANNUAL	NUMBER																																
2017.Q2.G.01	VC_DSR_MISS	Number of missing persons due to disaster, total (number)	678	6.609772265	0.241554875	STP	Sao Tome and Principe	1	ANNUAL	NUMBER																																
2017.Q2.G.01	VC_DSR_MISS	Number of missing persons due to disaster, total (number)	682	44.54763347	24.12594211	SAU	Saudi Arabia	1	ANNUAL	NUMBER																																
2017.Q2.G.01	VC_DSR_MISS	Number of missing persons due to disaster, total (number)	686	-14.46636926	14.35920905	SEN	Senegal	1	ANNUAL	NUMBER										73				6		4	22			4	2	4	8	73	43	3		31.75	2015	3	UNISDR (2015). Global Assessment Report on Disaster Risk Reduction 2015, Geneva, Switzerland: United Nations Office for Disaster Risk Reduction	C
2017.Q2.G.01	VC_DSR_MISS	Number of missing persons due to disaster, total (number)	688	20.805876	44.03145697	SRB	Serbia	1	ANNUAL	NUMBER																							2					2	2012	2	UNISDR (2015). Global Assessment Report on Disaster Risk Reduction 2015, Geneva, Switzerland: United Nations Office for Disaster Risk Reduction	C
2017.Q2.G.01	VC_DSR_MISS	Number of missing persons due to disaster, total (number)	690	55.46561591	-4.678053059	SYC	Seychelles	1	ANNUAL	NUMBER																																
2017.Q2.G.01	VC_DSR_MISS	Number of missing persons due to disaster, total (number)	694	-11.78306584	8.568604164	SLE	Sierra Leone	1	ANNUAL	NUMBER																																
2017.Q2.G.01	VC_DSR_MISS	Number of missing persons due to disaster, total (number)	702	103.8107883	1.361009155	SGP	Singapore	1	ANNUAL	NUMBER																																
2017.Q2.G.01	VC_DSR_MISS	Number of missing persons due to disaster, total (number)	703	19.48495604	48.70741446	SVK	Slovakia	1	ANNUAL	NUMBER																																
2017.Q2.G.01	VC_DSR_MISS	Number of missing persons due to disaster, total (number)	704	105.802499	10.09643079	VNM	Viet Nam	1	ANNUAL	NUMBER	12	26	120	122	1	46	41	2125	37	70	13	25	5	6	29	23	268	34	65	14	32								2010	32	UNISDR (2015). Global Assessment Report on Disaster Risk Reduction 2015, Geneva, Switzerland: United Nations Office for Disaster Risk Reduction	C
2017.Q2.G.01	VC_DSR_MISS	Number of missing persons due to disaster, total (number)	705	14.82209486	46.11958061	SVN	Slovenia	1	ANNUAL	NUMBER																																
2017.Q2.G.01	VC_DSR_MISS	Number of missing persons due to disaster, total (number)	706	46.20367477	4.406485729	SOM	Somalia	1	ANNUAL	NUMBER																																
2017.Q2.G.01	VC_DSR_MISS	Number of missing persons due to disaster, total (number)	710	24.67184355	-29.99957544	ZAF	South Africa	1	ANNUAL	NUMBER																																
2017.Q2.G.01	VC_DSR_MISS	Number of missing persons due to disaster, total (number)	716	29.86909584	-19.00075492	ZWE	Zimbabwe	1	ANNUAL	NUMBER																																
2017.Q2.G.01	VC_DSR_MISS	Number of missing persons due to disaster, total (number)	724	-3.554078296	40.39211472	ESP	Spain	1	ANNUAL	NUMBER																																
2017.Q2.G.01	VC_DSR_MISS	Number of missing persons due to disaster, total (number)	728	30.32618773	7.290839152	SSD	South Sudan	1	ANNUAL	NUMBER																																
2017.Q2.G.01	VC_DSR_MISS	Number of missing persons due to disaster, total (number)	732	-13.13515523	24.66265342	ESH	Western Sahara	1	ANNUAL	NUMBER																																
2017.Q2.G.01	VC_DSR_MISS	Number of missing persons due to disaster, total (number)	736	29.95650159	16.02643066	SDN	Sudan	1	ANNUAL	NUMBER																																
2017.Q2.G.01	VC_DSR_MISS	Number of missing persons due to disaster, total (number)	740	-55.90626394	4.132603197	SUR	Suriname	1	ANNUAL	NUMBER																																
2017.Q2.G.01	VC_DSR_MISS	Number of missing persons due to disaster, total (number)	744	13.38071013	78.82894131	SJM	Svalbard and Jan Mayen Islands	1	ANNUAL	NUMBER																																
2017.Q2.G.01	VC_DSR_MISS	Number of missing persons due to disaster, total (number)	748	31.50149288	-26.56471011	SWZ	Swaziland	1	ANNUAL	NUMBER																																
2017.Q2.G.01	VC_DSR_MISS	Number of missing persons due to disaster, total (number)	752	14.3775338	60.60103109	SWE	Sweden	1	ANNUAL	NUMBER																																
2017.Q2.G.01	VC_DSR_MISS	Number of missing persons due to disaster, total (number)	756	8.223158	46.96617097	CHE	Switzerland	1	ANNUAL	NUMBER																																
2017.Q2.G.01	VC_DSR_MISS	Number of missing persons due to disaster, total (number)	760	38.50466565	35.01676176	SYR	Syrian Arab Republic (Syria)	1	ANNUAL	NUMBER																																
2017.Q2.G.01	VC_DSR_MISS	Number of missing persons due to disaster, total (number)	762	69.294998	38.43069666	TJK	Tajikistan	1	ANNUAL	NUMBER																																
2017.Q2.G.01	VC_DSR_MISS	Number of missing persons due to disaster, total (number)	764	101.0202951	15.13089239	THA	Thailand	1	ANNUAL	NUMBER																																
2017.Q2.G.01	VC_DSR_MISS	Number of missing persons due to disaster, total (number)	768	0.97835765	8.532096072	TGO	Togo	1	ANNUAL	NUMBER								1										8	7										2008	7	UNISDR (2015). Global Assessment Report on Disaster Risk Reduction 2015, Geneva, Switzerland: United Nations Office for Disaster Risk Reduction	C
2017.Q2.G.01	VC_DSR_MISS	Number of missing persons due to disaster, total (number)	772	-171.8154473	-9.214545558	TKL	Tokelau	1	ANNUAL	NUMBER																																
2017.Q2.G.01	VC_DSR_MISS	Number of missing persons due to disaster, total (number)	776	-175.1959991	-21.19511329	TON	Tonga	1	ANNUAL	NUMBER																																
2017.Q2.G.01	VC_DSR_MISS	Number of missing persons due to disaster, total (number)	780	-61.29389504	10.41877263	TTO	Trinidad and Tobago	1	ANNUAL	NUMBER																																
2017.Q2.G.01	VC_DSR_MISS	Number of missing persons due to disaster, total (number)	784	53.98279159	23.43322219	ARE	United Arab Emirates	1	ANNUAL	NUMBER																																
2017.Q2.G.01	VC_DSR_MISS	Number of missing persons due to disaster, total (number)	788	9.572737411	34.11439971	TUN	Tunisia	1	ANNUAL	NUMBER	9																			105									2009	105	UNISDR (2015). Global Assessment Report on Disaster Risk Reduction 2015, Geneva, Switzerland: United Nations Office for Disaster Risk Reduction	C
2017.Q2.G.01	VC_DSR_MISS	Number of missing persons due to disaster, total (number)	792	35.42890329	38.9899684	TUR	Turkey	1	ANNUAL	NUMBER																																
2017.Q2.G.01	VC_DSR_MISS	Number of missing persons due to disaster, total (number)	795	58.9787665	40.0912346	TKM	Turkmenistan	1	ANNUAL	NUMBER																																
2017.Q2.G.01	VC_DSR_MISS	Number of missing persons due to disaster, total (number)	796	-71.745121	21.80780585	TCA	Turks and Caicos Islands	1	ANNUAL	NUMBER																																
2017.Q2.G.01	VC_DSR_MISS	Number of missing persons due to disaster, total (number)	798	178.6679611	-7.460048071	TUV	Tuvalu	1	ANNUAL	NUMBER																																
2017.Q2.G.01	VC_DSR_MISS	Number of missing persons due to disaster, total (number)	800	32.39100438	1.279557331	UGA	Uganda	1	ANNUAL	NUMBER																2	2				600	17		4				4	2013	4	UNISDR (2015). Global Assessment Report on Disaster Risk Reduction 2015, Geneva, Switzerland: United Nations Office for Disaster Risk Reduction	C
2017.Q2.G.01	VC_DSR_MISS	Number of missing persons due to disaster, total (number)	804	31.40270802	49.00735945	UKR	Ukraine	1	ANNUAL	NUMBER																																
2017.Q2.G.01	VC_DSR_MISS	Number of missing persons due to disaster, total (number)	807	21.7007909	41.60048068	MKD	Macedonia, Republic of	1	ANNUAL	NUMBER																																
2017.Q2.G.01	VC_DSR_MISS	Number of missing persons due to disaster, total (number)	818	29.77468534	26.57438204	EGY	Egypt	1	ANNUAL	NUMBER								2																					1997	2	UNISDR (2015). Global Assessment Report on Disaster Risk Reduction 2015, Geneva, Switzerland: United Nations Office for Disaster Risk Reduction	C
2017.Q2.G.01	VC_DSR_MISS	Number of missing persons due to disaster, total (number)	826	-2.23830539	53.27691757	GBR	United Kingdom	1	ANNUAL	NUMBER																																
2017.Q2.G.01	VC_DSR_MISS	Number of missing persons due to disaster, total (number)	831	-2.200712402	49.71561166	GGY	Guernsey	1	ANNUAL	NUMBER																																
2017.Q2.G.01	VC_DSR_MISS	Number of missing persons due to disaster, total (number)	832	-2.136773508	49.22353354	JEY	Jersey	1	ANNUAL	NUMBER																																
2017.Q2.G.01	VC_DSR_MISS	Number of missing persons due to disaster, total (number)	833	-4.538190305	54.22880901	IMN	Isle of Man	1	ANNUAL	NUMBER																																
2017.Q2.G.01	VC_DSR_MISS	Number of missing persons due to disaster, total (number)	834	34.80521182	-6.265332606	TZA	Tanzania, United Republic of	1	ANNUAL	NUMBER																																
2017.Q2.G.01	VC_DSR_MISS	Number of missing persons due to disaster, total (number)	840	-99.13830311	39.5277871	USA	United States of America	1	ANNUAL	NUMBER																																
2017.Q2.G.01	VC_DSR_MISS	Number of missing persons due to disaster, total (number)	850	-64.76960113	17.73297693	VIR	United States Virgin Islands	1	ANNUAL	NUMBER																																
2017.Q2.G.01	VC_DSR_MISS	Number of missing persons due to disaster, total (number)	854	-1.742843829	12.27491081	BFA	Burkina Faso	1	ANNUAL	NUMBER													1						1214	1									2009	1	UNISDR (2015). Global Assessment Report on Disaster Risk Reduction 2015, Geneva, Switzerland: United Nations Office for Disaster Risk Reduction	C
2017.Q2.G.01	VC_DSR_MISS	Number of missing persons due to disaster, total (number)	858	-56.01387025	-32.8002838	URY	Uruguay	1	ANNUAL	NUMBER		3	6		2					2							2	5			1		1					1	2012	1	UNISDR (2015). Global Assessment Report on Disaster Risk Reduction 2015, Geneva, Switzerland: United Nations Office for Disaster Risk Reduction	C
2017.Q2.G.01	VC_DSR_MISS	Number of missing persons due to disaster, total (number)	860	63.11944558	41.77560518	UZB	Uzbekistan	1	ANNUAL	NUMBER																																
2017.Q2.G.01	VC_DSR_MISS	Number of missing persons due to disaster, total (number)	862	-66.15642084	7.121324748	VEN	Venezuela (Bolivarian Republic)	1	ANNUAL	NUMBER	16	5		6	8			6		22	10	3	1	104	58	96	8	8		3	16		2	4	7	3		4	2015	3	UNISDR (2015). Global Assessment Report on Disaster Risk Reduction 2015, Geneva, Switzerland: United Nations Office for Disaster Risk Reduction	C
2017.Q2.G.01	VC_DSR_MISS	Number of missing persons due to disaster, total (number)	876	-176.2034788	-13.28471201	WLF	Wallis and Futuna Islands	1	ANNUAL	NUMBER																																
2017.Q2.G.01	VC_DSR_MISS	Number of missing persons due to disaster, total (number)	882	-172.4430749	-13.61541469	WSM	Samoa	1	ANNUAL	NUMBER																				18									2009	18	UNISDR (2015). Global Assessment Report on Disaster Risk Reduction 2015, Geneva, Switzerland: United Nations Office for Disaster Risk Reduction	C
2017.Q2.G.01	VC_DSR_MISS	Number of missing persons due to disaster, total (number)	887	45.22389143	15.22242099	YEM	Yemen	1	ANNUAL	NUMBER							194		1								1	1	35		21								2010	21	UNISDR (2015). Global Assessment Report on Disaster Risk Reduction 2015, Geneva, Switzerland: United Nations Office for Disaster Risk Reduction	C
2017.Q2.G.01	VC_DSR_MISS	Number of missing persons due to disaster, total (number)	894	27.850329	-14.59701056	ZMB	Zambia	1	ANNUAL	NUMBER																																
