series.release	series.code	series.description	geoAreaCode	X	Y	ISO3CD	geoAreaName	sliceId	Freq	Units	2000	2001	2002	2003	2004	2005	2006	2007	2008	2009	2010	last.5.years.mean	latest.year	latest.value	latest.source	latest.nature
2017.Q2.G.01	EN_MAT_FTPRPG	Material footprint per unit of GDP	4	66.02688198	33.83160199	AFG	Afghanistan	1	ANNUAL	KG	4.91	7.02	4.74	4.83	5.02	5.01	4.48	3.94	3.93	4.18	4.5	4.206	2010	4.5	Environment Live	C
2017.Q2.G.01	EN_MAT_FTPRPG	Material footprint per unit of GDP	8	20.06660928	41.13897007	ALB	Albania	1	ANNUAL	KG	1.83	1.56	1.62	2.29	2.42	2.28	2.63	3.04	2.71	3.03	2.49	2.78	2010	2.49	Environment Live	C
2017.Q2.G.01	EN_MAT_FTPRPG	Material footprint per unit of GDP	10	21.47585697	-80.40897662	ATA	Antarctica	1	ANNUAL	KG																
2017.Q2.G.01	EN_MAT_FTPRPG	Material footprint per unit of GDP	12	2.678164227	28.15940032	DZA	Algeria	1	ANNUAL	KG	0.79	0.83	0.82	0.82	0.84	0.79	0.78	0.8	0.83	1.05	0.98	0.888	2010	0.98	Environment Live	C
2017.Q2.G.01	EN_MAT_FTPRPG	Material footprint per unit of GDP	16	-170.7187269	-14.30587306	ASM	American Samoa	1	ANNUAL	KG																
2017.Q2.G.01	EN_MAT_FTPRPG	Material footprint per unit of GDP	20	1.576257417	42.54548611	AND	Andorra	1	ANNUAL	KG	1.46	1.24	1.27	1.26	1.46								2004	1.46	Environment Live	C
2017.Q2.G.01	EN_MAT_FTPRPG	Material footprint per unit of GDP	24	17.57817062	-12.33724746	AGO	Angola	1	ANNUAL	KG	0.99	1.17	1.06	1.14	1.02	1.07	0.91	1.03	1.09	1.32	1.12	1.094	2010	1.12	Environment Live	C
2017.Q2.G.01	EN_MAT_FTPRPG	Material footprint per unit of GDP	28	-61.7999755	17.07761471	ATG	Antigua and Barbuda	1	ANNUAL	KG	2.49	2.34	2.43	2.49	2.41	2.47	2.42	2.41	1.83	1.86	1.91	2.086	2010	1.91	Environment Live	C
2017.Q2.G.01	EN_MAT_FTPRPG	Material footprint per unit of GDP	31	50.01064725	40.39229544	AZE	Azerbaijan	1	ANNUAL	KG	2.37	2.31	2.51	2.69	2.73	2.1	1.61	1.39	1.36	1.56	1.44	1.472	2010	1.44	Environment Live	C
2017.Q2.G.01	EN_MAT_FTPRPG	Material footprint per unit of GDP	32	-65.14563274	-35.19446255	ARG	Argentina	1	ANNUAL	KG	2.38	2.41	1.85	1.87	1.84	1.87	1.75	1.79	1.72	1.64	1.65	1.71	2010	1.65	Environment Live	C
2017.Q2.G.01	EN_MAT_FTPRPG	Material footprint per unit of GDP	36	134.3499412	-25.57717202	AUS	Australia	1	ANNUAL	KG	0.99	0.95	0.94	1.02	1	1.02	0.9	1.06	0.91	1.02	0.96	0.97	2010	0.96	Environment Live	C
2017.Q2.G.01	EN_MAT_FTPRPG	Material footprint per unit of GDP	40	14.14172472	47.58704857	AUT	Austria	1	ANNUAL	KG	0.77	0.75	0.76	0.78	0.81	0.81	0.8	0.81	0.77	0.78	0.75	0.782	2010	0.75	Environment Live	C
2017.Q2.G.01	EN_MAT_FTPRPG	Material footprint per unit of GDP	44	-78.05111663	24.69546597	BHS	Bahamas	1	ANNUAL	KG	1.46	1.31	1.24	1.25	1.2	1.25	1.3	1.19	1.15	1.14	1.1	1.176	2010	1.1	Environment Live	C
2017.Q2.G.01	EN_MAT_FTPRPG	Material footprint per unit of GDP	48	50.5490754	26.04407747	BHR	Bahrain	1	ANNUAL	KG	0.9	0.88	0.9	0.86	0.83	0.84	0.78	0.75	0.72	0.74	0.74	0.746	2010	0.74	Environment Live	C
2017.Q2.G.01	EN_MAT_FTPRPG	Material footprint per unit of GDP	50	89.17660788	22.86961622	BGD	Bangladesh	1	ANNUAL	KG	4.44	4.41	4.24	4.02	3.8	3.98	3.6	3.48	3.28	2.98	2.91	3.25	2010	2.91	Environment Live	C
2017.Q2.G.01	EN_MAT_FTPRPG	Material footprint per unit of GDP	51	44.93839317	40.29499741	ARM	Armenia	1	ANNUAL	KG	2.88	2.88	2.64	2.37	2.37	2.23	1.97	2	2.06	2.51	2.42	2.192	2010	2.42	Environment Live	C
2017.Q2.G.01	EN_MAT_FTPRPG	Material footprint per unit of GDP	52	-59.5346489	13.13648273	BRB	Barbados	1	ANNUAL	KG	1.49	1.31	1.3	1.23	1.23	1.43	1.42	1.07	1.18	1.16	0.9	1.146	2010	0.9	Environment Live	C
2017.Q2.G.01	EN_MAT_FTPRPG	Material footprint per unit of GDP	56	4.660976456	50.64104975	BEL	Belgium	1	ANNUAL	KG	0.58	0.54	0.55	0.56	0.56	0.56	0.55	0.56	0.57	0.55	0.51	0.548	2010	0.51	Environment Live	C
2017.Q2.G.01	EN_MAT_FTPRPG	Material footprint per unit of GDP	60	-64.78155012	32.27881922	BMU	Bermuda	1	ANNUAL	KG																
2017.Q2.G.01	EN_MAT_FTPRPG	Material footprint per unit of GDP	64	90.45098484	27.39598568	BTN	Bhutan	1	ANNUAL	KG	5.78	6.34	6.31	6.42	6.61	6.03	5.93	5.92	4.92	5.17	5.4	5.468	2010	5.4	Environment Live	C
2017.Q2.G.01	EN_MAT_FTPRPG	Material footprint per unit of GDP	68	-64.66224284	-16.71273412	BOL	Bolivia (Plurinational State of)	1	ANNUAL	KG	4.61	4.32	4.53	4.39	4	3.95	3.92	3.96	3.95	4.27	3.88	3.996	2010	3.88	Environment Live	C
2017.Q2.G.01	EN_MAT_FTPRPG	Material footprint per unit of GDP	70	17.78584332	44.16845548	BIH	Bosnia and Herzegovina	1	ANNUAL	KG	2.29	2.77	3.04	2.79	2.76	2.62	2.66	2.5	2.48	2.47	2.23	2.468	2010	2.23	Environment Live	C
2017.Q2.G.01	EN_MAT_FTPRPG	Material footprint per unit of GDP	72	23.81380223	-22.18810073	BWA	Botswana	1	ANNUAL	KG	2.96	2.87	2.74	2.93	2.91	2.87	2.54	2.42	2.37	2.73	2.76	2.564	2010	2.76	Environment Live	C
2017.Q2.G.01	EN_MAT_FTPRPG	Material footprint per unit of GDP	74	3.410732868	-54.43295905	BVT	Bouvet Island	1	ANNUAL	KG																
2017.Q2.G.01	EN_MAT_FTPRPG	Material footprint per unit of GDP	76	-53.08432878	-10.77668561	BRA	Brazil	1	ANNUAL	KG	1.98	1.91	1.86	1.84	1.78	1.9	1.95	2.02	2.12	2.23	2.29	2.122	2010	2.29	Environment Live	C
2017.Q2.G.01	EN_MAT_FTPRPG	Material footprint per unit of GDP	84	-88.70199554	17.19965901	BLZ	Belize	1	ANNUAL	KG	2.86	2.88	2.7	2.69	2.58	2.49	2.55	2.78	2.31	2.36	2.23	2.446	2010	2.23	Environment Live	C
2017.Q2.G.01	EN_MAT_FTPRPG	Material footprint per unit of GDP	86	72.38715553	-7.299281071	IOT	British Indian Ocean Territory	1	ANNUAL	KG																
2017.Q2.G.01	EN_MAT_FTPRPG	Material footprint per unit of GDP	90	160.1584117	-9.622391719	SLB	Solomon Islands	1	ANNUAL	KG																
2017.Q2.G.01	EN_MAT_FTPRPG	Material footprint per unit of GDP	92	-64.63294223	18.42256578	VGB	British Virgin Islands	1	ANNUAL	KG																
2017.Q2.G.01	EN_MAT_FTPRPG	Material footprint per unit of GDP	96	114.6288563	4.49736984	BRN	Brunei Darussalam	1	ANNUAL	KG	0.65	0.52	0.48	0.47	0.49	0.49	0.48	0.58	0.55	0.74	0.61	0.592	2010	0.61	Environment Live	C
2017.Q2.G.01	EN_MAT_FTPRPG	Material footprint per unit of GDP	100	25.23763153	42.75731323	BGR	Bulgaria	1	ANNUAL	KG	1.5	1.72	1.72	1.97	2.29	2.36	2.54	2.57	2.57	2.4	2.21	2.458	2010	2.21	Environment Live	C
2017.Q2.G.01	EN_MAT_FTPRPG	Material footprint per unit of GDP	104	96.51752295	21.19332882	MMR	Myanmar	1	ANNUAL	KG	4.58	4.62	4.54	5.84	5.3	4.96	4.38	4.26	4.36	4.56	4.05	4.322	2010	4.05	Environment Live	C
2017.Q2.G.01	EN_MAT_FTPRPG	Material footprint per unit of GDP	108	29.89080992	-3.366387428	BDI	Burundi	1	ANNUAL	KG	9.77	11.37	11.39	12.17	12.04	12.97	12.66	11.68	9.67	8.58	7.28	9.974	2010	7.28	Environment Live	C
2017.Q2.G.01	EN_MAT_FTPRPG	Material footprint per unit of GDP	112	28.04940161	53.54193075	BLR	Belarus	1	ANNUAL	KG	0.03	0.02	0.02	0.02	0.02	0.01	0.02	0.02	0.01	0.01	0.01	0.014	2010	0.01	Environment Live	C
2017.Q2.G.01	EN_MAT_FTPRPG	Material footprint per unit of GDP	116	104.922836	12.71163737	KHM	Cambodia	1	ANNUAL	KG	4.69	3.86	3.56	3.67	3.3	3.29	3.28	3.29	3.29	4.24	6.04	4.028	2010	6.04	Environment Live	C
2017.Q2.G.01	EN_MAT_FTPRPG	Material footprint per unit of GDP	120	12.7419827	5.692387031	CMR	Cameroon	1	ANNUAL	KG	1.85	1.86	1.8	1.8	1.83	1.85	1.74	1.75	1.73	2.06	1.97	1.85	2010	1.97	Environment Live	C
2017.Q2.G.01	EN_MAT_FTPRPG	Material footprint per unit of GDP	124	-101.6575058	57.72360191	CAN	Canada	1	ANNUAL	KG	0.8	0.76	0.75	0.79	0.77	0.78	0.78	0.78	0.76	0.78	0.78	0.776	2010	0.78	Environment Live	C
2017.Q2.G.01	EN_MAT_FTPRPG	Material footprint per unit of GDP	132	-23.63544151	15.07791834	CPV	Cabo Verde	1	ANNUAL	KG	2.35	1.99	2.15	2.11	2.21	2.17	2.31	2.56	1.99	2.16	2.03	2.21	2010	2.03	Environment Live	C
2017.Q2.G.01	EN_MAT_FTPRPG	Material footprint per unit of GDP	136	-81.16740559	19.32266656	CYM	Cayman Islands	1	ANNUAL	KG																
2017.Q2.G.01	EN_MAT_FTPRPG	Material footprint per unit of GDP	140	20.93559492	7.003720791	CAF	Central African Republic	1	ANNUAL	KG	4.64	4.95	5.24	5.64	6.2	6.42	6.24	6.6	6.62	7.15	6.77	6.676	2010	6.77	Environment Live	C
2017.Q2.G.01	EN_MAT_FTPRPG	Material footprint per unit of GDP	144	80.70489654	7.614693343	LKA	Sri Lanka	1	ANNUAL	KG	1.36	1.49	1.42	1.32	1.34	1.45	1.43	1.48	1.57	1.49	1.53	1.5	2010	1.53	Environment Live	C
2017.Q2.G.01	EN_MAT_FTPRPG	Material footprint per unit of GDP	148	18.66618401	15.36279341	TCD	Chad	1	ANNUAL	KG	3.87	3.98	3.94	3.6	2.39	2.26	2.43	2.29	2.35	2.56	2.28	2.382	2010	2.28	Environment Live	C
2017.Q2.G.01	EN_MAT_FTPRPG	Material footprint per unit of GDP	152	-71.23029019	-35.2652885	CHL	Chile	1	ANNUAL	KG	2.58	2.68	2.66	2.62	2.3	2.28	2.09	1.93	1.91	1.97	2.02	1.984	2010	2.02	Environment Live	C
2017.Q2.G.01	EN_MAT_FTPRPG	Material footprint per unit of GDP	156	104.1403375	32.30955217	CHN	China	1	ANNUAL	KG	5.17	5.32	5.11	5.3	5.28	4.97	4.99	4.79	4.76	5.22	5.14	4.98	2010	5.14	Environment Live	C
2017.Q2.G.01	EN_MAT_FTPRPG	Material footprint per unit of GDP	162	105.6426067	-10.4882473	CXR	Christmas Island	1	ANNUAL	KG																
2017.Q2.G.01	EN_MAT_FTPRPG	Material footprint per unit of GDP	166	96.82633757	-12.18600682	CCK	Cocos (Keeling) Islands	1	ANNUAL	KG																
2017.Q2.G.01	EN_MAT_FTPRPG	Material footprint per unit of GDP	170	-73.07446751	3.888209046	COL	Colombia	1	ANNUAL	KG	2.08	1.83	1.79	1.98	2.01	2.1	2.13	2.12	2.12	2.12	2	2.098	2010	2	Environment Live	C
2017.Q2.G.01	EN_MAT_FTPRPG	Material footprint per unit of GDP	174	43.34234565	-11.66121732	COM	Comoros	1	ANNUAL	KG																
2017.Q2.G.01	EN_MAT_FTPRPG	Material footprint per unit of GDP	175	45.14015057	-12.82217691	MYT	Mayotte	1	ANNUAL	KG																
2017.Q2.G.01	EN_MAT_FTPRPG	Material footprint per unit of GDP	178	15.22052612	-0.840544119	COG	Congo	1	ANNUAL	KG	1.1	1.13	1.23	1.31	1.35	1.29	1.28	1.53	1.51	1.54	1.4	1.452	2010	1.4	Environment Live	C
2017.Q2.G.01	EN_MAT_FTPRPG	Material footprint per unit of GDP	180	23.65496507	-2.877154732	COD	Democratic Republic of the Congo	1	ANNUAL	KG	8.39	8.58	8.23	8.04	7.96	7.87	7.61	7.28	7.15	7.56	7.2	7.36	2010	7.2	Environment Live	C
2017.Q2.G.01	EN_MAT_FTPRPG	Material footprint per unit of GDP	184	-159.7711391	-21.22696458	COK	Cook Islands	1	ANNUAL	KG																
2017.Q2.G.01	EN_MAT_FTPRPG	Material footprint per unit of GDP	188	-84.19712782	9.970998683	CRI	Costa Rica	1	ANNUAL	KG	1.62	1.54	1.5	1.36	1.35	1.38	1.3	1.31	1.31	1.12	1.08	1.224	2010	1.08	Environment Live	C
2017.Q2.G.01	EN_MAT_FTPRPG	Material footprint per unit of GDP	191	17.95874553	45.45172212	HRV	Croatia	1	ANNUAL	KG	1.26	1.38	1.42	1.45	1.53	1.47	1.48	1.41	1.48	1.4	1.21	1.396	2010	1.21	Environment Live	C
2017.Q2.G.01	EN_MAT_FTPRPG	Material footprint per unit of GDP	192	-79.54460144	22.10030366	CUB	Cuba	1	ANNUAL	KG	2.83	2.75	2.74	2.38	2.23	1.79	1.65	1.7	1.66	1.53	1.47	1.602	2010	1.47	Environment Live	C
2017.Q2.G.01	EN_MAT_FTPRPG	Material footprint per unit of GDP	196	33.22285964	35.05659437	CYP	Cyprus	1	ANNUAL	KG	1.53	1.41	1.47	1.4	1.39	1.38	1.32	1.4	1.4	1.23	1.25	1.32	2010	1.25	Environment Live	C
2017.Q2.G.01	EN_MAT_FTPRPG	Material footprint per unit of GDP	203	15.33151382	49.73913871	CZE	Czechia	1	ANNUAL	KG	1.54	1.56	1.65	1.63	1.62	1.57	1.46	1.47	1.48	1.53	1.46	1.48	2010	1.46	Environment Live	C
2017.Q2.G.01	EN_MAT_FTPRPG	Material footprint per unit of GDP	204	2.339933594	9.65401646	BEN	Benin	1	ANNUAL	KG	4.05	3.51	3.21	3.46	3.32	4.14	5.81	6.15	5.86	6.2	5.86	5.976	2010	5.86	Environment Live	C
2017.Q2.G.01	EN_MAT_FTPRPG	Material footprint per unit of GDP	208	9.326571283	56.03829721	DNK	Denmark	1	ANNUAL	KG	0.49	0.47	0.49	0.49	0.5	0.51	0.52	0.56	0.54	0.54	0.5	0.532	2010	0.5	Environment Live	C
2017.Q2.G.01	EN_MAT_FTPRPG	Material footprint per unit of GDP	212	-61.3493756	15.43391378	DMA	Dominica	1	ANNUAL	KG																
2017.Q2.G.01	EN_MAT_FTPRPG	Material footprint per unit of GDP	214	-70.49847576	18.89832088	DOM	Dominican Republic	1	ANNUAL	KG	1.56	1.53	1.46	1.25	1.18	1.23	1.19	1.15	1.1	0.91	0.92	1.054	2010	0.92	Environment Live	C
2017.Q2.G.01	EN_MAT_FTPRPG	Material footprint per unit of GDP	218	-78.37005241	-1.447785891	ECU	Ecuador	1	ANNUAL	KG	2.45	2.64	2.65	2.64	2.61	2.55	2.54	2.61	2.75	2.87	2.72	2.698	2010	2.72	Environment Live	C
2017.Q2.G.01	EN_MAT_FTPRPG	Material footprint per unit of GDP	222	-88.86862995	13.73603564	SLV	El Salvador	1	ANNUAL	KG	2.07	1.96	1.9	1.89	1.77	1.71	1.74	1.74	1.68	1.72	1.71	1.718	2010	1.71	Environment Live	C
2017.Q2.G.01	EN_MAT_FTPRPG	Material footprint per unit of GDP	226	10.46535826	1.565792376	GNQ	Equatorial Guinea	1	ANNUAL	KG																
2017.Q2.G.01	EN_MAT_FTPRPG	Material footprint per unit of GDP	231	39.63505296	8.631223181	ETH	Ethiopia	1	ANNUAL	KG	0.2	0.24	0.26	0.31	0.31	0.29	0.36	0.36	0.31	0.31	0.28	0.324	2010	0.28	Environment Live	C
2017.Q2.G.01	EN_MAT_FTPRPG	Material footprint per unit of GDP	232	38.11074289	16.12894644	ERI	Eritrea	1	ANNUAL	KG	4.04	5.22	3.95	3.89	3.91	4.5	4.42	4.66	3.48	3.09	3.09	3.748	2010	3.09	Environment Live	C
2017.Q2.G.01	EN_MAT_FTPRPG	Material footprint per unit of GDP	233	25.84093481	58.68487172	EST	Estonia	1	ANNUAL	KG	1.71	1.6	1.69	1.96	1.89	1.86	1.81	1.95	1.87	1.92	1.76	1.862	2010	1.76	Environment Live	C
2017.Q2.G.01	EN_MAT_FTPRPG	Material footprint per unit of GDP	234	-7.122044325	62.21228119	FRO	Faroe Islands	1	ANNUAL	KG																
2017.Q2.G.01	EN_MAT_FTPRPG	Material footprint per unit of GDP	238	-58.75246778	-51.74562601	FLK	Falkland Islands (Malvinas)	1	ANNUAL	KG																
2017.Q2.G.01	EN_MAT_FTPRPG	Material footprint per unit of GDP	239	-36.90662765	-54.20736749	SGS	South Georgia and the South Sandwich Islands	1	ANNUAL	KG																
2017.Q2.G.01	EN_MAT_FTPRPG	Material footprint per unit of GDP	242	177.9660884	-17.83301566	FJI	Fiji	1	ANNUAL	KG	1.56	1.52	1.46	1.69	1.89	1.86	2.03	1.94	1.68	1.56	1.52	1.746	2010	1.52	Environment Live	C
2017.Q2.G.01	EN_MAT_FTPRPG	Material footprint per unit of GDP	246	23.308447	61.91586738	FIN	Finland	1	ANNUAL	KG	1.06	1.01	1.02	1.05	1.03	1	0.97	0.97	0.91	0.92	0.87	0.928	2010	0.87	Environment Live	C
2017.Q2.G.01	EN_MAT_FTPRPG	Material footprint per unit of GDP	248	19.80945969	60.1544901	ALA	Åland Islands	1	ANNUAL	KG																
2017.Q2.G.01	EN_MAT_FTPRPG	Material footprint per unit of GDP	250	2.457288129	46.62660861	FRA	France	1	ANNUAL	KG	0.64	0.61	0.62	0.63	0.64	0.64	0.62	0.62	0.61	0.62	0.57	0.608	2010	0.57	Environment Live	C
2017.Q2.G.01	EN_MAT_FTPRPG	Material footprint per unit of GDP	254	-53.23619089	3.922673437	GUF	French Guiana	1	ANNUAL	KG																
2017.Q2.G.01	EN_MAT_FTPRPG	Material footprint per unit of GDP	258	-149.4052367	-17.67709294	PYF	French Polynesia	1	ANNUAL	KG																
2017.Q2.G.01	EN_MAT_FTPRPG	Material footprint per unit of GDP	260	69.64849091	-49.6068576	ATF	French Southern Territories	1	ANNUAL	KG																
2017.Q2.G.01	EN_MAT_FTPRPG	Material footprint per unit of GDP	262	42.18274707	11.56004161	DJI	Djibouti	1	ANNUAL	KG	4	3.56	3.76	3.78	3.59	3.73	3.68	3.73	2.95	2.93	2.83	3.224	2010	2.83	Environment Live	C
2017.Q2.G.01	EN_MAT_FTPRPG	Material footprint per unit of GDP	266	11.78727747	-0.60687619	GAB	Gabon	1	ANNUAL	KG	0.66	0.62	0.66	0.72	0.69	0.66	0.79	0.76	0.73	0.76	0.64	0.736	2010	0.64	Environment Live	C
2017.Q2.G.01	EN_MAT_FTPRPG	Material footprint per unit of GDP	268	43.3713615	42.04813028	GEO	Georgia	1	ANNUAL	KG	3.33	3.39	3.42	3.42	3.61	3.56	3.48	3.59	3.65	3.74	3.59	3.61	2010	3.59	Environment Live	C
2017.Q2.G.01	EN_MAT_FTPRPG	Material footprint per unit of GDP	270	-15.39944785	13.45295927	GMB	Gambia	1	ANNUAL	KG	6.11	5	6.09	7.2	7	7.2	7.14	6.26	5.68	5.54	5.41	6.006	2010	5.41	Environment Live	C
2017.Q2.G.01	EN_MAT_FTPRPG	Material footprint per unit of GDP	275	35.25694122	31.94347933	PSE	State of Palestine	1	ANNUAL	KG																
2017.Q2.G.01	EN_MAT_FTPRPG	Material footprint per unit of GDP	276	10.3806066	51.08862743	DEU	Germany	1	ANNUAL	KG	0.68	0.63	0.62	0.64	0.65	0.64	0.61	0.61	0.6	0.63	0.58	0.606	2010	0.58	Environment Live	C
2017.Q2.G.01	EN_MAT_FTPRPG	Material footprint per unit of GDP	288	-1.205623522	7.964825185	GHA	Ghana	1	ANNUAL	KG	3.02	3.12	3.19	3.56	3.32	3.68	3.79	3.79	3.5	3.23	3.44	3.55	2010	3.44	Environment Live	C
2017.Q2.G.01	EN_MAT_FTPRPG	Material footprint per unit of GDP	292	-5.347561686	36.13895036	GIB	Gibraltar	1	ANNUAL	KG																
2017.Q2.G.01	EN_MAT_FTPRPG	Material footprint per unit of GDP	296	-157.5643005	1.768837732	KIR	Kiribati	1	ANNUAL	KG																
2017.Q2.G.01	EN_MAT_FTPRPG	Material footprint per unit of GDP	300	22.58307827	39.47301873	GRC	Greece	1	ANNUAL	KG	1.56	1.52	1.48	1.53	1.45	1.45	1.36	1.48	1.47	1.41	1.3	1.404	2010	1.3	Environment Live	C
2017.Q2.G.01	EN_MAT_FTPRPG	Material footprint per unit of GDP	304	-41.39371316	74.75625681	GRL	Greenland	1	ANNUAL	KG																
2017.Q2.G.01	EN_MAT_FTPRPG	Material footprint per unit of GDP	308	-61.68248568	12.11238395	GRD	Grenada	1	ANNUAL	KG																
2017.Q2.G.01	EN_MAT_FTPRPG	Material footprint per unit of GDP	312	-61.64762115	16.14416917	GLP	Guadeloupe	1	ANNUAL	KG																
2017.Q2.G.01	EN_MAT_FTPRPG	Material footprint per unit of GDP	316	144.7029305	13.35485404	GUM	Guam	1	ANNUAL	KG																
2017.Q2.G.01	EN_MAT_FTPRPG	Material footprint per unit of GDP	320	-91.2312746	15.00273719	GTM	Guatemala	1	ANNUAL	KG	1.59	1.66	1.62	1.73	1.67	1.76	1.7	1.68	1.58	1.55	1.52	1.606	2010	1.52	Environment Live	C
2017.Q2.G.01	EN_MAT_FTPRPG	Material footprint per unit of GDP	324	-11.28173419	11.00210343	GIN	Guinea	1	ANNUAL	KG	8.25	7.86	7.94	8.65	8.15	7.05	6.58	7.4	7.28	7.31	6.94	7.102	2010	6.94	Environment Live	C
2017.Q2.G.01	EN_MAT_FTPRPG	Material footprint per unit of GDP	328	-58.97322037	4.788012784	GUY	Guyana	1	ANNUAL	KG	80.09	57.69	59.77	51.98	47.78	56.18	50.11	54.52	53.39	48.71	52.58	51.862	2010	52.58	Environment Live	C
2017.Q2.G.01	EN_MAT_FTPRPG	Material footprint per unit of GDP	332	-72.33640958	18.40426539	HTI	Haiti	1	ANNUAL	KG	2.25	2.29	2.23	2.21	2.49	2.56	2.62	2.78	2.61	2.72	3.06	2.758	2010	3.06	Environment Live	C
2017.Q2.G.01	EN_MAT_FTPRPG	Material footprint per unit of GDP	334	73.52633626	-53.09106147	HMD	Heard Island and McDonald Islands	1	ANNUAL	KG																
2017.Q2.G.01	EN_MAT_FTPRPG	Material footprint per unit of GDP	336	12.45315803	41.90343751	VAT	Holy See	1	ANNUAL	KG																
2017.Q2.G.01	EN_MAT_FTPRPG	Material footprint per unit of GDP	340	-86.59974381	14.82243161	HND	Honduras	1	ANNUAL	KG	2.66	2.78	2.71	2.68	2.56	2.49	2.62	2.61	2.53	2.81	2.67	2.648	2010	2.67	Environment Live	C
2017.Q2.G.01	EN_MAT_FTPRPG	Material footprint per unit of GDP	344	114.0266445	22.41749934	HKG	China, Hong Kong Special Administrative Region	1	ANNUAL	KG																
2017.Q2.G.01	EN_MAT_FTPRPG	Material footprint per unit of GDP	348	19.41221519	47.1651448	HUN	Hungary	1	ANNUAL	KG	1.17	1.29	1.3	1.37	1.49	1.53	1.31	1.29	1.3	1.25	1.16	1.262	2010	1.16	Environment Live	C
2017.Q2.G.01	EN_MAT_FTPRPG	Material footprint per unit of GDP	352	-19.02116966	64.79134763	ISL	Iceland	1	ANNUAL	KG	0.7	0.58	0.58	0.64	0.68	0.81	0.86	0.79	0.59	0.46	0.48	0.636	2010	0.48	Environment Live	C
2017.Q2.G.01	EN_MAT_FTPRPG	Material footprint per unit of GDP	356	79.3608464	22.34642074	IND	India	1	ANNUAL	KG	4.39	4.37	4.19	4.02	3.9	3.83	3.76	3.83	3.78	3.7	3.51	3.716	2010	3.51	Environment Live	C
2017.Q2.G.01	EN_MAT_FTPRPG	Material footprint per unit of GDP	360	113.9174	-0.994582204	IDN	Indonesia	1	ANNUAL	KG	2.44	2.43	2.85	3.09	2.91	2.86	2.82	2.8	2.78	2.87	3.02	2.858	2010	3.02	Environment Live	C
2017.Q2.G.01	EN_MAT_FTPRPG	Material footprint per unit of GDP	364	54.19766348	32.74370885	IRN	Iran (Islamic Republic of)	1	ANNUAL	KG	3.57	3.79	3.77	3.73	3.84	3.87	3.94	3.87	3.77	4.01	3.69	3.856	2010	3.69	Environment Live	C
2017.Q2.G.01	EN_MAT_FTPRPG	Material footprint per unit of GDP	368	43.76606267	33.05013795	IRQ	Iraq	1	ANNUAL	KG	1.6	1.83	2.13	2.1	1.67	1.8	1.64	1.79	1.83	2.04	1.95	1.85	2010	1.95	Environment Live	C
2017.Q2.G.01	EN_MAT_FTPRPG	Material footprint per unit of GDP	372	-7.121425272	53.25274054	IRL	Ireland	1	ANNUAL	KG	0.75	0.7	0.69	0.71	0.74	0.78	0.83	0.83	0.72	0.63	0.54	0.71	2010	0.54	Environment Live	C
2017.Q2.G.01	EN_MAT_FTPRPG	Material footprint per unit of GDP	376	34.62277992	31.06164552	ISR	Israel	1	ANNUAL	KG	1.12	1.11	1.12	1.02	0.83	0.88	0.85	0.84	0.81	0.78	0.78	0.812	2010	0.78	Environment Live	C
2017.Q2.G.01	EN_MAT_FTPRPG	Material footprint per unit of GDP	380	12.57022427	42.79917282	ITA	Italy	1	ANNUAL	KG	0.67	0.65	0.66	0.67	0.68	0.71	0.7	0.7	0.69	0.69	0.64	0.684	2010	0.64	Environment Live	C
2017.Q2.G.01	EN_MAT_FTPRPG	Material footprint per unit of GDP	384	-5.552690016	7.62211586	CIV	Côte d'Ivoire	1	ANNUAL	KG	1.24	1.18	1.21	1.3	1.2	1.19	1.15	1.12	1.01	1.01	0.98	1.054	2010	0.98	Environment Live	C
2017.Q2.G.01	EN_MAT_FTPRPG	Material footprint per unit of GDP	388	-77.31068409	18.15616857	JAM	Jamaica	1	ANNUAL	KG	2.15	2.18	2.23	2.18	2.18	2.33	2.43	2.19	2.38	1.74	1.79	2.106	2010	1.79	Environment Live	C
2017.Q2.G.01	EN_MAT_FTPRPG	Material footprint per unit of GDP	392	139.2716103	36.6554539	JPN	Japan	1	ANNUAL	KG	0.73	0.69	0.65	0.64	0.65	0.66	0.65	0.59	0.6	0.58	0.55	0.594	2010	0.55	Environment Live	C
2017.Q2.G.01	EN_MAT_FTPRPG	Material footprint per unit of GDP	398	66.65359159	48.01963494	KAZ	Kazakhstan	1	ANNUAL	KG	5.19	5.44	4.97	4.76	4.45	4.26	4.38	4.59	3.98	4.25	3.79	4.198	2010	3.79	Environment Live	C
2017.Q2.G.01	EN_MAT_FTPRPG	Material footprint per unit of GDP	400	37.13024774	30.65365973	JOR	Jordan	1	ANNUAL	KG	3.71	3.55	3.59	3.35	3.48	3.57	3.32	3.18	2.93	2.85	2.96	3.048	2010	2.96	Environment Live	C
2017.Q2.G.01	EN_MAT_FTPRPG	Material footprint per unit of GDP	404	37.86096816	0.534797278	KEN	Kenya	1	ANNUAL	KG	4.93	4.85	4.9	4.67	4.6	4.8	4.66	4.53	4.47	4.79	4.55	4.6	2010	4.55	Environment Live	C
2017.Q2.G.01	EN_MAT_FTPRPG	Material footprint per unit of GDP	408	127.1803633	40.1462645	PRK	Democratic People's Republic of Korea	1	ANNUAL	KG	2.05	2.35	2.24	2.44	2.37	2.41	2.42	2.24	2.01	2.09	1.83	2.118	2010	1.83	Environment Live	C
2017.Q2.G.01	EN_MAT_FTPRPG	Material footprint per unit of GDP	410	127.8610254	36.45201023	KOR	Republic of Korea	1	ANNUAL	KG	1.42	1.37	1.34	1.41	1.36	1.21	1.15	1.14	1.13	1.04	1.02	1.096	2010	1.02	Environment Live	C
2017.Q2.G.01	EN_MAT_FTPRPG	Material footprint per unit of GDP	414	47.49305029	29.53949468	KWT	Kuwait	1	ANNUAL	KG	1.43	1.61	1.49	1.68	1.56	1.53	1.44	1.52	1.61	1.45	1.46	1.496	2010	1.46	Environment Live	C
2017.Q2.G.01	EN_MAT_FTPRPG	Material footprint per unit of GDP	417	74.52324839	41.46204516	KGZ	Kyrgyzstan	1	ANNUAL	KG	14.58	13.16	13.55	14.12	13.8	13.8	14.18	14.13	14.12	12.37	12.36	13.432	2010	12.36	Environment Live	C
2017.Q2.G.01	EN_MAT_FTPRPG	Material footprint per unit of GDP	418	101.9901968	20.27482773	LAO	Lao People's Democratic Republic	1	ANNUAL	KG	3.9	3.68	3.54	3.86	3.79	5.13	6.39	6.22	6.66	8.31	7.67	7.05	2010	7.67	Environment Live	C
2017.Q2.G.01	EN_MAT_FTPRPG	Material footprint per unit of GDP	422	35.89391711	33.92152458	LBN	Lebanon	1	ANNUAL	KG	2.25	2.24	2.08	2.35	2.3	2.29	2.38	2.09	2	2.15	2.16	2.156	2010	2.16	Environment Live	C
2017.Q2.G.01	EN_MAT_FTPRPG	Material footprint per unit of GDP	426	28.25362195	-29.58041814	LSO	Lesotho	1	ANNUAL	KG	4.68	4.37	4.21	4.51	4.65	4.63	4.77	5.11	4.02	4.79	5.59	4.856	2010	5.59	Environment Live	C
2017.Q2.G.01	EN_MAT_FTPRPG	Material footprint per unit of GDP	428	26.42461876	56.64196636	LVA	Latvia	1	ANNUAL	KG	2.74	2.59	2.58	2.6	2.63	2.48	2.47	2.71	2.65	2.52	2.69	2.608	2010	2.69	Environment Live	C
2017.Q2.G.01	EN_MAT_FTPRPG	Material footprint per unit of GDP	430	-9.311879038	6.448381009	LBR	Liberia	1	ANNUAL	KG	4.34	3.77	3.28	3.7	4.62	4.43	5.61	5.63	4.1	4.4	3.8	4.708	2010	3.8	Environment Live	C
2017.Q2.G.01	EN_MAT_FTPRPG	Material footprint per unit of GDP	434	18.0295985	27.04042819	LBY	Libya	1	ANNUAL	KG	0.64	0.6	0.6	0.48	0.42	0.39	0.47	0.45	0.42	0.4	0.4	0.428	2010	0.4	Environment Live	C
2017.Q2.G.01	EN_MAT_FTPRPG	Material footprint per unit of GDP	438	9.552985019	47.14167005	LIE	Liechtenstein	1	ANNUAL	KG	0.47	0.38	0.41	0.5	0.51	0.49	0.52	0.55	0.35	0.41	0.39	0.444	2010	0.39	Environment Live	C
2017.Q2.G.01	EN_MAT_FTPRPG	Material footprint per unit of GDP	440	23.90517807	55.33680309	LTU	Lithuania	1	ANNUAL	KG	2.76	2.58	2.71	2.88	2.89	2.84	2.78	2.93	2.93	2.85	2.78	2.854	2010	2.78	Environment Live	C
2017.Q2.G.01	EN_MAT_FTPRPG	Material footprint per unit of GDP	442	6.092656563	49.77679538	LUX	Luxembourg	1	ANNUAL	KG																
2017.Q2.G.01	EN_MAT_FTPRPG	Material footprint per unit of GDP	446	113.5665388	22.1237259	MAC	China, Macao Special Administrative Region	1	ANNUAL	KG																
2017.Q2.G.01	EN_MAT_FTPRPG	Material footprint per unit of GDP	450	46.6982339	-19.38514785	MDG	Madagascar	1	ANNUAL	KG	1.95	1.95	2.36	2.74	2.27	2.25	2.44	2.79	3.04	3.41	3.2	2.976	2010	3.2	Environment Live	C
2017.Q2.G.01	EN_MAT_FTPRPG	Material footprint per unit of GDP	454	33.4884625	-13.40819859	MWI	Malawi	1	ANNUAL	KG	3.61	3.63	3.62	3.4	3.17	3.22	3.32	3.1	3.08	3.63	3.33	3.292	2010	3.33	Environment Live	C
2017.Q2.G.01	EN_MAT_FTPRPG	Material footprint per unit of GDP	458	116.8346314	5.452415309	MYS	Malaysia	1	ANNUAL	KG	3.36	2.83	2.7	2.65	2.63	2.62	2.74	2.61	2.52	2.87	2.75	2.698	2010	2.75	Environment Live	C
2017.Q2.G.01	EN_MAT_FTPRPG	Material footprint per unit of GDP	462	73.09672546	-0.614385021	MDV	Maldives	1	ANNUAL	KG	2.43	2.04	1.98	1.94	2.15	2.61	2.97	3.02	2.63	3.02	2.75	2.878	2010	2.75	Environment Live	C
2017.Q2.G.01	EN_MAT_FTPRPG	Material footprint per unit of GDP	466	-3.522016039	17.35311254	MLI	Mali	1	ANNUAL	KG	6.4	6.86	7.31	7.53	7.8	8.14	8.02	8.25	8.36	8	8.55	8.236	2010	8.55	Environment Live	C
2017.Q2.G.01	EN_MAT_FTPRPG	Material footprint per unit of GDP	470	14.44617519	35.89194275	MLT	Malta	1	ANNUAL	KG	1.46	1.3	1.28	1.3	1.37	1.35	1.36	1.4	1.27	1.21	1.19	1.286	2010	1.19	Environment Live	C
2017.Q2.G.01	EN_MAT_FTPRPG	Material footprint per unit of GDP	474	-60.91544135	14.56086108	MTQ	Martinique	1	ANNUAL	KG																
2017.Q2.G.01	EN_MAT_FTPRPG	Material footprint per unit of GDP	478	-10.33187259	20.26089546	MRT	Mauritania	1	ANNUAL	KG	4.36	4.09	4.23	4.5	4.4	4.16	3.14	3.53	3.17	3.37	3.14	3.27	2010	3.14	Environment Live	C
2017.Q2.G.01	EN_MAT_FTPRPG	Material footprint per unit of GDP	480	57.568022	-20.28581998	MUS	Mauritius	1	ANNUAL	KG	3.07	2.85	2.8	2.79	2.79	2.81	2.79	2.65	2.64	2.52	2.52	2.624	2010	2.52	Environment Live	C
2017.Q2.G.01	EN_MAT_FTPRPG	Material footprint per unit of GDP	484	-102.5148166	23.93378032	MEX	Mexico	1	ANNUAL	KG	1.16	1.18	1.17	1.21	1.16	1.15	1.12	1.08	1.05	1.06	1.04	1.07	2010	1.04	Environment Live	C
2017.Q2.G.01	EN_MAT_FTPRPG	Material footprint per unit of GDP	492	7.424214814	43.73532918	MCO	Monaco	1	ANNUAL	KG																
2017.Q2.G.01	EN_MAT_FTPRPG	Material footprint per unit of GDP	496	103.0728057	46.83892054	MNG	Mongolia	1	ANNUAL	KG	4.14	4.04	3.93	3.57	3.64	3.77	3.81	4.47	5.28	5.82	6.91	5.258	2010	6.91	Environment Live	C
2017.Q2.G.01	EN_MAT_FTPRPG	Material footprint per unit of GDP	498	28.4650624	47.20236795	MDA	Republic of Moldova	1	ANNUAL	KG	0.11	0.08	0.08	0.1	0.13	0.15	0.21	0.28	0.41	0.48	0.53	0.382	2010	0.53	Environment Live	C
2017.Q2.G.01	EN_MAT_FTPRPG	Material footprint per unit of GDP	499	19.25214024	42.78717043	MNE	Montenegro	1	ANNUAL	KG			1.43	1.99	2.33	1.99	5.05	6.35	5.56	3.49	4.78	5.046	2010	4.78	Environment Live	C
2017.Q2.G.01	EN_MAT_FTPRPG	Material footprint per unit of GDP	500	-62.19261223	16.73558313	MSR	Montserrat	1	ANNUAL	KG																
2017.Q2.G.01	EN_MAT_FTPRPG	Material footprint per unit of GDP	504	-6.281942841	31.8440131	MAR	Morocco	1	ANNUAL	KG	1.61	1.65	1.63	1.63	1.6	1.55	1.35	1.36	1.38	1.57	1.42	1.416	2010	1.42	Environment Live	C
2017.Q2.G.01	EN_MAT_FTPRPG	Material footprint per unit of GDP	508	38.18479941	-14.27963886	MOZ	Mozambique	1	ANNUAL	KG	5.37	4.5	4.3	4.47	4.12	4.11	3.92	3.34	3.48	3.57	3.35	3.532	2010	3.35	Environment Live	C
2017.Q2.G.01	EN_MAT_FTPRPG	Material footprint per unit of GDP	512	57.87743482	21.98805614	OMN	Oman	1	ANNUAL	KG	0.78	0.79	0.75	0.69	0.77	0.87	1.11	1.09	1.11	1.12	1.11	1.108	2010	1.11	Environment Live	C
2017.Q2.G.01	EN_MAT_FTPRPG	Material footprint per unit of GDP	516	17.21907885	-22.13817068	NAM	Namibia	1	ANNUAL	KG	1.73	1.76	1.58	1.97	1.87	1.88	1.74	1.67	1.53	1.47	1.48	1.578	2010	1.48	Environment Live	C
2017.Q2.G.01	EN_MAT_FTPRPG	Material footprint per unit of GDP	520	166.92313	-0.528742623	NRU	Nauru	1	ANNUAL	KG																
2017.Q2.G.01	EN_MAT_FTPRPG	Material footprint per unit of GDP	524	83.94678863	28.25866332	NPL	Nepal	1	ANNUAL	KG	4.28	4.18	4.33	4.56	4.41	4.52	4.93	4.96	4.57	4.82	5.55	4.966	2010	5.55	Environment Live	C
2017.Q2.G.01	EN_MAT_FTPRPG	Material footprint per unit of GDP	528	5.331480568	51.86728884	NLD	Netherlands	1	ANNUAL	KG	0.45	0.5	0.56	0.55	0.55	0.55	0.54	0.57	0.56	0.57	0.54	0.556	2010	0.54	Environment Live	C
2017.Q2.G.01	EN_MAT_FTPRPG	Material footprint per unit of GDP	530	-68.30676179	12.22720635	ANT	Netherlands Antilles	1	ANNUAL	KG																
2017.Q2.G.01	EN_MAT_FTPRPG	Material footprint per unit of GDP	531	-68.95033464	12.15058042	CUW	Curaçao	1	ANNUAL	KG																
2017.Q2.G.01	EN_MAT_FTPRPG	Material footprint per unit of GDP	533	-69.97050586	12.50878756	ABW	Aruba	1	ANNUAL	KG																
2017.Q2.G.01	EN_MAT_FTPRPG	Material footprint per unit of GDP	534	-63.06198692	18.03926508	SXM	Sint Maarten (Dutch part)	1	ANNUAL	KG																
2017.Q2.G.01	EN_MAT_FTPRPG	Material footprint per unit of GDP	540	165.5067368	-21.41742531	NCL	New Caledonia	1	ANNUAL	KG																
2017.Q2.G.01	EN_MAT_FTPRPG	Material footprint per unit of GDP	548	167.0679779	-15.34445547	VUT	Vanuatu	1	ANNUAL	KG	3.2	3.15	3.5	3.99	4.23	4.37	4.45	4.91	3.88	4.13	4.27	4.328	2010	4.27	Environment Live	C
2017.Q2.G.01	EN_MAT_FTPRPG	Material footprint per unit of GDP	554	170.4755673	-43.98721568	NZL	New Zealand	1	ANNUAL	KG	0.91	0.9	0.94	0.91	0.98	1	0.91	0.92	0.89	0.77	0.78	0.854	2010	0.78	Environment Live	C
2017.Q2.G.01	EN_MAT_FTPRPG	Material footprint per unit of GDP	558	-85.03060315	12.84210839	NIC	Nicaragua	1	ANNUAL	KG	3.11	2.99	2.91	3.26	2.86	2.82	2.68	2.7	2.58	2.72	2.73	2.682	2010	2.73	Environment Live	C
2017.Q2.G.01	EN_MAT_FTPRPG	Material footprint per unit of GDP	562	9.400167877	17.42143036	NER	Niger	1	ANNUAL	KG	8.29	9.02	8.91	9.97	10.21	10.86	11.08	11.4	11.77	12.09	12.22	11.712	2010	12.22	Environment Live	C
2017.Q2.G.01	EN_MAT_FTPRPG	Material footprint per unit of GDP	566	8.097363256	9.585789025	NGA	Nigeria	1	ANNUAL	KG	1.73	1.96	1.53	1.64	1.39	1.42	1.43	1.47	1.36	1.2	1.2	1.332	2010	1.2	Environment Live	C
2017.Q2.G.01	EN_MAT_FTPRPG	Material footprint per unit of GDP	570	-169.8601693	-19.05000475	NIU	Niue	1	ANNUAL	KG																
2017.Q2.G.01	EN_MAT_FTPRPG	Material footprint per unit of GDP	574	167.9515548	-29.03230018	NFK	Norfolk Island	1	ANNUAL	KG																
2017.Q2.G.01	EN_MAT_FTPRPG	Material footprint per unit of GDP	578	11.47846389	61.34311134	NOR	Norway	1	ANNUAL	KG	0.52	0.52	0.53	0.52	0.52	0.53	0.53	0.57	0.56	0.53	0.55	0.548	2010	0.55	Environment Live	C
2017.Q2.G.01	EN_MAT_FTPRPG	Material footprint per unit of GDP	580	145.7582114	15.19099517	MNP	Northern Mariana Islands	1	ANNUAL	KG																
2017.Q2.G.01	EN_MAT_FTPRPG	Material footprint per unit of GDP	581	-162.4343752	5.874443968	UMI	US Minor Outlying Islands	1	ANNUAL	KG																
2017.Q2.G.01	EN_MAT_FTPRPG	Material footprint per unit of GDP	583	158.225216	6.880670092	FSM	Micronesia, Federated States of	1	ANNUAL	KG																
2017.Q2.G.01	EN_MAT_FTPRPG	Material footprint per unit of GDP	584	171.0839119	7.110213497	MHL	Marshall Islands	1	ANNUAL	KG																
2017.Q2.G.01	EN_MAT_FTPRPG	Material footprint per unit of GDP	585	134.5733878	7.502307591	PLW	Palau	1	ANNUAL	KG																
2017.Q2.G.01	EN_MAT_FTPRPG	Material footprint per unit of GDP	586	68.80479684	29.36491634	PAK	Pakistan	1	ANNUAL	KG	3.54	3.53	3.42	3.6	3.5	3.55	3.6	3.62	3.41	3.44	3.37	3.488	2010	3.37	Environment Live	C
2017.Q2.G.01	EN_MAT_FTPRPG	Material footprint per unit of GDP	591	-81.26616623	8.450965746	PAN	Panama	1	ANNUAL	KG	2.12	1.81	1.71	1.82	1.66	1.76	1.56	1.43	1.5	1.39	1.28	1.432	2010	1.28	Environment Live	C
2017.Q2.G.01	EN_MAT_FTPRPG	Material footprint per unit of GDP	598	145.8587761	-6.756057077	PNG	Papua New Guinea	1	ANNUAL	KG	2.97	2.69	2.7	2.55	2.59	2.63	2.65	2.95	2.56	2.92	2.79	2.774	2010	2.79	Environment Live	C
2017.Q2.G.01	EN_MAT_FTPRPG	Material footprint per unit of GDP	600	-60.54854225	-21.70216237	PRY	Paraguay	1	ANNUAL	KG	10.06	9.88	8.81	8.58	8.33	8.23	8.28	8.33	8.07	7.74	7.97	8.078	2010	7.97	Environment Live	C
2017.Q2.G.01	EN_MAT_FTPRPG	Material footprint per unit of GDP	604	-71.82093277	-13.58939705	PER	Peru	1	ANNUAL	KG	4.11	4.5	4.53	4.45	4	3.96	3.69	3.54	3.67	3.63	3.35	3.576	2010	3.35	Environment Live	C
2017.Q2.G.01	EN_MAT_FTPRPG	Material footprint per unit of GDP	608	120.8601418	14.16591706	PHL	Philippines	1	ANNUAL	KG	3.79	3.24	3.41	3.18	3.08	3.07	2.8	2.76	2.74	2.8	2.78	2.776	2010	2.78	Environment Live	C
2017.Q2.G.01	EN_MAT_FTPRPG	Material footprint per unit of GDP	612	-128.3225873	-24.37538456	PCN	Pitcairn	1	ANNUAL	KG																
2017.Q2.G.01	EN_MAT_FTPRPG	Material footprint per unit of GDP	616	19.40660158	52.1226733	POL	Poland	1	ANNUAL	KG	2.01	1.94	1.92	1.85	1.89	1.87	1.8	1.84	1.79	1.61	1.64	1.736	2010	1.64	Environment Live	C
2017.Q2.G.01	EN_MAT_FTPRPG	Material footprint per unit of GDP	620	-7.961599811	39.68509315	PRT	Portugal	1	ANNUAL	KG	1.16	1.12	1.09	1.04	1.11	1.15	1.21	1.33	1.36	1.22	1.15	1.254	2010	1.15	Environment Live	C
2017.Q2.G.01	EN_MAT_FTPRPG	Material footprint per unit of GDP	624	-14.40182514	12.11760394	GNB	Guinea-Bissau	1	ANNUAL	KG																
2017.Q2.G.01	EN_MAT_FTPRPG	Material footprint per unit of GDP	626	125.9451052	-8.797497247	TLS	Timor-Leste	1	ANNUAL	KG																
2017.Q2.G.01	EN_MAT_FTPRPG	Material footprint per unit of GDP	630	-66.47591017	18.22753799	PRI	Puerto Rico	1	ANNUAL	KG																
2017.Q2.G.01	EN_MAT_FTPRPG	Material footprint per unit of GDP	634	51.19152467	25.28355379	QAT	Qatar	1	ANNUAL	KG	0.29	0.34	0.37	0.39	0.36	0.55	0.52	0.59	0.57	0.36	0.38	0.484	2010	0.38	Environment Live	C
2017.Q2.G.01	EN_MAT_FTPRPG	Material footprint per unit of GDP	638	55.53171398	-21.13183266	REU	Réunion	1	ANNUAL	KG																
2017.Q2.G.01	EN_MAT_FTPRPG	Material footprint per unit of GDP	642	24.98481009	45.83893563	ROU	Romania	1	ANNUAL	KG	2.05	2.85	2.54	2.62	2.57	2.73	2.74	3.95	2.7	2.47	2.52	2.876	2010	2.52	Environment Live	C
2017.Q2.G.01	EN_MAT_FTPRPG	Material footprint per unit of GDP	643	99.01404926	61.61899849	RUS	Russian Federation	1	ANNUAL	KG	1.42	1.49	1.45	1.4	1.42	1.4	1.4	1.4	1.41	1.33	1.26	1.36	2010	1.26	Environment Live	C
2017.Q2.G.01	EN_MAT_FTPRPG	Material footprint per unit of GDP	646	29.92310194	-1.999842114	RWA	Rwanda	1	ANNUAL	KG	7.91	7.48	7.42	7.38	7.04	6.89	7.91	7.73	5.61	6.84	6.71	6.96	2010	6.71	Environment Live	C
2017.Q2.G.01	EN_MAT_FTPRPG	Material footprint per unit of GDP	652	-62.83173536	17.89513362	BLM	Saint Barthélemy	1	ANNUAL	KG																
2017.Q2.G.01	EN_MAT_FTPRPG	Material footprint per unit of GDP	654	-5.705752501	-15.96503946	SHN	Saint Helena	1	ANNUAL	KG																
2017.Q2.G.01	EN_MAT_FTPRPG	Material footprint per unit of GDP	659	-62.76628613	17.33994219	KNA	Saint Kitts and Nevis	1	ANNUAL	KG																
2017.Q2.G.01	EN_MAT_FTPRPG	Material footprint per unit of GDP	660	-63.05651612	18.21525315	AIA	Anguilla	1	ANNUAL	KG																
2017.Q2.G.01	EN_MAT_FTPRPG	Material footprint per unit of GDP	662	-60.96529553	13.89405601	LCA	Saint Lucia	1	ANNUAL	KG																
2017.Q2.G.01	EN_MAT_FTPRPG	Material footprint per unit of GDP	663	-63.04505461	18.0882685	MAF	Saint Martin (French Part)	1	ANNUAL	KG																
2017.Q2.G.01	EN_MAT_FTPRPG	Material footprint per unit of GDP	666	-56.33682442	46.85812735	SPM	Saint Pierre and Miquelon	1	ANNUAL	KG																
2017.Q2.G.01	EN_MAT_FTPRPG	Material footprint per unit of GDP	670	-61.19024321	13.24627968	VCT	Saint Vincent and the Grenadines	1	ANNUAL	KG																
2017.Q2.G.01	EN_MAT_FTPRPG	Material footprint per unit of GDP	674	12.46329038	43.93841766	SMR	San Marino	1	ANNUAL	KG	0.93	0.66	0.74	0.88	0.89	0.92	1.11	1.37	0.81	1.11	1.76	1.232	2010	1.76	Environment Live	C
2017.Q2.G.01	EN_MAT_FTPRPG	Material footprint per unit of GDP	678	6.609772265	0.241554875	STP	Sao Tome and Principe	1	ANNUAL	KG	8.91	6.14	6.65	7.49	7.64	7.74	8.72	9.84	7.52	7.89	7.56	8.306	2010	7.56	Environment Live	C
2017.Q2.G.01	EN_MAT_FTPRPG	Material footprint per unit of GDP	682	44.54763347	24.12594211	SAU	Saudi Arabia	1	ANNUAL	KG	0.88	0.79	0.81	0.69	0.71	0.75	0.79	0.87	0.88	0.94	0.92	0.88	2010	0.92	Environment Live	C
2017.Q2.G.01	EN_MAT_FTPRPG	Material footprint per unit of GDP	686	-14.46636926	14.35920905	SEN	Senegal	1	ANNUAL	KG	2.91	3.15	3.16	3.43	3.44	3.52	3.42	3.72	3.64	3.65	3.63	3.612	2010	3.63	Environment Live	C
2017.Q2.G.01	EN_MAT_FTPRPG	Material footprint per unit of GDP	688	20.805876	44.03145697	SRB	Serbia	1	ANNUAL	KG	3.71	3.55	3.19	3.1	3.1	2.54	3.71	3.74	3.54	3.68	4.63	3.86	2010	4.63	Environment Live	C
2017.Q2.G.01	EN_MAT_FTPRPG	Material footprint per unit of GDP	690	55.46561591	-4.678053059	SYC	Seychelles	1	ANNUAL	KG	2.26	2.12	2.11	2.4	2.38	2.54	2.49	2.52	2.01	2.2	1.97	2.238	2010	1.97	Environment Live	C
2017.Q2.G.01	EN_MAT_FTPRPG	Material footprint per unit of GDP	694	-11.78306584	8.568604164	SLE	Sierra Leone	1	ANNUAL	KG	6.68	5.97	5.2	5.16	4.88	5.04	6.91	6.28	5.8	5.98	6.21	6.236	2010	6.21	Environment Live	C
2017.Q2.G.01	EN_MAT_FTPRPG	Material footprint per unit of GDP	702	103.8107883	1.361009155	SGP	Singapore	1	ANNUAL	KG	2.61	2.19	2.01	2.07	2.15	2.23	2.36	2.23	2.34	2.23	2.03	2.238	2010	2.03	Environment Live	C
2017.Q2.G.01	EN_MAT_FTPRPG	Material footprint per unit of GDP	703	19.48495604	48.70741446	SVK	Slovakia	1	ANNUAL	KG	2.89	3.12	3.14	3.35	3.46	3.53	3.2	3.47	3.14	3.26	3.28	3.27	2010	3.28	Environment Live	C
2017.Q2.G.01	EN_MAT_FTPRPG	Material footprint per unit of GDP	704	105.802499	10.09643079	VNM	Viet Nam	1	ANNUAL	KG	6.71	6.88	6.5	6.75	6.57	7.05	7.09	7.1	7.38	7.94	8.02	7.506	2010	8.02	Environment Live	C
2017.Q2.G.01	EN_MAT_FTPRPG	Material footprint per unit of GDP	705	14.82209486	46.11958061	SVN	Slovenia	1	ANNUAL	KG	1.31	1.22	1.22	1.28	1.32	1.3	1.37	1.39	1.29	1.19	1.17	1.282	2010	1.17	Environment Live	C
2017.Q2.G.01	EN_MAT_FTPRPG	Material footprint per unit of GDP	706	46.20367477	4.406485729	SOM	Somalia	1	ANNUAL	KG	14.58	13.74	13.93	14.53	14.73	15.17	15.33	14.21	13.32	13.51	12.76	13.826	2010	12.76	Environment Live	C
2017.Q2.G.01	EN_MAT_FTPRPG	Material footprint per unit of GDP	710	24.67184355	-29.99957544	ZAF	South Africa	1	ANNUAL	KG	1.95	1.71	1.71	1.77	1.82	1.83	1.73	1.64	1.52	1.46	1.5	1.57	2010	1.5	Environment Live	C
2017.Q2.G.01	EN_MAT_FTPRPG	Material footprint per unit of GDP	716	29.86909584	-19.00075492	ZWE	Zimbabwe	1	ANNUAL	KG	2.2	2.05	1.93	2.08	2.1	2.13	2.15	2.03	1.7	1.26	1.45	1.718	2010	1.45	Environment Live	C
2017.Q2.G.01	EN_MAT_FTPRPG	Material footprint per unit of GDP	724	-3.554078296	40.39211472	ESP	Spain	1	ANNUAL	KG	0.99	0.99	1.01	1.09	1.1	1.28	1.08	1.13	1.03	0.91	0.88	1.006	2010	0.88	Environment Live	C
2017.Q2.G.01	EN_MAT_FTPRPG	Material footprint per unit of GDP	728	30.32618773	7.290839152	SSD	South Sudan	1	ANNUAL	KG																
2017.Q2.G.01	EN_MAT_FTPRPG	Material footprint per unit of GDP	732	-13.13515523	24.66265342	ESH	Western Sahara	1	ANNUAL	KG																
2017.Q2.G.01	EN_MAT_FTPRPG	Material footprint per unit of GDP	736	29.95650159	16.02643066	SDN	Sudan	1	ANNUAL	KG																
2017.Q2.G.01	EN_MAT_FTPRPG	Material footprint per unit of GDP	740	-55.90626394	4.132603197	SUR	Suriname	1	ANNUAL	KG	2.8	3.05	2.87	3.28	3.3	3.54	3.25	3.43	3.2	2.77	2.6	3.05	2010	2.6	Environment Live	C
2017.Q2.G.01	EN_MAT_FTPRPG	Material footprint per unit of GDP	744	13.38071013	78.82894131	SJM	Svalbard and Jan Mayen Islands	1	ANNUAL	KG																
2017.Q2.G.01	EN_MAT_FTPRPG	Material footprint per unit of GDP	748	31.50149288	-26.56471011	SWZ	Swaziland	1	ANNUAL	KG	3.63	3.49	3.53	3.97	3.91	3.96	3.79	3.68	3.32	3.58	3.52	3.578	2010	3.52	Environment Live	C
2017.Q2.G.01	EN_MAT_FTPRPG	Material footprint per unit of GDP	752	14.3775338	60.60103109	SWE	Sweden	1	ANNUAL	KG	0.63	0.56	0.56	0.57	0.57	0.6	0.56	0.57	0.55	0.5	0.53	0.542	2010	0.53	Environment Live	C
2017.Q2.G.01	EN_MAT_FTPRPG	Material footprint per unit of GDP	756	8.223158	46.96617097	CHE	Switzerland	1	ANNUAL	KG	0.44	0.48	0.49	0.48	0.5	0.52	0.52	0.52	0.49	0.47	0.46	0.492	2010	0.46	Environment Live	C
2017.Q2.G.01	EN_MAT_FTPRPG	Material footprint per unit of GDP	760	38.50466565	35.01676176	SYR	Syrian Arab Republic (Syria)	1	ANNUAL	KG	2.11	2.21	2.1	2	2.1	2.12	2.2	2.22	2.14	2.11	2.17	2.168	2010	2.17	Environment Live	C
2017.Q2.G.01	EN_MAT_FTPRPG	Material footprint per unit of GDP	762	69.294998	38.43069666	TJK	Tajikistan	1	ANNUAL	KG	3.11	2.72	2.86	3.13	3.3	3.34	3.84	4.47	3.83	3.75	4.3	4.038	2010	4.3	Environment Live	C
2017.Q2.G.01	EN_MAT_FTPRPG	Material footprint per unit of GDP	764	101.0202951	15.13089239	THA	Thailand	1	ANNUAL	KG	2.78	2.73	2.74	2.97	3.07	3.11	3.14	2.9	2.9	2.75	2.85	2.908	2010	2.85	Environment Live	C
2017.Q2.G.01	EN_MAT_FTPRPG	Material footprint per unit of GDP	768	0.97835765	8.532096072	TGO	Togo	1	ANNUAL	KG	5.7	5.27	5.71	4.91	4.89	5.07	6.7	4.88	5.97	5.86	5.37	5.756	2010	5.37	Environment Live	C
2017.Q2.G.01	EN_MAT_FTPRPG	Material footprint per unit of GDP	772	-171.8154473	-9.214545558	TKL	Tokelau	1	ANNUAL	KG																
2017.Q2.G.01	EN_MAT_FTPRPG	Material footprint per unit of GDP	776	-175.1959991	-21.19511329	TON	Tonga	1	ANNUAL	KG																
2017.Q2.G.01	EN_MAT_FTPRPG	Material footprint per unit of GDP	780	-61.29389504	10.41877263	TTO	Trinidad and Tobago	1	ANNUAL	KG	0.61	0.63	0.62	0.51	0.47	0.48	0.43	0.44	0.4	0.35	0.3	0.384	2010	0.3	Environment Live	C
2017.Q2.G.01	EN_MAT_FTPRPG	Material footprint per unit of GDP	784	53.98279159	23.43322219	ARE	United Arab Emirates	1	ANNUAL	KG	1.17	0.98	1.02	0.97	1.16	1.23	1.07	1.37	1.46	1.43	1.44	1.354	2010	1.44	Environment Live	C
2017.Q2.G.01	EN_MAT_FTPRPG	Material footprint per unit of GDP	788	9.572737411	34.11439971	TUN	Tunisia	1	ANNUAL	KG	2.33	2.3	2.16	2.06	1.94	1.86	1.7	1.66	1.64	1.56	1.59	1.63	2010	1.59	Environment Live	C
2017.Q2.G.01	EN_MAT_FTPRPG	Material footprint per unit of GDP	792	35.42890329	38.9899684	TUR	Turkey	1	ANNUAL	KG	1.58	1.4	1.39	1.44	1.5	1.51	1.61	1.61	1.61	1.52	1.63	1.596	2010	1.63	Environment Live	C
2017.Q2.G.01	EN_MAT_FTPRPG	Material footprint per unit of GDP	795	58.9787665	40.0912346	TKM	Turkmenistan	1	ANNUAL	KG	3.08	3.64	3.45	4.14	4.41	3.78	2.97	3.32	2.83	3.38	2.87	3.074	2010	2.87	Environment Live	C
2017.Q2.G.01	EN_MAT_FTPRPG	Material footprint per unit of GDP	796	-71.745121	21.80780585	TCA	Turks and Caicos Islands	1	ANNUAL	KG																
2017.Q2.G.01	EN_MAT_FTPRPG	Material footprint per unit of GDP	798	178.6679611	-7.460048071	TUV	Tuvalu	1	ANNUAL	KG																
2017.Q2.G.01	EN_MAT_FTPRPG	Material footprint per unit of GDP	800	32.39100438	1.279557331	UGA	Uganda	1	ANNUAL	KG	6.72	6.46	6.22	6.52	6.38	6.29	6.19	6.11	5.58	5.59	5.56	5.806	2010	5.56	Environment Live	C
2017.Q2.G.01	EN_MAT_FTPRPG	Material footprint per unit of GDP	804	31.40270802	49.00735945	UKR	Ukraine	1	ANNUAL	KG	3.09	3.29	3.08	2.97	3.23	3.39	3.5	3.52	3.19	3.5	3.44	3.43	2010	3.44	Environment Live	C
2017.Q2.G.01	EN_MAT_FTPRPG	Material footprint per unit of GDP	807	21.7007909	41.60048068	MKD	Macedonia, Republic of	1	ANNUAL	KG	2.58	2.36	2.5	2.76	2.78	2.82	2.91	3.08	3.29	3.09	2.86	3.046	2010	2.86	Environment Live	C
2017.Q2.G.01	EN_MAT_FTPRPG	Material footprint per unit of GDP	818	29.77468534	26.57438204	EGY	Egypt	1	ANNUAL	KG	4.35	4.19	4.08	3.31	3.27	3.71	3.79	3.89	3.85	4.11	3.81	3.89	2010	3.81	Environment Live	C
2017.Q2.G.01	EN_MAT_FTPRPG	Material footprint per unit of GDP	826	-2.23830539	53.27691757	GBR	United Kingdom	1	ANNUAL	KG	0.6	0.56	0.56	0.55	0.56	0.58	0.58	0.57	0.53	0.48	0.49	0.53	2010	0.49	Environment Live	C
2017.Q2.G.01	EN_MAT_FTPRPG	Material footprint per unit of GDP	831	-2.200712402	49.71561166	GGY	Guernsey	1	ANNUAL	KG																
2017.Q2.G.01	EN_MAT_FTPRPG	Material footprint per unit of GDP	832	-2.136773508	49.22353354	JEY	Jersey	1	ANNUAL	KG																
2017.Q2.G.01	EN_MAT_FTPRPG	Material footprint per unit of GDP	833	-4.538190305	54.22880901	IMN	Isle of Man	1	ANNUAL	KG																
2017.Q2.G.01	EN_MAT_FTPRPG	Material footprint per unit of GDP	834	34.80521182	-6.265332606	TZA	Tanzania, United Republic of	1	ANNUAL	KG																
2017.Q2.G.01	EN_MAT_FTPRPG	Material footprint per unit of GDP	840	-99.13830311	39.5277871	USA	United States of America	1	ANNUAL	KG	0.77	0.78	0.76	0.75	0.76	0.77	0.77	0.74	0.7	0.62	0.62	0.69	2010	0.62	Environment Live	C
2017.Q2.G.01	EN_MAT_FTPRPG	Material footprint per unit of GDP	850	-64.76960113	17.73297693	VIR	United States Virgin Islands	1	ANNUAL	KG																
2017.Q2.G.01	EN_MAT_FTPRPG	Material footprint per unit of GDP	854	-1.742843829	12.27491081	BFA	Burkina Faso	1	ANNUAL	KG	5.15	5.44	5.17	5.85	5.93	6.19	6.38	6.35	6.41	6.57	6.71	6.484	2010	6.71	Environment Live	C
2017.Q2.G.01	EN_MAT_FTPRPG	Material footprint per unit of GDP	858	-56.01387025	-32.8002838	URY	Uruguay	1	ANNUAL	KG	4.51	4.03	4.38	3.7	4.87	5.96	5.8	5.41	5.35	4.99	4.71	5.252	2010	4.71	Environment Live	C
2017.Q2.G.01	EN_MAT_FTPRPG	Material footprint per unit of GDP	860	63.11944558	41.77560518	UZB	Uzbekistan	1	ANNUAL	KG	11.5	10.28	10.08	10.06	9.98	9.57	9.79	8.93	8.22	8.43	7.96	8.666	2010	7.96	Environment Live	C
2017.Q2.G.01	EN_MAT_FTPRPG	Material footprint per unit of GDP	862	-66.15642084	7.121324748	VEN	Venezuela (Bolivarian Republic)	1	ANNUAL	KG	1.41	1.43	1.33	1.34	1.13	1.25	1.25	1.36	1.22	1.31	1.21	1.27	2010	1.21	Environment Live	C
2017.Q2.G.01	EN_MAT_FTPRPG	Material footprint per unit of GDP	876	-176.2034788	-13.28471201	WLF	Wallis and Futuna Islands	1	ANNUAL	KG																
2017.Q2.G.01	EN_MAT_FTPRPG	Material footprint per unit of GDP	882	-172.4430749	-13.61541469	WSM	Samoa	1	ANNUAL	KG	3.69	3.03	3.31	3.62	3.84	3.94	4.19	4.54	3.37	3.74	3.69	3.906	2010	3.69	Environment Live	C
2017.Q2.G.01	EN_MAT_FTPRPG	Material footprint per unit of GDP	887	45.22389143	15.22242099	YEM	Yemen	1	ANNUAL	KG	1.25	1.47	1.39	1.43	1.36	1.34	1.34	1.48	1.41	1.41	1.47	1.422	2010	1.47	Environment Live	C
2017.Q2.G.01	EN_MAT_FTPRPG	Material footprint per unit of GDP	894	27.850329	-14.59701056	ZMB	Zambia	1	ANNUAL	KG	3.84	4	3.94	4.51	4.41	4.63	4.59	3.78	3.8	3.79	3.38	3.868	2010	3.38	Environment Live	C
