series.release	series.code	series.description	geoAreaCode	X	Y	ISO3CD	geoAreaName	sliceId	Age	Freq	Location	Sex	Units	Bounds	2000	2001	2002	2003	2004	2005	2006	2007	2008	2009	2010	2011	2012	2013	2014	2015	last.5.years.mean	latest.year	latest.value	latest.source
2017.Q2.G.01	IT_MOB_3GNTWK	Proportion of population covered by at least a 3G mobile network	4	66.02688198	33.83160199	AFG	Afghanistan	1	ALLAGE	ANNUAL	ALLAREA	BOTHSEX	PERCENT	MP							28	35	40					28	35	40	34.3333333333333	2015	40	Afghanistan Telecommunication Regulatory Authority , Ministry of Communications & Information Technology
2017.Q2.G.01	IT_MOB_3GNTWK	Proportion of population covered by at least a 3G mobile network	8	20.06660928	41.13897007	ALB	Albania	1	ALLAGE	ANNUAL	ALLAREA	BOTHSEX	PERCENT	MP					85.6	99	99	99	99			85.6	99	99	99	99	96.32	2015	99	Minister of State for the Innovation and Public Administration
2017.Q2.G.01	IT_MOB_3GNTWK	Proportion of population covered by at least a 3G mobile network	10	21.47585697	-80.40897662	ATA	Antarctica	1	ALLAGE	ANNUAL	ALLAREA	BOTHSEX	PERCENT	MP																				
2017.Q2.G.01	IT_MOB_3GNTWK	Proportion of population covered by at least a 3G mobile network	12	2.678164227	28.15940032	DZA	Algeria	1	ALLAGE	ANNUAL	ALLAREA	BOTHSEX	PERCENT	MP							6	23.23	46					6	23.23	46	25.0766666666667	2015	46	Ministère de la  Poste et des Technologies de l'Information et de la Communication
2017.Q2.G.01	IT_MOB_3GNTWK	Proportion of population covered by at least a 3G mobile network	16	-170.7187269	-14.30587306	ASM	American Samoa	1	ALLAGE	ANNUAL	ALLAREA	BOTHSEX	PERCENT	MP									55							55	55	2015	55	ITU estimate
2017.Q2.G.01	IT_MOB_3GNTWK	Proportion of population covered by at least a 3G mobile network	20	1.576257417	42.54548611	AND	Andorra	1	ALLAGE	ANNUAL	ALLAREA	BOTHSEX	PERCENT	MP			95.3	95.3	95.3	95.3	95.3	95.3	97	95.3	95.3	95.3	95.3	95.3	95.3	97	95.64	2015	97	Andorra Telecom SAU
2017.Q2.G.01	IT_MOB_3GNTWK	Proportion of population covered by at least a 3G mobile network	24	17.57817062	-12.33724746	AGO	Angola	1	ALLAGE	ANNUAL	ALLAREA	BOTHSEX	PERCENT	MP					40	47	53	46	100			40	47	53	46	100	57.2	2015	100	Angolan Institute of Communications
2017.Q2.G.01	IT_MOB_3GNTWK	Proportion of population covered by at least a 3G mobile network	28	-61.7999755	17.07761471	ATG	Antigua and Barbuda	1	ALLAGE	ANNUAL	ALLAREA	BOTHSEX	PERCENT	MP			0	0	0	98	98	98	98	0	0	0	98	98	98	98	78.4	2015	98	ITU estimate
2017.Q2.G.01	IT_MOB_3GNTWK	Proportion of population covered by at least a 3G mobile network	31	50.01064725	40.39229544	AZE	Azerbaijan	1	ALLAGE	ANNUAL	ALLAREA	BOTHSEX	PERCENT	MP			32.2	69.2	89.3	96.5	96.9	97.1	97.3	32.2	69.2	89.3	96.5	96.9	97.1	97.3	95.42	2015	97.3	Ministry of Communications and High Technologies (MC&HT)
2017.Q2.G.01	IT_MOB_3GNTWK	Proportion of population covered by at least a 3G mobile network	32	-65.14563274	-35.19446255	ARG	Argentina	1	ALLAGE	ANNUAL	ALLAREA	BOTHSEX	PERCENT	MP								80	90						80	90	85	2015	90	ITU estimate.
2017.Q2.G.01	IT_MOB_3GNTWK	Proportion of population covered by at least a 3G mobile network	36	134.3499412	-25.57717202	AUS	Australia	1	ALLAGE	ANNUAL	ALLAREA	BOTHSEX	PERCENT	MP		98.8	99	99	99	99	99	99	99	99	99	99	99	99	99	99	99	2015	99	Department of Communications and the Arts
2017.Q2.G.01	IT_MOB_3GNTWK	Proportion of population covered by at least a 3G mobile network	40	14.14172472	47.58704857	AUT	Austria	1	ALLAGE	ANNUAL	ALLAREA	BOTHSEX	PERCENT	MP	84		96	96	96	96	96	97	98	96	96	96	96	96	97	98	96.6	2015	98	ITU estimate.
2017.Q2.G.01	IT_MOB_3GNTWK	Proportion of population covered by at least a 3G mobile network	44	-78.05111663	24.69546597	BHS	Bahamas	1	ALLAGE	ANNUAL	ALLAREA	BOTHSEX	PERCENT	MP								98	98						98	98	98	2015	98	Utilities Regulation and Competition Authority
2017.Q2.G.01	IT_MOB_3GNTWK	Proportion of population covered by at least a 3G mobile network	48	50.5490754	26.04407747	BHR	Bahrain	1	ALLAGE	ANNUAL	ALLAREA	BOTHSEX	PERCENT	MP			100	100	100	100	100	97.9	97.9	100	100	100	100	100	97.9	97.9	99.16	2015	97.9	Telecommunications Regulatory Authority
2017.Q2.G.01	IT_MOB_3GNTWK	Proportion of population covered by at least a 3G mobile network	50	89.17660788	22.86961622	BGD	Bangladesh	1	ALLAGE	ANNUAL	ALLAREA	BOTHSEX	PERCENT	MP						1	21.79	59.1	71				1	21.79	59.1	71	38.2225	2015	71	Bangladesh Telecommunication Regulatory Commission
2017.Q2.G.01	IT_MOB_3GNTWK	Proportion of population covered by at least a 3G mobile network	51	44.93839317	40.29499741	ARM	Armenia	1	ALLAGE	ANNUAL	ALLAREA	BOTHSEX	PERCENT	MP			81.1	93	95	96.3	97.68	98.8	99.9	81.1	93	95	96.3	97.68	98.8	99.9	97.536	2015	99.9	Ministry of Transport and Communication of Armenia
2017.Q2.G.01	IT_MOB_3GNTWK	Proportion of population covered by at least a 3G mobile network	52	-59.5346489	13.13648273	BRB	Barbados	1	ALLAGE	ANNUAL	ALLAREA	BOTHSEX	PERCENT	MP					20		100	98	98			20		100	98	98	79	2015	98	ITU estimate
2017.Q2.G.01	IT_MOB_3GNTWK	Proportion of population covered by at least a 3G mobile network	56	4.660976456	50.64104975	BEL	Belgium	1	ALLAGE	ANNUAL	ALLAREA	BOTHSEX	PERCENT	MP	85	89.9	96.7	97	97	99.5	99.5	99.5	100	96.7	97	97	99.5	99.5	99.5	100	99.1	2015	100	Belgian Institute for Postal Services and Telecommunications
2017.Q2.G.01	IT_MOB_3GNTWK	Proportion of population covered by at least a 3G mobile network	60	-64.78155012	32.27881922	BMU	Bermuda	1	ALLAGE	ANNUAL	ALLAREA	BOTHSEX	PERCENT	MP									99							99	99	2015	99	ITU estimate
2017.Q2.G.01	IT_MOB_3GNTWK	Proportion of population covered by at least a 3G mobile network	64	90.45098484	27.39598568	BTN	Bhutan	1	ALLAGE	ANNUAL	ALLAREA	BOTHSEX	PERCENT	MP				14.98	32.5	33.6	54.7	60	80		14.98	32.5	33.6	54.7	60	80	52.16	2015	80	Ministry of Information & Communications
2017.Q2.G.01	IT_MOB_3GNTWK	Proportion of population covered by at least a 3G mobile network	68	-64.66224284	-16.71273412	BOL	Bolivia (Plurinational State of)	1	ALLAGE	ANNUAL	ALLAREA	BOTHSEX	PERCENT	MP					2	5	12	27	27			2	5	12	27	27	14.6	2015	27	Autoridad de Regulación y Fiscalización de Telecomunicaciones y Transportes
2017.Q2.G.01	IT_MOB_3GNTWK	Proportion of population covered by at least a 3G mobile network	70	17.78584332	44.16845548	BIH	Bosnia and Herzegovina	1	ALLAGE	ANNUAL	ALLAREA	BOTHSEX	PERCENT	MP			25	60	70	72	90	95	96	25	60	70	72	90	95	96	84.6	2015	96	Communications Regulatory Agency B & H
2017.Q2.G.01	IT_MOB_3GNTWK	Proportion of population covered by at least a 3G mobile network	72	23.81380223	-22.18810073	BWA	Botswana	1	ALLAGE	ANNUAL	ALLAREA	BOTHSEX	PERCENT	MP					40	45		78	92			40	45		78	92	63.75	2015	92	Botswana Communications Regulatory Authority (BOCRA)
2017.Q2.G.01	IT_MOB_3GNTWK	Proportion of population covered by at least a 3G mobile network	74	3.410732868	-54.43295905	BVT	Bouvet Island	1	ALLAGE	ANNUAL	ALLAREA	BOTHSEX	PERCENT	MP																				
2017.Q2.G.01	IT_MOB_3GNTWK	Proportion of population covered by at least a 3G mobile network	76	-53.08432878	-10.77668561	BRA	Brazil	1	ALLAGE	ANNUAL	ALLAREA	BOTHSEX	PERCENT	MP			55	67.05	81.63	85.98	88.66	92.2	93.53	55	67.05	81.63	85.98	88.66	92.2	93.53	88.4	2015	93.53	Agência Nacional de Telecomunicaçoes
2017.Q2.G.01	IT_MOB_3GNTWK	Proportion of population covered by at least a 3G mobile network	84	-88.70199554	17.19965901	BLZ	Belize	1	ALLAGE	ANNUAL	ALLAREA	BOTHSEX	PERCENT	MP																				
2017.Q2.G.01	IT_MOB_3GNTWK	Proportion of population covered by at least a 3G mobile network	86	72.38715553	-7.299281071	IOT	British Indian Ocean Territory	1	ALLAGE	ANNUAL	ALLAREA	BOTHSEX	PERCENT	MP																				
2017.Q2.G.01	IT_MOB_3GNTWK	Proportion of population covered by at least a 3G mobile network	90	160.1584117	-9.622391719	SLB	Solomon Islands	1	ALLAGE	ANNUAL	ALLAREA	BOTHSEX	PERCENT	MP									11.5							11.5	11.5	2015	11.5	Telecommunications Commission of the Solomon Islands
2017.Q2.G.01	IT_MOB_3GNTWK	Proportion of population covered by at least a 3G mobile network	92	-64.63294223	18.42256578	VGB	British Virgin Islands	1	ALLAGE	ANNUAL	ALLAREA	BOTHSEX	PERCENT	MP									91							91	91	2015	91	ITU estimate
2017.Q2.G.01	IT_MOB_3GNTWK	Proportion of population covered by at least a 3G mobile network	96	114.6288563	4.49736984	BRN	Brunei Darussalam	1	ALLAGE	ANNUAL	ALLAREA	BOTHSEX	PERCENT	MP									91							91	91	2015	91	Authority for Info-communications Technology Industry of Brunei Darussalam
2017.Q2.G.01	IT_MOB_3GNTWK	Proportion of population covered by at least a 3G mobile network	100	25.23763153	42.75731323	BGR	Bulgaria	1	ALLAGE	ANNUAL	ALLAREA	BOTHSEX	PERCENT	MP	49.03	75.69	82.05	93.43	97.81	99.46	99.81	99.88	99.95	82.05	93.43	97.81	99.46	99.81	99.88	99.95	99.382	2015	99.95	Communications Regulation Commission
2017.Q2.G.01	IT_MOB_3GNTWK	Proportion of population covered by at least a 3G mobile network	104	96.51752295	21.19332882	MMR	Myanmar	1	ALLAGE	ANNUAL	ALLAREA	BOTHSEX	PERCENT	MP								50	79.3						50	79.3	64.65	2015	79.3	Posts and Telecommunications Department, Ministry of communications and Information Technology
2017.Q2.G.01	IT_MOB_3GNTWK	Proportion of population covered by at least a 3G mobile network	108	29.89080992	-3.366387428	BDI	Burundi	1	ALLAGE	ANNUAL	ALLAREA	BOTHSEX	PERCENT	MP			0					0	0	0					0	0	0	2015	0	ITU estimate
2017.Q2.G.01	IT_MOB_3GNTWK	Proportion of population covered by at least a 3G mobile network	112	28.04940161	53.54193075	BLR	Belarus	1	ALLAGE	ANNUAL	ALLAREA	BOTHSEX	PERCENT	MP	0		59.3	67	80	87.4	89.1	95.7	95.7	59.3	67	80	87.4	89.1	95.7	95.7	89.58	2015	95.7	Ministry of Communications and Informatization
2017.Q2.G.01	IT_MOB_3GNTWK	Proportion of population covered by at least a 3G mobile network	116	104.922836	12.71163737	KHM	Cambodia	1	ALLAGE	ANNUAL	ALLAREA	BOTHSEX	PERCENT	MP			43					60	70	43					60	70	65	2015	70	Telecommunication Regulator of Cambodia (TRC)
2017.Q2.G.01	IT_MOB_3GNTWK	Proportion of population covered by at least a 3G mobile network	120	12.7419827	5.692387031	CMR	Cameroon	1	ALLAGE	ANNUAL	ALLAREA	BOTHSEX	PERCENT	MP								30	50						30	50	40	2015	50	ITU estimate
2017.Q2.G.01	IT_MOB_3GNTWK	Proportion of population covered by at least a 3G mobile network	124	-101.6575058	57.72360191	CAN	Canada	1	ALLAGE	ANNUAL	ALLAREA	BOTHSEX	PERCENT	MP	78		96	98	99	99	99	99	99.3	96	98	99	99	99	99	99.3	99.06	2015	99.3	Canadian Radio-television and Telecommunications Commission
2017.Q2.G.01	IT_MOB_3GNTWK	Proportion of population covered by at least a 3G mobile network	132	-23.63544151	15.07791834	CPV	Cabo Verde	1	ALLAGE	ANNUAL	ALLAREA	BOTHSEX	PERCENT	MP					50	80		76.5	86.8			50	80		76.5	86.8	73.325	2015	86.8	Agencia Nacional das Comunicaçoes
2017.Q2.G.01	IT_MOB_3GNTWK	Proportion of population covered by at least a 3G mobile network	136	-81.16740559	19.32266656	CYM	Cayman Islands	1	ALLAGE	ANNUAL	ALLAREA	BOTHSEX	PERCENT	MP					100	100	100	100	100			100	100	100	100	100	100	2015	100	Information and Communications Technology Authority
2017.Q2.G.01	IT_MOB_3GNTWK	Proportion of population covered by at least a 3G mobile network	140	20.93559492	7.003720791	CAF	Central African Republic	1	ALLAGE	ANNUAL	ALLAREA	BOTHSEX	PERCENT	MP						0		23	23				0		23	23	15.3333333333333	2015	23	Agence de Régulation des Télécommunications (ART)
2017.Q2.G.01	IT_MOB_3GNTWK	Proportion of population covered by at least a 3G mobile network	144	80.70489654	7.614693343	LKA	Sri Lanka	1	ALLAGE	ANNUAL	ALLAREA	BOTHSEX	PERCENT	MP						72	72	72	83				72	72	72	83	74.75	2015	83	ITU estimate
2017.Q2.G.01	IT_MOB_3GNTWK	Proportion of population covered by at least a 3G mobile network	148	18.66618401	15.36279341	TCD	Chad	1	ALLAGE	ANNUAL	ALLAREA	BOTHSEX	PERCENT	MP								11.2	13						11.2	13	12.1	2015	13	Autorité de Régulation des Communications Électroniques et des Postes
2017.Q2.G.01	IT_MOB_3GNTWK	Proportion of population covered by at least a 3G mobile network	152	-71.23029019	-35.2652885	CHL	Chile	1	ALLAGE	ANNUAL	ALLAREA	BOTHSEX	PERCENT	MP								50	90						50	90	70	2015	90	ITU estimate
2017.Q2.G.01	IT_MOB_3GNTWK	Proportion of population covered by at least a 3G mobile network	156	104.1403375	32.30955217	CHN	China	1	ALLAGE	ANNUAL	ALLAREA	BOTHSEX	PERCENT	MP								43.59	95						43.59	95	69.295	2015	95	Ministry of Industry and Information Technology
2017.Q2.G.01	IT_MOB_3GNTWK	Proportion of population covered by at least a 3G mobile network	162	105.6426067	-10.4882473	CXR	Christmas Island	1	ALLAGE	ANNUAL	ALLAREA	BOTHSEX	PERCENT	MP																				
2017.Q2.G.01	IT_MOB_3GNTWK	Proportion of population covered by at least a 3G mobile network	166	96.82633757	-12.18600682	CCK	Cocos (Keeling) Islands	1	ALLAGE	ANNUAL	ALLAREA	BOTHSEX	PERCENT	MP																				
2017.Q2.G.01	IT_MOB_3GNTWK	Proportion of population covered by at least a 3G mobile network	170	-73.07446751	3.888209046	COL	Colombia	1	ALLAGE	ANNUAL	ALLAREA	BOTHSEX	PERCENT	MP						100	100	100	100				100	100	100	100	100	2015	100	Ministerio de Tecnologías de la Información y las Comunicaciones
2017.Q2.G.01	IT_MOB_3GNTWK	Proportion of population covered by at least a 3G mobile network	174	43.34234565	-11.66121732	COM	Comoros	1	ALLAGE	ANNUAL	ALLAREA	BOTHSEX	PERCENT	MP																				
2017.Q2.G.01	IT_MOB_3GNTWK	Proportion of population covered by at least a 3G mobile network	175	45.14015057	-12.82217691	MYT	Mayotte	1	ALLAGE	ANNUAL	ALLAREA	BOTHSEX	PERCENT	MP																				
2017.Q2.G.01	IT_MOB_3GNTWK	Proportion of population covered by at least a 3G mobile network	178	15.22052612	-0.840544119	COG	Congo	1	ALLAGE	ANNUAL	ALLAREA	BOTHSEX	PERCENT	MP								50	50						50	50	50	2015	50	ITU estimate
2017.Q2.G.01	IT_MOB_3GNTWK	Proportion of population covered by at least a 3G mobile network	180	23.65496507	-2.877154732	COD	Democratic Republic of the Congo	1	ALLAGE	ANNUAL	ALLAREA	BOTHSEX	PERCENT	MP			0	0	0	20	20	20	20	0	0	0	20	20	20	20	16	2015	20	Autorité de Régulation de la Poste et des Télécommunications
2017.Q2.G.01	IT_MOB_3GNTWK	Proportion of population covered by at least a 3G mobile network	184	-159.7711391	-21.22696458	COK	Cook Islands	1	ALLAGE	ANNUAL	ALLAREA	BOTHSEX	PERCENT	MP																				
2017.Q2.G.01	IT_MOB_3GNTWK	Proportion of population covered by at least a 3G mobile network	188	-84.19712782	9.970998683	CRI	Costa Rica	1	ALLAGE	ANNUAL	ALLAREA	BOTHSEX	PERCENT	MP			44.85					99	99	44.85					99	99	99	2015	99	ITU estimate
2017.Q2.G.01	IT_MOB_3GNTWK	Proportion of population covered by at least a 3G mobile network	191	17.95874553	45.45172212	HRV	Croatia	1	ALLAGE	ANNUAL	ALLAREA	BOTHSEX	PERCENT	MP			75.5	78.8	81	93.74	98.6	98.95	99.06	75.5	78.8	81	93.74	98.6	98.95	99.06	94.27	2015	99.06	Croatian Regulatory Authority for Network Industries
2017.Q2.G.01	IT_MOB_3GNTWK	Proportion of population covered by at least a 3G mobile network	192	-79.54460144	22.10030366	CUB	Cuba	1	ALLAGE	ANNUAL	ALLAREA	BOTHSEX	PERCENT	MP							0	0	0					0	0	0	0	2015	0	Ministerio de Comunicaciones
2017.Q2.G.01	IT_MOB_3GNTWK	Proportion of population covered by at least a 3G mobile network	196	33.22285964	35.05659437	CYP	Cyprus	1	ALLAGE	ANNUAL	ALLAREA	BOTHSEX	PERCENT	MP			85	85	85.3	85.3	90	90.01	90.01	85	85	85.3	85.3	90	90.01	90.01	88.124	2015	90.01	Office of the Commissioner for Electronic Communications and Postal Regulation
2017.Q2.G.01	IT_MOB_3GNTWK	Proportion of population covered by at least a 3G mobile network	203	15.33151382	49.73913871	CZE	Czechia	1	ALLAGE	ANNUAL	ALLAREA	BOTHSEX	PERCENT	MP		84	90.4	90.4	87	90.1	90.3	98.4	99	90.4	90.4	87	90.1	90.3	98.4	99	92.96	2015	99	Czech Telecommunication Office
2017.Q2.G.01	IT_MOB_3GNTWK	Proportion of population covered by at least a 3G mobile network	204	2.339933594	9.65401646	BEN	Benin	1	ALLAGE	ANNUAL	ALLAREA	BOTHSEX	PERCENT	MP	0	0	0	0	0	0	25	30	45	0	0	0	0	25	30	45	20	2015	45	Autorité de Régulation des Communications Electroniques et de la Poste (ARCEP- Bénin)
2017.Q2.G.01	IT_MOB_3GNTWK	Proportion of population covered by at least a 3G mobile network	208	9.326571283	56.03829721	DNK	Denmark	1	ALLAGE	ANNUAL	ALLAREA	BOTHSEX	PERCENT	MP		97				70.1	73.6	99.5	99.99				70.1	73.6	99.5	99.99	85.7975	2015	99.99	Danish Energy Agency
2017.Q2.G.01	IT_MOB_3GNTWK	Proportion of population covered by at least a 3G mobile network	212	-61.3493756	15.43391378	DMA	Dominica	1	ALLAGE	ANNUAL	ALLAREA	BOTHSEX	PERCENT	MP				0				0	60		0				0	60	30	2015	60	ITU estimate
2017.Q2.G.01	IT_MOB_3GNTWK	Proportion of population covered by at least a 3G mobile network	214	-70.49847576	18.89832088	DOM	Dominican Republic	1	ALLAGE	ANNUAL	ALLAREA	BOTHSEX	PERCENT	MP								80	98.8						80	98.8	89.4	2015	98.8	Instituto Dominicano de las Telecomunicaciones (INDOTEL)
2017.Q2.G.01	IT_MOB_3GNTWK	Proportion of population covered by at least a 3G mobile network	218	-78.37005241	-1.447785891	ECU	Ecuador	1	ALLAGE	ANNUAL	ALLAREA	BOTHSEX	PERCENT	MP		53.14	62.21	66.29	77.75	87.47	88.86	91.63	91.86	62.21	66.29	77.75	87.47	88.86	91.63	91.86	87.514	2015	91.86	Agencia de Regulación y Control de las Telecomunicaciones
2017.Q2.G.01	IT_MOB_3GNTWK	Proportion of population covered by at least a 3G mobile network	222	-88.86862995	13.73603564	SLV	El Salvador	1	ALLAGE	ANNUAL	ALLAREA	BOTHSEX	PERCENT	MP								55.43	73.41						55.43	73.41	64.42	2015	73.41	Superintendencia General de Electricidad y Telecomunicaciones
2017.Q2.G.01	IT_MOB_3GNTWK	Proportion of population covered by at least a 3G mobile network	226	10.46535826	1.565792376	GNQ	Equatorial Guinea	1	ALLAGE	ANNUAL	ALLAREA	BOTHSEX	PERCENT	MP																				
2017.Q2.G.01	IT_MOB_3GNTWK	Proportion of population covered by at least a 3G mobile network	231	39.63505296	8.631223181	ETH	Ethiopia	1	ALLAGE	ANNUAL	ALLAREA	BOTHSEX	PERCENT	MP					4	4		65	71			4	4		65	71	36	2015	71	Ministry of Communications and Information Technology
2017.Q2.G.01	IT_MOB_3GNTWK	Proportion of population covered by at least a 3G mobile network	232	38.11074289	16.12894644	ERI	Eritrea	1	ALLAGE	ANNUAL	ALLAREA	BOTHSEX	PERCENT	MP						85	92	92	92				85	92	92	92	90.25	2015	92	ITU estimate
2017.Q2.G.01	IT_MOB_3GNTWK	Proportion of population covered by at least a 3G mobile network	233	25.84093481	58.68487172	EST	Estonia	1	ALLAGE	ANNUAL	ALLAREA	BOTHSEX	PERCENT	MP			85	95	97	97	100	100	100	85	95	97	97	100	100	100	98.8	2015	100	Estonian Technical Regulatory Authority
2017.Q2.G.01	IT_MOB_3GNTWK	Proportion of population covered by at least a 3G mobile network	234	-7.122044325	62.21228119	FRO	Faroe Islands	1	ALLAGE	ANNUAL	ALLAREA	BOTHSEX	PERCENT	MP									96							96	96	2015	96	Post and Telecom Authority
2017.Q2.G.01	IT_MOB_3GNTWK	Proportion of population covered by at least a 3G mobile network	238	-58.75246778	-51.74562601	FLK	Falkland Islands (Malvinas)	1	ALLAGE	ANNUAL	ALLAREA	BOTHSEX	PERCENT	MP																				
2017.Q2.G.01	IT_MOB_3GNTWK	Proportion of population covered by at least a 3G mobile network	239	-36.90662765	-54.20736749	SGS	South Georgia and the South Sandwich Islands	1	ALLAGE	ANNUAL	ALLAREA	BOTHSEX	PERCENT	MP																				
2017.Q2.G.01	IT_MOB_3GNTWK	Proportion of population covered by at least a 3G mobile network	242	177.9660884	-17.83301566	FJI	Fiji	1	ALLAGE	ANNUAL	ALLAREA	BOTHSEX	PERCENT	MP							30	30	68.35					30	30	68.35	42.7833333333333	2015	68.35	Ministry of Communications
2017.Q2.G.01	IT_MOB_3GNTWK	Proportion of population covered by at least a 3G mobile network	246	23.308447	61.91586738	FIN	Finland	1	ALLAGE	ANNUAL	ALLAREA	BOTHSEX	PERCENT	MP		80			95			95	99.9			95			95	99.9	96.6333333333333	2015	99.9	
2017.Q2.G.01	IT_MOB_3GNTWK	Proportion of population covered by at least a 3G mobile network	248	19.80945969	60.1544901	ALA	Åland Islands	1	ALLAGE	ANNUAL	ALLAREA	BOTHSEX	PERCENT	MP																				
2017.Q2.G.01	IT_MOB_3GNTWK	Proportion of population covered by at least a 3G mobile network	250	2.457288129	46.62660861	FRA	France	1	ALLAGE	ANNUAL	ALLAREA	BOTHSEX	PERCENT	MP		72.5		91	98	98		98	99		91	98	98		98	99	98.25	2015	99	Autorité de Régulation des Communications électroniques et des postes
2017.Q2.G.01	IT_MOB_3GNTWK	Proportion of population covered by at least a 3G mobile network	254	-53.23619089	3.922673437	GUF	French Guiana	1	ALLAGE	ANNUAL	ALLAREA	BOTHSEX	PERCENT	MP																				
2017.Q2.G.01	IT_MOB_3GNTWK	Proportion of population covered by at least a 3G mobile network	258	-149.4052367	-17.67709294	PYF	French Polynesia	1	ALLAGE	ANNUAL	ALLAREA	BOTHSEX	PERCENT	MP		15	30	45	68	78	80	80	85	30	45	68	78	80	80	85	78.2	2015	85	Direction générale de l'économie numérique (DGEN)
2017.Q2.G.01	IT_MOB_3GNTWK	Proportion of population covered by at least a 3G mobile network	260	69.64849091	-49.6068576	ATF	French Southern Territories	1	ALLAGE	ANNUAL	ALLAREA	BOTHSEX	PERCENT	MP																				
2017.Q2.G.01	IT_MOB_3GNTWK	Proportion of population covered by at least a 3G mobile network	262	42.18274707	11.56004161	DJI	Djibouti	1	ALLAGE	ANNUAL	ALLAREA	BOTHSEX	PERCENT	MP			0	0	0			0	0	0	0	0			0	0	0	2015	0	ITU estimate
2017.Q2.G.01	IT_MOB_3GNTWK	Proportion of population covered by at least a 3G mobile network	266	11.78727747	-0.60687619	GAB	Gabon	1	ALLAGE	ANNUAL	ALLAREA	BOTHSEX	PERCENT	MP								75	97						75	97	86	2015	97	Autorité de Régulation des Communications Electroniques et des Postes
2017.Q2.G.01	IT_MOB_3GNTWK	Proportion of population covered by at least a 3G mobile network	268	43.3713615	42.04813028	GEO	Georgia	1	ALLAGE	ANNUAL	ALLAREA	BOTHSEX	PERCENT	MP								99	99						99	99	99	2015	99	Georgian National Communications Commission
2017.Q2.G.01	IT_MOB_3GNTWK	Proportion of population covered by at least a 3G mobile network	270	-15.39944785	13.45295927	GMB	Gambia	1	ALLAGE	ANNUAL	ALLAREA	BOTHSEX	PERCENT	MP			50					50	86	50					50	86	68	2015	86	
2017.Q2.G.01	IT_MOB_3GNTWK	Proportion of population covered by at least a 3G mobile network	275	35.25694122	31.94347933	PSE	State of Palestine	1	ALLAGE	ANNUAL	ALLAREA	BOTHSEX	PERCENT	MP				0	0	0	0	0	0		0	0	0	0	0	0	0	2015	0	Palestinian Central Bureau of Statistics
2017.Q2.G.01	IT_MOB_3GNTWK	Proportion of population covered by at least a 3G mobile network	276	10.3806066	51.08862743	DEU	Germany	1	ALLAGE	ANNUAL	ALLAREA	BOTHSEX	PERCENT	MP		80			89	90	92	92.5	95.7			89	90	92	92.5	95.7	91.84	2015	95.7	Bundesnetzagentur (BNetzA) / Federal Network Agency
2017.Q2.G.01	IT_MOB_3GNTWK	Proportion of population covered by at least a 3G mobile network	288	-1.205623522	7.964825185	GHA	Ghana	1	ALLAGE	ANNUAL	ALLAREA	BOTHSEX	PERCENT	MP			35	36	38	40		70	80	35	36	38	40		70	80	57	2015	80	National Communications Authority
2017.Q2.G.01	IT_MOB_3GNTWK	Proportion of population covered by at least a 3G mobile network	292	-5.347561686	36.13895036	GIB	Gibraltar	1	ALLAGE	ANNUAL	ALLAREA	BOTHSEX	PERCENT	MP								100	100						100	100	100	2015	100	Gibraltar Regulatory Authority
2017.Q2.G.01	IT_MOB_3GNTWK	Proportion of population covered by at least a 3G mobile network	296	-157.5643005	1.768837732	KIR	Kiribati	1	ALLAGE	ANNUAL	ALLAREA	BOTHSEX	PERCENT	MP									63							63	63	2015	63	Ministry of Information, Communication, Transport and Tourism Development
2017.Q2.G.01	IT_MOB_3GNTWK	Proportion of population covered by at least a 3G mobile network	300	22.58307827	39.47301873	GRC	Greece	1	ALLAGE	ANNUAL	ALLAREA	BOTHSEX	PERCENT	MP		88	74.5	96	98	98	98.7	98.7	99.3	74.5	96	98	98	98.7	98.7	99.3	98.54	2015	99.3	Hellenic Telecommunications & Post Commission
2017.Q2.G.01	IT_MOB_3GNTWK	Proportion of population covered by at least a 3G mobile network	304	-41.39371316	74.75625681	GRL	Greenland	1	ALLAGE	ANNUAL	ALLAREA	BOTHSEX	PERCENT	MP	0	0	0	25	34	49		49	49	0	25	34	49		49	49	45.25	2015	49	ITU estimate
2017.Q2.G.01	IT_MOB_3GNTWK	Proportion of population covered by at least a 3G mobile network	308	-61.68248568	12.11238395	GRD	Grenada	1	ALLAGE	ANNUAL	ALLAREA	BOTHSEX	PERCENT	MP								100	75						100	75	87.5	2015	75	ITU estimate
2017.Q2.G.01	IT_MOB_3GNTWK	Proportion of population covered by at least a 3G mobile network	312	-61.64762115	16.14416917	GLP	Guadeloupe	1	ALLAGE	ANNUAL	ALLAREA	BOTHSEX	PERCENT	MP																				
2017.Q2.G.01	IT_MOB_3GNTWK	Proportion of population covered by at least a 3G mobile network	316	144.7029305	13.35485404	GUM	Guam	1	ALLAGE	ANNUAL	ALLAREA	BOTHSEX	PERCENT	MP																				
2017.Q2.G.01	IT_MOB_3GNTWK	Proportion of population covered by at least a 3G mobile network	320	-91.2312746	15.00273719	GTM	Guatemala	1	ALLAGE	ANNUAL	ALLAREA	BOTHSEX	PERCENT	MP						53	86	92	92				53	86	92	92	80.75	2015	92	Superintendencia de Telecomunicaciones (SIT)
2017.Q2.G.01	IT_MOB_3GNTWK	Proportion of population covered by at least a 3G mobile network	324	-11.28173419	11.00210343	GIN	Guinea	1	ALLAGE	ANNUAL	ALLAREA	BOTHSEX	PERCENT	MP								0	39.1						0	39.1	19.55	2015	39.1	
2017.Q2.G.01	IT_MOB_3GNTWK	Proportion of population covered by at least a 3G mobile network	328	-58.97322037	4.788012784	GUY	Guyana	1	ALLAGE	ANNUAL	ALLAREA	BOTHSEX	PERCENT	MP	0	0	0	0	0			0	0	0	0	0			0	0	0	2015	0	ITU estimate
2017.Q2.G.01	IT_MOB_3GNTWK	Proportion of population covered by at least a 3G mobile network	332	-72.33640958	18.40426539	HTI	Haiti	1	ALLAGE	ANNUAL	ALLAREA	BOTHSEX	PERCENT	MP								40	50						40	50	45	2015	50	Conseil National des Télécommunications
2017.Q2.G.01	IT_MOB_3GNTWK	Proportion of population covered by at least a 3G mobile network	334	73.52633626	-53.09106147	HMD	Heard Island and McDonald Islands	1	ALLAGE	ANNUAL	ALLAREA	BOTHSEX	PERCENT	MP																				
2017.Q2.G.01	IT_MOB_3GNTWK	Proportion of population covered by at least a 3G mobile network	336	12.45315803	41.90343751	VAT	Holy See	1	ALLAGE	ANNUAL	ALLAREA	BOTHSEX	PERCENT	MP																				
2017.Q2.G.01	IT_MOB_3GNTWK	Proportion of population covered by at least a 3G mobile network	340	-86.59974381	14.82243161	HND	Honduras	1	ALLAGE	ANNUAL	ALLAREA	BOTHSEX	PERCENT	MP								79.79	83.12						79.79	83.12	81.455	2015	83.12	Comisión Nacional de Telecomunicaciones (CONATEL)
2017.Q2.G.01	IT_MOB_3GNTWK	Proportion of population covered by at least a 3G mobile network	344	114.0266445	22.41749934	HKG	China, Hong Kong Special Administrative Region	1	ALLAGE	ANNUAL	ALLAREA	BOTHSEX	PERCENT	MP			99	99	99	99	99	99	99	99	99	99	99	99	99	99	99	2015	99	Office of the Communications Authority
2017.Q2.G.01	IT_MOB_3GNTWK	Proportion of population covered by at least a 3G mobile network	348	19.41221519	47.1651448	HUN	Hungary	1	ALLAGE	ANNUAL	ALLAREA	BOTHSEX	PERCENT	MP		70	79	66	71	97.4		98.4	99	79	66	71	97.4		98.4	99	91.45	2015	99	National Media and Infocommunications Authority
2017.Q2.G.01	IT_MOB_3GNTWK	Proportion of population covered by at least a 3G mobile network	352	-19.02116966	64.79134763	ISL	Iceland	1	ALLAGE	ANNUAL	ALLAREA	BOTHSEX	PERCENT	MP	63		87	92	96	96	96	98	99	87	92	96	96	96	98	99	97	2015	99	Post and Telecom Administration
2017.Q2.G.01	IT_MOB_3GNTWK	Proportion of population covered by at least a 3G mobile network	356	79.3608464	22.34642074	IND	India	1	ALLAGE	ANNUAL	ALLAREA	BOTHSEX	PERCENT	MP	0	0	0.08					61	74	0.08					61	74	67.5	2015	74	ITU estimate
2017.Q2.G.01	IT_MOB_3GNTWK	Proportion of population covered by at least a 3G mobile network	360	113.9174	-0.994582204	IDN	Indonesia	1	ALLAGE	ANNUAL	ALLAREA	BOTHSEX	PERCENT	MP								60	60						60	60	60	2015	60	ITU estimate
2017.Q2.G.01	IT_MOB_3GNTWK	Proportion of population covered by at least a 3G mobile network	364	54.19766348	32.74370885	IRN	Iran (Islamic Republic of)	1	ALLAGE	ANNUAL	ALLAREA	BOTHSEX	PERCENT	MP				0	0	40.83	48	52	59.81		0	0	40.83	48	52	59.81	40.128	2015	59.81	Information Technology Organization of Iran (ITO)
2017.Q2.G.01	IT_MOB_3GNTWK	Proportion of population covered by at least a 3G mobile network	368	43.76606267	33.05013795	IRQ	Iraq	1	ALLAGE	ANNUAL	ALLAREA	BOTHSEX	PERCENT	MP								60	55						60	55	57.5	2015	55	ITU estimate
2017.Q2.G.01	IT_MOB_3GNTWK	Proportion of population covered by at least a 3G mobile network	372	-7.121425272	53.25274054	IRL	Ireland	1	ALLAGE	ANNUAL	ALLAREA	BOTHSEX	PERCENT	MP		89			95	95	95	95	95			95	95	95	95	95	95	2015	95	Commission for Communications Regulation
2017.Q2.G.01	IT_MOB_3GNTWK	Proportion of population covered by at least a 3G mobile network	376	34.62277992	31.06164552	ISR	Israel	1	ALLAGE	ANNUAL	ALLAREA	BOTHSEX	PERCENT	MP				99	99	99	99	99	99		99	99	99	99	99	99	99	2015	99	Ministry of Communications
2017.Q2.G.01	IT_MOB_3GNTWK	Proportion of population covered by at least a 3G mobile network	380	12.57022427	42.79917282	ITA	Italy	1	ALLAGE	ANNUAL	ALLAREA	BOTHSEX	PERCENT	MP		62	70	80	98	99	99.7	99	100	70	80	98	99	99.7	99	100	99.14	2015	100	Ministry of Economic Development
2017.Q2.G.01	IT_MOB_3GNTWK	Proportion of population covered by at least a 3G mobile network	384	-5.552690016	7.62211586	CIV	Côte d'Ivoire	1	ALLAGE	ANNUAL	ALLAREA	BOTHSEX	PERCENT	MP			0	0	0			43.56	45.75	0	0	0			43.56	45.75	29.77	2015	45.75	Autorité de Régulation des Télécommunications/TIC
2017.Q2.G.01	IT_MOB_3GNTWK	Proportion of population covered by at least a 3G mobile network	388	-77.31068409	18.15616857	JAM	Jamaica	1	ALLAGE	ANNUAL	ALLAREA	BOTHSEX	PERCENT	MP								60	90						60	90	75	2015	90	Office of Utilities Regulation
2017.Q2.G.01	IT_MOB_3GNTWK	Proportion of population covered by at least a 3G mobile network	392	139.2716103	36.6554539	JPN	Japan	1	ALLAGE	ANNUAL	ALLAREA	BOTHSEX	PERCENT	MP						99.9	99.9	99.9	99.9				99.9	99.9	99.9	99.9	99.9	2015	99.9	Ministry of Internal Affairs and Communications
2017.Q2.G.01	IT_MOB_3GNTWK	Proportion of population covered by at least a 3G mobile network	398	66.65359159	48.01963494	KAZ	Kazakhstan	1	ALLAGE	ANNUAL	ALLAREA	BOTHSEX	PERCENT	MP							59	59	72.7					59	59	72.7	63.5666666666667	2015	72.7	The Committee for Communication, informatization and information of the Ministry for Investment and Development of the Republic of Kazakhstan
2017.Q2.G.01	IT_MOB_3GNTWK	Proportion of population covered by at least a 3G mobile network	400	37.13024774	30.65365973	JOR	Jordan	1	ALLAGE	ANNUAL	ALLAREA	BOTHSEX	PERCENT	MP				50	70	90	98	99	99		50	70	90	98	99	99	91.2	2015	99	Telecommunications Regulatory Commission
2017.Q2.G.01	IT_MOB_3GNTWK	Proportion of population covered by at least a 3G mobile network	404	37.86096816	0.534797278	KEN	Kenya	1	ALLAGE	ANNUAL	ALLAREA	BOTHSEX	PERCENT	MP								50	69						50	69	59.5	2015	69	Communications Authority  of Kenya
2017.Q2.G.01	IT_MOB_3GNTWK	Proportion of population covered by at least a 3G mobile network	408	127.1803633	40.1462645	PRK	Democratic People's Republic of Korea	1	ALLAGE	ANNUAL	ALLAREA	BOTHSEX	PERCENT	MP																				
2017.Q2.G.01	IT_MOB_3GNTWK	Proportion of population covered by at least a 3G mobile network	410	127.8610254	36.45201023	KOR	Republic of Korea	1	ALLAGE	ANNUAL	ALLAREA	BOTHSEX	PERCENT	MP	99	99	99	99	99	99	99	99	99	99	99	99	99	99	99	99	99	2015	99	Ministry of Science, ICT and Future Planning
2017.Q2.G.01	IT_MOB_3GNTWK	Proportion of population covered by at least a 3G mobile network	414	47.49305029	29.53949468	KWT	Kuwait	1	ALLAGE	ANNUAL	ALLAREA	BOTHSEX	PERCENT	MP								100	97.2						100	97.2	98.6	2015	97.2	Communication and Information Technology Regulatory Authority
2017.Q2.G.01	IT_MOB_3GNTWK	Proportion of population covered by at least a 3G mobile network	417	74.52324839	41.46204516	KGZ	Kyrgyzstan	1	ALLAGE	ANNUAL	ALLAREA	BOTHSEX	PERCENT	MP					32	46.32	51	57	59			32	46.32	51	57	59	49.064	2015	59	State Communications Agency under the Governmet of the Kyrgyz Republic
2017.Q2.G.01	IT_MOB_3GNTWK	Proportion of population covered by at least a 3G mobile network	418	101.9901968	20.27482773	LAO	Lao People's Democratic Republic	1	ALLAGE	ANNUAL	ALLAREA	BOTHSEX	PERCENT	MP	0	0		17	18	19	40	60	65		17	18	19	40	60	65	40.4	2015	65	Ministry of Post and Telecommunication
2017.Q2.G.01	IT_MOB_3GNTWK	Proportion of population covered by at least a 3G mobile network	422	35.89391711	33.92152458	LBN	Lebanon	1	ALLAGE	ANNUAL	ALLAREA	BOTHSEX	PERCENT	MP			0	0	50	90		90	97	0	0	50	90		90	97	81.75	2015	97	ITU estimate
2017.Q2.G.01	IT_MOB_3GNTWK	Proportion of population covered by at least a 3G mobile network	426	28.25362195	-29.58041814	LSO	Lesotho	1	ALLAGE	ANNUAL	ALLAREA	BOTHSEX	PERCENT	MP						32		91.96	95.6				32		91.96	95.6	73.1866666666667	2015	95.6	Lesotho Communications Authority
2017.Q2.G.01	IT_MOB_3GNTWK	Proportion of population covered by at least a 3G mobile network	428	26.42461876	56.64196636	LVA	Latvia	1	ALLAGE	ANNUAL	ALLAREA	BOTHSEX	PERCENT	MP								95	95						95	95	95	2015	95	ITU estimate
2017.Q2.G.01	IT_MOB_3GNTWK	Proportion of population covered by at least a 3G mobile network	430	-9.311879038	6.448381009	LBR	Liberia	1	ALLAGE	ANNUAL	ALLAREA	BOTHSEX	PERCENT	MP						25	50	50	50				25	50	50	50	43.75	2015	50	ITU estimate
2017.Q2.G.01	IT_MOB_3GNTWK	Proportion of population covered by at least a 3G mobile network	434	18.0295985	27.04042819	LBY	Libya	1	ALLAGE	ANNUAL	ALLAREA	BOTHSEX	PERCENT	MP								0	50						0	50	25	2015	50	ITU estimate
2017.Q2.G.01	IT_MOB_3GNTWK	Proportion of population covered by at least a 3G mobile network	438	9.552985019	47.14167005	LIE	Liechtenstein	1	ALLAGE	ANNUAL	ALLAREA	BOTHSEX	PERCENT	MP						98	99	99	99				98	99	99	99	98.75	2015	99	Office for Communications
2017.Q2.G.01	IT_MOB_3GNTWK	Proportion of population covered by at least a 3G mobile network	440	23.90517807	55.33680309	LTU	Lithuania	1	ALLAGE	ANNUAL	ALLAREA	BOTHSEX	PERCENT	MP			75.5	46	40	54	94	99	99.98	75.5	46	40	54	94	99	99.98	77.396	2015	99.98	Communications Regulatory Authority of the Republic of Lithuania
2017.Q2.G.01	IT_MOB_3GNTWK	Proportion of population covered by at least a 3G mobile network	442	6.092656563	49.77679538	LUX	Luxembourg	1	ALLAGE	ANNUAL	ALLAREA	BOTHSEX	PERCENT	MP		90	80	90				97	99	80	90				97	99	98	2015	99	Institut Luxembourgeois de Régulation
2017.Q2.G.01	IT_MOB_3GNTWK	Proportion of population covered by at least a 3G mobile network	446	113.5665388	22.1237259	MAC	China, Macao Special Administrative Region	1	ALLAGE	ANNUAL	ALLAREA	BOTHSEX	PERCENT	MP		98.9	99.1	99.9	99.9	99.9	99.9	99.9	99.9	99.1	99.9	99.9	99.9	99.9	99.9	99.9	99.9	2015	99.9	Bureau of Telecommunications Regulation
2017.Q2.G.01	IT_MOB_3GNTWK	Proportion of population covered by at least a 3G mobile network	450	46.6982339	-19.38514785	MDG	Madagascar	1	ALLAGE	ANNUAL	ALLAREA	BOTHSEX	PERCENT	MP								30	61						30	61	45.5	2015	61	Autorité de Régulation des Technologies de Communication
2017.Q2.G.01	IT_MOB_3GNTWK	Proportion of population covered by at least a 3G mobile network	454	33.4884625	-13.40819859	MWI	Malawi	1	ALLAGE	ANNUAL	ALLAREA	BOTHSEX	PERCENT	MP						2	5	5	32				2	5	5	32	11	2015	32	Malawi Communications Regulatory Authority
2017.Q2.G.01	IT_MOB_3GNTWK	Proportion of population covered by at least a 3G mobile network	458	116.8346314	5.452415309	MYS	Malaysia	1	ALLAGE	ANNUAL	ALLAREA	BOTHSEX	PERCENT	MP			74	81.1	81.6	82.4	83.1	88	92	74	81.1	81.6	82.4	83.1	88	92	85.42	2015	92	Malaysian Communications and Multimedia Commission
2017.Q2.G.01	IT_MOB_3GNTWK	Proportion of population covered by at least a 3G mobile network	462	73.09672546	-0.614385021	MDV	Maldives	1	ALLAGE	ANNUAL	ALLAREA	BOTHSEX	PERCENT	MP			41.82	57.1	75.2	78	83	83	100	41.82	57.1	75.2	78	83	83	100	83.84	2015	100	ITU estimate
2017.Q2.G.01	IT_MOB_3GNTWK	Proportion of population covered by at least a 3G mobile network	466	-3.522016039	17.35311254	MLI	Mali	1	ALLAGE	ANNUAL	ALLAREA	BOTHSEX	PERCENT	MP								0	10						0	10	5	2015	10	ITU estimate
2017.Q2.G.01	IT_MOB_3GNTWK	Proportion of population covered by at least a 3G mobile network	470	14.44617519	35.89194275	MLT	Malta	1	ALLAGE	ANNUAL	ALLAREA	BOTHSEX	PERCENT	MP									100							100	100	2015	100	Malta Communications Authority
2017.Q2.G.01	IT_MOB_3GNTWK	Proportion of population covered by at least a 3G mobile network	474	-60.91544135	14.56086108	MTQ	Martinique	1	ALLAGE	ANNUAL	ALLAREA	BOTHSEX	PERCENT	MP																				
2017.Q2.G.01	IT_MOB_3GNTWK	Proportion of population covered by at least a 3G mobile network	478	-10.33187259	20.26089546	MRT	Mauritania	1	ALLAGE	ANNUAL	ALLAREA	BOTHSEX	PERCENT	MP								0	30						0	30	15	2015	30	ITU estimate
2017.Q2.G.01	IT_MOB_3GNTWK	Proportion of population covered by at least a 3G mobile network	480	57.568022	-20.28581998	MUS	Mauritius	1	ALLAGE	ANNUAL	ALLAREA	BOTHSEX	PERCENT	MP								90	92.8						90	92.8	91.4	2015	92.8	Information and Communication Technologies Authority of Mauritius
2017.Q2.G.01	IT_MOB_3GNTWK	Proportion of population covered by at least a 3G mobile network	484	-102.5148166	23.93378032	MEX	Mexico	1	ALLAGE	ANNUAL	ALLAREA	BOTHSEX	PERCENT	MP								95	89						95	89	92	2015	89	ITU estimate
2017.Q2.G.01	IT_MOB_3GNTWK	Proportion of population covered by at least a 3G mobile network	492	7.424214814	43.73532918	MCO	Monaco	1	ALLAGE	ANNUAL	ALLAREA	BOTHSEX	PERCENT	MP				100	100	100	100	100	100		100	100	100	100	100	100	100	2015	100	Direction des Communications Electroniques
2017.Q2.G.01	IT_MOB_3GNTWK	Proportion of population covered by at least a 3G mobile network	496	103.0728057	46.83892054	MNG	Mongolia	1	ALLAGE	ANNUAL	ALLAREA	BOTHSEX	PERCENT	MP		39.9	46.9	49.8	49.9	52.8		52.8	95	46.9	49.8	49.9	52.8		52.8	95	62.625	2015	95	Communications Regulatory Commission of Mongolia
2017.Q2.G.01	IT_MOB_3GNTWK	Proportion of population covered by at least a 3G mobile network	498	28.4650624	47.20236795	MDA	Republic of Moldova	1	ALLAGE	ANNUAL	ALLAREA	BOTHSEX	PERCENT	MP			61.9		99	99	99	99	99	61.9		99	99	99	99	99	99	2015	99	National Regulatory Agency for Electronic Communications and Information Technology
2017.Q2.G.01	IT_MOB_3GNTWK	Proportion of population covered by at least a 3G mobile network	499	19.25214024	42.78717043	MNE	Montenegro	1	ALLAGE	ANNUAL	ALLAREA	BOTHSEX	PERCENT	MP				72				97.2	97.2		72				97.2	97.2	97.2	2015	97.2	Agency for Electronic Communications and Postal Services
2017.Q2.G.01	IT_MOB_3GNTWK	Proportion of population covered by at least a 3G mobile network	500	-62.19261223	16.73558313	MSR	Montserrat	1	ALLAGE	ANNUAL	ALLAREA	BOTHSEX	PERCENT	MP									93							93	93	2015	93	ITU estimate
2017.Q2.G.01	IT_MOB_3GNTWK	Proportion of population covered by at least a 3G mobile network	504	-6.281942841	31.8440131	MAR	Morocco	1	ALLAGE	ANNUAL	ALLAREA	BOTHSEX	PERCENT	MP		68	69	69	75	75	75	80	80	69	69	75	75	75	80	80	77	2015	80	Agence Nationale de Réglementation des Télécommunications
2017.Q2.G.01	IT_MOB_3GNTWK	Proportion of population covered by at least a 3G mobile network	508	38.18479941	-14.27963886	MOZ	Mozambique	1	ALLAGE	ANNUAL	ALLAREA	BOTHSEX	PERCENT	MP								40	50						40	50	45	2015	50	Instituto Nacional das Comunicaçoes de Moçambique
2017.Q2.G.01	IT_MOB_3GNTWK	Proportion of population covered by at least a 3G mobile network	512	57.87743482	21.98805614	OMN	Oman	1	ALLAGE	ANNUAL	ALLAREA	BOTHSEX	PERCENT	MP	0	32	48	49.05	65	85.7	87.1	93	95	48	49.05	65	85.7	87.1	93	95	85.16	2015	95	Telecommunication Regulatory Authority
2017.Q2.G.01	IT_MOB_3GNTWK	Proportion of population covered by at least a 3G mobile network	516	17.21907885	-22.13817068	NAM	Namibia	1	ALLAGE	ANNUAL	ALLAREA	BOTHSEX	PERCENT	MP				13	23	32	37	37	37		13	23	32	37	37	37	33.2	2015	37	Communications Regulatory Authority of Namibia
2017.Q2.G.01	IT_MOB_3GNTWK	Proportion of population covered by at least a 3G mobile network	520	166.92313	-0.528742623	NRU	Nauru	1	ALLAGE	ANNUAL	ALLAREA	BOTHSEX	PERCENT	MP				98				98	98		98				98	98	98	2015	98	ITU estimate
2017.Q2.G.01	IT_MOB_3GNTWK	Proportion of population covered by at least a 3G mobile network	524	83.94678863	28.25866332	NPL	Nepal	1	ALLAGE	ANNUAL	ALLAREA	BOTHSEX	PERCENT	MP			20.35					30	50	20.35					30	50	40	2015	50	ITU estimate
2017.Q2.G.01	IT_MOB_3GNTWK	Proportion of population covered by at least a 3G mobile network	528	5.331480568	51.86728884	NLD	Netherlands	1	ALLAGE	ANNUAL	ALLAREA	BOTHSEX	PERCENT	MP	90			99	99	99		99	99		99	99	99		99	99	99	2015	99	Authority for Consumers and Markets
2017.Q2.G.01	IT_MOB_3GNTWK	Proportion of population covered by at least a 3G mobile network	530	-68.30676179	12.22720635	ANT	Netherlands Antilles	1	ALLAGE	ANNUAL	ALLAREA	BOTHSEX	PERCENT	MP																				
2017.Q2.G.01	IT_MOB_3GNTWK	Proportion of population covered by at least a 3G mobile network	531	-68.95033464	12.15058042	CUW	Curaçao	1	ALLAGE	ANNUAL	ALLAREA	BOTHSEX	PERCENT	MP									82							82	82	2015	82	ITU estimate
2017.Q2.G.01	IT_MOB_3GNTWK	Proportion of population covered by at least a 3G mobile network	533	-69.97050586	12.50878756	ABW	Aruba	1	ALLAGE	ANNUAL	ALLAREA	BOTHSEX	PERCENT	MP								0	80						0	80	40	2015	80	ITU estimate
2017.Q2.G.01	IT_MOB_3GNTWK	Proportion of population covered by at least a 3G mobile network	534	-63.06198692	18.03926508	SXM	Sint Maarten (Dutch part)	1	ALLAGE	ANNUAL	ALLAREA	BOTHSEX	PERCENT	MP																				
2017.Q2.G.01	IT_MOB_3GNTWK	Proportion of population covered by at least a 3G mobile network	540	165.5067368	-21.41742531	NCL	New Caledonia	1	ALLAGE	ANNUAL	ALLAREA	BOTHSEX	PERCENT	MP	0	0	0						97.4	0						97.4	97.4	2015	97.4	Office des Postes et Télécommunications
2017.Q2.G.01	IT_MOB_3GNTWK	Proportion of population covered by at least a 3G mobile network	548	167.0679779	-15.34445547	VUT	Vanuatu	1	ALLAGE	ANNUAL	ALLAREA	BOTHSEX	PERCENT	MP					23	24	24.4	24.4	51			23	24	24.4	24.4	51	29.36	2015	51	ITU estimate
ITU estimate
2017.Q2.G.01	IT_MOB_3GNTWK	Proportion of population covered by at least a 3G mobile network	554	170.4755673	-43.98721568	NZL	New Zealand	1	ALLAGE	ANNUAL	ALLAREA	BOTHSEX	PERCENT	MP		97	97	97	97	97		97	98	97	97	97	97		97	98	97.25	2015	98	Ministry of Business, Innovation and Employment
2017.Q2.G.01	IT_MOB_3GNTWK	Proportion of population covered by at least a 3G mobile network	558	-85.03060315	12.84210839	NIC	Nicaragua	1	ALLAGE	ANNUAL	ALLAREA	BOTHSEX	PERCENT	MP								0	75						0	75	37.5	2015	75	ITU estimate
2017.Q2.G.01	IT_MOB_3GNTWK	Proportion of population covered by at least a 3G mobile network	562	9.400167877	17.42143036	NER	Niger	1	ALLAGE	ANNUAL	ALLAREA	BOTHSEX	PERCENT	MP								0	10						0	10	5	2015	10	ITU estimate
2017.Q2.G.01	IT_MOB_3GNTWK	Proportion of population covered by at least a 3G mobile network	566	8.097363256	9.585789025	NGA	Nigeria	1	ALLAGE	ANNUAL	ALLAREA	BOTHSEX	PERCENT	MP								30	66.6						30	66.6	48.3	2015	66.6	ITU estimate
2017.Q2.G.01	IT_MOB_3GNTWK	Proportion of population covered by at least a 3G mobile network	570	-169.8601693	-19.05000475	NIU	Niue	1	ALLAGE	ANNUAL	ALLAREA	BOTHSEX	PERCENT	MP								0	0						0	0	0	2015	0	ITU estimate
2017.Q2.G.01	IT_MOB_3GNTWK	Proportion of population covered by at least a 3G mobile network	574	167.9515548	-29.03230018	NFK	Norfolk Island	1	ALLAGE	ANNUAL	ALLAREA	BOTHSEX	PERCENT	MP																				
2017.Q2.G.01	IT_MOB_3GNTWK	Proportion of population covered by at least a 3G mobile network	578	11.47846389	61.34311134	NOR	Norway	1	ALLAGE	ANNUAL	ALLAREA	BOTHSEX	PERCENT	MP	90					90	97	98	99				90	97	98	99	96	2015	99	Norwegian Communications Authority
2017.Q2.G.01	IT_MOB_3GNTWK	Proportion of population covered by at least a 3G mobile network	580	145.7582114	15.19099517	MNP	Northern Mariana Islands	1	ALLAGE	ANNUAL	ALLAREA	BOTHSEX	PERCENT	MP																				
2017.Q2.G.01	IT_MOB_3GNTWK	Proportion of population covered by at least a 3G mobile network	581	-162.4343752	5.874443968	UMI	US Minor Outlying Islands	1	ALLAGE	ANNUAL	ALLAREA	BOTHSEX	PERCENT	MP																				
2017.Q2.G.01	IT_MOB_3GNTWK	Proportion of population covered by at least a 3G mobile network	583	158.225216	6.880670092	FSM	Micronesia, Federated States of	1	ALLAGE	ANNUAL	ALLAREA	BOTHSEX	PERCENT	MP																				
2017.Q2.G.01	IT_MOB_3GNTWK	Proportion of population covered by at least a 3G mobile network	584	171.0839119	7.110213497	MHL	Marshall Islands	1	ALLAGE	ANNUAL	ALLAREA	BOTHSEX	PERCENT	MP																				
2017.Q2.G.01	IT_MOB_3GNTWK	Proportion of population covered by at least a 3G mobile network	585	134.5733878	7.502307591	PLW	Palau	1	ALLAGE	ANNUAL	ALLAREA	BOTHSEX	PERCENT	MP									88							88	88	2015	88	Palau National Communications Corporation (PNCC)
2017.Q2.G.01	IT_MOB_3GNTWK	Proportion of population covered by at least a 3G mobile network	586	68.80479684	29.36491634	PAK	Pakistan	1	ALLAGE	ANNUAL	ALLAREA	BOTHSEX	PERCENT	MP						0	0	33	46				0	0	33	46	19.75	2015	46	Pakistan Telecommunication Authority
2017.Q2.G.01	IT_MOB_3GNTWK	Proportion of population covered by at least a 3G mobile network	591	-81.26616623	8.450965746	PAN	Panama	1	ALLAGE	ANNUAL	ALLAREA	BOTHSEX	PERCENT	MP								50	79						50	79	64.5	2015	79	ITU estimate
2017.Q2.G.01	IT_MOB_3GNTWK	Proportion of population covered by at least a 3G mobile network	598	145.8587761	-6.756057077	PNG	Papua New Guinea	1	ALLAGE	ANNUAL	ALLAREA	BOTHSEX	PERCENT	MP								60	60						60	60	60	2015	60	ITU estimate
2017.Q2.G.01	IT_MOB_3GNTWK	Proportion of population covered by at least a 3G mobile network	600	-60.54854225	-21.70216237	PRY	Paraguay	1	ALLAGE	ANNUAL	ALLAREA	BOTHSEX	PERCENT	MP								50	66						50	66	58	2015	66	ITU estimate
2017.Q2.G.01	IT_MOB_3GNTWK	Proportion of population covered by at least a 3G mobile network	604	-71.82093277	-13.58939705	PER	Peru	1	ALLAGE	ANNUAL	ALLAREA	BOTHSEX	PERCENT	MP				55.02	62.51	79.4		88.95	90.65		55.02	62.51	79.4		88.95	90.65	80.3775	2015	90.65	Ministerio de Transportes y Comunicaciones
2017.Q2.G.01	IT_MOB_3GNTWK	Proportion of population covered by at least a 3G mobile network	608	120.8601418	14.16591706	PHL	Philippines	1	ALLAGE	ANNUAL	ALLAREA	BOTHSEX	PERCENT	MP			69	69	70	73	75	78	78	69	69	70	73	75	78	78	74.8	2015	78	ITU estimate
2017.Q2.G.01	IT_MOB_3GNTWK	Proportion of population covered by at least a 3G mobile network	612	-128.3225873	-24.37538456	PCN	Pitcairn	1	ALLAGE	ANNUAL	ALLAREA	BOTHSEX	PERCENT	MP																				
2017.Q2.G.01	IT_MOB_3GNTWK	Proportion of population covered by at least a 3G mobile network	616	19.40660158	52.1226733	POL	Poland	1	ALLAGE	ANNUAL	ALLAREA	BOTHSEX	PERCENT	MP	25.5		56.63	61.16	82.34	80.52	93.6	99.9	100	56.63	61.16	82.34	80.52	93.6	99.9	100	91.272	2015	100	Office of Electronic Communications
2017.Q2.G.01	IT_MOB_3GNTWK	Proportion of population covered by at least a 3G mobile network	620	-7.961599811	39.68509315	PRT	Portugal	1	ALLAGE	ANNUAL	ALLAREA	BOTHSEX	PERCENT	MP			79	84	85	87.5	96.2	99.1	99.1	79	84	85	87.5	96.2	99.1	99.1	93.38	2015	99.1	Autoridade Nacional de Comunicaçoes
2017.Q2.G.01	IT_MOB_3GNTWK	Proportion of population covered by at least a 3G mobile network	624	-14.40182514	12.11760394	GNB	Guinea-Bissau	1	ALLAGE	ANNUAL	ALLAREA	BOTHSEX	PERCENT	MP																				
2017.Q2.G.01	IT_MOB_3GNTWK	Proportion of population covered by at least a 3G mobile network	626	125.9451052	-8.797497247	TLS	Timor-Leste	1	ALLAGE	ANNUAL	ALLAREA	BOTHSEX	PERCENT	MP								96	96						96	96	96	2015	96	National Communications Authority
2017.Q2.G.01	IT_MOB_3GNTWK	Proportion of population covered by at least a 3G mobile network	630	-66.47591017	18.22753799	PRI	Puerto Rico	1	ALLAGE	ANNUAL	ALLAREA	BOTHSEX	PERCENT	MP								99.9	99						99.9	99	99.45	2015	99	Puerto Rico Institute of Statistics
2017.Q2.G.01	IT_MOB_3GNTWK	Proportion of population covered by at least a 3G mobile network	634	51.19152467	25.28355379	QAT	Qatar	1	ALLAGE	ANNUAL	ALLAREA	BOTHSEX	PERCENT	MP	70	86	80	98	98	98	98	98	98	80	98	98	98	98	98	98	98	2015	98	Ministry of Transport and Communications
2017.Q2.G.01	IT_MOB_3GNTWK	Proportion of population covered by at least a 3G mobile network	638	55.53171398	-21.13183266	REU	Réunion	1	ALLAGE	ANNUAL	ALLAREA	BOTHSEX	PERCENT	MP																				
2017.Q2.G.01	IT_MOB_3GNTWK	Proportion of population covered by at least a 3G mobile network	642	24.98481009	45.83893563	ROU	Romania	1	ALLAGE	ANNUAL	ALLAREA	BOTHSEX	PERCENT	MP	45	60	90	91	95	99.8	99.8	99.8	99.9	90	91	95	99.8	99.8	99.8	99.9	98.86	2015	99.9	National Authority for Management and Regulation in Communications of Romania
2017.Q2.G.01	IT_MOB_3GNTWK	Proportion of population covered by at least a 3G mobile network	643	99.01404926	61.61899849	RUS	Russian Federation	1	ALLAGE	ANNUAL	ALLAREA	BOTHSEX	PERCENT	MP								95	73						95	73	84	2015	73	Ministry of Telecom and Mass Communications of the Russian Federation
2017.Q2.G.01	IT_MOB_3GNTWK	Proportion of population covered by at least a 3G mobile network	646	29.92310194	-1.999842114	RWA	Rwanda	1	ALLAGE	ANNUAL	ALLAREA	BOTHSEX	PERCENT	MP							88	88	88.01					88	88	88.01	88.0033333333333	2015	88.01	Rwanda Utilities Regulatory Authority (RURA)
2017.Q2.G.01	IT_MOB_3GNTWK	Proportion of population covered by at least a 3G mobile network	652	-62.83173536	17.89513362	BLM	Saint Barthélemy	1	ALLAGE	ANNUAL	ALLAREA	BOTHSEX	PERCENT	MP																				
2017.Q2.G.01	IT_MOB_3GNTWK	Proportion of population covered by at least a 3G mobile network	654	-5.705752501	-15.96503946	SHN	Saint Helena	1	ALLAGE	ANNUAL	ALLAREA	BOTHSEX	PERCENT	MP									95							95	95	2015	95	Sure South Atlantic Ltd.
2017.Q2.G.01	IT_MOB_3GNTWK	Proportion of population covered by at least a 3G mobile network	659	-62.76628613	17.33994219	KNA	Saint Kitts and Nevis	1	ALLAGE	ANNUAL	ALLAREA	BOTHSEX	PERCENT	MP								100	100						100	100	100	2015	100	ITU estimate
2017.Q2.G.01	IT_MOB_3GNTWK	Proportion of population covered by at least a 3G mobile network	660	-63.05651612	18.21525315	AIA	Anguilla	1	ALLAGE	ANNUAL	ALLAREA	BOTHSEX	PERCENT	MP									99							99	99	2015	99	ITU estimate
2017.Q2.G.01	IT_MOB_3GNTWK	Proportion of population covered by at least a 3G mobile network	662	-60.96529553	13.89405601	LCA	Saint Lucia	1	ALLAGE	ANNUAL	ALLAREA	BOTHSEX	PERCENT	MP			0	0	0			0	65	0	0	0			0	65	21.6666666666667	2015	65	ITU estimate
2017.Q2.G.01	IT_MOB_3GNTWK	Proportion of population covered by at least a 3G mobile network	663	-63.04505461	18.0882685	MAF	Saint Martin (French Part)	1	ALLAGE	ANNUAL	ALLAREA	BOTHSEX	PERCENT	MP																				
2017.Q2.G.01	IT_MOB_3GNTWK	Proportion of population covered by at least a 3G mobile network	666	-56.33682442	46.85812735	SPM	Saint Pierre and Miquelon	1	ALLAGE	ANNUAL	ALLAREA	BOTHSEX	PERCENT	MP																				
2017.Q2.G.01	IT_MOB_3GNTWK	Proportion of population covered by at least a 3G mobile network	670	-61.19024321	13.24627968	VCT	Saint Vincent and the Grenadines	1	ALLAGE	ANNUAL	ALLAREA	BOTHSEX	PERCENT	MP					0	0	0	100	100			0	0	0	100	100	40	2015	100	National Telecommunications Regulatory Comission
2017.Q2.G.01	IT_MOB_3GNTWK	Proportion of population covered by at least a 3G mobile network	674	12.46329038	43.93841766	SMR	San Marino	1	ALLAGE	ANNUAL	ALLAREA	BOTHSEX	PERCENT	MP									86							86	86	2015	86	TELECOMMUNICATION SECTOR- Department of Economy
2017.Q2.G.01	IT_MOB_3GNTWK	Proportion of population covered by at least a 3G mobile network	678	6.609772265	0.241554875	STP	Sao Tome and Principe	1	ALLAGE	ANNUAL	ALLAREA	BOTHSEX	PERCENT	MP						2		2	2				2		2	2	2	2015	2	ITU estimate
2017.Q2.G.01	IT_MOB_3GNTWK	Proportion of population covered by at least a 3G mobile network	682	44.54763347	24.12594211	SAU	Saudi Arabia	1	ALLAGE	ANNUAL	ALLAREA	BOTHSEX	PERCENT	MP			85	90	93.8	95.08	97	97	97	85	90	93.8	95.08	97	97	97	95.976	2015	97	Communication and Information Technology Commission
2017.Q2.G.01	IT_MOB_3GNTWK	Proportion of population covered by at least a 3G mobile network	686	-14.46636926	14.35920905	SEN	Senegal	1	ALLAGE	ANNUAL	ALLAREA	BOTHSEX	PERCENT	MP								25	40						25	40	32.5	2015	40	ITU estimate
2017.Q2.G.01	IT_MOB_3GNTWK	Proportion of population covered by at least a 3G mobile network	688	20.805876	44.03145697	SRB	Serbia	1	ALLAGE	ANNUAL	ALLAREA	BOTHSEX	PERCENT	MP		55.85	63.15	68.93	76.36	90.4	99.71	97.16	97.29	63.15	68.93	76.36	90.4	99.71	97.16	97.29	92.184	2015	97.29	Regulatory  Agency for Electronic Communications and Postal Services (RATEL)
2017.Q2.G.01	IT_MOB_3GNTWK	Proportion of population covered by at least a 3G mobile network	690	55.46561591	-4.678053059	SYC	Seychelles	1	ALLAGE	ANNUAL	ALLAREA	BOTHSEX	PERCENT	MP					90	90	90	90	90			90	90	90	90	90	90	2015	90	Office of the President, Department of Information Communications Technology
2017.Q2.G.01	IT_MOB_3GNTWK	Proportion of population covered by at least a 3G mobile network	694	-11.78306584	8.568604164	SLE	Sierra Leone	1	ALLAGE	ANNUAL	ALLAREA	BOTHSEX	PERCENT	MP								20	20						20	20	20	2015	20	ITU estimate
2017.Q2.G.01	IT_MOB_3GNTWK	Proportion of population covered by at least a 3G mobile network	702	103.8107883	1.361009155	SGP	Singapore	1	ALLAGE	ANNUAL	ALLAREA	BOTHSEX	PERCENT	MP	99.83	99.42	100	100	99	99	99	100	100	100	100	99	99	99	100	100	99.4	2015	100	Infocomm Development Authority of Singapore
2017.Q2.G.01	IT_MOB_3GNTWK	Proportion of population covered by at least a 3G mobile network	703	19.48495604	48.70741446	SVK	Slovakia	1	ALLAGE	ANNUAL	ALLAREA	BOTHSEX	PERCENT	MP	56	61.1	67.8	69.2	71.1	77	85	91	93	67.8	69.2	71.1	77	85	91	93	83.42	2015	93	Ministry of Transport, Construction and Regional Development of the Slovak Republic
2017.Q2.G.01	IT_MOB_3GNTWK	Proportion of population covered by at least a 3G mobile network	704	105.802499	10.09643079	VNM	Viet Nam	1	ALLAGE	ANNUAL	ALLAREA	BOTHSEX	PERCENT	MP								55	70						55	70	62.5	2015	70	ITU estimate
2017.Q2.G.01	IT_MOB_3GNTWK	Proportion of population covered by at least a 3G mobile network	705	14.82209486	46.11958061	SVN	Slovenia	1	ALLAGE	ANNUAL	ALLAREA	BOTHSEX	PERCENT	MP	72.3	72.9	73.6	84.6	90.6	91.4	92.3	99.4	99.5	73.6	84.6	90.6	91.4	92.3	99.4	99.5	94.64	2015	99.5	Agency for Communication Networks and Services of the Republic of Slovenia
2017.Q2.G.01	IT_MOB_3GNTWK	Proportion of population covered by at least a 3G mobile network	706	46.20367477	4.406485729	SOM	Somalia	1	ALLAGE	ANNUAL	ALLAREA	BOTHSEX	PERCENT	MP				0	10	30		30	30		0	10	30		30	30	25	2015	30	ITU estimate
2017.Q2.G.01	IT_MOB_3GNTWK	Proportion of population covered by at least a 3G mobile network	710	24.67184355	-29.99957544	ZAF	South Africa	1	ALLAGE	ANNUAL	ALLAREA	BOTHSEX	PERCENT	MP								95	98						95	98	96.5	2015	98	Independent Communications Authority of South Africa
2017.Q2.G.01	IT_MOB_3GNTWK	Proportion of population covered by at least a 3G mobile network	716	29.86909584	-19.00075492	ZWE	Zimbabwe	1	ALLAGE	ANNUAL	ALLAREA	BOTHSEX	PERCENT	MP				5	15	35	52	53	55.1		5	15	35	52	53	55.1	42.02	2015	55.1	Postal and Telecommunications Regulatory Authority
2017.Q2.G.01	IT_MOB_3GNTWK	Proportion of population covered by at least a 3G mobile network	724	-3.554078296	40.39211472	ESP	Spain	1	ALLAGE	ANNUAL	ALLAREA	BOTHSEX	PERCENT	MP		83	91.4	95.1	94.8	97.9	97.9	98.9	99.4	91.4	95.1	94.8	97.9	97.9	98.9	99.4	97.78	2015	99.4	Comisión Nacional de los Mercados y la Competencia
2017.Q2.G.01	IT_MOB_3GNTWK	Proportion of population covered by at least a 3G mobile network	728	30.32618773	7.290839152	SSD	South Sudan	1	ALLAGE	ANNUAL	ALLAREA	BOTHSEX	PERCENT	MP							17		20					17		20	18.5	2015	20	ITU estimate
2017.Q2.G.01	IT_MOB_3GNTWK	Proportion of population covered by at least a 3G mobile network	732	-13.13515523	24.66265342	ESH	Western Sahara	1	ALLAGE	ANNUAL	ALLAREA	BOTHSEX	PERCENT	MP																				
2017.Q2.G.01	IT_MOB_3GNTWK	Proportion of population covered by at least a 3G mobile network	736	29.95650159	16.02643066	SDN	Sudan	1	ALLAGE	ANNUAL	ALLAREA	BOTHSEX	PERCENT	MP																				
2017.Q2.G.01	IT_MOB_3GNTWK	Proportion of population covered by at least a 3G mobile network	740	-55.90626394	4.132603197	SUR	Suriname	1	ALLAGE	ANNUAL	ALLAREA	BOTHSEX	PERCENT	MP						12		12	100				12		12	100	41.3333333333333	2015	100	Telecommunications Authority Suriname (TAS)
2017.Q2.G.01	IT_MOB_3GNTWK	Proportion of population covered by at least a 3G mobile network	744	13.38071013	78.82894131	SJM	Svalbard and Jan Mayen Islands	1	ALLAGE	ANNUAL	ALLAREA	BOTHSEX	PERCENT	MP																				
2017.Q2.G.01	IT_MOB_3GNTWK	Proportion of population covered by at least a 3G mobile network	748	31.50149288	-26.56471011	SWZ	Swaziland	1	ALLAGE	ANNUAL	ALLAREA	BOTHSEX	PERCENT	MP			0	0	61	71		21	21	0	0	61	71		21	21	43.5	2015	21	ITU estimate
2017.Q2.G.01	IT_MOB_3GNTWK	Proportion of population covered by at least a 3G mobile network	752	14.3775338	60.60103109	SWE	Sweden	1	ALLAGE	ANNUAL	ALLAREA	BOTHSEX	PERCENT	MP	99	99	99	99.98	99.98	99.99		99.99	99.99	99	99.98	99.98	99.99		99.99	99.99	99.9875	2015	99.99	Swedish Post and Telecom Authority
2017.Q2.G.01	IT_MOB_3GNTWK	Proportion of population covered by at least a 3G mobile network	756	8.223158	46.96617097	CHE	Switzerland	1	ALLAGE	ANNUAL	ALLAREA	BOTHSEX	PERCENT	MP	91	93	94	96	97	97	99	100	100	94	96	97	97	99	100	100	98.6	2015	100	Office Fédéral de la Communication
2017.Q2.G.01	IT_MOB_3GNTWK	Proportion of population covered by at least a 3G mobile network	760	38.50466565	35.01676176	SYR	Syrian Arab Republic (Syria)	1	ALLAGE	ANNUAL	ALLAREA	BOTHSEX	PERCENT	MP			0.2	0.5	13	13	26	26	70	0.2	0.5	13	13	26	26	70	29.6	2015	70	Syrian Telecommunication Regulatory Authority
2017.Q2.G.01	IT_MOB_3GNTWK	Proportion of population covered by at least a 3G mobile network	762	69.294998	38.43069666	TJK	Tajikistan	1	ALLAGE	ANNUAL	ALLAREA	BOTHSEX	PERCENT	MP								60	60						60	60	60	2015	60	ITU estimate
2017.Q2.G.01	IT_MOB_3GNTWK	Proportion of population covered by at least a 3G mobile network	764	101.0202951	15.13089239	THA	Thailand	1	ALLAGE	ANNUAL	ALLAREA	BOTHSEX	PERCENT	MP							80	97	97					80	97	97	91.3333333333333	2015	97	Ministry of Information and Communication Technology
2017.Q2.G.01	IT_MOB_3GNTWK	Proportion of population covered by at least a 3G mobile network	768	0.97835765	8.532096072	TGO	Togo	1	ALLAGE	ANNUAL	ALLAREA	BOTHSEX	PERCENT	MP				0	14	23		23	50		0	14	23		23	50	27.5	2015	50	Autorité de Règlementation des secteurs de Postes et de Télécommunications
2017.Q2.G.01	IT_MOB_3GNTWK	Proportion of population covered by at least a 3G mobile network	772	-171.8154473	-9.214545558	TKL	Tokelau	1	ALLAGE	ANNUAL	ALLAREA	BOTHSEX	PERCENT	MP																				
2017.Q2.G.01	IT_MOB_3GNTWK	Proportion of population covered by at least a 3G mobile network	776	-175.1959991	-21.19511329	TON	Tonga	1	ALLAGE	ANNUAL	ALLAREA	BOTHSEX	PERCENT	MP									70							70	70	2015	70	Ministry of Meteorology, Energy, Information, Disaster Management, Environment and Climate Change, Communication (MEIDECC)
2017.Q2.G.01	IT_MOB_3GNTWK	Proportion of population covered by at least a 3G mobile network	780	-61.29389504	10.41877263	TTO	Trinidad and Tobago	1	ALLAGE	ANNUAL	ALLAREA	BOTHSEX	PERCENT	MP						75	75	75	75				75	75	75	75	75	2015	75	Telecommunications Authority of Trinidad and Tobago (TATT)
2017.Q2.G.01	IT_MOB_3GNTWK	Proportion of population covered by at least a 3G mobile network	784	53.98279159	23.43322219	ARE	United Arab Emirates	1	ALLAGE	ANNUAL	ALLAREA	BOTHSEX	PERCENT	MP				100	100	100	100	100	100		100	100	100	100	100	100	100	2015	100	Telecommunications Regulatory Authority (TRA)
2017.Q2.G.01	IT_MOB_3GNTWK	Proportion of population covered by at least a 3G mobile network	788	9.572737411	34.11439971	TUN	Tunisia	1	ALLAGE	ANNUAL	ALLAREA	BOTHSEX	PERCENT	MP				65	83	84	87	90	94		65	83	84	87	90	94	87.6	2015	94	Instance Nationale des Télécommunications
2017.Q2.G.01	IT_MOB_3GNTWK	Proportion of population covered by at least a 3G mobile network	792	35.42890329	38.9899684	TUR	Turkey	1	ALLAGE	ANNUAL	ALLAREA	BOTHSEX	PERCENT	MP	0	0						93	95.03						93	95.03	94.015	2015	95.03	ITU estimate
2017.Q2.G.01	IT_MOB_3GNTWK	Proportion of population covered by at least a 3G mobile network	795	58.9787665	40.0912346	TKM	Turkmenistan	1	ALLAGE	ANNUAL	ALLAREA	BOTHSEX	PERCENT	MP								60	60						60	60	60	2015	60	ITU estimate
2017.Q2.G.01	IT_MOB_3GNTWK	Proportion of population covered by at least a 3G mobile network	796	-71.745121	21.80780585	TCA	Turks and Caicos Islands	1	ALLAGE	ANNUAL	ALLAREA	BOTHSEX	PERCENT	MP																				
2017.Q2.G.01	IT_MOB_3GNTWK	Proportion of population covered by at least a 3G mobile network	798	178.6679611	-7.460048071	TUV	Tuvalu	1	ALLAGE	ANNUAL	ALLAREA	BOTHSEX	PERCENT	MP																				
2017.Q2.G.01	IT_MOB_3GNTWK	Proportion of population covered by at least a 3G mobile network	800	32.39100438	1.279557331	UGA	Uganda	1	ALLAGE	ANNUAL	ALLAREA	BOTHSEX	PERCENT	MP				42	42	45		40	60		42	42	45		40	60	46.75	2015	60	Uganda Communications Commission
2017.Q2.G.01	IT_MOB_3GNTWK	Proportion of population covered by at least a 3G mobile network	804	31.40270802	49.00735945	UKR	Ukraine	1	ALLAGE	ANNUAL	ALLAREA	BOTHSEX	PERCENT	MP		0.5	0.8	1.4	1.7	2.2	1.7	1.7	35	0.8	1.4	1.7	2.2	1.7	1.7	35	8.46	2015	35	ITU estimate.
2017.Q2.G.01	IT_MOB_3GNTWK	Proportion of population covered by at least a 3G mobile network	807	21.7007909	41.60048068	MKD	Macedonia, Republic of	1	ALLAGE	ANNUAL	ALLAREA	BOTHSEX	PERCENT	MP				67				67	98.07		67				67	98.07	82.535	2015	98.07	Agency for Electronic Communications
2017.Q2.G.01	IT_MOB_3GNTWK	Proportion of population covered by at least a 3G mobile network	818	29.77468534	26.57438204	EGY	Egypt	1	ALLAGE	ANNUAL	ALLAREA	BOTHSEX	PERCENT	MP			77	87	91	94	95	95.4	97.8	77	87	91	94	95	95.4	97.8	94.64	2015	97.8	Ministry of Communications and Information Technology
2017.Q2.G.01	IT_MOB_3GNTWK	Proportion of population covered by at least a 3G mobile network	826	-2.23830539	53.27691757	GBR	United Kingdom	1	ALLAGE	ANNUAL	ALLAREA	BOTHSEX	PERCENT	MP		90	93	95	99.1	99.1	99.2	99.3	99.6	93	95	99.1	99.1	99.2	99.3	99.6	99.26	2015	99.6	Office of Communications
2017.Q2.G.01	IT_MOB_3GNTWK	Proportion of population covered by at least a 3G mobile network	831	-2.200712402	49.71561166	GGY	Guernsey	1	ALLAGE	ANNUAL	ALLAREA	BOTHSEX	PERCENT	MP																				
2017.Q2.G.01	IT_MOB_3GNTWK	Proportion of population covered by at least a 3G mobile network	832	-2.136773508	49.22353354	JEY	Jersey	1	ALLAGE	ANNUAL	ALLAREA	BOTHSEX	PERCENT	MP																				
2017.Q2.G.01	IT_MOB_3GNTWK	Proportion of population covered by at least a 3G mobile network	833	-4.538190305	54.22880901	IMN	Isle of Man	1	ALLAGE	ANNUAL	ALLAREA	BOTHSEX	PERCENT	MP																				
2017.Q2.G.01	IT_MOB_3GNTWK	Proportion of population covered by at least a 3G mobile network	834	34.80521182	-6.265332606	TZA	Tanzania, United Republic of	1	ALLAGE	ANNUAL	ALLAREA	BOTHSEX	PERCENT	MP				70	80	85	85	85	85		70	80	85	85	85	85	84	2015	85	Tanzania Communications Regulatory Authority (TCRA)
2017.Q2.G.01	IT_MOB_3GNTWK	Proportion of population covered by at least a 3G mobile network	840	-99.13830311	39.5277871	USA	United States of America	1	ALLAGE	ANNUAL	ALLAREA	BOTHSEX	PERCENT	MP	82	92	98.1	98.5	89.6	99.5		99.5	99.9	98.1	98.5	89.6	99.5		99.5	99.9	97.125	2015	99.9	Federal Communications Commission
2017.Q2.G.01	IT_MOB_3GNTWK	Proportion of population covered by at least a 3G mobile network	850	-64.76960113	17.73297693	VIR	United States Virgin Islands	1	ALLAGE	ANNUAL	ALLAREA	BOTHSEX	PERCENT	MP																				
2017.Q2.G.01	IT_MOB_3GNTWK	Proportion of population covered by at least a 3G mobile network	854	-1.742843829	12.27491081	BFA	Burkina Faso	1	ALLAGE	ANNUAL	ALLAREA	BOTHSEX	PERCENT	MP	0	0	0					0	10	0					0	10	5	2015	10	ITU estimate
2017.Q2.G.01	IT_MOB_3GNTWK	Proportion of population covered by at least a 3G mobile network	858	-56.01387025	-32.8002838	URY	Uruguay	1	ALLAGE	ANNUAL	ALLAREA	BOTHSEX	PERCENT	MP								90	90						90	90	90	2015	90	ITU estimate
2017.Q2.G.01	IT_MOB_3GNTWK	Proportion of population covered by at least a 3G mobile network	860	63.11944558	41.77560518	UZB	Uzbekistan	1	ALLAGE	ANNUAL	ALLAREA	BOTHSEX	PERCENT	MP						40		26.6	32				40		26.6	32	32.8666666666667	2015	32	State Committee for Communications, Informatization and Telecommunication Technologies
2017.Q2.G.01	IT_MOB_3GNTWK	Proportion of population covered by at least a 3G mobile network	862	-66.15642084	7.121324748	VEN	Venezuela (Bolivarian Republic)	1	ALLAGE	ANNUAL	ALLAREA	BOTHSEX	PERCENT	MP								90	90						90	90	90	2015	90	ITU estimate
2017.Q2.G.01	IT_MOB_3GNTWK	Proportion of population covered by at least a 3G mobile network	876	-176.2034788	-13.28471201	WLF	Wallis and Futuna Islands	1	ALLAGE	ANNUAL	ALLAREA	BOTHSEX	PERCENT	MP																				
2017.Q2.G.01	IT_MOB_3GNTWK	Proportion of population covered by at least a 3G mobile network	882	-172.4430749	-13.61541469	WSM	Samoa	1	ALLAGE	ANNUAL	ALLAREA	BOTHSEX	PERCENT	MP									86							86	86	2015	86	Office of the Regulator
2017.Q2.G.01	IT_MOB_3GNTWK	Proportion of population covered by at least a 3G mobile network	887	45.22389143	15.22242099	YEM	Yemen	1	ALLAGE	ANNUAL	ALLAREA	BOTHSEX	PERCENT	MP								70	80						70	80	75	2015	80	ITU estimate
2017.Q2.G.01	IT_MOB_3GNTWK	Proportion of population covered by at least a 3G mobile network	894	27.850329	-14.59701056	ZMB	Zambia	1	ALLAGE	ANNUAL	ALLAREA	BOTHSEX	PERCENT	MP	0	0		15	40	78		42	53		15	40	78		42	53	53.25	2015	53	Zambia Information & Communications Technology Authority (ZICTA)
