series.release	series.code	series.description	geoAreaCode	X	Y	ISO3CD	geoAreaName	sliceId	Age	Freq	Location	Sex	Units	Bounds	2006	2007	2008	2009	2010	2011	2012	2013	2014	2015	last.5.years.mean	latest.year	latest.value	latest.source	latest.nature
2017.Q2.G.01	IT_NET_BD2L10MB	Fixed Internet broadband Subscriptions per 100 inhabitants	4	66.02688198	33.83160199	AFG	Afghanistan	1	ALLAGE	ANNUAL	ALLAREA	BOTHSEX	PERCENT	MP										0.0015621686249804	0.0015621686249804	2015	0.0015621686249804	Afghanistan Telecommunication Regulatory Authority Ministry of Communications & Information Technology (MCIT)	
2017.Q2.G.01	IT_NET_BD2L10MB	Fixed Internet broadband Subscriptions per 100 inhabitants	8	20.06660928	41.13897007	ALB	Albania	1	ALLAGE	ANNUAL	ALLAREA	BOTHSEX	PERCENT	MP							3.49522767112691	4.16138426248499	5.49859625737699	6.73895152958369	4.97353993014314	2015	6.73895152958369	Minister of State for the Innovation and Public Administration	
2017.Q2.G.01	IT_NET_BD2L10MB	Fixed Internet broadband Subscriptions per 100 inhabitants	10	21.47585697	-80.40897662	ATA	Antarctica	1	ALLAGE	ANNUAL	ALLAREA	BOTHSEX	PERCENT	MP															
2017.Q2.G.01	IT_NET_BD2L10MB	Fixed Internet broadband Subscriptions per 100 inhabitants	12	2.678164227	28.15940032	DZA	Algeria	1	ALLAGE	ANNUAL	ALLAREA	BOTHSEX	PERCENT	MP									1.35752139919943	1.87779707878216	1.6176592389908	2015	1.87779707878216	Ministère de la  Poste et des Technologies de l'Information et de la Communication	
2017.Q2.G.01	IT_NET_BD2L10MB	Fixed Internet broadband Subscriptions per 100 inhabitants	16	-170.7187269	-14.30587306	ASM	American Samoa	1	ALLAGE	ANNUAL	ALLAREA	BOTHSEX	PERCENT	MP															
2017.Q2.G.01	IT_NET_BD2L10MB	Fixed Internet broadband Subscriptions per 100 inhabitants	20	1.576257417	42.54548611	AND	Andorra	1	ALLAGE	ANNUAL	ALLAREA	BOTHSEX	PERCENT	MP				5.45900659810066	3.46438702555611	2.23206832338021	1.3208269525268	0.52008381933399	0.0399236460269734		1.02822568531699	2014	0.0399236460269734	Andorra Telecom SAU	
2017.Q2.G.01	IT_NET_BD2L10MB	Fixed Internet broadband Subscriptions per 100 inhabitants	24	17.57817062	-12.33724746	AGO	Angola	1	ALLAGE	ANNUAL	ALLAREA	BOTHSEX	PERCENT	MP						0.0106389884487443	0.0139381691864158	0.0186339008080341	0.0305593361346736	0.119605996969491	0.0386752783094717	2015	0.119605996969491	Angolan Institute of Communications	
2017.Q2.G.01	IT_NET_BD2L10MB	Fixed Internet broadband Subscriptions per 100 inhabitants	28	-61.7999755	17.07761471	ATG	Antigua and Barbuda	1	ALLAGE	ANNUAL	ALLAREA	BOTHSEX	PERCENT	MP							0.246999517228216	1.16797243985109	4.21438236361836		1.87645144023255	2014	4.21438236361836	Ministry of Information, Broadcasting, Telecommunications, and Information Technology	
2017.Q2.G.01	IT_NET_BD2L10MB	Fixed Internet broadband Subscriptions per 100 inhabitants	31	50.01064725	40.39229544	AZE	Azerbaijan	1	ALLAGE	ANNUAL	ALLAREA	BOTHSEX	PERCENT	MP			0.0337926543555521	0.0556404629019439	0.260986651812623	1.092254743094	1.79762312842929	5.35436642580486	7.34397581390089	7.58787963273128	4.63521994879206	2015	7.58787963273128	Ministry of Communications and High Technologies (MC&HT)	
2017.Q2.G.01	IT_NET_BD2L10MB	Fixed Internet broadband Subscriptions per 100 inhabitants	32	-65.14563274	-35.19446255	ARG	Argentina	1	ALLAGE	ANNUAL	ALLAREA	BOTHSEX	PERCENT	MP									12.8879503625626	13.4173088337934	13.152629598178	2015	13.4173088337934	Ente Nacional de Comunicaciones	
2017.Q2.G.01	IT_NET_BD2L10MB	Fixed Internet broadband Subscriptions per 100 inhabitants	36	134.3499412	-25.57717202	AUS	Australia	1	ALLAGE	ANNUAL	ALLAREA	BOTHSEX	PERCENT	MP				14.4664850611533	18.1526129943251	22.4928735189003	18.2772837917282	17.8172456114805	13.9863578631198	9.12507120209876	16.3397663974655	2015	9.12507120209876		
2017.Q2.G.01	IT_NET_BD2L10MB	Fixed Internet broadband Subscriptions per 100 inhabitants	40	14.14172472	47.58704857	AUT	Austria	1	ALLAGE	ANNUAL	ALLAREA	BOTHSEX	PERCENT	MP						15.6055634545215	15.3120033346141	14.3258296356331	14.184132653893	11.2506063209758	14.1356270799275	2015	11.2506063209758	Austrian Regulatory Authority for Broadcasting and Telecommunications	
2017.Q2.G.01	IT_NET_BD2L10MB	Fixed Internet broadband Subscriptions per 100 inhabitants	44	-78.05111663	24.69546597	BHS	Bahamas	1	ALLAGE	ANNUAL	ALLAREA	BOTHSEX	PERCENT	MP										4.3991856513628	4.3991856513628	2015	4.3991856513628	Utilities Regulation and Competition Authority	
2017.Q2.G.01	IT_NET_BD2L10MB	Fixed Internet broadband Subscriptions per 100 inhabitants	48	50.5490754	26.04407747	BHR	Bahrain	1	ALLAGE	ANNUAL	ALLAREA	BOTHSEX	PERCENT	MP							5.16236197922793	6.13825102032697		10.2353709497355	7.17866131643012	2015	10.2353709497355	Telecommunications Regulatory Authority	
2017.Q2.G.01	IT_NET_BD2L10MB	Fixed Internet broadband Subscriptions per 100 inhabitants	50	89.17660788	22.86961622	BGD	Bangladesh	1	ALLAGE	ANNUAL	ALLAREA	BOTHSEX	PERCENT	MP				0.0006688824512669	0.0009594676211936	0.0012429476540249	0.0035120637871976	0.019476999521862	0.0507846160086863	0.793429393471028	0.17368920408856	2015	0.793429393471028	Bangladesh Telecommunication Regulatory Commission	
2017.Q2.G.01	IT_NET_BD2L10MB	Fixed Internet broadband Subscriptions per 100 inhabitants	51	44.93839317	40.29499741	ARM	Armenia	1	ALLAGE	ANNUAL	ALLAREA	BOTHSEX	PERCENT	MP						1.15879249153206	1.80466615764272	3.78506641545996	4.79334716269156	6.25833969734404	3.56004238493407	2015	6.25833969734404	Ministry of Transport and Communication of Armenia	
2017.Q2.G.01	IT_NET_BD2L10MB	Fixed Internet broadband Subscriptions per 100 inhabitants	52	-59.5346489	13.13648273	BRB	Barbados	1	ALLAGE	ANNUAL	ALLAREA	BOTHSEX	PERCENT	MP									17.6462774324806		17.6462774324806	2014	17.6462774324806	Division of Energy & Telecommunications	
2017.Q2.G.01	IT_NET_BD2L10MB	Fixed Internet broadband Subscriptions per 100 inhabitants	56	4.660976456	50.64104975	BEL	Belgium	1	ALLAGE	ANNUAL	ALLAREA	BOTHSEX	PERCENT	MP		13.5840805509766	13.9078671277389	14.5692482932704	12.4973129306166	8.88498861413737	6.65086511463057	5.24131890599791	4.34656087979455	3.41453962480678	5.70765462787343	2015	3.41453962480678	Belgian Institute for Postal Services and Telecommunications	
2017.Q2.G.01	IT_NET_BD2L10MB	Fixed Internet broadband Subscriptions per 100 inhabitants	60	-64.78155012	32.27881922	BMU	Bermuda	1	ALLAGE	ANNUAL	ALLAREA	BOTHSEX	PERCENT	MP															
2017.Q2.G.01	IT_NET_BD2L10MB	Fixed Internet broadband Subscriptions per 100 inhabitants	64	90.45098484	27.39598568	BTN	Bhutan	1	ALLAGE	ANNUAL	ALLAREA	BOTHSEX	PERCENT	MP										0.0100455785931296	0.0100455785931296	2015	0.0100455785931296	Ministry of Information & Communications	
2017.Q2.G.01	IT_NET_BD2L10MB	Fixed Internet broadband Subscriptions per 100 inhabitants	68	-64.66224284	-16.71273412	BOL	Bolivia (Plurinational State of)	1	ALLAGE	ANNUAL	ALLAREA	BOTHSEX	PERCENT	MP							0.0376418894875663	0.0488042581902691	0.0719325377334696	0.0863348088923946	0.0611783735759249	2015	0.0863348088923946	Autoridad de Regulación y Fiscalización de Telecomunicaciones y Transportes	
2017.Q2.G.01	IT_NET_BD2L10MB	Fixed Internet broadband Subscriptions per 100 inhabitants	70	17.78584332	44.16845548	BIH	Bosnia and Herzegovina	1	ALLAGE	ANNUAL	ALLAREA	BOTHSEX	PERCENT	MP					3.0892405970053	5.87825142043309	7.78102597970326	7.69026876142341	10.4901867993326	12.5719300340028	8.88233259897903	2015	12.5719300340028	Communications Regulatory Agency B & H	
2017.Q2.G.01	IT_NET_BD2L10MB	Fixed Internet broadband Subscriptions per 100 inhabitants	72	23.81380223	-22.18810073	BWA	Botswana	1	ALLAGE	ANNUAL	ALLAREA	BOTHSEX	PERCENT	MP									0.0797120750794546	0.127603495479899	0.103657785279677	2015	0.127603495479899	Botswana Communications Regulatory Authority (BOCRA)	
2017.Q2.G.01	IT_NET_BD2L10MB	Fixed Internet broadband Subscriptions per 100 inhabitants	74	3.410732868	-54.43295905	BVT	Bouvet Island	1	ALLAGE	ANNUAL	ALLAREA	BOTHSEX	PERCENT	MP															
2017.Q2.G.01	IT_NET_BD2L10MB	Fixed Internet broadband Subscriptions per 100 inhabitants	76	-53.08432878	-10.77668561	BRA	Brazil	1	ALLAGE	ANNUAL	ALLAREA	BOTHSEX	PERCENT	MP						2.17705338449157	2.33097593685294	2.58683779365765	3.4549463958161	2.91091388318636	2.69214547880092	2015	2.91091388318636	Agência Nacional de Telecomunicaçoes	
2017.Q2.G.01	IT_NET_BD2L10MB	Fixed Internet broadband Subscriptions per 100 inhabitants	84	-88.70199554	17.19965901	BLZ	Belize	1	ALLAGE	ANNUAL	ALLAREA	BOTHSEX	PERCENT	MP					0.0486073980459826	0.145756924244341	0.397765845831019	0.752335040674902		1.15478224845943	0.612660014802422	2015	1.15478224845943	Belize Telemedia Limited	
2017.Q2.G.01	IT_NET_BD2L10MB	Fixed Internet broadband Subscriptions per 100 inhabitants	86	72.38715553	-7.299281071	IOT	British Indian Ocean Territory	1	ALLAGE	ANNUAL	ALLAREA	BOTHSEX	PERCENT	MP															
2017.Q2.G.01	IT_NET_BD2L10MB	Fixed Internet broadband Subscriptions per 100 inhabitants	90	160.1584117	-9.622391719	SLB	Solomon Islands	1	ALLAGE	ANNUAL	ALLAREA	BOTHSEX	PERCENT	MP															
2017.Q2.G.01	IT_NET_BD2L10MB	Fixed Internet broadband Subscriptions per 100 inhabitants	92	-64.63294223	18.42256578	VGB	British Virgin Islands	1	ALLAGE	ANNUAL	ALLAREA	BOTHSEX	PERCENT	MP															
2017.Q2.G.01	IT_NET_BD2L10MB	Fixed Internet broadband Subscriptions per 100 inhabitants	96	114.6288563	4.49736984	BRN	Brunei Darussalam	1	ALLAGE	ANNUAL	ALLAREA	BOTHSEX	PERCENT	MP										5.02918054132763	5.02918054132763	2015	5.02918054132763	Authority for Info-communications Technology Industry of Brunei Darussalam	
2017.Q2.G.01	IT_NET_BD2L10MB	Fixed Internet broadband Subscriptions per 100 inhabitants	100	25.23763153	42.75731323	BGR	Bulgaria	1	ALLAGE	ANNUAL	ALLAREA	BOTHSEX	PERCENT	MP			4.22754919041402	4.59717893577084	3.38913342829206	1.79909730125859	1.12324674755432	1.00949156043458	0.852567202167188	0.812722025475488	1.11942496737803	2015	0.812722025475488	Communications Regulation Commission	
2017.Q2.G.01	IT_NET_BD2L10MB	Fixed Internet broadband Subscriptions per 100 inhabitants	104	96.51752295	21.19332882	MMR	Myanmar	1	ALLAGE	ANNUAL	ALLAREA	BOTHSEX	PERCENT	MP										0.0812989937904074	0.0812989937904074	2015	0.0812989937904074	Posts and Telecommunications Department, Ministry of communications and Information Technology	
2017.Q2.G.01	IT_NET_BD2L10MB	Fixed Internet broadband Subscriptions per 100 inhabitants	108	29.89080992	-3.366387428	BDI	Burundi	1	ALLAGE	ANNUAL	ALLAREA	BOTHSEX	PERCENT	MP					2.16620113199e-05	3.14453476713e-05	8.1221828082e-05				5.633358787665e-05	2012	8.1221828082e-05	Agence de Régulation et de Contrôle des Télécommunications	
2017.Q2.G.01	IT_NET_BD2L10MB	Fixed Internet broadband Subscriptions per 100 inhabitants	112	28.04940161	53.54193075	BLR	Belarus	1	ALLAGE	ANNUAL	ALLAREA	BOTHSEX	PERCENT	MP						8.40788492243337	9.75380689853598	12.5275444981648	17.8322488621944	22.7575811049772	14.2558132572612	2015	22.7575811049772	Ministry of Communications and Informatization	
2017.Q2.G.01	IT_NET_BD2L10MB	Fixed Internet broadband Subscriptions per 100 inhabitants	116	104.922836	12.71163737	KHM	Cambodia	1	ALLAGE	ANNUAL	ALLAREA	BOTHSEX	PERCENT	MP										0.330833736098078	0.330833736098078	2015	0.330833736098078	Telecommunication Regulator of Cambodia (TRC)	
2017.Q2.G.01	IT_NET_BD2L10MB	Fixed Internet broadband Subscriptions per 100 inhabitants	120	12.7419827	5.692387031	CMR	Cameroon	1	ALLAGE	ANNUAL	ALLAREA	BOTHSEX	PERCENT	MP															
2017.Q2.G.01	IT_NET_BD2L10MB	Fixed Internet broadband Subscriptions per 100 inhabitants	124	-101.6575058	57.72360191	CAN	Canada	1	ALLAGE	ANNUAL	ALLAREA	BOTHSEX	PERCENT	MP				20.8327039994349	23.0146157326444	22.407963090535	19.7779618553063	14.0116351385368	11.276650869597	9.87140604923442	15.4691234006419	2015	9.87140604923442	Canadian Radio-television and Telecommunications Commission	
2017.Q2.G.01	IT_NET_BD2L10MB	Fixed Internet broadband Subscriptions per 100 inhabitants	132	-23.63544151	15.07791834	CPV	Cabo Verde	1	ALLAGE	ANNUAL	ALLAREA	BOTHSEX	PERCENT	MP							0.679003480980014		2.40987060124653	2.05227073763316	1.71371493995324	2015	2.05227073763316	Agencia Nacional das Comunicaçoes	
2017.Q2.G.01	IT_NET_BD2L10MB	Fixed Internet broadband Subscriptions per 100 inhabitants	136	-81.16740559	19.32266656	CYM	Cayman Islands	1	ALLAGE	ANNUAL	ALLAREA	BOTHSEX	PERCENT	MP									26.2469185830547	28.5390297997232	27.392974191389	2015	28.5390297997232	Information and Communications Technology Authority	
2017.Q2.G.01	IT_NET_BD2L10MB	Fixed Internet broadband Subscriptions per 100 inhabitants	140	20.93559492	7.003720791	CAF	Central African Republic	1	ALLAGE	ANNUAL	ALLAREA	BOTHSEX	PERCENT	MP															
2017.Q2.G.01	IT_NET_BD2L10MB	Fixed Internet broadband Subscriptions per 100 inhabitants	144	80.70489654	7.614693343	LKA	Sri Lanka	1	ALLAGE	ANNUAL	ALLAREA	BOTHSEX	PERCENT	MP							1.06839483500386			1.94128293182969	1.50483888341677	2015	1.94128293182969		
2017.Q2.G.01	IT_NET_BD2L10MB	Fixed Internet broadband Subscriptions per 100 inhabitants	148	18.66618401	15.36279341	TCD	Chad	1	ALLAGE	ANNUAL	ALLAREA	BOTHSEX	PERCENT	MP															
2017.Q2.G.01	IT_NET_BD2L10MB	Fixed Internet broadband Subscriptions per 100 inhabitants	152	-71.23029019	-35.2652885	CHL	Chile	1	ALLAGE	ANNUAL	ALLAREA	BOTHSEX	PERCENT	MP		0.211951700208988	1.84834887432756	2.21175843847321	4.09739859924575	5.79220009834503	6.41227556159487	6.56808841554014	8.19030307483805	7.32342925392693	6.85725928084901	2015	7.32342925392693	Subsecretaría de Telecomunicaciones	
2017.Q2.G.01	IT_NET_BD2L10MB	Fixed Internet broadband Subscriptions per 100 inhabitants	156	104.1403375	32.30955217	CHN	China	1	ALLAGE	ANNUAL	ALLAREA	BOTHSEX	PERCENT	MP						8.60169055237558	9.96278383848177		8.09702315990986	7.38077827911097	8.51056895746954	2015	7.38077827911097	Ministry of Industry and Information Technology	
2017.Q2.G.01	IT_NET_BD2L10MB	Fixed Internet broadband Subscriptions per 100 inhabitants	162	105.6426067	-10.4882473	CXR	Christmas Island	1	ALLAGE	ANNUAL	ALLAREA	BOTHSEX	PERCENT	MP															
2017.Q2.G.01	IT_NET_BD2L10MB	Fixed Internet broadband Subscriptions per 100 inhabitants	166	96.82633757	-12.18600682	CCK	Cocos (Keeling) Islands	1	ALLAGE	ANNUAL	ALLAREA	BOTHSEX	PERCENT	MP															
2017.Q2.G.01	IT_NET_BD2L10MB	Fixed Internet broadband Subscriptions per 100 inhabitants	170	-73.07446751	3.888209046	COL	Colombia	1	ALLAGE	ANNUAL	ALLAREA	BOTHSEX	PERCENT	MP			0.0706220491879649	1.08845660398771	1.53791389080861	2.70599339082447	3.18869567388368	4.79656375885594	6.57275766177708	7.90437028591291	5.03367615425082	2015	7.90437028591291	Ministerio de Tecnologías de la Información y las Comunicaciones	
2017.Q2.G.01	IT_NET_BD2L10MB	Fixed Internet broadband Subscriptions per 100 inhabitants	174	43.34234565	-11.66121732	COM	Comoros	1	ALLAGE	ANNUAL	ALLAREA	BOTHSEX	PERCENT	MP							0.0100348012482178			0.012856174469975	0.0114454878590964	2015	0.012856174469975	Autorité Nationale de Régulation des TIC	
2017.Q2.G.01	IT_NET_BD2L10MB	Fixed Internet broadband Subscriptions per 100 inhabitants	175	45.14015057	-12.82217691	MYT	Mayotte	1	ALLAGE	ANNUAL	ALLAREA	BOTHSEX	PERCENT	MP															
2017.Q2.G.01	IT_NET_BD2L10MB	Fixed Internet broadband Subscriptions per 100 inhabitants	178	15.22052612	-0.840544119	COG	Congo	1	ALLAGE	ANNUAL	ALLAREA	BOTHSEX	PERCENT	MP															
2017.Q2.G.01	IT_NET_BD2L10MB	Fixed Internet broadband Subscriptions per 100 inhabitants	180	23.65496507	-2.877154732	COD	Democratic Republic of the Congo	1	ALLAGE	ANNUAL	ALLAREA	BOTHSEX	PERCENT	MP															
2017.Q2.G.01	IT_NET_BD2L10MB	Fixed Internet broadband Subscriptions per 100 inhabitants	184	-159.7711391	-21.22696458	COK	Cook Islands	1	ALLAGE	ANNUAL	ALLAREA	BOTHSEX	PERCENT	MP															
2017.Q2.G.01	IT_NET_BD2L10MB	Fixed Internet broadband Subscriptions per 100 inhabitants	188	-84.19712782	9.970998683	CRI	Costa Rica	1	ALLAGE	ANNUAL	ALLAREA	BOTHSEX	PERCENT	MP	0.0674787643372454	0.0682914107419163	0.0971824587978364	0.386293460459197	1.52136600220357	2.62520896303676	5.013594378701	1.46460527001748	4.27228568448617	5.13025983189171	3.70119082562662	2015	5.13025983189171	Superintendencia de Telecomunicaciones	
2017.Q2.G.01	IT_NET_BD2L10MB	Fixed Internet broadband Subscriptions per 100 inhabitants	191	17.95874553	45.45172212	HRV	Croatia	1	ALLAGE	ANNUAL	ALLAREA	BOTHSEX	PERCENT	MP					16.9355561871791	16.7973149681	16.0383171186849	16.2247646346586	15.7636953177449	14.3067330862105	15.8261650250798	2015	14.3067330862105	Croatian Regulatory Authority for Network Industries	
2017.Q2.G.01	IT_NET_BD2L10MB	Fixed Internet broadband Subscriptions per 100 inhabitants	192	-79.54460144	22.10030366	CUB	Cuba	1	ALLAGE	ANNUAL	ALLAREA	BOTHSEX	PERCENT	MP															
2017.Q2.G.01	IT_NET_BD2L10MB	Fixed Internet broadband Subscriptions per 100 inhabitants	196	33.22285964	35.05659437	CYP	Cyprus	1	ALLAGE	ANNUAL	ALLAREA	BOTHSEX	PERCENT	MP				4.06527697415898	6.03795467003719	15.7618406592668	17.1276375250887	18.075109142754	17.6676281678805	12.669840602046	16.2604112194072	2015	12.669840602046	Office of the Commissioner for Electronic Communications and Postal Regulation	
2017.Q2.G.01	IT_NET_BD2L10MB	Fixed Internet broadband Subscriptions per 100 inhabitants	203	15.33151382	49.73913871	CZE	Czechia	1	ALLAGE	ANNUAL	ALLAREA	BOTHSEX	PERCENT	MP				7.70423959183837	8.91630338968292	8.62309687545148	7.3640360632421	6.27357167878708	5.81706495471147	7.63126492754053	7.14180689994653	2015	7.63126492754053	Czech Telecommunication Office	
2017.Q2.G.01	IT_NET_BD2L10MB	Fixed Internet broadband Subscriptions per 100 inhabitants	204	2.339933594	9.65401646	BEN	Benin	1	ALLAGE	ANNUAL	ALLAREA	BOTHSEX	PERCENT	MP										0.0077390929341898	0.0077390929341898	2015	0.0077390929341898	Autorité de Régulation des Communications Electroniques et de la Poste (ARCEP- Bénin)	
2017.Q2.G.01	IT_NET_BD2L10MB	Fixed Internet broadband Subscriptions per 100 inhabitants	208	9.326571283	56.03829721	DNK	Denmark	1	ALLAGE	ANNUAL	ALLAREA	BOTHSEX	PERCENT	MP		20.9756251016223	25.9881545181823	21.4923104242304	17.885900436303	11.3145862678125	8.72815197507575	5.94300221957411	4.66654988560657	3.41862362393921	6.81418279440162	2015	3.41862362393921	Danish Energy Agency	
2017.Q2.G.01	IT_NET_BD2L10MB	Fixed Internet broadband Subscriptions per 100 inhabitants	212	-61.3493756	15.43391378	DMA	Dominica	1	ALLAGE	ANNUAL	ALLAREA	BOTHSEX	PERCENT	MP					2.94237497716638					20.6989543203082	20.6989543203082	2015	20.6989543203082	National Telecommunications Regulatory Commission	
2017.Q2.G.01	IT_NET_BD2L10MB	Fixed Internet broadband Subscriptions per 100 inhabitants	214	-70.49847576	18.89832088	DOM	Dominican Republic	1	ALLAGE	ANNUAL	ALLAREA	BOTHSEX	PERCENT	MP															
2017.Q2.G.01	IT_NET_BD2L10MB	Fixed Internet broadband Subscriptions per 100 inhabitants	218	-78.37005241	-1.447785891	ECU	Ecuador	1	ALLAGE	ANNUAL	ALLAREA	BOTHSEX	PERCENT	MP					0.285072960119117	1.38651010682399	1.999230067342	5.44557531834978		4.99133750297599	3.45566324887294	2015	4.99133750297599	Agencia de Regulación y Control de las Telecomunicaciones	
2017.Q2.G.01	IT_NET_BD2L10MB	Fixed Internet broadband Subscriptions per 100 inhabitants	222	-88.86862995	13.73603564	SLV	El Salvador	1	ALLAGE	ANNUAL	ALLAREA	BOTHSEX	PERCENT	MP									2.05501404189887	2.82228359094815	2.43864881642351	2015	2.82228359094815	Superintendencia General de Electricidad y Telecomunicaciones	
2017.Q2.G.01	IT_NET_BD2L10MB	Fixed Internet broadband Subscriptions per 100 inhabitants	226	10.46535826	1.565792376	GNQ	Equatorial Guinea	1	ALLAGE	ANNUAL	ALLAREA	BOTHSEX	PERCENT	MP										0.0285223900762098	0.0285223900762098	2015	0.0285223900762098	La Société Anonyme de Télécommunications de la République de Guinée Equatoriale	
2017.Q2.G.01	IT_NET_BD2L10MB	Fixed Internet broadband Subscriptions per 100 inhabitants	231	39.63505296	8.631223181	ETH	Ethiopia	1	ALLAGE	ANNUAL	ALLAREA	BOTHSEX	PERCENT	MP									0.244174377039711	0.248269437413003	0.246221907226357	2015	0.248269437413003	Ministry of Communications and Information Technology	
2017.Q2.G.01	IT_NET_BD2L10MB	Fixed Internet broadband Subscriptions per 100 inhabitants	232	38.11074289	16.12894644	ERI	Eritrea	1	ALLAGE	ANNUAL	ALLAREA	BOTHSEX	PERCENT	MP															
2017.Q2.G.01	IT_NET_BD2L10MB	Fixed Internet broadband Subscriptions per 100 inhabitants	233	25.84093481	58.68487172	EST	Estonia	1	ALLAGE	ANNUAL	ALLAREA	BOTHSEX	PERCENT	MP				11.7571845751805	13.7344218437267	14.7905211132037	13.9716512057069	8.77241501463196	8.88289266543644	6.69256311575994	10.6220086229478	2015	6.69256311575994	Estonian Technical Regulatory Authority	
2017.Q2.G.01	IT_NET_BD2L10MB	Fixed Internet broadband Subscriptions per 100 inhabitants	234	-7.122044325	62.21228119	FRO	Faroe Islands	1	ALLAGE	ANNUAL	ALLAREA	BOTHSEX	PERCENT	MP					27.8634960972953	24.0358418599019	23.4274633377772			11.0574591886213	19.5069214621002	2015	11.0574591886213	Post and Telecom Authority	
2017.Q2.G.01	IT_NET_BD2L10MB	Fixed Internet broadband Subscriptions per 100 inhabitants	238	-58.75246778	-51.74562601	FLK	Falkland Islands (Malvinas)	1	ALLAGE	ANNUAL	ALLAREA	BOTHSEX	PERCENT	MP					0.0331455087835598	0.0330360092500826	0.131752305665349	0.131406044678055	0.131061598951507		0.106813989636249	2014	0.131061598951507	Sure	
2017.Q2.G.01	IT_NET_BD2L10MB	Fixed Internet broadband Subscriptions per 100 inhabitants	239	-36.90662765	-54.20736749	SGS	South Georgia and the South Sandwich Islands	1	ALLAGE	ANNUAL	ALLAREA	BOTHSEX	PERCENT	MP															
2017.Q2.G.01	IT_NET_BD2L10MB	Fixed Internet broadband Subscriptions per 100 inhabitants	242	177.9660884	-17.83301566	FJI	Fiji	1	ALLAGE	ANNUAL	ALLAREA	BOTHSEX	PERCENT	MP															
2017.Q2.G.01	IT_NET_BD2L10MB	Fixed Internet broadband Subscriptions per 100 inhabitants	246	23.308447	61.91586738	FIN	Finland	1	ALLAGE	ANNUAL	ALLAREA	BOTHSEX	PERCENT	MP			15.2116363565254	13.1738326515314	12.4261950152514	13.7555844369841	10.1045287147964	9.16089956311115	7.69725784729926	6.45235901162365	9.43412591476291	2015	6.45235901162365	Finnish Communications Regulatory Authority (FICORA)	
2017.Q2.G.01	IT_NET_BD2L10MB	Fixed Internet broadband Subscriptions per 100 inhabitants	248	19.80945969	60.1544901	ALA	Åland Islands	1	ALLAGE	ANNUAL	ALLAREA	BOTHSEX	PERCENT	MP															
2017.Q2.G.01	IT_NET_BD2L10MB	Fixed Internet broadband Subscriptions per 100 inhabitants	250	2.457288129	46.62660861	FRA	France	1	ALLAGE	ANNUAL	ALLAREA	BOTHSEX	PERCENT	MP							3.1249718959766	2.34868554491371	2.23386669066372	1.76661876585552	2.36853572435239	2015	1.76661876585552	Autorité de Régulation des Communications électroniques et des postes	
2017.Q2.G.01	IT_NET_BD2L10MB	Fixed Internet broadband Subscriptions per 100 inhabitants	254	-53.23619089	3.922673437	GUF	French Guiana	1	ALLAGE	ANNUAL	ALLAREA	BOTHSEX	PERCENT	MP															
2017.Q2.G.01	IT_NET_BD2L10MB	Fixed Internet broadband Subscriptions per 100 inhabitants	258	-149.4052367	-17.67709294	PYF	French Polynesia	1	ALLAGE	ANNUAL	ALLAREA	BOTHSEX	PERCENT	MP							2.86837049968227	4.35933836889655	5.8066360533886	6.35583030371617	4.8475438064209	2015	6.35583030371617	Direction générale de l'économie numérique (DGEN)	
2017.Q2.G.01	IT_NET_BD2L10MB	Fixed Internet broadband Subscriptions per 100 inhabitants	260	69.64849091	-49.6068576	ATF	French Southern Territories	1	ALLAGE	ANNUAL	ALLAREA	BOTHSEX	PERCENT	MP															
2017.Q2.G.01	IT_NET_BD2L10MB	Fixed Internet broadband Subscriptions per 100 inhabitants	262	42.18274707	11.56004161	DJI	Djibouti	1	ALLAGE	ANNUAL	ALLAREA	BOTHSEX	PERCENT	MP				0.0043802814330821	0.0028775736299153	0.0035433935788984					0.0035433935788984	2011	0.0035433935788984	Ministère de la Communication et de la Culture chargé des Postes et des Télécommunications	
2017.Q2.G.01	IT_NET_BD2L10MB	Fixed Internet broadband Subscriptions per 100 inhabitants	266	11.78727747	-0.60687619	GAB	Gabon	1	ALLAGE	ANNUAL	ALLAREA	BOTHSEX	PERCENT	MP						0.0099119592179339			0.0515983811080972		0.0307551701630155	2014	0.0515983811080972	Gabon Télécom	
2017.Q2.G.01	IT_NET_BD2L10MB	Fixed Internet broadband Subscriptions per 100 inhabitants	268	43.3713615	42.04813028	GEO	Georgia	1	ALLAGE	ANNUAL	ALLAREA	BOTHSEX	PERCENT	MP					0.757996606719934	1.26143459437167	3.07135308227492	3.23488589334688	5.05156098696182	7.32061962486119	3.98797083636329	2015	7.32061962486119	Georgian National Communications Commission	
2017.Q2.G.01	IT_NET_BD2L10MB	Fixed Internet broadband Subscriptions per 100 inhabitants	270	-15.39944785	13.45295927	GMB	Gambia	1	ALLAGE	ANNUAL	ALLAREA	BOTHSEX	PERCENT	MP										0.0044160620806962	0.0044160620806962	2015	0.0044160620806962	The Gambia Public Utilities Regulatory Authority	
2017.Q2.G.01	IT_NET_BD2L10MB	Fixed Internet broadband Subscriptions per 100 inhabitants	275	35.25694122	31.94347933	PSE	State of Palestine	1	ALLAGE	ANNUAL	ALLAREA	BOTHSEX	PERCENT	MP															
2017.Q2.G.01	IT_NET_BD2L10MB	Fixed Internet broadband Subscriptions per 100 inhabitants	276	10.3806066	51.08862743	DEU	Germany	1	ALLAGE	ANNUAL	ALLAREA	BOTHSEX	PERCENT	MP			15.2080909827061	16.7344503322286	17.7934316038117	18.6009058145677	13.8067080844	13.5899003060998	14.0136610427185	9.56493255662738	13.9152215608827	2015	9.56493255662738	Bundesnetzagentur (BNetzA) / Federal Network Agency	
2017.Q2.G.01	IT_NET_BD2L10MB	Fixed Internet broadband Subscriptions per 100 inhabitants	288	-1.205623522	7.964825185	GHA	Ghana	1	ALLAGE	ANNUAL	ALLAREA	BOTHSEX	PERCENT	MP				0.000628916668246	0.0031570833182726	0.0035494558454542	0.0034928008486166				0.0035211283470354	2012	0.0034928008486166	National Communications Authority	
2017.Q2.G.01	IT_NET_BD2L10MB	Fixed Internet broadband Subscriptions per 100 inhabitants	292	-5.347561686	36.13895036	GIB	Gibraltar	1	ALLAGE	ANNUAL	ALLAREA	BOTHSEX	PERCENT	MP										22.9440621380391	22.9440621380391	2015	22.9440621380391	Gibraltar Regulatory Authority	
2017.Q2.G.01	IT_NET_BD2L10MB	Fixed Internet broadband Subscriptions per 100 inhabitants	296	-157.5643005	1.768837732	KIR	Kiribati	1	ALLAGE	ANNUAL	ALLAREA	BOTHSEX	PERCENT	MP										0.0018947468144569	0.0018947468144569	2015	0.0018947468144569	Ministry of Information, Communication, Transport and Tourism Development	
2017.Q2.G.01	IT_NET_BD2L10MB	Fixed Internet broadband Subscriptions per 100 inhabitants	300	22.58307827	39.47301873	GRC	Greece	1	ALLAGE	ANNUAL	ALLAREA	BOTHSEX	PERCENT	MP				10.2379144486166	9.10521234070318	9.70054025001088	10.1858945715003	9.44736650554143	7.06032059943187	5.18997543824359	8.31681947294561	2015	5.18997543824359	Hellenic Telecommunications & Post Commission	
2017.Q2.G.01	IT_NET_BD2L10MB	Fixed Internet broadband Subscriptions per 100 inhabitants	304	-41.39371316	74.75625681	GRL	Greenland	1	ALLAGE	ANNUAL	ALLAREA	BOTHSEX	PERCENT	MP		0.0352007321752292	0.035288928098809	0.0441938164012091								2009	0.0441938164012091	TELE Greenland	
2017.Q2.G.01	IT_NET_BD2L10MB	Fixed Internet broadband Subscriptions per 100 inhabitants	308	-61.68248568	12.11238395	GRD	Grenada	1	ALLAGE	ANNUAL	ALLAREA	BOTHSEX	PERCENT	MP															
2017.Q2.G.01	IT_NET_BD2L10MB	Fixed Internet broadband Subscriptions per 100 inhabitants	312	-61.64762115	16.14416917	GLP	Guadeloupe	1	ALLAGE	ANNUAL	ALLAREA	BOTHSEX	PERCENT	MP															
2017.Q2.G.01	IT_NET_BD2L10MB	Fixed Internet broadband Subscriptions per 100 inhabitants	316	144.7029305	13.35485404	GUM	Guam	1	ALLAGE	ANNUAL	ALLAREA	BOTHSEX	PERCENT	MP															
2017.Q2.G.01	IT_NET_BD2L10MB	Fixed Internet broadband Subscriptions per 100 inhabitants	320	-91.2312746	15.00273719	GTM	Guatemala	1	ALLAGE	ANNUAL	ALLAREA	BOTHSEX	PERCENT	MP															
2017.Q2.G.01	IT_NET_BD2L10MB	Fixed Internet broadband Subscriptions per 100 inhabitants	324	-11.28173419	11.00210343	GIN	Guinea	1	ALLAGE	ANNUAL	ALLAREA	BOTHSEX	PERCENT	MP															
2017.Q2.G.01	IT_NET_BD2L10MB	Fixed Internet broadband Subscriptions per 100 inhabitants	328	-58.97322037	4.788012784	GUY	Guyana	1	ALLAGE	ANNUAL	ALLAREA	BOTHSEX	PERCENT	MP						0.0022759400264515		0.0031265124503979			0.0027012262384247	2013	0.0031265124503979	National Frequency Management Unit	
2017.Q2.G.01	IT_NET_BD2L10MB	Fixed Internet broadband Subscriptions per 100 inhabitants	332	-72.33640958	18.40426539	HTI	Haiti	1	ALLAGE	ANNUAL	ALLAREA	BOTHSEX	PERCENT	MP															
2017.Q2.G.01	IT_NET_BD2L10MB	Fixed Internet broadband Subscriptions per 100 inhabitants	334	73.52633626	-53.09106147	HMD	Heard Island and McDonald Islands	1	ALLAGE	ANNUAL	ALLAREA	BOTHSEX	PERCENT	MP															
2017.Q2.G.01	IT_NET_BD2L10MB	Fixed Internet broadband Subscriptions per 100 inhabitants	336	12.45315803	41.90343751	VAT	Holy See	1	ALLAGE	ANNUAL	ALLAREA	BOTHSEX	PERCENT	MP															
2017.Q2.G.01	IT_NET_BD2L10MB	Fixed Internet broadband Subscriptions per 100 inhabitants	340	-86.59974381	14.82243161	HND	Honduras	1	ALLAGE	ANNUAL	ALLAREA	BOTHSEX	PERCENT	MP								0.287341275682639	0.917217070752301	1.03394893373237	0.746169093389104	2015	1.03394893373237	Comisión Nacional de Telecomunicaciones (CONATEL)	
2017.Q2.G.01	IT_NET_BD2L10MB	Fixed Internet broadband Subscriptions per 100 inhabitants	344	114.0266445	22.41749934	HKG	China, Hong Kong Special Administrative Region	1	ALLAGE	ANNUAL	ALLAREA	BOTHSEX	PERCENT	MP				3.84522180184475	3.99010484978113	3.20361469874903	2.24247264423425	1.69320900697906	4.90106230824447	4.50888671545187	3.30984907473174	2015	4.50888671545187	Office of the Communications Authority	
2017.Q2.G.01	IT_NET_BD2L10MB	Fixed Internet broadband Subscriptions per 100 inhabitants	348	19.41221519	47.1651448	HUN	Hungary	1	ALLAGE	ANNUAL	ALLAREA	BOTHSEX	PERCENT	MP			9.57322762819008	11.7876152316756	12.3475218712458	9.26393528278219	7.4058796966178	3.57374292826045	3.75260755047758	3.05053899571766	5.40934089077114	2015	3.05053899571766	National Media and Infocommunications Authority	
2017.Q2.G.01	IT_NET_BD2L10MB	Fixed Internet broadband Subscriptions per 100 inhabitants	352	-19.02116966	64.79134763	ISL	Iceland	1	ALLAGE	ANNUAL	ALLAREA	BOTHSEX	PERCENT	MP			18.0249132174509	12.8433671973589	9.10571559731105	4.73588116204836	2.95181776614386	1.03752256968152	1.1568883485674	0.305290917298235	2.03748015274787	2015	0.305290917298235	Post and Telecom Administration	
2017.Q2.G.01	IT_NET_BD2L10MB	Fixed Internet broadband Subscriptions per 100 inhabitants	356	79.3608464	22.34642074	IND	India	1	ALLAGE	ANNUAL	ALLAREA	BOTHSEX	PERCENT	MP										0.662352871830785	0.662352871830785	2015	0.662352871830785	Department of Telecommunications	
2017.Q2.G.01	IT_NET_BD2L10MB	Fixed Internet broadband Subscriptions per 100 inhabitants	360	113.9174	-0.994582204	IDN	Indonesia	1	ALLAGE	ANNUAL	ALLAREA	BOTHSEX	PERCENT	MP															
2017.Q2.G.01	IT_NET_BD2L10MB	Fixed Internet broadband Subscriptions per 100 inhabitants	364	54.19766348	32.74370885	IRN	Iran (Islamic Republic of)	1	ALLAGE	ANNUAL	ALLAREA	BOTHSEX	PERCENT	MP									0.888672138585259	1.81049552528283	1.34958383193404	2015	1.81049552528283	Information Technology Organization of Iran (ITO)	
2017.Q2.G.01	IT_NET_BD2L10MB	Fixed Internet broadband Subscriptions per 100 inhabitants	368	43.76606267	33.05013795	IRQ	Iraq	1	ALLAGE	ANNUAL	ALLAREA	BOTHSEX	PERCENT	MP															
2017.Q2.G.01	IT_NET_BD2L10MB	Fixed Internet broadband Subscriptions per 100 inhabitants	372	-7.121425272	53.25274054	IRL	Ireland	1	ALLAGE	ANNUAL	ALLAREA	BOTHSEX	PERCENT	MP			10.1055069367829	12.3616288872131	16.3343041091101	12.9331484791428	14.8861970021132	10.6807547502546	8.73355368649703	7.98659828012531	11.0440504396266	2015	7.98659828012531	Commission for Communications Regulation	
2017.Q2.G.01	IT_NET_BD2L10MB	Fixed Internet broadband Subscriptions per 100 inhabitants	376	34.62277992	31.06164552	ISR	Israel	1	ALLAGE	ANNUAL	ALLAREA	BOTHSEX	PERCENT	MP						3.98610402333391					3.98610402333391	2011	3.98610402333391	Ministry of Communications.	
2017.Q2.G.01	IT_NET_BD2L10MB	Fixed Internet broadband Subscriptions per 100 inhabitants	380	12.57022427	42.79917282	ITA	Italy	1	ALLAGE	ANNUAL	ALLAREA	BOTHSEX	PERCENT	MP			11.2792218702598	14.0389653232296	15.5928645828393	17.4433053057933	16.9353911916599	16.6894142815584	18.0771762029234	17.2008504565119	17.2692274876894	2015	17.2008504565119	Ministry of Economic Development	
2017.Q2.G.01	IT_NET_BD2L10MB	Fixed Internet broadband Subscriptions per 100 inhabitants	384	-5.552690016	7.62211586	CIV	Côte d'Ivoire	1	ALLAGE	ANNUAL	ALLAREA	BOTHSEX	PERCENT	MP									0.128816587961975	0.10229964531114	0.115558116636557	2015	0.10229964531114	Autorité de Régulation des Télécommunications/TIC	
2017.Q2.G.01	IT_NET_BD2L10MB	Fixed Internet broadband Subscriptions per 100 inhabitants	388	-77.31068409	18.15616857	JAM	Jamaica	1	ALLAGE	ANNUAL	ALLAREA	BOTHSEX	PERCENT	MP										4.56446505781871	4.56446505781871	2015	4.56446505781871	Office of Utilities Regulation	
2017.Q2.G.01	IT_NET_BD2L10MB	Fixed Internet broadband Subscriptions per 100 inhabitants	392	139.2716103	36.6554539	JPN	Japan	1	ALLAGE	ANNUAL	ALLAREA	BOTHSEX	PERCENT	MP						2.58281613851723	2.24100089065826	1.94578448897973	2.04818104921859	1.93478657003781	2.15051382748233	2015	1.93478657003781	Ministry of Internal Affairs and Communications	
2017.Q2.G.01	IT_NET_BD2L10MB	Fixed Internet broadband Subscriptions per 100 inhabitants	398	66.65359159	48.01963494	KAZ	Kazakhstan	1	ALLAGE	ANNUAL	ALLAREA	BOTHSEX	PERCENT	MP				2.45088910050286			4.42990655698986	5.49755343270611	5.63642365530716	4.57411779185134	5.03450035921362	2015	4.57411779185134	Ministry of Information and Communication of the Republic of Kazakhstan	
2017.Q2.G.01	IT_NET_BD2L10MB	Fixed Internet broadband Subscriptions per 100 inhabitants	400	37.13024774	30.65365973	JOR	Jordan	1	ALLAGE	ANNUAL	ALLAREA	BOTHSEX	PERCENT	MP			0.0021146291397249	0.0203031494795518	0.29349820297421	0.289697854052004	0.912483215501829	0.865847406561551	2.83002425643707	2.93305642828905	1.5662218321683	2015	2.93305642828905	Telecommunications Regulatory Commission	
2017.Q2.G.01	IT_NET_BD2L10MB	Fixed Internet broadband Subscriptions per 100 inhabitants	404	37.86096816	0.534797278	KEN	Kenya	1	ALLAGE	ANNUAL	ALLAREA	BOTHSEX	PERCENT	MP					1.22221914223e-05	5.71049353868e-05	0.0001019034145078	0.0010867190286373	0.0049883656032871	0.151054736014971	0.0314577657993581	2015	0.151054736014971	Communications Authority  of Kenya	
2017.Q2.G.01	IT_NET_BD2L10MB	Fixed Internet broadband Subscriptions per 100 inhabitants	408	127.1803633	40.1462645	PRK	Democratic People's Republic of Korea	1	ALLAGE	ANNUAL	ALLAREA	BOTHSEX	PERCENT	MP															
2017.Q2.G.01	IT_NET_BD2L10MB	Fixed Internet broadband Subscriptions per 100 inhabitants	410	127.8610254	36.45201023	KOR	Republic of Korea	1	ALLAGE	ANNUAL	ALLAREA	BOTHSEX	PERCENT	MP				2.40162928372278	1.69022199664254	1.23722416844234					1.23722416844234	2011	1.23722416844234	Korea Communications Commission	
2017.Q2.G.01	IT_NET_BD2L10MB	Fixed Internet broadband Subscriptions per 100 inhabitants	414	47.49305029	29.53949468	KWT	Kuwait	1	ALLAGE	ANNUAL	ALLAREA	BOTHSEX	PERCENT	MP										0.899285845645433	0.899285845645433	2015	0.899285845645433	Communication and Information Technology Regulatory Authority	
2017.Q2.G.01	IT_NET_BD2L10MB	Fixed Internet broadband Subscriptions per 100 inhabitants	417	74.52324839	41.46204516	KGZ	Kyrgyzstan	1	ALLAGE	ANNUAL	ALLAREA	BOTHSEX	PERCENT	MP							0.119286553153851	0.792115723919829		1.04027504722271	0.650559108098797	2015	1.04027504722271	State Communications Agency under the Governmet of the Kyrgyz Republic	
2017.Q2.G.01	IT_NET_BD2L10MB	Fixed Internet broadband Subscriptions per 100 inhabitants	418	101.9901968	20.27482773	LAO	Lao People's Democratic Republic	1	ALLAGE	ANNUAL	ALLAREA	BOTHSEX	PERCENT	MP					0.0013602861791953	0.001564101958593	0.0014445154831746	0.0185827286683791	0.0408755431094829	0.0962725787546163	0.0317478935948492	2015	0.0962725787546163	Ministry of Post and Telecommunication	
2017.Q2.G.01	IT_NET_BD2L10MB	Fixed Internet broadband Subscriptions per 100 inhabitants	422	35.89391711	33.92152458	LBN	Lebanon	1	ALLAGE	ANNUAL	ALLAREA	BOTHSEX	PERCENT	MP										11.9589427309986	11.9589427309986	2015	11.9589427309986		
2017.Q2.G.01	IT_NET_BD2L10MB	Fixed Internet broadband Subscriptions per 100 inhabitants	426	28.25362195	-29.58041814	LSO	Lesotho	1	ALLAGE	ANNUAL	ALLAREA	BOTHSEX	PERCENT	MP							0.0009261312815463		0.0607863319906308	0.0562705059534478	0.0393276564085416	2015	0.0562705059534478	Lesotho Communications Authority	
2017.Q2.G.01	IT_NET_BD2L10MB	Fixed Internet broadband Subscriptions per 100 inhabitants	428	26.42461876	56.64196636	LVA	Latvia	1	ALLAGE	ANNUAL	ALLAREA	BOTHSEX	PERCENT	MP								7.33057376005759	6.55525348694902	5.11972022698083	6.33518249132915	2015	5.11972022698083	Ministry of Transport, Department of Communications	
2017.Q2.G.01	IT_NET_BD2L10MB	Fixed Internet broadband Subscriptions per 100 inhabitants	430	-9.311879038	6.448381009	LBR	Liberia	1	ALLAGE	ANNUAL	ALLAREA	BOTHSEX	PERCENT	MP															
2017.Q2.G.01	IT_NET_BD2L10MB	Fixed Internet broadband Subscriptions per 100 inhabitants	434	18.0295985	27.04042819	LBY	Libya	1	ALLAGE	ANNUAL	ALLAREA	BOTHSEX	PERCENT	MP															
2017.Q2.G.01	IT_NET_BD2L10MB	Fixed Internet broadband Subscriptions per 100 inhabitants	438	9.552985019	47.14167005	LIE	Liechtenstein	1	ALLAGE	ANNUAL	ALLAREA	BOTHSEX	PERCENT	MP									6.0466741947626	5.73930220762927	5.89298820119593	2015	5.73930220762927	Office for Communications	
2017.Q2.G.01	IT_NET_BD2L10MB	Fixed Internet broadband Subscriptions per 100 inhabitants	440	23.90517807	55.33680309	LTU	Lithuania	1	ALLAGE	ANNUAL	ALLAREA	BOTHSEX	PERCENT	MP				7.69390965040637	7.72531601387929	7.17882509083503	6.39254384878424	4.90057286655023	6.65647925214582	6.03330677976331	6.23234556761573	2015	6.03330677976331	Communications Regulatory Authority of the Republic of Lithuania	
2017.Q2.G.01	IT_NET_BD2L10MB	Fixed Internet broadband Subscriptions per 100 inhabitants	442	6.092656563	49.77679538	LUX	Luxembourg	1	ALLAGE	ANNUAL	ALLAREA	BOTHSEX	PERCENT	MP				29.6085650731958	21.5999684968054		18.7509546648744	17.0715336174064	15.2671300634733	13.5294085163485	16.1547567155257	2015	13.5294085163485	Institut Luxembourgeois de Régulation	
2017.Q2.G.01	IT_NET_BD2L10MB	Fixed Internet broadband Subscriptions per 100 inhabitants	446	113.5665388	22.1237259	MAC	China, Macao Special Administrative Region	1	ALLAGE	ANNUAL	ALLAREA	BOTHSEX	PERCENT	MP			15.4501820589209	16.1948326070661	15.8333115112247	16.2937185828461	16.7030961793015	15.1316707128669	14.4910083912414	13.4760959583861	15.2191179649284	2015	13.4760959583861	Bureau of Telecommunications Regulation	
2017.Q2.G.01	IT_NET_BD2L10MB	Fixed Internet broadband Subscriptions per 100 inhabitants	450	46.6982339	-19.38514785	MDG	Madagascar	1	ALLAGE	ANNUAL	ALLAREA	BOTHSEX	PERCENT	MP										0.0452024910678145	0.0452024910678145	2015	0.0452024910678145	Autorité de Régulation des Technologies de Communication	
2017.Q2.G.01	IT_NET_BD2L10MB	Fixed Internet broadband Subscriptions per 100 inhabitants	454	33.4884625	-13.40819859	MWI	Malawi	1	ALLAGE	ANNUAL	ALLAREA	BOTHSEX	PERCENT	MP						0.000511077739388		0.0021390286744128	0.0022520456180065	0.0028482810797007	0.001937608277877	2015	0.0028482810797007	Malawi Communications Regulatory Authority	
2017.Q2.G.01	IT_NET_BD2L10MB	Fixed Internet broadband Subscriptions per 100 inhabitants	458	116.8346314	5.452415309	MYS	Malaysia	1	ALLAGE	ANNUAL	ALLAREA	BOTHSEX	PERCENT	MP		0.0261059418652748	0.0534752542162308	0.117307016643635	0.404232094295359	1.17754225395014	2.29370613681765	2.99286283104617	3.77196873872893	6.21150718654319	3.28951742941721	2015	6.21150718654319	Malaysian Communications and Multimedia Commission	
2017.Q2.G.01	IT_NET_BD2L10MB	Fixed Internet broadband Subscriptions per 100 inhabitants	462	73.09672546	-0.614385021	MDV	Maldives	1	ALLAGE	ANNUAL	ALLAREA	BOTHSEX	PERCENT	MP															
2017.Q2.G.01	IT_NET_BD2L10MB	Fixed Internet broadband Subscriptions per 100 inhabitants	466	-3.522016039	17.35311254	MLI	Mali	1	ALLAGE	ANNUAL	ALLAREA	BOTHSEX	PERCENT	MP															
2017.Q2.G.01	IT_NET_BD2L10MB	Fixed Internet broadband Subscriptions per 100 inhabitants	470	14.44617519	35.89194275	MLT	Malta	1	ALLAGE	ANNUAL	ALLAREA	BOTHSEX	PERCENT	MP		17.9230364991401	19.734503179688	22.7934221230065	25.0243679633091	22.574093011474	7.01391421437989	4.41068148548731	2.25016622263139	0.633291515841564	7.37642928996283	2015	0.633291515841564	Malta Communications Authority	
2017.Q2.G.01	IT_NET_BD2L10MB	Fixed Internet broadband Subscriptions per 100 inhabitants	474	-60.91544135	14.56086108	MTQ	Martinique	1	ALLAGE	ANNUAL	ALLAREA	BOTHSEX	PERCENT	MP															
2017.Q2.G.01	IT_NET_BD2L10MB	Fixed Internet broadband Subscriptions per 100 inhabitants	478	-10.33187259	20.26089546	MRT	Mauritania	1	ALLAGE	ANNUAL	ALLAREA	BOTHSEX	PERCENT	MP															
2017.Q2.G.01	IT_NET_BD2L10MB	Fixed Internet broadband Subscriptions per 100 inhabitants	480	57.568022	-20.28581998	MUS	Mauritius	1	ALLAGE	ANNUAL	ALLAREA	BOTHSEX	PERCENT	MP					0.0243771832814776	0.11336858556494	0.279131980215512		0.624424108854734	0.534468853628126	0.387848382065828	2015	0.534468853628126	Information and Communication Technologies Authority of Mauritius	
2017.Q2.G.01	IT_NET_BD2L10MB	Fixed Internet broadband Subscriptions per 100 inhabitants	484	-102.5148166	23.93378032	MEX	Mexico	1	ALLAGE	ANNUAL	ALLAREA	BOTHSEX	PERCENT	MP									8.14320026181103	2.49132860294734	5.31726443237918	2015	2.49132860294734	Instituto Federal de Telecomunicaciones de México	
2017.Q2.G.01	IT_NET_BD2L10MB	Fixed Internet broadband Subscriptions per 100 inhabitants	492	7.424214814	43.73532918	MCO	Monaco	1	ALLAGE	ANNUAL	ALLAREA	BOTHSEX	PERCENT	MP										0.748956158663883	0.748956158663883	2015	0.748956158663883	Direction des Communications Electroniques	
2017.Q2.G.01	IT_NET_BD2L10MB	Fixed Internet broadband Subscriptions per 100 inhabitants	496	103.0728057	46.83892054	MNG	Mongolia	1	ALLAGE	ANNUAL	ALLAREA	BOTHSEX	PERCENT	MP					0.0636994800087587	0.0744315336998754	0.0835334655946539			5.37178631908452	1.84325043945968	2015	5.37178631908452	Communications Regulatory Commission of Mongolia	
2017.Q2.G.01	IT_NET_BD2L10MB	Fixed Internet broadband Subscriptions per 100 inhabitants	498	28.4650624	47.20236795	MDA	Republic of Moldova	1	ALLAGE	ANNUAL	ALLAREA	BOTHSEX	PERCENT	MP							5.20299307331789	5.24293961580682	4.71840710930323	1.5290261834459	4.17334149546846	2015	1.5290261834459	National Regulatory Agency for Electronic Communications and Information Technology	
2017.Q2.G.01	IT_NET_BD2L10MB	Fixed Internet broadband Subscriptions per 100 inhabitants	499	19.25214024	42.78717043	MNE	Montenegro	1	ALLAGE	ANNUAL	ALLAREA	BOTHSEX	PERCENT	MP									9.4080528749465	11.0068923797695	10.207472627358	2015	11.0068923797695	Agency for Electronic Communications and Postal Services	
2017.Q2.G.01	IT_NET_BD2L10MB	Fixed Internet broadband Subscriptions per 100 inhabitants	500	-62.19261223	16.73558313	MSR	Montserrat	1	ALLAGE	ANNUAL	ALLAREA	BOTHSEX	PERCENT	MP															
2017.Q2.G.01	IT_NET_BD2L10MB	Fixed Internet broadband Subscriptions per 100 inhabitants	504	-6.281942841	31.8440131	MAR	Morocco	1	ALLAGE	ANNUAL	ALLAREA	BOTHSEX	PERCENT	MP		0.121286385018779	0.220186294681619	0.488647026572356	0.909998495687427	1.80348842200035	1.76511323725614	2.21823701116239	2.62357921791744	3.02444780331895	2.28697313833105	2015	3.02444780331895	Agence Nationale de Réglementation des Télécommunications	
2017.Q2.G.01	IT_NET_BD2L10MB	Fixed Internet broadband Subscriptions per 100 inhabitants	508	38.18479941	-14.27963886	MOZ	Mozambique	1	ALLAGE	ANNUAL	ALLAREA	BOTHSEX	PERCENT	MP										0.0418998321905084	0.0418998321905084	2015	0.0418998321905084	Instituto Nacional das Comunicaçoes de Moçambique	
2017.Q2.G.01	IT_NET_BD2L10MB	Fixed Internet broadband Subscriptions per 100 inhabitants	512	57.87743482	21.98805614	OMN	Oman	1	ALLAGE	ANNUAL	ALLAREA	BOTHSEX	PERCENT	MP		0.0013620060247364	0.0020049947503839	0.0028912325812624	0.270161497491052	0.263424639328426	0.408086780903204	0.558384382525925	3.88835632416926	5.01154100634882	2.02595862665513	2015	5.01154100634882	Telecommunication Regulatory Authority	
2017.Q2.G.01	IT_NET_BD2L10MB	Fixed Internet broadband Subscriptions per 100 inhabitants	516	17.21907885	-22.13817068	NAM	Namibia	1	ALLAGE	ANNUAL	ALLAREA	BOTHSEX	PERCENT	MP				0.0104035553100586	0.012850125770606	0.018758866495492	0.0865276647311911	0.174270562211421	0.216653577445881	0.263629789706442	0.151968092118085	2015	0.263629789706442	Communications Regulatory Authority of Namibia	
2017.Q2.G.01	IT_NET_BD2L10MB	Fixed Internet broadband Subscriptions per 100 inhabitants	520	166.92313	-0.528742623	NRU	Nauru	1	ALLAGE	ANNUAL	ALLAREA	BOTHSEX	PERCENT	MP															
2017.Q2.G.01	IT_NET_BD2L10MB	Fixed Internet broadband Subscriptions per 100 inhabitants	524	83.94678863	28.25866332	NPL	Nepal	1	ALLAGE	ANNUAL	ALLAREA	BOTHSEX	PERCENT	MP															
2017.Q2.G.01	IT_NET_BD2L10MB	Fixed Internet broadband Subscriptions per 100 inhabitants	528	5.331480568	51.86728884	NLD	Netherlands	1	ALLAGE	ANNUAL	ALLAREA	BOTHSEX	PERCENT	MP					12.6389966129295	13.1592037203908	12.3309667370228		6.58831981954074	5.85965669478417	9.48453674293463	2015	5.85965669478417	Authority for Consumers and Markets	
2017.Q2.G.01	IT_NET_BD2L10MB	Fixed Internet broadband Subscriptions per 100 inhabitants	530	-68.30676179	12.22720635	ANT	Netherlands Antilles	1	ALLAGE	ANNUAL	ALLAREA	BOTHSEX	PERCENT	MP															
2017.Q2.G.01	IT_NET_BD2L10MB	Fixed Internet broadband Subscriptions per 100 inhabitants	531	-68.95033464	12.15058042	CUW	Curaçao	1	ALLAGE	ANNUAL	ALLAREA	BOTHSEX	PERCENT	MP							9.92124564532851		10.5903507254257	10.9447109684245	10.4854357797263	2015	10.9447109684245	Bureau Telecommunicatie & Post Curacao	
2017.Q2.G.01	IT_NET_BD2L10MB	Fixed Internet broadband Subscriptions per 100 inhabitants	533	-69.97050586	12.50878756	ABW	Aruba	1	ALLAGE	ANNUAL	ALLAREA	BOTHSEX	PERCENT	MP															
2017.Q2.G.01	IT_NET_BD2L10MB	Fixed Internet broadband Subscriptions per 100 inhabitants	534	-63.06198692	18.03926508	SXM	Sint Maarten (Dutch part)	1	ALLAGE	ANNUAL	ALLAREA	BOTHSEX	PERCENT	MP															
2017.Q2.G.01	IT_NET_BD2L10MB	Fixed Internet broadband Subscriptions per 100 inhabitants	540	165.5067368	-21.41742531	NCL	New Caledonia	1	ALLAGE	ANNUAL	ALLAREA	BOTHSEX	PERCENT	MP															
2017.Q2.G.01	IT_NET_BD2L10MB	Fixed Internet broadband Subscriptions per 100 inhabitants	548	167.0679779	-15.34445547	VUT	Vanuatu	1	ALLAGE	ANNUAL	ALLAREA	BOTHSEX	PERCENT	MP															
2017.Q2.G.01	IT_NET_BD2L10MB	Fixed Internet broadband Subscriptions per 100 inhabitants	554	170.4755673	-43.98721568	NZL	New Zealand	1	ALLAGE	ANNUAL	ALLAREA	BOTHSEX	PERCENT	MP						5.43733998078353			3.40558370716023	0.630929101844141	3.1579509299293	2015	0.630929101844141	Ministry of Business, Innovation and Employment	
2017.Q2.G.01	IT_NET_BD2L10MB	Fixed Internet broadband Subscriptions per 100 inhabitants	558	-85.03060315	12.84210839	NIC	Nicaragua	1	ALLAGE	ANNUAL	ALLAREA	BOTHSEX	PERCENT	MP															
2017.Q2.G.01	IT_NET_BD2L10MB	Fixed Internet broadband Subscriptions per 100 inhabitants	562	9.400167877	17.42143036	NER	Niger	1	ALLAGE	ANNUAL	ALLAREA	BOTHSEX	PERCENT	MP															
2017.Q2.G.01	IT_NET_BD2L10MB	Fixed Internet broadband Subscriptions per 100 inhabitants	566	8.097363256	9.585789025	NGA	Nigeria	1	ALLAGE	ANNUAL	ALLAREA	BOTHSEX	PERCENT	MP															
2017.Q2.G.01	IT_NET_BD2L10MB	Fixed Internet broadband Subscriptions per 100 inhabitants	570	-169.8601693	-19.05000475	NIU	Niue	1	ALLAGE	ANNUAL	ALLAREA	BOTHSEX	PERCENT	MP															
2017.Q2.G.01	IT_NET_BD2L10MB	Fixed Internet broadband Subscriptions per 100 inhabitants	574	167.9515548	-29.03230018	NFK	Norfolk Island	1	ALLAGE	ANNUAL	ALLAREA	BOTHSEX	PERCENT	MP															
2017.Q2.G.01	IT_NET_BD2L10MB	Fixed Internet broadband Subscriptions per 100 inhabitants	578	11.47846389	61.34311134	NOR	Norway	1	ALLAGE	ANNUAL	ALLAREA	BOTHSEX	PERCENT	MP			16.4013258425226	16.38593448753	14.7018625705367	11.5956821476149	11.1341192961378	8.57101325864805	8.82684030633607	8.05797650404193	9.63712630255575	2015	8.05797650404193	Norwegian Communications Authority	
2017.Q2.G.01	IT_NET_BD2L10MB	Fixed Internet broadband Subscriptions per 100 inhabitants	580	145.7582114	15.19099517	MNP	Northern Mariana Islands	1	ALLAGE	ANNUAL	ALLAREA	BOTHSEX	PERCENT	MP															
2017.Q2.G.01	IT_NET_BD2L10MB	Fixed Internet broadband Subscriptions per 100 inhabitants	581	-162.4343752	5.874443968	UMI	US Minor Outlying Islands	1	ALLAGE	ANNUAL	ALLAREA	BOTHSEX	PERCENT	MP															
2017.Q2.G.01	IT_NET_BD2L10MB	Fixed Internet broadband Subscriptions per 100 inhabitants	583	158.225216	6.880670092	FSM	Micronesia, Federated States of	1	ALLAGE	ANNUAL	ALLAREA	BOTHSEX	PERCENT	MP															
2017.Q2.G.01	IT_NET_BD2L10MB	Fixed Internet broadband Subscriptions per 100 inhabitants	584	171.0839119	7.110213497	MHL	Marshall Islands	1	ALLAGE	ANNUAL	ALLAREA	BOTHSEX	PERCENT	MP															
2017.Q2.G.01	IT_NET_BD2L10MB	Fixed Internet broadband Subscriptions per 100 inhabitants	585	134.5733878	7.502307591	PLW	Palau	1	ALLAGE	ANNUAL	ALLAREA	BOTHSEX	PERCENT	MP															
2017.Q2.G.01	IT_NET_BD2L10MB	Fixed Internet broadband Subscriptions per 100 inhabitants	586	68.80479684	29.36491634	PAK	Pakistan	1	ALLAGE	ANNUAL	ALLAREA	BOTHSEX	PERCENT	MP						0.0049260258001708	0.127199630949101	0.122344255182838	0.618559337197533	0.599762288510441	0.294558307528017	2015	0.599762288510441	Pakistan Telecommunication Authority	
2017.Q2.G.01	IT_NET_BD2L10MB	Fixed Internet broadband Subscriptions per 100 inhabitants	591	-81.26616623	8.450965746	PAN	Panama	1	ALLAGE	ANNUAL	ALLAREA	BOTHSEX	PERCENT	MP									1.44523062431976	1.82350660729322	1.63436861580649	2015	1.82350660729322	Autoridad Nacional de los Servicios Públicos (ASEP)	
2017.Q2.G.01	IT_NET_BD2L10MB	Fixed Internet broadband Subscriptions per 100 inhabitants	598	145.8587761	-6.756057077	PNG	Papua New Guinea	1	ALLAGE	ANNUAL	ALLAREA	BOTHSEX	PERCENT	MP															
2017.Q2.G.01	IT_NET_BD2L10MB	Fixed Internet broadband Subscriptions per 100 inhabitants	600	-60.54854225	-21.70216237	PRY	Paraguay	1	ALLAGE	ANNUAL	ALLAREA	BOTHSEX	PERCENT	MP									0.907080352822859	1.18620344089287	1.04664189685787	2015	1.18620344089287	Comisión Nacional de Telecomunicaciones - CONATEL	
2017.Q2.G.01	IT_NET_BD2L10MB	Fixed Internet broadband Subscriptions per 100 inhabitants	604	-71.82093277	-13.58939705	PER	Peru	1	ALLAGE	ANNUAL	ALLAREA	BOTHSEX	PERCENT	MP										2.83585656467872	2.83585656467872	2015	2.83585656467872	Ministerio de Transportes y Comunicaciones	
2017.Q2.G.01	IT_NET_BD2L10MB	Fixed Internet broadband Subscriptions per 100 inhabitants	608	120.8601418	14.16591706	PHL	Philippines	1	ALLAGE	ANNUAL	ALLAREA	BOTHSEX	PERCENT	MP															
2017.Q2.G.01	IT_NET_BD2L10MB	Fixed Internet broadband Subscriptions per 100 inhabitants	612	-128.3225873	-24.37538456	PCN	Pitcairn	1	ALLAGE	ANNUAL	ALLAREA	BOTHSEX	PERCENT	MP															
2017.Q2.G.01	IT_NET_BD2L10MB	Fixed Internet broadband Subscriptions per 100 inhabitants	616	19.40660158	52.1226733	POL	Poland	1	ALLAGE	ANNUAL	ALLAREA	BOTHSEX	PERCENT	MP				3.42255851250017	5.03952039901616	6.0833489204624	6.06227161635767	7.31260876317342	6.97631114241365	5.27396509783582	6.34170110804859	2015	5.27396509783582	Office of Electronic Communications	
2017.Q2.G.01	IT_NET_BD2L10MB	Fixed Internet broadband Subscriptions per 100 inhabitants	620	-7.961599811	39.68509315	PRT	Portugal	1	ALLAGE	ANNUAL	ALLAREA	BOTHSEX	PERCENT	MP		8.88560731238316	6.74755940960925	6.07142853767431	4.71807189414108	3.53290344472334	3.33707601536203	3.19465513139136	2.5659019760414	0.500395192692488	2.62618635204212	2015	0.500395192692488	Autoridade Nacional de Comunicaçoes	
2017.Q2.G.01	IT_NET_BD2L10MB	Fixed Internet broadband Subscriptions per 100 inhabitants	624	-14.40182514	12.11760394	GNB	Guinea-Bissau	1	ALLAGE	ANNUAL	ALLAREA	BOTHSEX	PERCENT	MP															
2017.Q2.G.01	IT_NET_BD2L10MB	Fixed Internet broadband Subscriptions per 100 inhabitants	626	125.9451052	-8.797497247	TLS	Timor-Leste	1	ALLAGE	ANNUAL	ALLAREA	BOTHSEX	PERCENT	MP															
2017.Q2.G.01	IT_NET_BD2L10MB	Fixed Internet broadband Subscriptions per 100 inhabitants	630	-66.47591017	18.22753799	PRI	Puerto Rico	1	ALLAGE	ANNUAL	ALLAREA	BOTHSEX	PERCENT	MP								12.2818314472884	13.1493883295178	5.66156837745492	10.364262718087	2015	5.66156837745492	Puerto Rico Institute of Statistics	
2017.Q2.G.01	IT_NET_BD2L10MB	Fixed Internet broadband Subscriptions per 100 inhabitants	634	51.19152467	25.28355379	QAT	Qatar	1	ALLAGE	ANNUAL	ALLAREA	BOTHSEX	PERCENT	MP		0.574770989683798	0.763217802185836	1.82477645033956	1.56511382152387	0.763566106477465	1.2015523912541	1.85214645084805	7.19951708969821	5.84454950737041	3.37226630912965	2015	5.84454950737041	Ministry of Transport and Communications	
2017.Q2.G.01	IT_NET_BD2L10MB	Fixed Internet broadband Subscriptions per 100 inhabitants	638	55.53171398	-21.13183266	REU	Réunion	1	ALLAGE	ANNUAL	ALLAREA	BOTHSEX	PERCENT	MP															
2017.Q2.G.01	IT_NET_BD2L10MB	Fixed Internet broadband Subscriptions per 100 inhabitants	642	24.98481009	45.83893563	ROU	Romania	1	ALLAGE	ANNUAL	ALLAREA	BOTHSEX	PERCENT	MP				5.52175798536333	5.3518801749708	4.89249106249178	3.98074148526981	3.20758242991421	2.85320797879203	2.53159975663603	3.49312454262077	2015	2.53159975663603	National Authority for Management and Regulation in Communications	
2017.Q2.G.01	IT_NET_BD2L10MB	Fixed Internet broadband Subscriptions per 100 inhabitants	643	99.01404926	61.61899849	RUS	Russian Federation	1	ALLAGE	ANNUAL	ALLAREA	BOTHSEX	PERCENT	MP						5.87333975133757	6.53207492233008	6.85345527972746	5.39986793212447	4.80754354133317	5.89325628537055	2015	4.80754354133317	Ministry of Telecom and Mass Communications of the Russian Federation	
2017.Q2.G.01	IT_NET_BD2L10MB	Fixed Internet broadband Subscriptions per 100 inhabitants	646	29.92310194	-1.999842114	RWA	Rwanda	1	ALLAGE	ANNUAL	ALLAREA	BOTHSEX	PERCENT	MP									0.0241073403917621	0.169979011112403	0.0970431757520825	2015	0.169979011112403	Rwanda Utilities Regulatory Authority (RURA)	
2017.Q2.G.01	IT_NET_BD2L10MB	Fixed Internet broadband Subscriptions per 100 inhabitants	652	-62.83173536	17.89513362	BLM	Saint Barthélemy	1	ALLAGE	ANNUAL	ALLAREA	BOTHSEX	PERCENT	MP															
2017.Q2.G.01	IT_NET_BD2L10MB	Fixed Internet broadband Subscriptions per 100 inhabitants	654	-5.705752501	-15.96503946	SHN	Saint Helena	1	ALLAGE	ANNUAL	ALLAREA	BOTHSEX	PERCENT	MP															
2017.Q2.G.01	IT_NET_BD2L10MB	Fixed Internet broadband Subscriptions per 100 inhabitants	659	-62.76628613	17.33994219	KNA	Saint Kitts and Nevis	1	ALLAGE	ANNUAL	ALLAREA	BOTHSEX	PERCENT	MP									25.552574421873		25.552574421873	2014	25.552574421873	National Telecommunications Regulatory Commission	
2017.Q2.G.01	IT_NET_BD2L10MB	Fixed Internet broadband Subscriptions per 100 inhabitants	660	-63.05651612	18.21525315	AIA	Anguilla	1	ALLAGE	ANNUAL	ALLAREA	BOTHSEX	PERCENT	MP															
2017.Q2.G.01	IT_NET_BD2L10MB	Fixed Internet broadband Subscriptions per 100 inhabitants	662	-60.96529553	13.89405601	LCA	Saint Lucia	1	ALLAGE	ANNUAL	ALLAREA	BOTHSEX	PERCENT	MP															
2017.Q2.G.01	IT_NET_BD2L10MB	Fixed Internet broadband Subscriptions per 100 inhabitants	663	-63.04505461	18.0882685	MAF	Saint Martin (French Part)	1	ALLAGE	ANNUAL	ALLAREA	BOTHSEX	PERCENT	MP															
2017.Q2.G.01	IT_NET_BD2L10MB	Fixed Internet broadband Subscriptions per 100 inhabitants	666	-56.33682442	46.85812735	SPM	Saint Pierre and Miquelon	1	ALLAGE	ANNUAL	ALLAREA	BOTHSEX	PERCENT	MP															
2017.Q2.G.01	IT_NET_BD2L10MB	Fixed Internet broadband Subscriptions per 100 inhabitants	670	-61.19024321	13.24627968	VCT	Saint Vincent and the Grenadines	1	ALLAGE	ANNUAL	ALLAREA	BOTHSEX	PERCENT	MP															
2017.Q2.G.01	IT_NET_BD2L10MB	Fixed Internet broadband Subscriptions per 100 inhabitants	674	12.46329038	43.93841766	SMR	San Marino	1	ALLAGE	ANNUAL	ALLAREA	BOTHSEX	PERCENT	MP										30.8439720772278	30.8439720772278	2015	30.8439720772278	TELECOMMUNICATION SECTOR- Department of Economy	
2017.Q2.G.01	IT_NET_BD2L10MB	Fixed Internet broadband Subscriptions per 100 inhabitants	678	6.609772265	0.241554875	STP	Sao Tome and Principe	1	ALLAGE	ANNUAL	ALLAREA	BOTHSEX	PERCENT	MP															
2017.Q2.G.01	IT_NET_BD2L10MB	Fixed Internet broadband Subscriptions per 100 inhabitants	682	44.54763347	24.12594211	SAU	Saudi Arabia	1	ALLAGE	ANNUAL	ALLAREA	BOTHSEX	PERCENT	MP						3.97626545436941	4.53984581015422	3.98961527108069	3.88380393380491	2.65372223272655	3.80865054042715	2015	2.65372223272655	Communication and Information Technology Commission	
2017.Q2.G.01	IT_NET_BD2L10MB	Fixed Internet broadband Subscriptions per 100 inhabitants	686	-14.46636926	14.35920905	SEN	Senegal	1	ALLAGE	ANNUAL	ALLAREA	BOTHSEX	PERCENT	MP						0.011199680857855	0.088386867541584				0.0497932741997195	2012	0.088386867541584	Autorité de Régulation des Télécommunications et des Postes (ARTP)	
2017.Q2.G.01	IT_NET_BD2L10MB	Fixed Internet broadband Subscriptions per 100 inhabitants	688	20.805876	44.03145697	SRB	Serbia	1	ALLAGE	ANNUAL	ALLAREA	BOTHSEX	PERCENT	MP					1.9439958641451	4.43630049510118	7.06912711334009	9.3694031385969	3.85271516503916	2.89621984206769	5.524753150829	2015	2.89621984206769	Regulatory  Agency for Electronic Communications and Postal Services (RATEL)	
2017.Q2.G.01	IT_NET_BD2L10MB	Fixed Internet broadband Subscriptions per 100 inhabitants	690	55.46561591	-4.678053059	SYC	Seychelles	1	ALLAGE	ANNUAL	ALLAREA	BOTHSEX	PERCENT	MP															
2017.Q2.G.01	IT_NET_BD2L10MB	Fixed Internet broadband Subscriptions per 100 inhabitants	694	-11.78306584	8.568604164	SLE	Sierra Leone	1	ALLAGE	ANNUAL	ALLAREA	BOTHSEX	PERCENT	MP															
2017.Q2.G.01	IT_NET_BD2L10MB	Fixed Internet broadband Subscriptions per 100 inhabitants	702	103.8107883	1.361009155	SGP	Singapore	1	ALLAGE	ANNUAL	ALLAREA	BOTHSEX	PERCENT	MP			11.9207800232476	13.5225183268094	7.47395780521598	6.88149859124765	5.51924248915385	3.37229987340479	2.07536492890652	1.30097425352375	3.82987602724731	2015	1.30097425352375	Infocomm Development Authority of Singapore	
2017.Q2.G.01	IT_NET_BD2L10MB	Fixed Internet broadband Subscriptions per 100 inhabitants	703	19.48495604	48.70741446	SVK	Slovakia	1	ALLAGE	ANNUAL	ALLAREA	BOTHSEX	PERCENT	MP		2.77145422680206	7.27134704254544	8.33512133726473	8.43745864726139	8.32420845133489	7.22593755101449	7.4805379523003	10.7083518360501	8.87689361216397	8.52318588057275	2015	8.87689361216397	Ministry of Transport, Construction and Regional Development of the Slovak Republic	
2017.Q2.G.01	IT_NET_BD2L10MB	Fixed Internet broadband Subscriptions per 100 inhabitants	704	105.802499	10.09643079	VNM	Viet Nam	1	ALLAGE	ANNUAL	ALLAREA	BOTHSEX	PERCENT	MP															
2017.Q2.G.01	IT_NET_BD2L10MB	Fixed Internet broadband Subscriptions per 100 inhabitants	705	14.82209486	46.11958061	SVN	Slovenia	1	ALLAGE	ANNUAL	ALLAREA	BOTHSEX	PERCENT	MP			3.96419135337791	4.16069870191875	4.56764377149222	12.1420382239742	11.7805773227187	11.3982790515623	11.1479520059819	8.50907971535555	10.9955852639185	2015	8.50907971535555	Agency for Communication Networks and Services of the Republic of Slovenia	
2017.Q2.G.01	IT_NET_BD2L10MB	Fixed Internet broadband Subscriptions per 100 inhabitants	706	46.20367477	4.406485729	SOM	Somalia	1	ALLAGE	ANNUAL	ALLAREA	BOTHSEX	PERCENT	MP															
2017.Q2.G.01	IT_NET_BD2L10MB	Fixed Internet broadband Subscriptions per 100 inhabitants	710	24.67184355	-29.99957544	ZAF	South Africa	1	ALLAGE	ANNUAL	ALLAREA	BOTHSEX	PERCENT	MP									1.21692085785933	1.92344617772004	1.57018351778969	2015	1.92344617772004	Independent Communications Authority of South Africa	
2017.Q2.G.01	IT_NET_BD2L10MB	Fixed Internet broadband Subscriptions per 100 inhabitants	716	29.86909584	-19.00075492	ZWE	Zimbabwe	1	ALLAGE	ANNUAL	ALLAREA	BOTHSEX	PERCENT	MP							0.021108518551415	0.0400999374684091	0.0838737407380136	0.0869527536102042	0.0580087375920105	2015	0.0869527536102042	Postal and Telecommunications Regulatory Authority	
2017.Q2.G.01	IT_NET_BD2L10MB	Fixed Internet broadband Subscriptions per 100 inhabitants	724	-3.554078296	40.39211472	ESP	Spain	1	ALLAGE	ANNUAL	ALLAREA	BOTHSEX	PERCENT	MP		12.8858037043514	14.5149519219176	14.7784889561662	13.1935905470434	9.92078813406261	8.34647055993983	4.01516927485804	2.36217758901562	1.88742705920746	5.30640652341671	2015	1.88742705920746	Comisión Nacional de los Mercados y la Competencia	
2017.Q2.G.01	IT_NET_BD2L10MB	Fixed Internet broadband Subscriptions per 100 inhabitants	728	30.32618773	7.290839152	SSD	South Sudan	1	ALLAGE	ANNUAL	ALLAREA	BOTHSEX	PERCENT	MP															
2017.Q2.G.01	IT_NET_BD2L10MB	Fixed Internet broadband Subscriptions per 100 inhabitants	732	-13.13515523	24.66265342	ESH	Western Sahara	1	ALLAGE	ANNUAL	ALLAREA	BOTHSEX	PERCENT	MP															
2017.Q2.G.01	IT_NET_BD2L10MB	Fixed Internet broadband Subscriptions per 100 inhabitants	736	29.95650159	16.02643066	SDN	Sudan	1	ALLAGE	ANNUAL	ALLAREA	BOTHSEX	PERCENT	MP															
2017.Q2.G.01	IT_NET_BD2L10MB	Fixed Internet broadband Subscriptions per 100 inhabitants	740	-55.90626394	4.132603197	SUR	Suriname	1	ALLAGE	ANNUAL	ALLAREA	BOTHSEX	PERCENT	MP					0.0472416946053033	0.0398292815061886				1.74453374564231	0.89218151357425	2015	1.74453374564231	Telecommunications Authority Suriname (TAS)	
2017.Q2.G.01	IT_NET_BD2L10MB	Fixed Internet broadband Subscriptions per 100 inhabitants	744	13.38071013	78.82894131	SJM	Svalbard and Jan Mayen Islands	1	ALLAGE	ANNUAL	ALLAREA	BOTHSEX	PERCENT	MP															
2017.Q2.G.01	IT_NET_BD2L10MB	Fixed Internet broadband Subscriptions per 100 inhabitants	748	31.50149288	-26.56471011	SWZ	Swaziland	1	ALLAGE	ANNUAL	ALLAREA	BOTHSEX	PERCENT	MP			0.0002599813333403		0.0056153972516402	0.0518083848736016	0.0671007364021495				0.0594545606378755	2012	0.0671007364021495	Swaziland Posts and Telecommunications Corporation	
2017.Q2.G.01	IT_NET_BD2L10MB	Fixed Internet broadband Subscriptions per 100 inhabitants	752	14.3775338	60.60103109	SWE	Sweden	1	ALLAGE	ANNUAL	ALLAREA	BOTHSEX	PERCENT	MP		14.2609552955486	15.4128712778009	13.6077750490183	13.59608419985	11.8145426509676	10.0283315247853	8.3355370147961	6.79180015991675	5.65383345352941	8.52480896079902	2015	5.65383345352941	Swedish Post and Telecom Authority	
2017.Q2.G.01	IT_NET_BD2L10MB	Fixed Internet broadband Subscriptions per 100 inhabitants	756	8.223158	46.96617097	CHE	Switzerland	1	ALLAGE	ANNUAL	ALLAREA	BOTHSEX	PERCENT	MP			23.2685296421223	18.7801055126539	18.3952205558395	16.0854558318173	12.1699692612561	8.8002933460001	9.35437274512938	9.28554695512957	11.1391276278665	2015	9.28554695512957	Office Fédéral de la Communication	
2017.Q2.G.01	IT_NET_BD2L10MB	Fixed Internet broadband Subscriptions per 100 inhabitants	760	38.50466565	35.01676176	SYR	Syrian Arab Republic (Syria)	1	ALLAGE	ANNUAL	ALLAREA	BOTHSEX	PERCENT	MP							0.0259985503672461	0.0348158679437417	0.0545286302598194	0.109916929695384	0.0563149945665477	2015	0.109916929695384	Syrian Telecommunication Regulatory Authority	
2017.Q2.G.01	IT_NET_BD2L10MB	Fixed Internet broadband Subscriptions per 100 inhabitants	762	69.294998	38.43069666	TJK	Tajikistan	1	ALLAGE	ANNUAL	ALLAREA	BOTHSEX	PERCENT	MP															
2017.Q2.G.01	IT_NET_BD2L10MB	Fixed Internet broadband Subscriptions per 100 inhabitants	764	101.0202951	15.13089239	THA	Thailand	1	ALLAGE	ANNUAL	ALLAREA	BOTHSEX	PERCENT	MP									0.708995728424503	0.470702505280876	0.58984911685269	2015	0.470702505280876	Ministry of Information and Communication Technology	
2017.Q2.G.01	IT_NET_BD2L10MB	Fixed Internet broadband Subscriptions per 100 inhabitants	768	0.97835765	8.532096072	TGO	Togo	1	ALLAGE	ANNUAL	ALLAREA	BOTHSEX	PERCENT	MP															
2017.Q2.G.01	IT_NET_BD2L10MB	Fixed Internet broadband Subscriptions per 100 inhabitants	772	-171.8154473	-9.214545558	TKL	Tokelau	1	ALLAGE	ANNUAL	ALLAREA	BOTHSEX	PERCENT	MP															
2017.Q2.G.01	IT_NET_BD2L10MB	Fixed Internet broadband Subscriptions per 100 inhabitants	776	-175.1959991	-21.19511329	TON	Tonga	1	ALLAGE	ANNUAL	ALLAREA	BOTHSEX	PERCENT	MP										0.64486411791801	0.64486411791801	2015	0.64486411791801	Ministry of Meteorology, Energy, Information, Disaster Management, Environment and Climate Change, Communication (MEIDECC)	
2017.Q2.G.01	IT_NET_BD2L10MB	Fixed Internet broadband Subscriptions per 100 inhabitants	780	-61.29389504	10.41877263	TTO	Trinidad and Tobago	1	ALLAGE	ANNUAL	ALLAREA	BOTHSEX	PERCENT	MP						6.22302303984301	7.61395472989796	2.43126985701088	3.20896271857227	4.28500249128052	4.75244256732093	2015	4.28500249128052	Telecommunications Authority of Trinidad and Tobago (TATT)	
2017.Q2.G.01	IT_NET_BD2L10MB	Fixed Internet broadband Subscriptions per 100 inhabitants	784	53.98279159	23.43322219	ARE	United Arab Emirates	1	ALLAGE	ANNUAL	ALLAREA	BOTHSEX	PERCENT	MP				0.952539017887185	2.97689863824562	4.22658759076653	5.16211183760931	5.0946974945456	3.36922155698766	2.20769733890995	4.01206316376381	2015	2.20769733890995	Telecommunications Regulatory Authority (TRA)	
2017.Q2.G.01	IT_NET_BD2L10MB	Fixed Internet broadband Subscriptions per 100 inhabitants	788	9.572737411	34.11439971	TUN	Tunisia	1	ALLAGE	ANNUAL	ALLAREA	BOTHSEX	PERCENT	MP		0.0048666858998093	0.163595875844203	0.342491687917007	0.968789004338858	1.37543937440023	3.81494476048778	4.42899409494735	4.202080094458	3.93710045385736	3.55171175563014	2015	3.93710045385736	Instance Nationale des Télécommunications	
2017.Q2.G.01	IT_NET_BD2L10MB	Fixed Internet broadband Subscriptions per 100 inhabitants	792	35.42890329	38.9899684	TUR	Turkey	1	ALLAGE	ANNUAL	ALLAREA	BOTHSEX	PERCENT	MP				3.33650753189031	6.6552347095367	8.03685253480909	8.13704958927595	8.0790719761232	5.6465997740945	3.51346866142198	6.68260850714494	2015	3.51346866142198	Information and Communication Technologies Authority (ICTA)	
2017.Q2.G.01	IT_NET_BD2L10MB	Fixed Internet broadband Subscriptions per 100 inhabitants	795	58.9787665	40.0912346	TKM	Turkmenistan	1	ALLAGE	ANNUAL	ALLAREA	BOTHSEX	PERCENT	MP															
2017.Q2.G.01	IT_NET_BD2L10MB	Fixed Internet broadband Subscriptions per 100 inhabitants	796	-71.745121	21.80780585	TCA	Turks and Caicos Islands	1	ALLAGE	ANNUAL	ALLAREA	BOTHSEX	PERCENT	MP															
2017.Q2.G.01	IT_NET_BD2L10MB	Fixed Internet broadband Subscriptions per 100 inhabitants	798	178.6679611	-7.460048071	TUV	Tuvalu	1	ALLAGE	ANNUAL	ALLAREA	BOTHSEX	PERCENT	MP															
2017.Q2.G.01	IT_NET_BD2L10MB	Fixed Internet broadband Subscriptions per 100 inhabitants	800	32.39100438	1.279557331	UGA	Uganda	1	ALLAGE	ANNUAL	ALLAREA	BOTHSEX	PERCENT	MP				0.0014605501746453	0.0032953569920546	0.0080829487507477	0.0084521318246425		0.0112396505627136	0.0160881837745908	0.0109657287281737	2015	0.0160881837745908	Uganda Communications Commission	
2017.Q2.G.01	IT_NET_BD2L10MB	Fixed Internet broadband Subscriptions per 100 inhabitants	804	31.40270802	49.00735945	UKR	Ukraine	1	ALLAGE	ANNUAL	ALLAREA	BOTHSEX	PERCENT	MP															
2017.Q2.G.01	IT_NET_BD2L10MB	Fixed Internet broadband Subscriptions per 100 inhabitants	807	21.7007909	41.60048068	MKD	Macedonia, Republic of	1	ALLAGE	ANNUAL	ALLAREA	BOTHSEX	PERCENT	MP								9.11801582985234	5.6139770085286	4.64700502690291	6.45966595509462	2015	4.64700502690291	Agency for Electronic Communications	
2017.Q2.G.01	IT_NET_BD2L10MB	Fixed Internet broadband Subscriptions per 100 inhabitants	818	29.77468534	26.57438204	EGY	Egypt	1	ALLAGE	ANNUAL	ALLAREA	BOTHSEX	PERCENT	MP				0.101664573907064	0.141081018736879	0.197543933198901	0.330905350388669	0.665220685222055	0.84147492564735	1.1331695686385	0.633662892619094	2015	1.1331695686385	Ministry of Communications and Information Technology	
2017.Q2.G.01	IT_NET_BD2L10MB	Fixed Internet broadband Subscriptions per 100 inhabitants	826	-2.23830539	53.27691757	GBR	United Kingdom	1	ALLAGE	ANNUAL	ALLAREA	BOTHSEX	PERCENT	MP			24.8911434786514	18.5699562357355	10.1533729629662	8.7869764140065	7.6287692956936	5.97815375996664	4.82977791163774	2.57694961281787	5.96012539882447	2015	2.57694961281787	Office of Communications	
2017.Q2.G.01	IT_NET_BD2L10MB	Fixed Internet broadband Subscriptions per 100 inhabitants	831	-2.200712402	49.71561166	GGY	Guernsey	1	ALLAGE	ANNUAL	ALLAREA	BOTHSEX	PERCENT	MP															
2017.Q2.G.01	IT_NET_BD2L10MB	Fixed Internet broadband Subscriptions per 100 inhabitants	832	-2.136773508	49.22353354	JEY	Jersey	1	ALLAGE	ANNUAL	ALLAREA	BOTHSEX	PERCENT	MP															
2017.Q2.G.01	IT_NET_BD2L10MB	Fixed Internet broadband Subscriptions per 100 inhabitants	833	-4.538190305	54.22880901	IMN	Isle of Man	1	ALLAGE	ANNUAL	ALLAREA	BOTHSEX	PERCENT	MP															
2017.Q2.G.01	IT_NET_BD2L10MB	Fixed Internet broadband Subscriptions per 100 inhabitants	834	34.80521182	-6.265332606	TZA	Tanzania, United Republic of	1	ALLAGE	ANNUAL	ALLAREA	BOTHSEX	PERCENT	MP															
2017.Q2.G.01	IT_NET_BD2L10MB	Fixed Internet broadband Subscriptions per 100 inhabitants	840	-99.13830311	39.5277871	USA	United States of America	1	ALLAGE	ANNUAL	ALLAREA	BOTHSEX	PERCENT	MP			12.3078818252774	11.8833484274821	8.11184433805948	4.45267599921136		8.33367921601525	7.34136627147681	6.74781153791437	6.71888325615445	2015	6.74781153791437	Federal Communications Commission	
2017.Q2.G.01	IT_NET_BD2L10MB	Fixed Internet broadband Subscriptions per 100 inhabitants	850	-64.76960113	17.73297693	VIR	United States Virgin Islands	1	ALLAGE	ANNUAL	ALLAREA	BOTHSEX	PERCENT	MP															
2017.Q2.G.01	IT_NET_BD2L10MB	Fixed Internet broadband Subscriptions per 100 inhabitants	854	-1.742843829	12.27491081	BFA	Burkina Faso	1	ALLAGE	ANNUAL	ALLAREA	BOTHSEX	PERCENT	MP			0.0022578989970153	0.0026432651359887	0.0028249161984427				0.0030712504266024		0.0030712504266024	2014	0.0030712504266024	Autorité de Régulation des Communications Électroniques et des Postes (ARCEP)	
2017.Q2.G.01	IT_NET_BD2L10MB	Fixed Internet broadband Subscriptions per 100 inhabitants	858	-56.01387025	-32.8002838	URY	Uruguay	1	ALLAGE	ANNUAL	ALLAREA	BOTHSEX	PERCENT	MP															
2017.Q2.G.01	IT_NET_BD2L10MB	Fixed Internet broadband Subscriptions per 100 inhabitants	860	63.11944558	41.77560518	UZB	Uzbekistan	1	ALLAGE	ANNUAL	ALLAREA	BOTHSEX	PERCENT	MP							0.0483612887836742		0.180958720432997	0.549058813059552	0.259459607425408	2015	0.549058813059552	State Committee for Communications, Informatization and Telecommunication Technologies	
2017.Q2.G.01	IT_NET_BD2L10MB	Fixed Internet broadband Subscriptions per 100 inhabitants	862	-66.15642084	7.121324748	VEN	Venezuela (Bolivarian Republic)	1	ALLAGE	ANNUAL	ALLAREA	BOTHSEX	PERCENT	MP					0.119721313874881	1.7239634753501	1.91828136155356	2.10251487516595	1.2314504428543	1.30135774149513	1.65551357928381	2015	1.30135774149513	Comisión Nacional de Telecomunicaciones	
2017.Q2.G.01	IT_NET_BD2L10MB	Fixed Internet broadband Subscriptions per 100 inhabitants	876	-176.2034788	-13.28471201	WLF	Wallis and Futuna Islands	1	ALLAGE	ANNUAL	ALLAREA	BOTHSEX	PERCENT	MP															
2017.Q2.G.01	IT_NET_BD2L10MB	Fixed Internet broadband Subscriptions per 100 inhabitants	882	-172.4430749	-13.61541469	WSM	Samoa	1	ALLAGE	ANNUAL	ALLAREA	BOTHSEX	PERCENT	MP										0.343635497960958	0.343635497960958	2015	0.343635497960958	Office of the Regulator	
2017.Q2.G.01	IT_NET_BD2L10MB	Fixed Internet broadband Subscriptions per 100 inhabitants	887	45.22389143	15.22242099	YEM	Yemen	1	ALLAGE	ANNUAL	ALLAREA	BOTHSEX	PERCENT	MP															
2017.Q2.G.01	IT_NET_BD2L10MB	Fixed Internet broadband Subscriptions per 100 inhabitants	894	27.850329	-14.59701056	ZMB	Zambia	1	ALLAGE	ANNUAL	ALLAREA	BOTHSEX	PERCENT	MP						0.0003447315773245	0.0012078067799026	0.0004058151243858	0.0014379866269907	0.0073004440061744	0.0021393568229556	2015	0.0073004440061744	Zambia Information & Communications Technology Authority (ZICTA)	
