series.release	series.code	series.description	geoAreaCode	X	Y	ISO3CD	geoAreaName	sliceId	Age	Freq	Location	Sex	Units	Bounds	2000	2001	2002	2003	2004	2005	2006	2007	2008	2009	2010	2011	2012	2013	2014	2015	2016	last.5.years.mean	latest.year	latest.value	latest.source	latest.nature
2017.Q2.G.01	SE_PRM_GPITCH	Gender parity index of teachers in primary education who are trained	4	66.02688198	33.83160199	AFG	Afghanistan	1	ALLAGE	ANNUAL	ALLAREA	BOTHSEX	Ratio	MP																						
2017.Q2.G.01	SE_PRM_GPITCH	Gender parity index of teachers in primary education who are trained	8	20.06660928	41.13897007	ALB	Albania	1	ALLAGE	ANNUAL	ALLAREA	BOTHSEX	Ratio	MP																						
2017.Q2.G.01	SE_PRM_GPITCH	Gender parity index of teachers in primary education who are trained	10	21.47585697	-80.40897662	ATA	Antarctica	1	ALLAGE	ANNUAL	ALLAREA	BOTHSEX	Ratio	MP																						
2017.Q2.G.01	SE_PRM_GPITCH	Gender parity index of teachers in primary education who are trained	12	2.678164227	28.15940032	DZA	Algeria	1	ALLAGE	ANNUAL	ALLAREA	BOTHSEX	Ratio	MP	1.04022	1.03246	1.02236	1.01744	1.01452	1.00868	1.00687	0.98516							1	1		1	2015	1	UNESCO Institute for Statistics Education Data Release May 2017	C
2017.Q2.G.01	SE_PRM_GPITCH	Gender parity index of teachers in primary education who are trained	16	-170.7187269	-14.30587306	ASM	American Samoa	1	ALLAGE	ANNUAL	ALLAREA	BOTHSEX	Ratio	MP																						
2017.Q2.G.01	SE_PRM_GPITCH	Gender parity index of teachers in primary education who are trained	20	1.576257417	42.54548611	AND	Andorra	1	ALLAGE	ANNUAL	ALLAREA	BOTHSEX	Ratio	MP							1	1	1	1	1	1	1	1	1	1		1	2015	1	UNESCO Institute for Statistics Education Data Release May 2017	C
2017.Q2.G.01	SE_PRM_GPITCH	Gender parity index of teachers in primary education who are trained	24	17.57817062	-12.33724746	AGO	Angola	1	ALLAGE	ANNUAL	ALLAREA	BOTHSEX	Ratio	MP												1.13891							2011	1.13891	UNESCO Institute for Statistics Education Data Release May 2017	C
2017.Q2.G.01	SE_PRM_GPITCH	Gender parity index of teachers in primary education who are trained	28	-61.7999755	17.07761471	ATG	Antigua and Barbuda	1	ALLAGE	ANNUAL	ALLAREA	BOTHSEX	Ratio	MP	0.74328							0.94727	1.01261	0.86232	0.95567	1.20699	1.5188		0.85403	1.17863		1.18382	2015	1.17863	UNESCO Institute for Statistics Education Data Release May 2017	C
2017.Q2.G.01	SE_PRM_GPITCH	Gender parity index of teachers in primary education who are trained	31	50.01064725	40.39229544	AZE	Azerbaijan	1	ALLAGE	ANNUAL	ALLAREA	BOTHSEX	Ratio	MP	0.99938	1.00004	1	1.00294	1.00338	1.00086	0.99979	1.00017	1.00094		1.00066	1.00033	1.00019	1.00018	1.00018			1.00018333333333	2014	1.00018	UNESCO Institute for Statistics Education Data Release May 2017	C
2017.Q2.G.01	SE_PRM_GPITCH	Gender parity index of teachers in primary education who are trained	32	-65.14563274	-35.19446255	ARG	Argentina	1	ALLAGE	ANNUAL	ALLAREA	BOTHSEX	Ratio	MP																						
2017.Q2.G.01	SE_PRM_GPITCH	Gender parity index of teachers in primary education who are trained	36	134.3499412	-25.57717202	AUS	Australia	1	ALLAGE	ANNUAL	ALLAREA	BOTHSEX	Ratio	MP																						
2017.Q2.G.01	SE_PRM_GPITCH	Gender parity index of teachers in primary education who are trained	40	14.14172472	47.58704857	AUT	Austria	1	ALLAGE	ANNUAL	ALLAREA	BOTHSEX	Ratio	MP																						
2017.Q2.G.01	SE_PRM_GPITCH	Gender parity index of teachers in primary education who are trained	44	-78.05111663	24.69546597	BHS	Bahamas	1	ALLAGE	ANNUAL	ALLAREA	BOTHSEX	Ratio	MP			1.00998		1.07936		1.30377		1.01814	1.11378									2009	1.11378	UNESCO Institute for Statistics Education Data Release May 2017	C
2017.Q2.G.01	SE_PRM_GPITCH	Gender parity index of teachers in primary education who are trained	48	50.5490754	26.04407747	BHR	Bahrain	1	ALLAGE	ANNUAL	ALLAREA	BOTHSEX	Ratio	MP												1.01911	1.0356	1.04101	1.03279	1.03309		1.0356225	2015	1.03309	UNESCO Institute for Statistics Education Data Release May 2017	C
2017.Q2.G.01	SE_PRM_GPITCH	Gender parity index of teachers in primary education who are trained	50	89.17660788	22.86961622	BGD	Bangladesh	1	ALLAGE	ANNUAL	ALLAREA	BOTHSEX	Ratio	MP						1.03016	1.08181	1.038	1.10029	1.15107		0.93667				1.02607		1.02607	2015	1.02607	UNESCO Institute for Statistics Education Data Release May 2017	C
2017.Q2.G.01	SE_PRM_GPITCH	Gender parity index of teachers in primary education who are trained	51	44.93839317	40.29499741	ARM	Armenia	1	ALLAGE	ANNUAL	ALLAREA	BOTHSEX	Ratio	MP					0.78714	3.47082													2005	3.47082	UNESCO Institute for Statistics Education Data Release May 2017	C
2017.Q2.G.01	SE_PRM_GPITCH	Gender parity index of teachers in primary education who are trained	52	-59.5346489	13.13648273	BRB	Barbados	1	ALLAGE	ANNUAL	ALLAREA	BOTHSEX	Ratio	MP						0.92917		0.96225	0.92752	1.02049	1.08926	1.12425			1			1	2014	1	UNESCO Institute for Statistics Education Data Release May 2017	C
2017.Q2.G.01	SE_PRM_GPITCH	Gender parity index of teachers in primary education who are trained	56	4.660976456	50.64104975	BEL	Belgium	1	ALLAGE	ANNUAL	ALLAREA	BOTHSEX	Ratio	MP																						
2017.Q2.G.01	SE_PRM_GPITCH	Gender parity index of teachers in primary education who are trained	60	-64.78155012	32.27881922	BMU	Bermuda	1	ALLAGE	ANNUAL	ALLAREA	BOTHSEX	Ratio	MP		1	1	1	1	1	1					1	1	0.9375	1			0.979166666666667	2014	1	UNESCO Institute for Statistics Education Data Release May 2017	C
2017.Q2.G.01	SE_PRM_GPITCH	Gender parity index of teachers in primary education who are trained	64	90.45098484	27.39598568	BTN	Bhutan	1	ALLAGE	ANNUAL	ALLAREA	BOTHSEX	Ratio	MP	0.99975	0.98576				1.01503	1.0006										1	1	2016	1	UNESCO Institute for Statistics Education Data Release May 2017	C
2017.Q2.G.01	SE_PRM_GPITCH	Gender parity index of teachers in primary education who are trained	68	-64.66224284	-16.71273412	BOL	Bolivia (Plurinational State of)	1	ALLAGE	ANNUAL	ALLAREA	BOTHSEX	Ratio	MP												1.59124	1.59688	1.66047	1.66736	1.68956		1.6535675	2015	1.68956	UNESCO Institute for Statistics Education Data Release May 2017	C
2017.Q2.G.01	SE_PRM_GPITCH	Gender parity index of teachers in primary education who are trained	70	17.78584332	44.16845548	BIH	Bosnia and Herzegovina	1	ALLAGE	ANNUAL	ALLAREA	BOTHSEX	Ratio	MP																						
2017.Q2.G.01	SE_PRM_GPITCH	Gender parity index of teachers in primary education who are trained	72	23.81380223	-22.18810073	BWA	Botswana	1	ALLAGE	ANNUAL	ALLAREA	BOTHSEX	Ratio	MP	1.08729	1.07721	1.05869	1.05921	1.0263	0.97185	1.04903	1.0078	0.99804	1			0.99788	1.00294				1.00041	2013	1.00294	UNESCO Institute for Statistics Education Data Release May 2017	C
2017.Q2.G.01	SE_PRM_GPITCH	Gender parity index of teachers in primary education who are trained	74	3.410732868	-54.43295905	BVT	Bouvet Island	1	ALLAGE	ANNUAL	ALLAREA	BOTHSEX	Ratio	MP																						
2017.Q2.G.01	SE_PRM_GPITCH	Gender parity index of teachers in primary education who are trained	76	-53.08432878	-10.77668561	BRA	Brazil	1	ALLAGE	ANNUAL	ALLAREA	BOTHSEX	Ratio	MP																						
2017.Q2.G.01	SE_PRM_GPITCH	Gender parity index of teachers in primary education who are trained	84	-88.70199554	17.19965901	BLZ	Belize	1	ALLAGE	ANNUAL	ALLAREA	BOTHSEX	Ratio	MP	1.08733	1.11163		1.13963	1.01874		1.10365	0.69773	1.01638	1.09694	1.08283	1.07524	1.12702	1.18299	1.11202	1.13808		1.1400275	2015	1.13808	UNESCO Institute for Statistics Education Data Release May 2017	C
2017.Q2.G.01	SE_PRM_GPITCH	Gender parity index of teachers in primary education who are trained	86	72.38715553	-7.299281071	IOT	British Indian Ocean Territory	1	ALLAGE	ANNUAL	ALLAREA	BOTHSEX	Ratio	MP																						
2017.Q2.G.01	SE_PRM_GPITCH	Gender parity index of teachers in primary education who are trained	90	160.1584117	-9.622391719	SLB	Solomon Islands	1	ALLAGE	ANNUAL	ALLAREA	BOTHSEX	Ratio	MP											0.95522	0.97036	0.985	0.9716	0.9403	0.93118		0.95702	2015	0.93118	UNESCO Institute for Statistics Education Data Release May 2017	C
2017.Q2.G.01	SE_PRM_GPITCH	Gender parity index of teachers in primary education who are trained	92	-64.63294223	18.42256578	VGB	British Virgin Islands	1	ALLAGE	ANNUAL	ALLAREA	BOTHSEX	Ratio	MP	1.38462			1.00499			2.63241	1.28093							1.22892	1.07623		1.152575	2015	1.07623	UNESCO Institute for Statistics Education Data Release May 2017	C
2017.Q2.G.01	SE_PRM_GPITCH	Gender parity index of teachers in primary education who are trained	96	114.6288563	4.49736984	BRN	Brunei Darussalam	1	ALLAGE	ANNUAL	ALLAREA	BOTHSEX	Ratio	MP						0.90998	0.88977	0.88787	0.88124	0.88124	0.93109	0.92386	0.91653	0.90476	0.93011	1.06537		0.9541925	2015	1.06537	UNESCO Institute for Statistics Education Data Release May 2017	C
2017.Q2.G.01	SE_PRM_GPITCH	Gender parity index of teachers in primary education who are trained	100	25.23763153	42.75731323	BGR	Bulgaria	1	ALLAGE	ANNUAL	ALLAREA	BOTHSEX	Ratio	MP																						
2017.Q2.G.01	SE_PRM_GPITCH	Gender parity index of teachers in primary education who are trained	104	96.51752295	21.19332882	MMR	Myanmar	1	ALLAGE	ANNUAL	ALLAREA	BOTHSEX	Ratio	MP	1	0.99999	1.00001	1.00002	1.00015	0.93905	0.99998		0.99045	1.00001	1								2010	1	UNESCO Institute for Statistics Education Data Release May 2017	C
2017.Q2.G.01	SE_PRM_GPITCH	Gender parity index of teachers in primary education who are trained	108	29.89080992	-3.366387428	BDI	Burundi	1	ALLAGE	ANNUAL	ALLAREA	BOTHSEX	Ratio	MP						1.0907		1.16048		1.07256			1.03775		1.06105	1		1.03293333333333	2015	1	UNESCO Institute for Statistics Education Data Release May 2017	C
2017.Q2.G.01	SE_PRM_GPITCH	Gender parity index of teachers in primary education who are trained	112	28.04940161	53.54193075	BLR	Belarus	1	ALLAGE	ANNUAL	ALLAREA	BOTHSEX	Ratio	MP			1.00354	1.0024	1.00445	0.99796	0.99627	0.99809		0.99865			0.99642	0.99626	1.00414	1.00276		0.999895	2015	1.00276	UNESCO Institute for Statistics Education Data Release May 2017	C
2017.Q2.G.01	SE_PRM_GPITCH	Gender parity index of teachers in primary education who are trained	116	104.922836	12.71163737	KHM	Cambodia	1	ALLAGE	ANNUAL	ALLAREA	BOTHSEX	Ratio	MP													1	1	1	1		1	2015	1	UNESCO Institute for Statistics Education Data Release May 2017	C
2017.Q2.G.01	SE_PRM_GPITCH	Gender parity index of teachers in primary education who are trained	120	12.7419827	5.692387031	CMR	Cameroon	1	ALLAGE	ANNUAL	ALLAREA	BOTHSEX	Ratio	MP				1.06116	1.00139	1.14963	1.15978				1.12996	1.14021	0.99074			2.60755		1.799145	2015	2.60755	UNESCO Institute for Statistics Education Data Release May 2017	C
2017.Q2.G.01	SE_PRM_GPITCH	Gender parity index of teachers in primary education who are trained	124	-101.6575058	57.72360191	CAN	Canada	1	ALLAGE	ANNUAL	ALLAREA	BOTHSEX	Ratio	MP																						
2017.Q2.G.01	SE_PRM_GPITCH	Gender parity index of teachers in primary education who are trained	132	-23.63544151	15.07791834	CPV	Cabo Verde	1	ALLAGE	ANNUAL	ALLAREA	BOTHSEX	Ratio	MP			0.99261	1.2018	1.17874	1.14713	1.09116	1.08462	1.07917	1.07353	1.05155	1.04119	1.03798		1.01134			1.02466	2014	1.01134	UNESCO Institute for Statistics Education Data Release May 2017	C
2017.Q2.G.01	SE_PRM_GPITCH	Gender parity index of teachers in primary education who are trained	136	-81.16740559	19.32266656	CYM	Cayman Islands	1	ALLAGE	ANNUAL	ALLAREA	BOTHSEX	Ratio	MP	1.14257	1.02424	1.01695		1.02128	0.98661	1.0372	1.01818	1.11752			0.96271	1.0329	0.92605				0.979475	2013	0.92605	UNESCO Institute for Statistics Education Data Release May 2017	C
2017.Q2.G.01	SE_PRM_GPITCH	Gender parity index of teachers in primary education who are trained	140	20.93559492	7.003720791	CAF	Central African Republic	1	ALLAGE	ANNUAL	ALLAREA	BOTHSEX	Ratio	MP												1.25869	1.69378					1.69378	2012	1.69378	UNESCO Institute for Statistics Education Data Release May 2017	C
2017.Q2.G.01	SE_PRM_GPITCH	Gender parity index of teachers in primary education who are trained	144	80.70489654	7.614693343	LKA	Sri Lanka	1	ALLAGE	ANNUAL	ALLAREA	BOTHSEX	Ratio	MP																0.95405		0.95405	2015	0.95405	UNESCO Institute for Statistics Education Data Release May 2017	C
2017.Q2.G.01	SE_PRM_GPITCH	Gender parity index of teachers in primary education who are trained	148	18.66618401	15.36279341	TCD	Chad	1	ALLAGE	ANNUAL	ALLAREA	BOTHSEX	Ratio	MP																						
2017.Q2.G.01	SE_PRM_GPITCH	Gender parity index of teachers in primary education who are trained	152	-71.23029019	-35.2652885	CHL	Chile	1	ALLAGE	ANNUAL	ALLAREA	BOTHSEX	Ratio	MP																						
2017.Q2.G.01	SE_PRM_GPITCH	Gender parity index of teachers in primary education who are trained	156	104.1403375	32.30955217	CHN	China	1	ALLAGE	ANNUAL	ALLAREA	BOTHSEX	Ratio	MP																						
2017.Q2.G.01	SE_PRM_GPITCH	Gender parity index of teachers in primary education who are trained	162	105.6426067	-10.4882473	CXR	Christmas Island	1	ALLAGE	ANNUAL	ALLAREA	BOTHSEX	Ratio	MP																						
2017.Q2.G.01	SE_PRM_GPITCH	Gender parity index of teachers in primary education who are trained	166	96.82633757	-12.18600682	CCK	Cocos (Keeling) Islands	1	ALLAGE	ANNUAL	ALLAREA	BOTHSEX	Ratio	MP																						
2017.Q2.G.01	SE_PRM_GPITCH	Gender parity index of teachers in primary education who are trained	170	-73.07446751	3.888209046	COL	Colombia	1	ALLAGE	ANNUAL	ALLAREA	BOTHSEX	Ratio	MP								1	1	1	1	1	1	1.01701	1.02191			1.01297333333333	2014	1.02191	UNESCO Institute for Statistics Education Data Release May 2017	C
2017.Q2.G.01	SE_PRM_GPITCH	Gender parity index of teachers in primary education who are trained	174	43.34234565	-11.66121732	COM	Comoros	1	ALLAGE	ANNUAL	ALLAREA	BOTHSEX	Ratio	MP														1.05635				1.05635	2013	1.05635	UNESCO Institute for Statistics Education Data Release May 2017	C
2017.Q2.G.01	SE_PRM_GPITCH	Gender parity index of teachers in primary education who are trained	175	45.14015057	-12.82217691	MYT	Mayotte	1	ALLAGE	ANNUAL	ALLAREA	BOTHSEX	Ratio	MP																						
2017.Q2.G.01	SE_PRM_GPITCH	Gender parity index of teachers in primary education who are trained	178	15.22052612	-0.840544119	COG	Congo	1	ALLAGE	ANNUAL	ALLAREA	BOTHSEX	Ratio	MP	1.20968			1.51157	1.18727		1.13004				1.10417	1.22718	1.21796					1.21796	2012	1.21796	UNESCO Institute for Statistics Education Data Release May 2017	C
2017.Q2.G.01	SE_PRM_GPITCH	Gender parity index of teachers in primary education who are trained	180	23.65496507	-2.877154732	COD	Democratic Republic of the Congo	1	ALLAGE	ANNUAL	ALLAREA	BOTHSEX	Ratio	MP								0.97922	1.03038	1.02815	1.02671		1.01094		1.00721			1.009075	2014	1.00721	UNESCO Institute for Statistics Education Data Release May 2017	C
2017.Q2.G.01	SE_PRM_GPITCH	Gender parity index of teachers in primary education who are trained	184	-159.7711391	-21.22696458	COK	Cook Islands	1	ALLAGE	ANNUAL	ALLAREA	BOTHSEX	Ratio	MP								0.99819					0.99519	0.96842	0.9548			0.972803333333333	2014	0.9548	UNESCO Institute for Statistics Education Data Release May 2017	C
2017.Q2.G.01	SE_PRM_GPITCH	Gender parity index of teachers in primary education who are trained	188	-84.19712782	9.970998683	CRI	Costa Rica	1	ALLAGE	ANNUAL	ALLAREA	BOTHSEX	Ratio	MP						1.00112	0.99554	0.99719	0.99254	0.99539	0.99979	0.99868		1.00044	1.00018	0.99977		1.00013	2015	0.99977	UNESCO Institute for Statistics Education Data Release May 2017	C
2017.Q2.G.01	SE_PRM_GPITCH	Gender parity index of teachers in primary education who are trained	191	17.95874553	45.45172212	HRV	Croatia	1	ALLAGE	ANNUAL	ALLAREA	BOTHSEX	Ratio	MP	1	1	1	1															2003	1	UNESCO Institute for Statistics Education Data Release May 2017	C
2017.Q2.G.01	SE_PRM_GPITCH	Gender parity index of teachers in primary education who are trained	192	-79.54460144	22.10030366	CUB	Cuba	1	ALLAGE	ANNUAL	ALLAREA	BOTHSEX	Ratio	MP	1	1		1	1	1	1	1	1	1	1	1	1	1	1	1		1	2015	1	UNESCO Institute for Statistics Education Data Release May 2017	C
2017.Q2.G.01	SE_PRM_GPITCH	Gender parity index of teachers in primary education who are trained	196	33.22285964	35.05659437	CYP	Cyprus	1	ALLAGE	ANNUAL	ALLAREA	BOTHSEX	Ratio	MP																						
2017.Q2.G.01	SE_PRM_GPITCH	Gender parity index of teachers in primary education who are trained	203	15.33151382	49.73913871	CZE	Czechia	1	ALLAGE	ANNUAL	ALLAREA	BOTHSEX	Ratio	MP																						
2017.Q2.G.01	SE_PRM_GPITCH	Gender parity index of teachers in primary education who are trained	204	2.339933594	9.65401646	BEN	Benin	1	ALLAGE	ANNUAL	ALLAREA	BOTHSEX	Ratio	MP	1.10043			1.11373	1.17416					1.14214	1.06167	1.00789			0.94157	0.9449		0.943235	2015	0.9449	UNESCO Institute for Statistics Education Data Release May 2017	C
2017.Q2.G.01	SE_PRM_GPITCH	Gender parity index of teachers in primary education who are trained	208	9.326571283	56.03829721	DNK	Denmark	1	ALLAGE	ANNUAL	ALLAREA	BOTHSEX	Ratio	MP																						
2017.Q2.G.01	SE_PRM_GPITCH	Gender parity index of teachers in primary education who are trained	212	-61.3493756	15.43391378	DMA	Dominica	1	ALLAGE	ANNUAL	ALLAREA	BOTHSEX	Ratio	MP	1.28828	1.29281	1.40458	1.40933	1.61207	1.39475	1.52752	1.5271	1.51423	1.64598	1.65367	1.62794	1.30887	1.17037	1.18767	1.2466		1.2283775	2015	1.2466	UNESCO Institute for Statistics Education Data Release May 2017	C
2017.Q2.G.01	SE_PRM_GPITCH	Gender parity index of teachers in primary education who are trained	214	-70.49847576	18.89832088	DOM	Dominican Republic	1	ALLAGE	ANNUAL	ALLAREA	BOTHSEX	Ratio	MP						1.11352	1.11035	1.11355	0.9915	1.00003	1.08977	1.27837	1.10674					1.10674	2012	1.10674	UNESCO Institute for Statistics Education Data Release May 2017	C
2017.Q2.G.01	SE_PRM_GPITCH	Gender parity index of teachers in primary education who are trained	218	-78.37005241	-1.447785891	ECU	Ecuador	1	ALLAGE	ANNUAL	ALLAREA	BOTHSEX	Ratio	MP	1.0086	1.003	0.99157	0.99641	1.00218	1.00746	1.01203	1.01151			1.01979	1.04552	1.05411	1.05603	1.05366	1.05727	1.05984	1.056182	2016	1.05984	UNESCO Institute for Statistics Education Data Release May 2017	C
2017.Q2.G.01	SE_PRM_GPITCH	Gender parity index of teachers in primary education who are trained	222	-88.86862995	13.73603564	SLV	El Salvador	1	ALLAGE	ANNUAL	ALLAREA	BOTHSEX	Ratio	MP				1.02756	1.03302	1.02975	1.02706	1.02715	1.03623			1.03841				1.03262		1.03262	2015	1.03262	UNESCO Institute for Statistics Education Data Release May 2017	C
2017.Q2.G.01	SE_PRM_GPITCH	Gender parity index of teachers in primary education who are trained	226	10.46535826	1.565792376	GNQ	Equatorial Guinea	1	ALLAGE	ANNUAL	ALLAREA	BOTHSEX	Ratio	MP									0.73579	0.85027	0.92271	1.1226				1.17326		1.17326	2015	1.17326	UNESCO Institute for Statistics Education Data Release May 2017	C
2017.Q2.G.01	SE_PRM_GPITCH	Gender parity index of teachers in primary education who are trained	231	39.63505296	8.631223181	ETH	Ethiopia	1	ALLAGE	ANNUAL	ALLAREA	BOTHSEX	Ratio	MP									1.07132	1.08501									2009	1.08501	UNESCO Institute for Statistics Education Data Release May 2017	C
2017.Q2.G.01	SE_PRM_GPITCH	Gender parity index of teachers in primary education who are trained	232	38.11074289	16.12894644	ERI	Eritrea	1	ALLAGE	ANNUAL	ALLAREA	BOTHSEX	Ratio	MP	0.79675	0.70514	0.69506	0.77517	0.76965	0.77524	0.89322	0.88741	1.0461	0.93028	0.95034	0.9934	0.93681		1.12635	1.16445		1.07587	2015	1.16445	UNESCO Institute for Statistics Education Data Release May 2017	C
2017.Q2.G.01	SE_PRM_GPITCH	Gender parity index of teachers in primary education who are trained	233	25.84093481	58.68487172	EST	Estonia	1	ALLAGE	ANNUAL	ALLAREA	BOTHSEX	Ratio	MP																						
2017.Q2.G.01	SE_PRM_GPITCH	Gender parity index of teachers in primary education who are trained	234	-7.122044325	62.21228119	FRO	Faroe Islands	1	ALLAGE	ANNUAL	ALLAREA	BOTHSEX	Ratio	MP																						
2017.Q2.G.01	SE_PRM_GPITCH	Gender parity index of teachers in primary education who are trained	238	-58.75246778	-51.74562601	FLK	Falkland Islands (Malvinas)	1	ALLAGE	ANNUAL	ALLAREA	BOTHSEX	Ratio	MP																						
2017.Q2.G.01	SE_PRM_GPITCH	Gender parity index of teachers in primary education who are trained	239	-36.90662765	-54.20736749	SGS	South Georgia and the South Sandwich Islands	1	ALLAGE	ANNUAL	ALLAREA	BOTHSEX	Ratio	MP																						
2017.Q2.G.01	SE_PRM_GPITCH	Gender parity index of teachers in primary education who are trained	242	177.9660884	-17.83301566	FJI	Fiji	1	ALLAGE	ANNUAL	ALLAREA	BOTHSEX	Ratio	MP									0.99899			1	1					1	2012	1	UNESCO Institute for Statistics Education Data Release May 2017	C
2017.Q2.G.01	SE_PRM_GPITCH	Gender parity index of teachers in primary education who are trained	246	23.308447	61.91586738	FIN	Finland	1	ALLAGE	ANNUAL	ALLAREA	BOTHSEX	Ratio	MP																						
2017.Q2.G.01	SE_PRM_GPITCH	Gender parity index of teachers in primary education who are trained	248	19.80945969	60.1544901	ALA	Åland Islands	1	ALLAGE	ANNUAL	ALLAREA	BOTHSEX	Ratio	MP																						
2017.Q2.G.01	SE_PRM_GPITCH	Gender parity index of teachers in primary education who are trained	250	2.457288129	46.62660861	FRA	France	1	ALLAGE	ANNUAL	ALLAREA	BOTHSEX	Ratio	MP																						
2017.Q2.G.01	SE_PRM_GPITCH	Gender parity index of teachers in primary education who are trained	254	-53.23619089	3.922673437	GUF	French Guiana	1	ALLAGE	ANNUAL	ALLAREA	BOTHSEX	Ratio	MP																						
2017.Q2.G.01	SE_PRM_GPITCH	Gender parity index of teachers in primary education who are trained	258	-149.4052367	-17.67709294	PYF	French Polynesia	1	ALLAGE	ANNUAL	ALLAREA	BOTHSEX	Ratio	MP																						
2017.Q2.G.01	SE_PRM_GPITCH	Gender parity index of teachers in primary education who are trained	260	69.64849091	-49.6068576	ATF	French Southern Territories	1	ALLAGE	ANNUAL	ALLAREA	BOTHSEX	Ratio	MP																						
2017.Q2.G.01	SE_PRM_GPITCH	Gender parity index of teachers in primary education who are trained	262	42.18274707	11.56004161	DJI	Djibouti	1	ALLAGE	ANNUAL	ALLAREA	BOTHSEX	Ratio	MP							0.95971		0.965	1		1		1.05572		1		1.02786	2015	1	UNESCO Institute for Statistics Education Data Release May 2017	C
2017.Q2.G.01	SE_PRM_GPITCH	Gender parity index of teachers in primary education who are trained	266	11.78727747	-0.60687619	GAB	Gabon	1	ALLAGE	ANNUAL	ALLAREA	BOTHSEX	Ratio	MP		0.98717		1															2003	1	UNESCO Institute for Statistics Education Data Release May 2017	C
2017.Q2.G.01	SE_PRM_GPITCH	Gender parity index of teachers in primary education who are trained	268	43.3713615	42.04813028	GEO	Georgia	1	ALLAGE	ANNUAL	ALLAREA	BOTHSEX	Ratio	MP	0.99759								1.00139	1.03382									2009	1.03382	UNESCO Institute for Statistics Education Data Release May 2017	CA
2017.Q2.G.01	SE_PRM_GPITCH	Gender parity index of teachers in primary education who are trained	270	-15.39944785	13.45295927	GMB	Gambia	1	ALLAGE	ANNUAL	ALLAREA	BOTHSEX	Ratio	MP	0.88566											0.99316	1.1117	1.08608	1.01276	1.01798	0.99054	1.043812	2016	0.99054	UNESCO Institute for Statistics Education Data Release May 2017	C
2017.Q2.G.01	SE_PRM_GPITCH	Gender parity index of teachers in primary education who are trained	275	35.25694122	31.94347933	PSE	State of Palestine	1	ALLAGE	ANNUAL	ALLAREA	BOTHSEX	Ratio	MP	1	1	1	1	1	1		1	1	1	1	1	1	1	1	1		1	2015	1	UNESCO Institute for Statistics Education Data Release May 2017	C
2017.Q2.G.01	SE_PRM_GPITCH	Gender parity index of teachers in primary education who are trained	276	10.3806066	51.08862743	DEU	Germany	1	ALLAGE	ANNUAL	ALLAREA	BOTHSEX	Ratio	MP																						
2017.Q2.G.01	SE_PRM_GPITCH	Gender parity index of teachers in primary education who are trained	288	-1.205623522	7.964825185	GHA	Ghana	1	ALLAGE	ANNUAL	ALLAREA	BOTHSEX	Ratio	MP	1.41607	1.44746	1.45545	1.58768	1.45857	1.59036	1.01312	1.5693	1.7317	1.73901	1.59258	1.59257	1.497	1.41453	1.39547	1.3372	1.29178	1.387196	2016	1.29178	UNESCO Institute for Statistics Education Data Release May 2017	C
2017.Q2.G.01	SE_PRM_GPITCH	Gender parity index of teachers in primary education who are trained	292	-5.347561686	36.13895036	GIB	Gibraltar	1	ALLAGE	ANNUAL	ALLAREA	BOTHSEX	Ratio	MP	0.98851	1							1	0.99367									2009	0.99367	UNESCO Institute for Statistics Education Data Release May 2017	C
2017.Q2.G.01	SE_PRM_GPITCH	Gender parity index of teachers in primary education who are trained	296	-157.5643005	1.768837732	KIR	Kiribati	1	ALLAGE	ANNUAL	ALLAREA	BOTHSEX	Ratio	MP						1.04992	1.0191	1.00218	1.03291										2008	1.03291	UNESCO Institute for Statistics Education Data Release May 2017	C
2017.Q2.G.01	SE_PRM_GPITCH	Gender parity index of teachers in primary education who are trained	300	22.58307827	39.47301873	GRC	Greece	1	ALLAGE	ANNUAL	ALLAREA	BOTHSEX	Ratio	MP																						
2017.Q2.G.01	SE_PRM_GPITCH	Gender parity index of teachers in primary education who are trained	304	-41.39371316	74.75625681	GRL	Greenland	1	ALLAGE	ANNUAL	ALLAREA	BOTHSEX	Ratio	MP																						
2017.Q2.G.01	SE_PRM_GPITCH	Gender parity index of teachers in primary education who are trained	308	-61.68248568	12.11238395	GRD	Grenada	1	ALLAGE	ANNUAL	ALLAREA	BOTHSEX	Ratio	MP	1.15918	1.10585		1.02939		1.04512		0.99926	1.04568	0.94667				1.18182	0.86468	1.09465		1.04705	2015	1.09465	UNESCO Institute for Statistics Education Data Release May 2017	C
2017.Q2.G.01	SE_PRM_GPITCH	Gender parity index of teachers in primary education who are trained	312	-61.64762115	16.14416917	GLP	Guadeloupe	1	ALLAGE	ANNUAL	ALLAREA	BOTHSEX	Ratio	MP																						
2017.Q2.G.01	SE_PRM_GPITCH	Gender parity index of teachers in primary education who are trained	316	144.7029305	13.35485404	GUM	Guam	1	ALLAGE	ANNUAL	ALLAREA	BOTHSEX	Ratio	MP																						
2017.Q2.G.01	SE_PRM_GPITCH	Gender parity index of teachers in primary education who are trained	320	-91.2312746	15.00273719	GTM	Guatemala	1	ALLAGE	ANNUAL	ALLAREA	BOTHSEX	Ratio	MP																						
2017.Q2.G.01	SE_PRM_GPITCH	Gender parity index of teachers in primary education who are trained	324	-11.28173419	11.00210343	GIN	Guinea	1	ALLAGE	ANNUAL	ALLAREA	BOTHSEX	Ratio	MP						0.99983	1.13638		1.09941			1.0594	1.13768	1.27037	1.09354			1.16719666666667	2014	1.09354	UNESCO Institute for Statistics Education Data Release May 2017	C
2017.Q2.G.01	SE_PRM_GPITCH	Gender parity index of teachers in primary education who are trained	328	-58.97322037	4.788012784	GUY	Guyana	1	ALLAGE	ANNUAL	ALLAREA	BOTHSEX	Ratio	MP	0.99811	0.99588		0.99967		1.11905		1.06408	1.11327	1.11272	1.13141	1.15372	1.12435					1.12435	2012	1.12435	UNESCO Institute for Statistics Education Data Release May 2017	C
2017.Q2.G.01	SE_PRM_GPITCH	Gender parity index of teachers in primary education who are trained	332	-72.33640958	18.40426539	HTI	Haiti	1	ALLAGE	ANNUAL	ALLAREA	BOTHSEX	Ratio	MP																						
2017.Q2.G.01	SE_PRM_GPITCH	Gender parity index of teachers in primary education who are trained	334	73.52633626	-53.09106147	HMD	Heard Island and McDonald Islands	1	ALLAGE	ANNUAL	ALLAREA	BOTHSEX	Ratio	MP																						
2017.Q2.G.01	SE_PRM_GPITCH	Gender parity index of teachers in primary education who are trained	336	12.45315803	41.90343751	VAT	Holy See	1	ALLAGE	ANNUAL	ALLAREA	BOTHSEX	Ratio	MP																						
2017.Q2.G.01	SE_PRM_GPITCH	Gender parity index of teachers in primary education who are trained	340	-86.59974381	14.82243161	HND	Honduras	1	ALLAGE	ANNUAL	ALLAREA	BOTHSEX	Ratio	MP					1.01382														2004	1.01382	UNESCO Institute for Statistics Education Data Release May 2017	C
2017.Q2.G.01	SE_PRM_GPITCH	Gender parity index of teachers in primary education who are trained	344	114.0266445	22.41749934	HKG	China, Hong Kong Special Administrative Region	1	ALLAGE	ANNUAL	ALLAREA	BOTHSEX	Ratio	MP	0.9909	0.98552	0.99931	1.00022	1.00802	1.00661	1.01323	1.01624	1.01459	1.02108	1.01651	1.0131	1.01472	1.01736	1.01624	1.01836		1.01667	2015	1.01836	UNESCO Institute for Statistics Education Data Release May 2017	C
2017.Q2.G.01	SE_PRM_GPITCH	Gender parity index of teachers in primary education who are trained	348	19.41221519	47.1651448	HUN	Hungary	1	ALLAGE	ANNUAL	ALLAREA	BOTHSEX	Ratio	MP																						
2017.Q2.G.01	SE_PRM_GPITCH	Gender parity index of teachers in primary education who are trained	352	-19.02116966	64.79134763	ISL	Iceland	1	ALLAGE	ANNUAL	ALLAREA	BOTHSEX	Ratio	MP																						
2017.Q2.G.01	SE_PRM_GPITCH	Gender parity index of teachers in primary education who are trained	356	79.3608464	22.34642074	IND	India	1	ALLAGE	ANNUAL	ALLAREA	BOTHSEX	Ratio	MP															1.01857			1.01857	2014	1.01857	UNESCO Institute for Statistics Education Data Release May 2017	C
2017.Q2.G.01	SE_PRM_GPITCH	Gender parity index of teachers in primary education who are trained	360	113.9174	-0.994582204	IDN	Indonesia	1	ALLAGE	ANNUAL	ALLAREA	BOTHSEX	Ratio	MP																						
2017.Q2.G.01	SE_PRM_GPITCH	Gender parity index of teachers in primary education who are trained	364	54.19766348	32.74370885	IRN	Iran (Islamic Republic of)	1	ALLAGE	ANNUAL	ALLAREA	BOTHSEX	Ratio	MP		0.98626												1	1	1		1	2015	1	UNESCO Institute for Statistics Education Data Release May 2017	C
2017.Q2.G.01	SE_PRM_GPITCH	Gender parity index of teachers in primary education who are trained	368	43.76606267	33.05013795	IRQ	Iraq	1	ALLAGE	ANNUAL	ALLAREA	BOTHSEX	Ratio	MP	1				1														2004	1	UNESCO Institute for Statistics Education Data Release May 2017	C
2017.Q2.G.01	SE_PRM_GPITCH	Gender parity index of teachers in primary education who are trained	372	-7.121425272	53.25274054	IRL	Ireland	1	ALLAGE	ANNUAL	ALLAREA	BOTHSEX	Ratio	MP																						
2017.Q2.G.01	SE_PRM_GPITCH	Gender parity index of teachers in primary education who are trained	376	34.62277992	31.06164552	ISR	Israel	1	ALLAGE	ANNUAL	ALLAREA	BOTHSEX	Ratio	MP																						
2017.Q2.G.01	SE_PRM_GPITCH	Gender parity index of teachers in primary education who are trained	380	12.57022427	42.79917282	ITA	Italy	1	ALLAGE	ANNUAL	ALLAREA	BOTHSEX	Ratio	MP																						
2017.Q2.G.01	SE_PRM_GPITCH	Gender parity index of teachers in primary education who are trained	384	-5.552690016	7.62211586	CIV	Côte d'Ivoire	1	ALLAGE	ANNUAL	ALLAREA	BOTHSEX	Ratio	MP	0.99363	0.99607		1				1	1	1		1	1.00649	1.01012	1.03332	1		1.0124825	2015	1	UNESCO Institute for Statistics Education Data Release May 2017	C
2017.Q2.G.01	SE_PRM_GPITCH	Gender parity index of teachers in primary education who are trained	388	-77.31068409	18.15616857	JAM	Jamaica	1	ALLAGE	ANNUAL	ALLAREA	BOTHSEX	Ratio	MP														0.99651	1.07546	1.06054		1.04417	2015	1.06054	UNESCO Institute for Statistics Education Data Release May 2017	C
2017.Q2.G.01	SE_PRM_GPITCH	Gender parity index of teachers in primary education who are trained	392	139.2716103	36.6554539	JPN	Japan	1	ALLAGE	ANNUAL	ALLAREA	BOTHSEX	Ratio	MP																						
2017.Q2.G.01	SE_PRM_GPITCH	Gender parity index of teachers in primary education who are trained	398	66.65359159	48.01963494	KAZ	Kazakhstan	1	ALLAGE	ANNUAL	ALLAREA	BOTHSEX	Ratio	MP															1	1	1	1	2016	1	UNESCO Institute for Statistics Education Data Release May 2017	C
2017.Q2.G.01	SE_PRM_GPITCH	Gender parity index of teachers in primary education who are trained	400	37.13024774	30.65365973	JOR	Jordan	1	ALLAGE	ANNUAL	ALLAREA	BOTHSEX	Ratio	MP															1			1	2014	1	UNESCO Institute for Statistics Education Data Release May 2017	C
2017.Q2.G.01	SE_PRM_GPITCH	Gender parity index of teachers in primary education who are trained	404	37.86096816	0.534797278	KEN	Kenya	1	ALLAGE	ANNUAL	ALLAREA	BOTHSEX	Ratio	MP				1.00431	1.00747	1.00583		0.9975	0.99766										2008	0.99766	UNESCO Institute for Statistics Education Data Release May 2017	E
2017.Q2.G.01	SE_PRM_GPITCH	Gender parity index of teachers in primary education who are trained	408	127.1803633	40.1462645	PRK	Democratic People's Republic of Korea	1	ALLAGE	ANNUAL	ALLAREA	BOTHSEX	Ratio	MP																						
2017.Q2.G.01	SE_PRM_GPITCH	Gender parity index of teachers in primary education who are trained	410	127.8610254	36.45201023	KOR	Republic of Korea	1	ALLAGE	ANNUAL	ALLAREA	BOTHSEX	Ratio	MP																						
2017.Q2.G.01	SE_PRM_GPITCH	Gender parity index of teachers in primary education who are trained	414	47.49305029	29.53949468	KWT	Kuwait	1	ALLAGE	ANNUAL	ALLAREA	BOTHSEX	Ratio	MP	1			1	1	1	1	1	1	1		1.44653	1.44247	1.51183	1.56757	1.53324		1.5137775	2015	1.53324	UNESCO Institute for Statistics Education Data Release May 2017	C
2017.Q2.G.01	SE_PRM_GPITCH	Gender parity index of teachers in primary education who are trained	417	74.52324839	41.46204516	KGZ	Kyrgyzstan	1	ALLAGE	ANNUAL	ALLAREA	BOTHSEX	Ratio	MP	1.00514	0.9909	1.00215	0.99192	1.00025	0.99875	1.00105	1.0014	0.9986	0.99586	0.99946	0.99086	0.98864					0.98864	2012	0.98864	UNESCO Institute for Statistics Education Data Release May 2017	C
2017.Q2.G.01	SE_PRM_GPITCH	Gender parity index of teachers in primary education who are trained	418	101.9901968	20.27482773	LAO	Lao People's Democratic Republic	1	ALLAGE	ANNUAL	ALLAREA	BOTHSEX	Ratio	MP	1.23542	1.24241	1.23845	1.22292	1.20164	1.14175	1.11368	1.06196	0.99437	1.06087	0.93468	0.92399	1.00933	0.99568	0.99626	0.9939		0.9987925	2015	0.9939	UNESCO Institute for Statistics Education Data Release May 2017	C
2017.Q2.G.01	SE_PRM_GPITCH	Gender parity index of teachers in primary education who are trained	422	35.89391711	33.92152458	LBN	Lebanon	1	ALLAGE	ANNUAL	ALLAREA	BOTHSEX	Ratio	MP														1.02867	1.0115			1.020085	2014	1.0115	UNESCO Institute for Statistics Education Data Release May 2017	C
2017.Q2.G.01	SE_PRM_GPITCH	Gender parity index of teachers in primary education who are trained	426	28.25362195	-29.58041814	LSO	Lesotho	1	ALLAGE	ANNUAL	ALLAREA	BOTHSEX	Ratio	MP	1.25232	1.28644	1.29859	1.3666	1.36096	1.51161	1.40102	1.12549		1.4572	1.37651	1.34235	1.26674	1.2141	1.17444	1.14618		1.200365	2015	1.14618	UNESCO Institute for Statistics Education Data Release May 2017	C
2017.Q2.G.01	SE_PRM_GPITCH	Gender parity index of teachers in primary education who are trained	428	26.42461876	56.64196636	LVA	Latvia	1	ALLAGE	ANNUAL	ALLAREA	BOTHSEX	Ratio	MP																						
2017.Q2.G.01	SE_PRM_GPITCH	Gender parity index of teachers in primary education who are trained	430	-9.311879038	6.448381009	LBR	Liberia	1	ALLAGE	ANNUAL	ALLAREA	BOTHSEX	Ratio	MP							1.1532		1.20119	1.20706		1.1356			1.13669	1.16035		1.14852	2015	1.16035	UNESCO Institute for Statistics Education Data Release May 2017	C
2017.Q2.G.01	SE_PRM_GPITCH	Gender parity index of teachers in primary education who are trained	434	18.0295985	27.04042819	LBY	Libya	1	ALLAGE	ANNUAL	ALLAREA	BOTHSEX	Ratio	MP																						
2017.Q2.G.01	SE_PRM_GPITCH	Gender parity index of teachers in primary education who are trained	438	9.552985019	47.14167005	LIE	Liechtenstein	1	ALLAGE	ANNUAL	ALLAREA	BOTHSEX	Ratio	MP																						
2017.Q2.G.01	SE_PRM_GPITCH	Gender parity index of teachers in primary education who are trained	440	23.90517807	55.33680309	LTU	Lithuania	1	ALLAGE	ANNUAL	ALLAREA	BOTHSEX	Ratio	MP																						
2017.Q2.G.01	SE_PRM_GPITCH	Gender parity index of teachers in primary education who are trained	442	6.092656563	49.77679538	LUX	Luxembourg	1	ALLAGE	ANNUAL	ALLAREA	BOTHSEX	Ratio	MP																						
2017.Q2.G.01	SE_PRM_GPITCH	Gender parity index of teachers in primary education who are trained	446	113.5665388	22.1237259	MAC	China, Macao Special Administrative Region	1	ALLAGE	ANNUAL	ALLAREA	BOTHSEX	Ratio	MP	1.35842	1.27084	1.2248	1.24081	1.20366	1.2303	1.26083	1.19149	1.20217	1.19686	1.22932	1.21701	1.16907	1.23229	1.22999	1.03178		1.1657825	2015	1.03178	UNESCO Institute for Statistics Education Data Release May 2017	C
2017.Q2.G.01	SE_PRM_GPITCH	Gender parity index of teachers in primary education who are trained	450	46.6982339	-19.38514785	MDG	Madagascar	1	ALLAGE	ANNUAL	ALLAREA	BOTHSEX	Ratio	MP													1.32331	1.5547	1.57003	1.57953		1.5068925	2015	1.57953	UNESCO Institute for Statistics Education Data Release May 2017	C
2017.Q2.G.01	SE_PRM_GPITCH	Gender parity index of teachers in primary education who are trained	454	33.4884625	-13.40819859	MWI	Malawi	1	ALLAGE	ANNUAL	ALLAREA	BOTHSEX	Ratio	MP								1.04751	0.81216		1.01403	1.02118	1.04971	1.0113				1.030505	2013	1.0113	UNESCO Institute for Statistics Education Data Release May 2017	E
2017.Q2.G.01	SE_PRM_GPITCH	Gender parity index of teachers in primary education who are trained	458	116.8346314	5.452415309	MYS	Malaysia	1	ALLAGE	ANNUAL	ALLAREA	BOTHSEX	Ratio	MP		0.97703	0.96356	0.94071	0.93889	0.95496	0.98193	1	1.00001	1	0.99999	1	1	0.99105	0.99824	1.00007		0.99734	2015	1.00007	UNESCO Institute for Statistics Education Data Release May 2017	C
2017.Q2.G.01	SE_PRM_GPITCH	Gender parity index of teachers in primary education who are trained	462	73.09672546	-0.614385021	MDV	Maldives	1	ALLAGE	ANNUAL	ALLAREA	BOTHSEX	Ratio	MP	0.96999	1.01012	1.00414	1.01174		1.09653	0.95627	0.95127	0.95725	0.95121	1.00288	0.9525	0.92341	0.96146	0.97341			0.95276	2014	0.97341	UNESCO Institute for Statistics Education Data Release May 2017	C
2017.Q2.G.01	SE_PRM_GPITCH	Gender parity index of teachers in primary education who are trained	466	-3.522016039	17.35311254	MLI	Mali	1	ALLAGE	ANNUAL	ALLAREA	BOTHSEX	Ratio	MP									1.1385	1.15752		1.11444							2011	1.11444	UNESCO Institute for Statistics Education Data Release May 2017	C
2017.Q2.G.01	SE_PRM_GPITCH	Gender parity index of teachers in primary education who are trained	470	14.44617519	35.89194275	MLT	Malta	1	ALLAGE	ANNUAL	ALLAREA	BOTHSEX	Ratio	MP																						
2017.Q2.G.01	SE_PRM_GPITCH	Gender parity index of teachers in primary education who are trained	474	-60.91544135	14.56086108	MTQ	Martinique	1	ALLAGE	ANNUAL	ALLAREA	BOTHSEX	Ratio	MP																						
2017.Q2.G.01	SE_PRM_GPITCH	Gender parity index of teachers in primary education who are trained	478	-10.33187259	20.26089546	MRT	Mauritania	1	ALLAGE	ANNUAL	ALLAREA	BOTHSEX	Ratio	MP					1	1	1	1	1	1	1	1	1		1.0107			1.00535	2014	1.0107	UNESCO Institute for Statistics Education Data Release May 2017	C
2017.Q2.G.01	SE_PRM_GPITCH	Gender parity index of teachers in primary education who are trained	480	57.568022	-20.28581998	MUS	Mauritius	1	ALLAGE	ANNUAL	ALLAREA	BOTHSEX	Ratio	MP	1	1	1		1	1	1	1	1	1	1	1	1	1	1	1		1	2015	1	UNESCO Institute for Statistics Education Data Release May 2017	C
2017.Q2.G.01	SE_PRM_GPITCH	Gender parity index of teachers in primary education who are trained	484	-102.5148166	23.93378032	MEX	Mexico	1	ALLAGE	ANNUAL	ALLAREA	BOTHSEX	Ratio	MP																						
2017.Q2.G.01	SE_PRM_GPITCH	Gender parity index of teachers in primary education who are trained	492	7.424214814	43.73532918	MCO	Monaco	1	ALLAGE	ANNUAL	ALLAREA	BOTHSEX	Ratio	MP																						
2017.Q2.G.01	SE_PRM_GPITCH	Gender parity index of teachers in primary education who are trained	496	103.0728057	46.83892054	MNG	Mongolia	1	ALLAGE	ANNUAL	ALLAREA	BOTHSEX	Ratio	MP	1	1	1	1	1	1	1	1	1	1	1.00057	1.00066	0.99614	1	1			0.998713333333333	2014	1	UNESCO Institute for Statistics Education Data Release May 2017	C
2017.Q2.G.01	SE_PRM_GPITCH	Gender parity index of teachers in primary education who are trained	498	28.4650624	47.20236795	MDA	Republic of Moldova	1	ALLAGE	ANNUAL	ALLAREA	BOTHSEX	Ratio	MP															0.937	1		0.9685	2015	1	UNESCO Institute for Statistics Education Data Release May 2017	C
2017.Q2.G.01	SE_PRM_GPITCH	Gender parity index of teachers in primary education who are trained	499	19.25214024	42.78717043	MNE	Montenegro	1	ALLAGE	ANNUAL	ALLAREA	BOTHSEX	Ratio	MP																						
2017.Q2.G.01	SE_PRM_GPITCH	Gender parity index of teachers in primary education who are trained	500	-62.19261223	16.73558313	MSR	Montserrat	1	ALLAGE	ANNUAL	ALLAREA	BOTHSEX	Ratio	MP	1	0.94444	0.90909																2002	0.90909	UNESCO Institute for Statistics Education Data Release May 2017	C
2017.Q2.G.01	SE_PRM_GPITCH	Gender parity index of teachers in primary education who are trained	504	-6.281942841	31.8440131	MAR	Morocco	1	ALLAGE	ANNUAL	ALLAREA	BOTHSEX	Ratio	MP						1		1	1	1	1	1	1	1	1	1		1	2015	1	UNESCO Institute for Statistics Education Data Release May 2017	C
2017.Q2.G.01	SE_PRM_GPITCH	Gender parity index of teachers in primary education who are trained	508	38.18479941	-14.27963886	MOZ	Mozambique	1	ALLAGE	ANNUAL	ALLAREA	BOTHSEX	Ratio	MP						1.19077	1.51512	1.19115	1.1469	1.14967	1.12533	1.10967	1.07997	1.06071	1.04534	1.03108		1.054275	2015	1.03108	UNESCO Institute for Statistics Education Data Release May 2017	C
2017.Q2.G.01	SE_PRM_GPITCH	Gender parity index of teachers in primary education who are trained	512	57.87743482	21.98805614	OMN	Oman	1	ALLAGE	ANNUAL	ALLAREA	BOTHSEX	Ratio	MP	0.99585	0.99954																	2001	0.99954	UNESCO Institute for Statistics Education Data Release May 2017	C
2017.Q2.G.01	SE_PRM_GPITCH	Gender parity index of teachers in primary education who are trained	516	17.21907885	-22.13817068	NAM	Namibia	1	ALLAGE	ANNUAL	ALLAREA	BOTHSEX	Ratio	MP		1.03659				1.16537				1.01813	1.0175								2010	1.0175	UNESCO Institute for Statistics Education Data Release May 2017	C
2017.Q2.G.01	SE_PRM_GPITCH	Gender parity index of teachers in primary education who are trained	520	166.92313	-0.528742623	NRU	Nauru	1	ALLAGE	ANNUAL	ALLAREA	BOTHSEX	Ratio	MP								1.53571											2007	1.53571	UNESCO Institute for Statistics Education Data Release May 2017	C
2017.Q2.G.01	SE_PRM_GPITCH	Gender parity index of teachers in primary education who are trained	524	83.94678863	28.25866332	NPL	Nepal	1	ALLAGE	ANNUAL	ALLAREA	BOTHSEX	Ratio	MP		0.84935	0.78902	0.77887	0.80123	0.84493		0.89537	0.98292		0.973	0.98133	0.99543	0.99493	0.99115	0.9945	1.00402	0.996006	2016	1.00402	UNESCO Institute for Statistics Education Data Release May 2017	C
2017.Q2.G.01	SE_PRM_GPITCH	Gender parity index of teachers in primary education who are trained	528	5.331480568	51.86728884	NLD	Netherlands	1	ALLAGE	ANNUAL	ALLAREA	BOTHSEX	Ratio	MP																						
2017.Q2.G.01	SE_PRM_GPITCH	Gender parity index of teachers in primary education who are trained	530	-68.30676179	12.22720635	ANT	Netherlands Antilles	1	ALLAGE	ANNUAL	ALLAREA	BOTHSEX	Ratio	MP																						
2017.Q2.G.01	SE_PRM_GPITCH	Gender parity index of teachers in primary education who are trained	531	-68.95033464	12.15058042	CUW	Curaçao	1	ALLAGE	ANNUAL	ALLAREA	BOTHSEX	Ratio	MP																						
2017.Q2.G.01	SE_PRM_GPITCH	Gender parity index of teachers in primary education who are trained	533	-69.97050586	12.50878756	ABW	Aruba	1	ALLAGE	ANNUAL	ALLAREA	BOTHSEX	Ratio	MP	1	1	1		1	1	1.02941	1	1.03061	1.0102	1	1.01099	1.01997					1.01997	2012	1.01997	UNESCO Institute for Statistics Education Data Release May 2017	C
2017.Q2.G.01	SE_PRM_GPITCH	Gender parity index of teachers in primary education who are trained	534	-63.06198692	18.03926508	SXM	Sint Maarten (Dutch part)	1	ALLAGE	ANNUAL	ALLAREA	BOTHSEX	Ratio	MP																						
2017.Q2.G.01	SE_PRM_GPITCH	Gender parity index of teachers in primary education who are trained	540	165.5067368	-21.41742531	NCL	New Caledonia	1	ALLAGE	ANNUAL	ALLAREA	BOTHSEX	Ratio	MP																						
2017.Q2.G.01	SE_PRM_GPITCH	Gender parity index of teachers in primary education who are trained	548	167.0679779	-15.34445547	VUT	Vanuatu	1	ALLAGE	ANNUAL	ALLAREA	BOTHSEX	Ratio	MP																1.13136		1.13136	2015	1.13136	UNESCO Institute for Statistics Education Data Release May 2017	C
2017.Q2.G.01	SE_PRM_GPITCH	Gender parity index of teachers in primary education who are trained	554	170.4755673	-43.98721568	NZL	New Zealand	1	ALLAGE	ANNUAL	ALLAREA	BOTHSEX	Ratio	MP																						
2017.Q2.G.01	SE_PRM_GPITCH	Gender parity index of teachers in primary education who are trained	558	-85.03060315	12.84210839	NIC	Nicaragua	1	ALLAGE	ANNUAL	ALLAREA	BOTHSEX	Ratio	MP	1.4337	1.43839	1.49255		1.51779	1.42327	1.33099	1.23749	1.3398		1.29253								2010	1.29253	UNESCO Institute for Statistics Education Data Release May 2017	C
2017.Q2.G.01	SE_PRM_GPITCH	Gender parity index of teachers in primary education who are trained	562	9.400167877	17.42143036	NER	Niger	1	ALLAGE	ANNUAL	ALLAREA	BOTHSEX	Ratio	MP	0.99802	0.96764	0.93069	0.97118	0.93535		1.00749	1.00518	1.00544	1.01261	1.0116	1.0122	1.01212	0.87559	1.15841	1.19229		1.0596025	2015	1.19229	UNESCO Institute for Statistics Education Data Release May 2017	C
2017.Q2.G.01	SE_PRM_GPITCH	Gender parity index of teachers in primary education who are trained	566	8.097363256	9.585789025	NGA	Nigeria	1	ALLAGE	ANNUAL	ALLAREA	BOTHSEX	Ratio	MP				1.18198	1.55886	1.55489	1.51673				1.17491								2010	1.17491	UNESCO Institute for Statistics Education Data Release May 2017	C
2017.Q2.G.01	SE_PRM_GPITCH	Gender parity index of teachers in primary education who are trained	570	-169.8601693	-19.05000475	NIU	Niue	1	ALLAGE	ANNUAL	ALLAREA	BOTHSEX	Ratio	MP																						
2017.Q2.G.01	SE_PRM_GPITCH	Gender parity index of teachers in primary education who are trained	574	167.9515548	-29.03230018	NFK	Norfolk Island	1	ALLAGE	ANNUAL	ALLAREA	BOTHSEX	Ratio	MP																						
2017.Q2.G.01	SE_PRM_GPITCH	Gender parity index of teachers in primary education who are trained	578	11.47846389	61.34311134	NOR	Norway	1	ALLAGE	ANNUAL	ALLAREA	BOTHSEX	Ratio	MP																						
2017.Q2.G.01	SE_PRM_GPITCH	Gender parity index of teachers in primary education who are trained	580	145.7582114	15.19099517	MNP	Northern Mariana Islands	1	ALLAGE	ANNUAL	ALLAREA	BOTHSEX	Ratio	MP																						
2017.Q2.G.01	SE_PRM_GPITCH	Gender parity index of teachers in primary education who are trained	581	-162.4343752	5.874443968	UMI	US Minor Outlying Islands	1	ALLAGE	ANNUAL	ALLAREA	BOTHSEX	Ratio	MP																						
2017.Q2.G.01	SE_PRM_GPITCH	Gender parity index of teachers in primary education who are trained	583	158.225216	6.880670092	FSM	Micronesia, Federated States of	1	ALLAGE	ANNUAL	ALLAREA	BOTHSEX	Ratio	MP																						
2017.Q2.G.01	SE_PRM_GPITCH	Gender parity index of teachers in primary education who are trained	584	171.0839119	7.110213497	MHL	Marshall Islands	1	ALLAGE	ANNUAL	ALLAREA	BOTHSEX	Ratio	MP																						
2017.Q2.G.01	SE_PRM_GPITCH	Gender parity index of teachers in primary education who are trained	585	134.5733878	7.502307591	PLW	Palau	1	ALLAGE	ANNUAL	ALLAREA	BOTHSEX	Ratio	MP																	1.76136	1.76136	2016	1.76136	UNESCO Institute for Statistics Education Data Release May 2017	C
2017.Q2.G.01	SE_PRM_GPITCH	Gender parity index of teachers in primary education who are trained	586	68.80479684	29.36491634	PAK	Pakistan	1	ALLAGE	ANNUAL	ALLAREA	BOTHSEX	Ratio	MP					0.70104	0.8071	0.81442	0.82079	0.83049	0.82694	0.83672	0.81068	0.81338	0.81573	0.7969	0.78751		0.80338	2015	0.78751	UNESCO Institute for Statistics Education Data Release May 2017	C
2017.Q2.G.01	SE_PRM_GPITCH	Gender parity index of teachers in primary education who are trained	591	-81.26616623	8.450965746	PAN	Panama	1	ALLAGE	ANNUAL	ALLAREA	BOTHSEX	Ratio	MP	0.89814	0.92214	0.90583		0.90495	0.96021	0.9594	0.9637	0.97106	0.96362	0.96897	0.9776	0.96395		0.79647			0.88021	2014	0.79647	UNESCO Institute for Statistics Education Data Release May 2017	C
2017.Q2.G.01	SE_PRM_GPITCH	Gender parity index of teachers in primary education who are trained	598	145.8587761	-6.756057077	PNG	Papua New Guinea	1	ALLAGE	ANNUAL	ALLAREA	BOTHSEX	Ratio	MP													1					1	2012	1	UNESCO Institute for Statistics Education Data Release May 2017	C
2017.Q2.G.01	SE_PRM_GPITCH	Gender parity index of teachers in primary education who are trained	600	-60.54854225	-21.70216237	PRY	Paraguay	1	ALLAGE	ANNUAL	ALLAREA	BOTHSEX	Ratio	MP													1.02734					1.02734	2012	1.02734	UNESCO Institute for Statistics Education Data Release May 2017	C
2017.Q2.G.01	SE_PRM_GPITCH	Gender parity index of teachers in primary education who are trained	604	-71.82093277	-13.58939705	PER	Peru	1	ALLAGE	ANNUAL	ALLAREA	BOTHSEX	Ratio	MP																						
2017.Q2.G.01	SE_PRM_GPITCH	Gender parity index of teachers in primary education who are trained	608	120.8601418	14.16591706	PHL	Philippines	1	ALLAGE	ANNUAL	ALLAREA	BOTHSEX	Ratio	MP														1				1	2013	1	UNESCO Institute for Statistics Education Data Release May 2017	C
2017.Q2.G.01	SE_PRM_GPITCH	Gender parity index of teachers in primary education who are trained	612	-128.3225873	-24.37538456	PCN	Pitcairn	1	ALLAGE	ANNUAL	ALLAREA	BOTHSEX	Ratio	MP																						
2017.Q2.G.01	SE_PRM_GPITCH	Gender parity index of teachers in primary education who are trained	616	19.40660158	52.1226733	POL	Poland	1	ALLAGE	ANNUAL	ALLAREA	BOTHSEX	Ratio	MP																						
2017.Q2.G.01	SE_PRM_GPITCH	Gender parity index of teachers in primary education who are trained	620	-7.961599811	39.68509315	PRT	Portugal	1	ALLAGE	ANNUAL	ALLAREA	BOTHSEX	Ratio	MP																						
2017.Q2.G.01	SE_PRM_GPITCH	Gender parity index of teachers in primary education who are trained	624	-14.40182514	12.11760394	GNB	Guinea-Bissau	1	ALLAGE	ANNUAL	ALLAREA	BOTHSEX	Ratio	MP	1.27328										1.75694								2010	1.75694	UNESCO Institute for Statistics Education Data Release May 2017	C
2017.Q2.G.01	SE_PRM_GPITCH	Gender parity index of teachers in primary education who are trained	626	125.9451052	-8.797497247	TLS	Timor-Leste	1	ALLAGE	ANNUAL	ALLAREA	BOTHSEX	Ratio	MP																						
2017.Q2.G.01	SE_PRM_GPITCH	Gender parity index of teachers in primary education who are trained	630	-66.47591017	18.22753799	PRI	Puerto Rico	1	ALLAGE	ANNUAL	ALLAREA	BOTHSEX	Ratio	MP															1			1	2014	1	UNESCO Institute for Statistics Education Data Release May 2017	C
2017.Q2.G.01	SE_PRM_GPITCH	Gender parity index of teachers in primary education who are trained	634	51.19152467	25.28355379	QAT	Qatar	1	ALLAGE	ANNUAL	ALLAREA	BOTHSEX	Ratio	MP									1.29227	0.67979									2009	0.67979	UNESCO Institute for Statistics Education Data Release May 2017	C
2017.Q2.G.01	SE_PRM_GPITCH	Gender parity index of teachers in primary education who are trained	638	55.53171398	-21.13183266	REU	Réunion	1	ALLAGE	ANNUAL	ALLAREA	BOTHSEX	Ratio	MP																						
2017.Q2.G.01	SE_PRM_GPITCH	Gender parity index of teachers in primary education who are trained	642	24.98481009	45.83893563	ROU	Romania	1	ALLAGE	ANNUAL	ALLAREA	BOTHSEX	Ratio	MP																						
2017.Q2.G.01	SE_PRM_GPITCH	Gender parity index of teachers in primary education who are trained	643	99.01404926	61.61899849	RUS	Russian Federation	1	ALLAGE	ANNUAL	ALLAREA	BOTHSEX	Ratio	MP																						
2017.Q2.G.01	SE_PRM_GPITCH	Gender parity index of teachers in primary education who are trained	646	29.92310194	-1.999842114	RWA	Rwanda	1	ALLAGE	ANNUAL	ALLAREA	BOTHSEX	Ratio	MP	0.9717	1.01976	1.0096	1.01882	1.07475	1.00369	1.00001	1.00771	1.07559	0.96448	1.02284	1.01762	0.96895	1.00378	1.00633	1.01195		0.9977525	2015	1.01195	UNESCO Institute for Statistics Education Data Release May 2017	C
2017.Q2.G.01	SE_PRM_GPITCH	Gender parity index of teachers in primary education who are trained	652	-62.83173536	17.89513362	BLM	Saint Barthélemy	1	ALLAGE	ANNUAL	ALLAREA	BOTHSEX	Ratio	MP																						
2017.Q2.G.01	SE_PRM_GPITCH	Gender parity index of teachers in primary education who are trained	654	-5.705752501	-15.96503946	SHN	Saint Helena	1	ALLAGE	ANNUAL	ALLAREA	BOTHSEX	Ratio	MP																						
2017.Q2.G.01	SE_PRM_GPITCH	Gender parity index of teachers in primary education who are trained	659	-62.76628613	17.33994219	KNA	Saint Kitts and Nevis	1	ALLAGE	ANNUAL	ALLAREA	BOTHSEX	Ratio	MP		1.02098	0.87906	1.02503	0.98914	0.85437				1.37468	1.45964	1.15205	1.19631	1.19631	1.1542	1.17973		1.1816375	2015	1.17973	UNESCO Institute for Statistics Education Data Release May 2017	C
2017.Q2.G.01	SE_PRM_GPITCH	Gender parity index of teachers in primary education who are trained	660	-63.05651612	18.21525315	AIA	Anguilla	1	ALLAGE	ANNUAL	ALLAREA	BOTHSEX	Ratio	MP	1.04348	1.03286	1.03636		1.75	3.69048	4.04819	2.77174	1.65534	4.07767	2.19231	6.3253							2011	6.3253	UNESCO Institute for Statistics Education Data Release May 2017	C
2017.Q2.G.01	SE_PRM_GPITCH	Gender parity index of teachers in primary education who are trained	662	-60.96529553	13.89405601	LCA	Saint Lucia	1	ALLAGE	ANNUAL	ALLAREA	BOTHSEX	Ratio	MP		1.14422		0.80616	1.05753	1.11367	0.78554	1.03796	1.23995	1.07053	1.07065	1.16754	1.20918	1.18814	1.09192			1.16308	2014	1.09192	UNESCO Institute for Statistics Education Data Release May 2017	C
2017.Q2.G.01	SE_PRM_GPITCH	Gender parity index of teachers in primary education who are trained	663	-63.04505461	18.0882685	MAF	Saint Martin (French Part)	1	ALLAGE	ANNUAL	ALLAREA	BOTHSEX	Ratio	MP																						
2017.Q2.G.01	SE_PRM_GPITCH	Gender parity index of teachers in primary education who are trained	666	-56.33682442	46.85812735	SPM	Saint Pierre and Miquelon	1	ALLAGE	ANNUAL	ALLAREA	BOTHSEX	Ratio	MP																						
2017.Q2.G.01	SE_PRM_GPITCH	Gender parity index of teachers in primary education who are trained	670	-61.19024321	13.24627968	VCT	Saint Vincent and the Grenadines	1	ALLAGE	ANNUAL	ALLAREA	BOTHSEX	Ratio	MP		1.17472	1.11632	1.19011	1.13352			1.15837		1.16966	1.14609		1.22184	1.23387	1.14656	1.11035		1.178155	2015	1.11035	UNESCO Institute for Statistics Education Data Release May 2017	C
2017.Q2.G.01	SE_PRM_GPITCH	Gender parity index of teachers in primary education who are trained	674	12.46329038	43.93841766	SMR	San Marino	1	ALLAGE	ANNUAL	ALLAREA	BOTHSEX	Ratio	MP																						
2017.Q2.G.01	SE_PRM_GPITCH	Gender parity index of teachers in primary education who are trained	678	6.609772265	0.241554875	STP	Sao Tome and Principe	1	ALLAGE	ANNUAL	ALLAREA	BOTHSEX	Ratio	MP										1.05234					1.06321	1.09689	1.39731	1.18580333333333	2016	1.39731	UNESCO Institute for Statistics Education Data Release May 2017	C
2017.Q2.G.01	SE_PRM_GPITCH	Gender parity index of teachers in primary education who are trained	682	44.54763347	24.12594211	SAU	Saudi Arabia	1	ALLAGE	ANNUAL	ALLAREA	BOTHSEX	Ratio	MP								0.90107						1	1	1		1	2015	1	UNESCO Institute for Statistics Education Data Release May 2017	C
2017.Q2.G.01	SE_PRM_GPITCH	Gender parity index of teachers in primary education who are trained	686	-14.46636926	14.35920905	SEN	Senegal	1	ALLAGE	ANNUAL	ALLAREA	BOTHSEX	Ratio	MP				1.01119	0.96414	0.88578		0.77485	0.76728	0.73983	0.78459		0.93479	0.91619	0.91394	0.93033		0.9238125	2015	0.93033	UNESCO Institute for Statistics Education Data Release May 2017	C
2017.Q2.G.01	SE_PRM_GPITCH	Gender parity index of teachers in primary education who are trained	688	20.805876	44.03145697	SRB	Serbia	1	ALLAGE	ANNUAL	ALLAREA	BOTHSEX	Ratio	MP								1				1.64612	1.70512					1.70512	2012	1.70512	UNESCO Institute for Statistics Education Data Release May 2017	C
2017.Q2.G.01	SE_PRM_GPITCH	Gender parity index of teachers in primary education who are trained	690	55.46561591	-4.678053059	SYC	Seychelles	1	ALLAGE	ANNUAL	ALLAREA	BOTHSEX	Ratio	MP	1.0995			1.19143									1.04614	1.24147	1.06489	1.08756		1.110015	2015	1.08756	UNESCO Institute for Statistics Education Data Release May 2017	C
2017.Q2.G.01	SE_PRM_GPITCH	Gender parity index of teachers in primary education who are trained	694	-11.78306584	8.568604164	SLE	Sierra Leone	1	ALLAGE	ANNUAL	ALLAREA	BOTHSEX	Ratio	MP												1.51304	1.38798	1.30816		1.39129		1.36247666666667	2015	1.39129	UNESCO Institute for Statistics Education Data Release May 2017	C
2017.Q2.G.01	SE_PRM_GPITCH	Gender parity index of teachers in primary education who are trained	702	103.8107883	1.361009155	SGP	Singapore	1	ALLAGE	ANNUAL	ALLAREA	BOTHSEX	Ratio	MP								1.02873	1.00341	1.01533									2009	1.01533	UNESCO Institute for Statistics Education Data Release May 2017	C
2017.Q2.G.01	SE_PRM_GPITCH	Gender parity index of teachers in primary education who are trained	703	19.48495604	48.70741446	SVK	Slovakia	1	ALLAGE	ANNUAL	ALLAREA	BOTHSEX	Ratio	MP																						
2017.Q2.G.01	SE_PRM_GPITCH	Gender parity index of teachers in primary education who are trained	704	105.802499	10.09643079	VNM	Viet Nam	1	ALLAGE	ANNUAL	ALLAREA	BOTHSEX	Ratio	MP	1.09632	1.07285	1.00001				1.03251	1.04665	1.05923	1.00562	1.00571	0.99889	0.99816		1	0.99999		0.999383333333333	2015	0.99999	UNESCO Institute for Statistics Education Data Release May 2017	C
2017.Q2.G.01	SE_PRM_GPITCH	Gender parity index of teachers in primary education who are trained	705	14.82209486	46.11958061	SVN	Slovenia	1	ALLAGE	ANNUAL	ALLAREA	BOTHSEX	Ratio	MP																						
2017.Q2.G.01	SE_PRM_GPITCH	Gender parity index of teachers in primary education who are trained	706	46.20367477	4.406485729	SOM	Somalia	1	ALLAGE	ANNUAL	ALLAREA	BOTHSEX	Ratio	MP																						
2017.Q2.G.01	SE_PRM_GPITCH	Gender parity index of teachers in primary education who are trained	710	24.67184355	-29.99957544	ZAF	South Africa	1	ALLAGE	ANNUAL	ALLAREA	BOTHSEX	Ratio	MP	1.12847	1.1479	0.86637																2002	0.86637	UNESCO Institute for Statistics Education Data Release May 2017	E
2017.Q2.G.01	SE_PRM_GPITCH	Gender parity index of teachers in primary education who are trained	716	29.86909584	-19.00075492	ZWE	Zimbabwe	1	ALLAGE	ANNUAL	ALLAREA	BOTHSEX	Ratio	MP													1.11019	1.05023				1.08021	2013	1.05023	UNESCO Institute for Statistics Education Data Release May 2017	C
2017.Q2.G.01	SE_PRM_GPITCH	Gender parity index of teachers in primary education who are trained	724	-3.554078296	40.39211472	ESP	Spain	1	ALLAGE	ANNUAL	ALLAREA	BOTHSEX	Ratio	MP																						
2017.Q2.G.01	SE_PRM_GPITCH	Gender parity index of teachers in primary education who are trained	728	30.32618773	7.290839152	SSD	South Sudan	1	ALLAGE	ANNUAL	ALLAREA	BOTHSEX	Ratio	MP																						
2017.Q2.G.01	SE_PRM_GPITCH	Gender parity index of teachers in primary education who are trained	732	-13.13515523	24.66265342	ESH	Western Sahara	1	ALLAGE	ANNUAL	ALLAREA	BOTHSEX	Ratio	MP																						
2017.Q2.G.01	SE_PRM_GPITCH	Gender parity index of teachers in primary education who are trained	736	29.95650159	16.02643066	SDN	Sudan	1	ALLAGE	ANNUAL	ALLAREA	BOTHSEX	Ratio	MP																						
2017.Q2.G.01	SE_PRM_GPITCH	Gender parity index of teachers in primary education who are trained	740	-55.90626394	4.132603197	SUR	Suriname	1	ALLAGE	ANNUAL	ALLAREA	BOTHSEX	Ratio	MP									1	1	0.86255	0.78292		0.52124	0.46985	0.43857		0.476553333333333	2015	0.43857	UNESCO Institute for Statistics Education Data Release May 2017	C
2017.Q2.G.01	SE_PRM_GPITCH	Gender parity index of teachers in primary education who are trained	744	13.38071013	78.82894131	SJM	Svalbard and Jan Mayen Islands	1	ALLAGE	ANNUAL	ALLAREA	BOTHSEX	Ratio	MP																						
2017.Q2.G.01	SE_PRM_GPITCH	Gender parity index of teachers in primary education who are trained	748	31.50149288	-26.56471011	SWZ	Swaziland	1	ALLAGE	ANNUAL	ALLAREA	BOTHSEX	Ratio	MP	1.0348		1.02237	0.99819	1.02955	1.02434	1.01827			1.04857	1.04373	1.04776	1.09331	1.04827	1.04017			1.06058333333333	2014	1.04017	UNESCO Institute for Statistics Education Data Release May 2017	C
2017.Q2.G.01	SE_PRM_GPITCH	Gender parity index of teachers in primary education who are trained	752	14.3775338	60.60103109	SWE	Sweden	1	ALLAGE	ANNUAL	ALLAREA	BOTHSEX	Ratio	MP																						
2017.Q2.G.01	SE_PRM_GPITCH	Gender parity index of teachers in primary education who are trained	756	8.223158	46.96617097	CHE	Switzerland	1	ALLAGE	ANNUAL	ALLAREA	BOTHSEX	Ratio	MP																						
2017.Q2.G.01	SE_PRM_GPITCH	Gender parity index of teachers in primary education who are trained	760	38.50466565	35.01676176	SYR	Syrian Arab Republic (Syria)	1	ALLAGE	ANNUAL	ALLAREA	BOTHSEX	Ratio	MP		1.02347																	2001	1.02347	UNESCO Institute for Statistics Education Data Release May 2017	C
2017.Q2.G.01	SE_PRM_GPITCH	Gender parity index of teachers in primary education who are trained	762	69.294998	38.43069666	TJK	Tajikistan	1	ALLAGE	ANNUAL	ALLAREA	BOTHSEX	Ratio	MP											0.96618	0.99682	0.99533	0.99416	1	1	1	0.997898	2016	1	UNESCO Institute for Statistics Education Data Release May 2017	C
2017.Q2.G.01	SE_PRM_GPITCH	Gender parity index of teachers in primary education who are trained	764	101.0202951	15.13089239	THA	Thailand	1	ALLAGE	ANNUAL	ALLAREA	BOTHSEX	Ratio	MP																1		1	2015	1	UNESCO Institute for Statistics Education Data Release May 2017	C
2017.Q2.G.01	SE_PRM_GPITCH	Gender parity index of teachers in primary education who are trained	768	0.97835765	8.532096072	TGO	Togo	1	ALLAGE	ANNUAL	ALLAREA	BOTHSEX	Ratio	MP											0.96174	0.9438	0.94787	0.89572		0.94527		0.92962	2015	0.94527	UNESCO Institute for Statistics Education Data Release May 2017	C
2017.Q2.G.01	SE_PRM_GPITCH	Gender parity index of teachers in primary education who are trained	772	-171.8154473	-9.214545558	TKL	Tokelau	1	ALLAGE	ANNUAL	ALLAREA	BOTHSEX	Ratio	MP																						
2017.Q2.G.01	SE_PRM_GPITCH	Gender parity index of teachers in primary education who are trained	776	-175.1959991	-21.19511329	TON	Tonga	1	ALLAGE	ANNUAL	ALLAREA	BOTHSEX	Ratio	MP														1.00082	0.99098			0.9959	2014	0.99098	UNESCO Institute for Statistics Education Data Release May 2017	C
2017.Q2.G.01	SE_PRM_GPITCH	Gender parity index of teachers in primary education who are trained	780	-61.29389504	10.41877263	TTO	Trinidad and Tobago	1	ALLAGE	ANNUAL	ALLAREA	BOTHSEX	Ratio	MP	0.96434	0.97396	1.00009	1.04566	1.16478			0.91207		1.62477									2009	1.62477	UNESCO Institute for Statistics Education Data Release May 2017	CA
2017.Q2.G.01	SE_PRM_GPITCH	Gender parity index of teachers in primary education who are trained	784	53.98279159	23.43322219	ARE	United Arab Emirates	1	ALLAGE	ANNUAL	ALLAREA	BOTHSEX	Ratio	MP					0.84677	0.84976							1	1	1	1		1	2015	1	UNESCO Institute for Statistics Education Data Release May 2017	C
2017.Q2.G.01	SE_PRM_GPITCH	Gender parity index of teachers in primary education who are trained	788	9.572737411	34.11439971	TUN	Tunisia	1	ALLAGE	ANNUAL	ALLAREA	BOTHSEX	Ratio	MP													1	1	1	1		1	2015	1	UNESCO Institute for Statistics Education Data Release May 2017	C
2017.Q2.G.01	SE_PRM_GPITCH	Gender parity index of teachers in primary education who are trained	792	35.42890329	38.9899684	TUR	Turkey	1	ALLAGE	ANNUAL	ALLAREA	BOTHSEX	Ratio	MP																						
2017.Q2.G.01	SE_PRM_GPITCH	Gender parity index of teachers in primary education who are trained	795	58.9787665	40.0912346	TKM	Turkmenistan	1	ALLAGE	ANNUAL	ALLAREA	BOTHSEX	Ratio	MP																						
2017.Q2.G.01	SE_PRM_GPITCH	Gender parity index of teachers in primary education who are trained	796	-71.745121	21.80780585	TCA	Turks and Caicos Islands	1	ALLAGE	ANNUAL	ALLAREA	BOTHSEX	Ratio	MP		0.94907	0.88599	0.88599															2003	0.88599	UNESCO Institute for Statistics Education Data Release May 2017	E
2017.Q2.G.01	SE_PRM_GPITCH	Gender parity index of teachers in primary education who are trained	798	178.6679611	-7.460048071	TUV	Tuvalu	1	ALLAGE	ANNUAL	ALLAREA	BOTHSEX	Ratio	MP																						
2017.Q2.G.01	SE_PRM_GPITCH	Gender parity index of teachers in primary education who are trained	800	32.39100438	1.279557331	UGA	Uganda	1	ALLAGE	ANNUAL	ALLAREA	BOTHSEX	Ratio	MP			1.05444		1.05439	1.01805		1.01627	0.98873			0.88175							2011	0.88175	UNESCO Institute for Statistics Education Data Release May 2017	E
2017.Q2.G.01	SE_PRM_GPITCH	Gender parity index of teachers in primary education who are trained	804	31.40270802	49.00735945	UKR	Ukraine	1	ALLAGE	ANNUAL	ALLAREA	BOTHSEX	Ratio	MP																						
2017.Q2.G.01	SE_PRM_GPITCH	Gender parity index of teachers in primary education who are trained	807	21.7007909	41.60048068	MKD	Macedonia, Republic of	1	ALLAGE	ANNUAL	ALLAREA	BOTHSEX	Ratio	MP																						
2017.Q2.G.01	SE_PRM_GPITCH	Gender parity index of teachers in primary education who are trained	818	29.77468534	26.57438204	EGY	Egypt	1	ALLAGE	ANNUAL	ALLAREA	BOTHSEX	Ratio	MP														1.07874	1.08456			1.08165	2014	1.08456	UNESCO Institute for Statistics Education Data Release May 2017	C
2017.Q2.G.01	SE_PRM_GPITCH	Gender parity index of teachers in primary education who are trained	826	-2.23830539	53.27691757	GBR	United Kingdom	1	ALLAGE	ANNUAL	ALLAREA	BOTHSEX	Ratio	MP																						
2017.Q2.G.01	SE_PRM_GPITCH	Gender parity index of teachers in primary education who are trained	831	-2.200712402	49.71561166	GGY	Guernsey	1	ALLAGE	ANNUAL	ALLAREA	BOTHSEX	Ratio	MP																						
2017.Q2.G.01	SE_PRM_GPITCH	Gender parity index of teachers in primary education who are trained	832	-2.136773508	49.22353354	JEY	Jersey	1	ALLAGE	ANNUAL	ALLAREA	BOTHSEX	Ratio	MP																						
2017.Q2.G.01	SE_PRM_GPITCH	Gender parity index of teachers in primary education who are trained	833	-4.538190305	54.22880901	IMN	Isle of Man	1	ALLAGE	ANNUAL	ALLAREA	BOTHSEX	Ratio	MP																						
2017.Q2.G.01	SE_PRM_GPITCH	Gender parity index of teachers in primary education who are trained	834	34.80521182	-6.265332606	TZA	Tanzania, United Republic of	1	ALLAGE	ANNUAL	ALLAREA	BOTHSEX	Ratio	MP		1	1		1	1	1	1		1	1.02536		1.00622	1.00252				1.00437	2013	1.00252	UNESCO Institute for Statistics Education Data Release May 2017	C
2017.Q2.G.01	SE_PRM_GPITCH	Gender parity index of teachers in primary education who are trained	840	-99.13830311	39.5277871	USA	United States of America	1	ALLAGE	ANNUAL	ALLAREA	BOTHSEX	Ratio	MP																						
2017.Q2.G.01	SE_PRM_GPITCH	Gender parity index of teachers in primary education who are trained	850	-64.76960113	17.73297693	VIR	United States Virgin Islands	1	ALLAGE	ANNUAL	ALLAREA	BOTHSEX	Ratio	MP																						
2017.Q2.G.01	SE_PRM_GPITCH	Gender parity index of teachers in primary education who are trained	854	-1.742843829	12.27491081	BFA	Burkina Faso	1	ALLAGE	ANNUAL	ALLAREA	BOTHSEX	Ratio	MP		1.01515		1.04897	1.0381	1.05013	1.0609	1.06296	1.06326	1.08768			1.05881	1.08243		1.08951		1.07691666666667	2015	1.08951	UNESCO Institute for Statistics Education Data Release May 2017	C
2017.Q2.G.01	SE_PRM_GPITCH	Gender parity index of teachers in primary education who are trained	858	-56.01387025	-32.8002838	URY	Uruguay	1	ALLAGE	ANNUAL	ALLAREA	BOTHSEX	Ratio	MP																						
2017.Q2.G.01	SE_PRM_GPITCH	Gender parity index of teachers in primary education who are trained	860	63.11944558	41.77560518	UZB	Uzbekistan	1	ALLAGE	ANNUAL	ALLAREA	BOTHSEX	Ratio	MP							1	1	1	1	1	1							2011	1	UNESCO Institute for Statistics Education Data Release May 2017	C
2017.Q2.G.01	SE_PRM_GPITCH	Gender parity index of teachers in primary education who are trained	862	-66.15642084	7.121324748	VEN	Venezuela (Bolivarian Republic)	1	ALLAGE	ANNUAL	ALLAREA	BOTHSEX	Ratio	MP																						
2017.Q2.G.01	SE_PRM_GPITCH	Gender parity index of teachers in primary education who are trained	876	-176.2034788	-13.28471201	WLF	Wallis and Futuna Islands	1	ALLAGE	ANNUAL	ALLAREA	BOTHSEX	Ratio	MP																						
2017.Q2.G.01	SE_PRM_GPITCH	Gender parity index of teachers in primary education who are trained	882	-172.4430749	-13.61541469	WSM	Samoa	1	ALLAGE	ANNUAL	ALLAREA	BOTHSEX	Ratio	MP																						
2017.Q2.G.01	SE_PRM_GPITCH	Gender parity index of teachers in primary education who are trained	887	45.22389143	15.22242099	YEM	Yemen	1	ALLAGE	ANNUAL	ALLAREA	BOTHSEX	Ratio	MP																						
2017.Q2.G.01	SE_PRM_GPITCH	Gender parity index of teachers in primary education who are trained	894	27.850329	-14.59701056	ZMB	Zambia	1	ALLAGE	ANNUAL	ALLAREA	BOTHSEX	Ratio	MP													1.0692					1.0692	2012	1.0692	UNESCO Institute for Statistics Education Data Release May 2017	E
