series.release	series.code	series.description	geoAreaCode	X	Y	ISO3CD	geoAreaName	sliceId	Freq	Units	2012	latest.year	latest.value	latest.source	latest.nature
2017.Q2.G.01	SH_AAP_ASMORT	Age-standardized mortality rate attributed to ambient air pollution, total (deaths per 100,000 population)	4	66.02688198	33.83160199	AFG	Afghanistan	1	ANNUAL	PER_100000_POP	80.940552	2012	80.940552	Global Health Observatory (GHO), World Health Organisation (WHO)	E
2017.Q2.G.01	SH_AAP_ASMORT	Age-standardized mortality rate attributed to ambient air pollution, total (deaths per 100,000 population)	8	20.06660928	41.13897007	ALB	Albania	1	ANNUAL	PER_100000_POP	46.885342	2012	46.885342	Global Health Observatory (GHO), World Health Organisation (WHO)	E
2017.Q2.G.01	SH_AAP_ASMORT	Age-standardized mortality rate attributed to ambient air pollution, total (deaths per 100,000 population)	10	21.47585697	-80.40897662	ATA	Antarctica	1	ANNUAL	PER_100000_POP					
2017.Q2.G.01	SH_AAP_ASMORT	Age-standardized mortality rate attributed to ambient air pollution, total (deaths per 100,000 population)	12	2.678164227	28.15940032	DZA	Algeria	1	ANNUAL	PER_100000_POP	40.624538	2012	40.624538	Global Health Observatory (GHO), World Health Organisation (WHO)	E
2017.Q2.G.01	SH_AAP_ASMORT	Age-standardized mortality rate attributed to ambient air pollution, total (deaths per 100,000 population)	16	-170.7187269	-14.30587306	ASM	American Samoa	1	ANNUAL	PER_100000_POP					
2017.Q2.G.01	SH_AAP_ASMORT	Age-standardized mortality rate attributed to ambient air pollution, total (deaths per 100,000 population)	20	1.576257417	42.54548611	AND	Andorra	1	ANNUAL	PER_100000_POP	11.827252	2012	11.827252	Global Health Observatory (GHO), World Health Organisation (WHO)	E
2017.Q2.G.01	SH_AAP_ASMORT	Age-standardized mortality rate attributed to ambient air pollution, total (deaths per 100,000 population)	24	17.57817062	-12.33724746	AGO	Angola	1	ANNUAL	PER_100000_POP	51.359486	2012	51.359486	Global Health Observatory (GHO), World Health Organisation (WHO)	E
2017.Q2.G.01	SH_AAP_ASMORT	Age-standardized mortality rate attributed to ambient air pollution, total (deaths per 100,000 population)	28	-61.7999755	17.07761471	ATG	Antigua and Barbuda	1	ANNUAL	PER_100000_POP	20.195124	2012	20.195124	Global Health Observatory (GHO), World Health Organisation (WHO)	E
2017.Q2.G.01	SH_AAP_ASMORT	Age-standardized mortality rate attributed to ambient air pollution, total (deaths per 100,000 population)	31	50.01064725	40.39229544	AZE	Azerbaijan	1	ANNUAL	PER_100000_POP	56.593773	2012	56.593773	Global Health Observatory (GHO), World Health Organisation (WHO)	E
2017.Q2.G.01	SH_AAP_ASMORT	Age-standardized mortality rate attributed to ambient air pollution, total (deaths per 100,000 population)	32	-65.14563274	-35.19446255	ARG	Argentina	1	ANNUAL	PER_100000_POP	18.269077	2012	18.269077	Global Health Observatory (GHO), World Health Organisation (WHO)	E
2017.Q2.G.01	SH_AAP_ASMORT	Age-standardized mortality rate attributed to ambient air pollution, total (deaths per 100,000 population)	36	134.3499412	-25.57717202	AUS	Australia	1	ANNUAL	PER_100000_POP	0.220782	2012	0.220782	Global Health Observatory (GHO), World Health Organisation (WHO)	E
2017.Q2.G.01	SH_AAP_ASMORT	Age-standardized mortality rate attributed to ambient air pollution, total (deaths per 100,000 population)	40	14.14172472	47.58704857	AUT	Austria	1	ANNUAL	PER_100000_POP	15.34121	2012	15.34121	Global Health Observatory (GHO), World Health Organisation (WHO)	E
2017.Q2.G.01	SH_AAP_ASMORT	Age-standardized mortality rate attributed to ambient air pollution, total (deaths per 100,000 population)	44	-78.05111663	24.69546597	BHS	Bahamas	1	ANNUAL	PER_100000_POP	16.558847	2012	16.558847	Global Health Observatory (GHO), World Health Organisation (WHO)	E
2017.Q2.G.01	SH_AAP_ASMORT	Age-standardized mortality rate attributed to ambient air pollution, total (deaths per 100,000 population)	48	50.5490754	26.04407747	BHR	Bahrain	1	ANNUAL	PER_100000_POP	32.653728	2012	32.653728	Global Health Observatory (GHO), World Health Organisation (WHO)	E
2017.Q2.G.01	SH_AAP_ASMORT	Age-standardized mortality rate attributed to ambient air pollution, total (deaths per 100,000 population)	50	89.17660788	22.86961622	BGD	Bangladesh	1	ANNUAL	PER_100000_POP	38.28603	2012	38.28603	Global Health Observatory (GHO), World Health Organisation (WHO)	E
2017.Q2.G.01	SH_AAP_ASMORT	Age-standardized mortality rate attributed to ambient air pollution, total (deaths per 100,000 population)	51	44.93839317	40.29499741	ARM	Armenia	1	ANNUAL	PER_100000_POP	67.144012	2012	67.144012	Global Health Observatory (GHO), World Health Organisation (WHO)	E
2017.Q2.G.01	SH_AAP_ASMORT	Age-standardized mortality rate attributed to ambient air pollution, total (deaths per 100,000 population)	52	-59.5346489	13.13648273	BRB	Barbados	1	ANNUAL	PER_100000_POP	9.773654	2012	9.773654	Global Health Observatory (GHO), World Health Organisation (WHO)	E
2017.Q2.G.01	SH_AAP_ASMORT	Age-standardized mortality rate attributed to ambient air pollution, total (deaths per 100,000 population)	56	4.660976456	50.64104975	BEL	Belgium	1	ANNUAL	PER_100000_POP	14.197165	2012	14.197165	Global Health Observatory (GHO), World Health Organisation (WHO)	E
2017.Q2.G.01	SH_AAP_ASMORT	Age-standardized mortality rate attributed to ambient air pollution, total (deaths per 100,000 population)	60	-64.78155012	32.27881922	BMU	Bermuda	1	ANNUAL	PER_100000_POP					
2017.Q2.G.01	SH_AAP_ASMORT	Age-standardized mortality rate attributed to ambient air pollution, total (deaths per 100,000 population)	64	90.45098484	27.39598568	BTN	Bhutan	1	ANNUAL	PER_100000_POP	39.622475	2012	39.622475	Global Health Observatory (GHO), World Health Organisation (WHO)	E
2017.Q2.G.01	SH_AAP_ASMORT	Age-standardized mortality rate attributed to ambient air pollution, total (deaths per 100,000 population)	68	-64.66224284	-16.71273412	BOL	Bolivia (Plurinational State of)	1	ANNUAL	PER_100000_POP	31.067247	2012	31.067247	Global Health Observatory (GHO), World Health Organisation (WHO)	E
2017.Q2.G.01	SH_AAP_ASMORT	Age-standardized mortality rate attributed to ambient air pollution, total (deaths per 100,000 population)	70	17.78584332	44.16845548	BIH	Bosnia and Herzegovina	1	ANNUAL	PER_100000_POP	52.944035	2012	52.944035	Global Health Observatory (GHO), World Health Organisation (WHO)	E
2017.Q2.G.01	SH_AAP_ASMORT	Age-standardized mortality rate attributed to ambient air pollution, total (deaths per 100,000 population)	72	23.81380223	-22.18810073	BWA	Botswana	1	ANNUAL	PER_100000_POP	26.093891	2012	26.093891	Global Health Observatory (GHO), World Health Organisation (WHO)	E
2017.Q2.G.01	SH_AAP_ASMORT	Age-standardized mortality rate attributed to ambient air pollution, total (deaths per 100,000 population)	74	3.410732868	-54.43295905	BVT	Bouvet Island	1	ANNUAL	PER_100000_POP					
2017.Q2.G.01	SH_AAP_ASMORT	Age-standardized mortality rate attributed to ambient air pollution, total (deaths per 100,000 population)	76	-53.08432878	-10.77668561	BRA	Brazil	1	ANNUAL	PER_100000_POP	14.138384	2012	14.138384	Global Health Observatory (GHO), World Health Organisation (WHO)	E
2017.Q2.G.01	SH_AAP_ASMORT	Age-standardized mortality rate attributed to ambient air pollution, total (deaths per 100,000 population)	84	-88.70199554	17.19965901	BLZ	Belize	1	ANNUAL	PER_100000_POP	21.394766	2012	21.394766	Global Health Observatory (GHO), World Health Organisation (WHO)	E
2017.Q2.G.01	SH_AAP_ASMORT	Age-standardized mortality rate attributed to ambient air pollution, total (deaths per 100,000 population)	86	72.38715553	-7.299281071	IOT	British Indian Ocean Territory	1	ANNUAL	PER_100000_POP					
2017.Q2.G.01	SH_AAP_ASMORT	Age-standardized mortality rate attributed to ambient air pollution, total (deaths per 100,000 population)	90	160.1584117	-9.622391719	SLB	Solomon Islands	1	ANNUAL	PER_100000_POP	0.000594	2012	0.000594	Global Health Observatory (GHO), World Health Organisation (WHO)	E
2017.Q2.G.01	SH_AAP_ASMORT	Age-standardized mortality rate attributed to ambient air pollution, total (deaths per 100,000 population)	92	-64.63294223	18.42256578	VGB	British Virgin Islands	1	ANNUAL	PER_100000_POP					
2017.Q2.G.01	SH_AAP_ASMORT	Age-standardized mortality rate attributed to ambient air pollution, total (deaths per 100,000 population)	96	114.6288563	4.49736984	BRN	Brunei Darussalam	1	ANNUAL	PER_100000_POP	0.28725	2012	0.28725	Global Health Observatory (GHO), World Health Organisation (WHO)	E
2017.Q2.G.01	SH_AAP_ASMORT	Age-standardized mortality rate attributed to ambient air pollution, total (deaths per 100,000 population)	100	25.23763153	42.75731323	BGR	Bulgaria	1	ANNUAL	PER_100000_POP	54.900303	2012	54.900303	Global Health Observatory (GHO), World Health Organisation (WHO)	E
2017.Q2.G.01	SH_AAP_ASMORT	Age-standardized mortality rate attributed to ambient air pollution, total (deaths per 100,000 population)	104	96.51752295	21.19332882	MMR	Myanmar	1	ANNUAL	PER_100000_POP	61.196789	2012	61.196789	Global Health Observatory (GHO), World Health Organisation (WHO)	E
2017.Q2.G.01	SH_AAP_ASMORT	Age-standardized mortality rate attributed to ambient air pollution, total (deaths per 100,000 population)	108	29.89080992	-3.366387428	BDI	Burundi	1	ANNUAL	PER_100000_POP	48.116493	2012	48.116493	Global Health Observatory (GHO), World Health Organisation (WHO)	E
2017.Q2.G.01	SH_AAP_ASMORT	Age-standardized mortality rate attributed to ambient air pollution, total (deaths per 100,000 population)	112	28.04940161	53.54193075	BLR	Belarus	1	ANNUAL	PER_100000_POP	57.706741	2012	57.706741	Global Health Observatory (GHO), World Health Organisation (WHO)	E
2017.Q2.G.01	SH_AAP_ASMORT	Age-standardized mortality rate attributed to ambient air pollution, total (deaths per 100,000 population)	116	104.922836	12.71163737	KHM	Cambodia	1	ANNUAL	PER_100000_POP	37.196514	2012	37.196514	Global Health Observatory (GHO), World Health Organisation (WHO)	E
2017.Q2.G.01	SH_AAP_ASMORT	Age-standardized mortality rate attributed to ambient air pollution, total (deaths per 100,000 population)	120	12.7419827	5.692387031	CMR	Cameroon	1	ANNUAL	PER_100000_POP	54.212742	2012	54.212742	Global Health Observatory (GHO), World Health Organisation (WHO)	E
2017.Q2.G.01	SH_AAP_ASMORT	Age-standardized mortality rate attributed to ambient air pollution, total (deaths per 100,000 population)	124	-101.6575058	57.72360191	CAN	Canada	1	ANNUAL	PER_100000_POP	2.881872	2012	2.881872	Global Health Observatory (GHO), World Health Organisation (WHO)	E
2017.Q2.G.01	SH_AAP_ASMORT	Age-standardized mortality rate attributed to ambient air pollution, total (deaths per 100,000 population)	132	-23.63544151	15.07791834	CPV	Cabo Verde	1	ANNUAL	PER_100000_POP	37.007656	2012	37.007656	Global Health Observatory (GHO), World Health Organisation (WHO)	E
2017.Q2.G.01	SH_AAP_ASMORT	Age-standardized mortality rate attributed to ambient air pollution, total (deaths per 100,000 population)	136	-81.16740559	19.32266656	CYM	Cayman Islands	1	ANNUAL	PER_100000_POP					
2017.Q2.G.01	SH_AAP_ASMORT	Age-standardized mortality rate attributed to ambient air pollution, total (deaths per 100,000 population)	140	20.93559492	7.003720791	CAF	Central African Republic	1	ANNUAL	PER_100000_POP	40.031487	2012	40.031487	Global Health Observatory (GHO), World Health Organisation (WHO)	E
2017.Q2.G.01	SH_AAP_ASMORT	Age-standardized mortality rate attributed to ambient air pollution, total (deaths per 100,000 population)	144	80.70489654	7.614693343	LKA	Sri Lanka	1	ANNUAL	PER_100000_POP	38.361809	2012	38.361809	Global Health Observatory (GHO), World Health Organisation (WHO)	E
2017.Q2.G.01	SH_AAP_ASMORT	Age-standardized mortality rate attributed to ambient air pollution, total (deaths per 100,000 population)	148	18.66618401	15.36279341	TCD	Chad	1	ANNUAL	PER_100000_POP	51.785824	2012	51.785824	Global Health Observatory (GHO), World Health Organisation (WHO)	E
2017.Q2.G.01	SH_AAP_ASMORT	Age-standardized mortality rate attributed to ambient air pollution, total (deaths per 100,000 population)	152	-71.23029019	-35.2652885	CHL	Chile	1	ANNUAL	PER_100000_POP	12.890121	2012	12.890121	Global Health Observatory (GHO), World Health Organisation (WHO)	E
2017.Q2.G.01	SH_AAP_ASMORT	Age-standardized mortality rate attributed to ambient air pollution, total (deaths per 100,000 population)	156	104.1403375	32.30955217	CHN	China	1	ANNUAL	PER_100000_POP	69.667366	2012	69.667366	Global Health Observatory (GHO), World Health Organisation (WHO)	E
2017.Q2.G.01	SH_AAP_ASMORT	Age-standardized mortality rate attributed to ambient air pollution, total (deaths per 100,000 population)	162	105.6426067	-10.4882473	CXR	Christmas Island	1	ANNUAL	PER_100000_POP					
2017.Q2.G.01	SH_AAP_ASMORT	Age-standardized mortality rate attributed to ambient air pollution, total (deaths per 100,000 population)	166	96.82633757	-12.18600682	CCK	Cocos (Keeling) Islands	1	ANNUAL	PER_100000_POP					
2017.Q2.G.01	SH_AAP_ASMORT	Age-standardized mortality rate attributed to ambient air pollution, total (deaths per 100,000 population)	170	-73.07446751	3.888209046	COL	Colombia	1	ANNUAL	PER_100000_POP	16.649839	2012	16.649839	Global Health Observatory (GHO), World Health Organisation (WHO)	E
2017.Q2.G.01	SH_AAP_ASMORT	Age-standardized mortality rate attributed to ambient air pollution, total (deaths per 100,000 population)	174	43.34234565	-11.66121732	COM	Comoros	1	ANNUAL	PER_100000_POP	33.930485	2012	33.930485	Global Health Observatory (GHO), World Health Organisation (WHO)	E
2017.Q2.G.01	SH_AAP_ASMORT	Age-standardized mortality rate attributed to ambient air pollution, total (deaths per 100,000 population)	175	45.14015057	-12.82217691	MYT	Mayotte	1	ANNUAL	PER_100000_POP					
2017.Q2.G.01	SH_AAP_ASMORT	Age-standardized mortality rate attributed to ambient air pollution, total (deaths per 100,000 population)	178	15.22052612	-0.840544119	COG	Congo	1	ANNUAL	PER_100000_POP	50.190876	2012	50.190876	Global Health Observatory (GHO), World Health Organisation (WHO)	E
2017.Q2.G.01	SH_AAP_ASMORT	Age-standardized mortality rate attributed to ambient air pollution, total (deaths per 100,000 population)	180	23.65496507	-2.877154732	COD	Democratic Republic of the Congo	1	ANNUAL	PER_100000_POP	52.457397	2012	52.457397	Global Health Observatory (GHO), World Health Organisation (WHO)	E
2017.Q2.G.01	SH_AAP_ASMORT	Age-standardized mortality rate attributed to ambient air pollution, total (deaths per 100,000 population)	184	-159.7711391	-21.22696458	COK	Cook Islands	1	ANNUAL	PER_100000_POP					
2017.Q2.G.01	SH_AAP_ASMORT	Age-standardized mortality rate attributed to ambient air pollution, total (deaths per 100,000 population)	188	-84.19712782	9.970998683	CRI	Costa Rica	1	ANNUAL	PER_100000_POP	13.701166	2012	13.701166	Global Health Observatory (GHO), World Health Organisation (WHO)	E
2017.Q2.G.01	SH_AAP_ASMORT	Age-standardized mortality rate attributed to ambient air pollution, total (deaths per 100,000 population)	191	17.95874553	45.45172212	HRV	Croatia	1	ANNUAL	PER_100000_POP	30.863304	2012	30.863304	Global Health Observatory (GHO), World Health Organisation (WHO)	E
2017.Q2.G.01	SH_AAP_ASMORT	Age-standardized mortality rate attributed to ambient air pollution, total (deaths per 100,000 population)	192	-79.54460144	22.10030366	CUB	Cuba	1	ANNUAL	PER_100000_POP	23.13763	2012	23.13763	Global Health Observatory (GHO), World Health Organisation (WHO)	E
2017.Q2.G.01	SH_AAP_ASMORT	Age-standardized mortality rate attributed to ambient air pollution, total (deaths per 100,000 population)	196	33.22285964	35.05659437	CYP	Cyprus	1	ANNUAL	PER_100000_POP	13.776921	2012	13.776921	Global Health Observatory (GHO), World Health Organisation (WHO)	E
2017.Q2.G.01	SH_AAP_ASMORT	Age-standardized mortality rate attributed to ambient air pollution, total (deaths per 100,000 population)	203	15.33151382	49.73913871	CZE	Czechia	1	ANNUAL	PER_100000_POP	29.089985	2012	29.089985	Global Health Observatory (GHO), World Health Organisation (WHO)	E
2017.Q2.G.01	SH_AAP_ASMORT	Age-standardized mortality rate attributed to ambient air pollution, total (deaths per 100,000 population)	204	2.339933594	9.65401646	BEN	Benin	1	ANNUAL	PER_100000_POP	52.113564	2012	52.113564	Global Health Observatory (GHO), World Health Organisation (WHO)	E
2017.Q2.G.01	SH_AAP_ASMORT	Age-standardized mortality rate attributed to ambient air pollution, total (deaths per 100,000 population)	208	9.326571283	56.03829721	DNK	Denmark	1	ANNUAL	PER_100000_POP	9.936486	2012	9.936486	Global Health Observatory (GHO), World Health Organisation (WHO)	E
2017.Q2.G.01	SH_AAP_ASMORT	Age-standardized mortality rate attributed to ambient air pollution, total (deaths per 100,000 population)	212	-61.3493756	15.43391378	DMA	Dominica	1	ANNUAL	PER_100000_POP	16.182236	2012	16.182236	Global Health Observatory (GHO), World Health Organisation (WHO)	E
2017.Q2.G.01	SH_AAP_ASMORT	Age-standardized mortality rate attributed to ambient air pollution, total (deaths per 100,000 population)	214	-70.49847576	18.89832088	DOM	Dominican Republic	1	ANNUAL	PER_100000_POP	23.818213	2012	23.818213	Global Health Observatory (GHO), World Health Organisation (WHO)	E
2017.Q2.G.01	SH_AAP_ASMORT	Age-standardized mortality rate attributed to ambient air pollution, total (deaths per 100,000 population)	218	-78.37005241	-1.447785891	ECU	Ecuador	1	ANNUAL	PER_100000_POP	13.716256	2012	13.716256	Global Health Observatory (GHO), World Health Organisation (WHO)	E
2017.Q2.G.01	SH_AAP_ASMORT	Age-standardized mortality rate attributed to ambient air pollution, total (deaths per 100,000 population)	222	-88.86862995	13.73603564	SLV	El Salvador	1	ANNUAL	PER_100000_POP	26.817362	2012	26.817362	Global Health Observatory (GHO), World Health Organisation (WHO)	E
2017.Q2.G.01	SH_AAP_ASMORT	Age-standardized mortality rate attributed to ambient air pollution, total (deaths per 100,000 population)	226	10.46535826	1.565792376	GNQ	Equatorial Guinea	1	ANNUAL	PER_100000_POP	49.571556	2012	49.571556	Global Health Observatory (GHO), World Health Organisation (WHO)	E
2017.Q2.G.01	SH_AAP_ASMORT	Age-standardized mortality rate attributed to ambient air pollution, total (deaths per 100,000 population)	231	39.63505296	8.631223181	ETH	Ethiopia	1	ANNUAL	PER_100000_POP	23.111324	2012	23.111324	Global Health Observatory (GHO), World Health Organisation (WHO)	E
2017.Q2.G.01	SH_AAP_ASMORT	Age-standardized mortality rate attributed to ambient air pollution, total (deaths per 100,000 population)	232	38.11074289	16.12894644	ERI	Eritrea	1	ANNUAL	PER_100000_POP	55.568367	2012	55.568367	Global Health Observatory (GHO), World Health Organisation (WHO)	E
2017.Q2.G.01	SH_AAP_ASMORT	Age-standardized mortality rate attributed to ambient air pollution, total (deaths per 100,000 population)	233	25.84093481	58.68487172	EST	Estonia	1	ANNUAL	PER_100000_POP	11.128242	2012	11.128242	Global Health Observatory (GHO), World Health Organisation (WHO)	E
2017.Q2.G.01	SH_AAP_ASMORT	Age-standardized mortality rate attributed to ambient air pollution, total (deaths per 100,000 population)	234	-7.122044325	62.21228119	FRO	Faroe Islands	1	ANNUAL	PER_100000_POP					
2017.Q2.G.01	SH_AAP_ASMORT	Age-standardized mortality rate attributed to ambient air pollution, total (deaths per 100,000 population)	238	-58.75246778	-51.74562601	FLK	Falkland Islands (Malvinas)	1	ANNUAL	PER_100000_POP					
2017.Q2.G.01	SH_AAP_ASMORT	Age-standardized mortality rate attributed to ambient air pollution, total (deaths per 100,000 population)	239	-36.90662765	-54.20736749	SGS	South Georgia and the South Sandwich Islands	1	ANNUAL	PER_100000_POP					
2017.Q2.G.01	SH_AAP_ASMORT	Age-standardized mortality rate attributed to ambient air pollution, total (deaths per 100,000 population)	242	177.9660884	-17.83301566	FJI	Fiji	1	ANNUAL	PER_100000_POP	0.31858	2012	0.31858	Global Health Observatory (GHO), World Health Organisation (WHO)	E
2017.Q2.G.01	SH_AAP_ASMORT	Age-standardized mortality rate attributed to ambient air pollution, total (deaths per 100,000 population)	246	23.308447	61.91586738	FIN	Finland	1	ANNUAL	PER_100000_POP	2.560706	2012	2.560706	Global Health Observatory (GHO), World Health Organisation (WHO)	E
2017.Q2.G.01	SH_AAP_ASMORT	Age-standardized mortality rate attributed to ambient air pollution, total (deaths per 100,000 population)	248	19.80945969	60.1544901	ALA	Åland Islands	1	ANNUAL	PER_100000_POP					
2017.Q2.G.01	SH_AAP_ASMORT	Age-standardized mortality rate attributed to ambient air pollution, total (deaths per 100,000 population)	250	2.457288129	46.62660861	FRA	France	1	ANNUAL	PER_100000_POP	8.121427	2012	8.121427	Global Health Observatory (GHO), World Health Organisation (WHO)	E
2017.Q2.G.01	SH_AAP_ASMORT	Age-standardized mortality rate attributed to ambient air pollution, total (deaths per 100,000 population)	254	-53.23619089	3.922673437	GUF	French Guiana	1	ANNUAL	PER_100000_POP					
2017.Q2.G.01	SH_AAP_ASMORT	Age-standardized mortality rate attributed to ambient air pollution, total (deaths per 100,000 population)	258	-149.4052367	-17.67709294	PYF	French Polynesia	1	ANNUAL	PER_100000_POP					
2017.Q2.G.01	SH_AAP_ASMORT	Age-standardized mortality rate attributed to ambient air pollution, total (deaths per 100,000 population)	260	69.64849091	-49.6068576	ATF	French Southern Territories	1	ANNUAL	PER_100000_POP					
2017.Q2.G.01	SH_AAP_ASMORT	Age-standardized mortality rate attributed to ambient air pollution, total (deaths per 100,000 population)	262	42.18274707	11.56004161	DJI	Djibouti	1	ANNUAL	PER_100000_POP	41.827957	2012	41.827957	Global Health Observatory (GHO), World Health Organisation (WHO)	E
2017.Q2.G.01	SH_AAP_ASMORT	Age-standardized mortality rate attributed to ambient air pollution, total (deaths per 100,000 population)	266	11.78727747	-0.60687619	GAB	Gabon	1	ANNUAL	PER_100000_POP	33.92823	2012	33.92823	Global Health Observatory (GHO), World Health Organisation (WHO)	E
2017.Q2.G.01	SH_AAP_ASMORT	Age-standardized mortality rate attributed to ambient air pollution, total (deaths per 100,000 population)	268	43.3713615	42.04813028	GEO	Georgia	1	ANNUAL	PER_100000_POP	51.112003	2012	51.112003	Global Health Observatory (GHO), World Health Organisation (WHO)	E
2017.Q2.G.01	SH_AAP_ASMORT	Age-standardized mortality rate attributed to ambient air pollution, total (deaths per 100,000 population)	270	-15.39944785	13.45295927	GMB	Gambia	1	ANNUAL	PER_100000_POP	46.161079	2012	46.161079	Global Health Observatory (GHO), World Health Organisation (WHO)	E
2017.Q2.G.01	SH_AAP_ASMORT	Age-standardized mortality rate attributed to ambient air pollution, total (deaths per 100,000 population)	275	35.25694122	31.94347933	PSE	State of Palestine	1	ANNUAL	PER_100000_POP					
2017.Q2.G.01	SH_AAP_ASMORT	Age-standardized mortality rate attributed to ambient air pollution, total (deaths per 100,000 population)	276	10.3806066	51.08862743	DEU	Germany	1	ANNUAL	PER_100000_POP	13.188515	2012	13.188515	Global Health Observatory (GHO), World Health Organisation (WHO)	E
2017.Q2.G.01	SH_AAP_ASMORT	Age-standardized mortality rate attributed to ambient air pollution, total (deaths per 100,000 population)	288	-1.205623522	7.964825185	GHA	Ghana	1	ANNUAL	PER_100000_POP	41.399715	2012	41.399715	Global Health Observatory (GHO), World Health Organisation (WHO)	E
2017.Q2.G.01	SH_AAP_ASMORT	Age-standardized mortality rate attributed to ambient air pollution, total (deaths per 100,000 population)	292	-5.347561686	36.13895036	GIB	Gibraltar	1	ANNUAL	PER_100000_POP					
2017.Q2.G.01	SH_AAP_ASMORT	Age-standardized mortality rate attributed to ambient air pollution, total (deaths per 100,000 population)	296	-157.5643005	1.768837732	KIR	Kiribati	1	ANNUAL	PER_100000_POP	0.015119	2012	0.015119	Global Health Observatory (GHO), World Health Organisation (WHO)	E
2017.Q2.G.01	SH_AAP_ASMORT	Age-standardized mortality rate attributed to ambient air pollution, total (deaths per 100,000 population)	300	22.58307827	39.47301873	GRC	Greece	1	ANNUAL	PER_100000_POP	18.645205	2012	18.645205	Global Health Observatory (GHO), World Health Organisation (WHO)	E
2017.Q2.G.01	SH_AAP_ASMORT	Age-standardized mortality rate attributed to ambient air pollution, total (deaths per 100,000 population)	304	-41.39371316	74.75625681	GRL	Greenland	1	ANNUAL	PER_100000_POP					
2017.Q2.G.01	SH_AAP_ASMORT	Age-standardized mortality rate attributed to ambient air pollution, total (deaths per 100,000 population)	308	-61.68248568	12.11238395	GRD	Grenada	1	ANNUAL	PER_100000_POP	22.664865	2012	22.664865	Global Health Observatory (GHO), World Health Organisation (WHO)	E
2017.Q2.G.01	SH_AAP_ASMORT	Age-standardized mortality rate attributed to ambient air pollution, total (deaths per 100,000 population)	312	-61.64762115	16.14416917	GLP	Guadeloupe	1	ANNUAL	PER_100000_POP					
2017.Q2.G.01	SH_AAP_ASMORT	Age-standardized mortality rate attributed to ambient air pollution, total (deaths per 100,000 population)	316	144.7029305	13.35485404	GUM	Guam	1	ANNUAL	PER_100000_POP					
2017.Q2.G.01	SH_AAP_ASMORT	Age-standardized mortality rate attributed to ambient air pollution, total (deaths per 100,000 population)	320	-91.2312746	15.00273719	GTM	Guatemala	1	ANNUAL	PER_100000_POP	19.311018	2012	19.311018	Global Health Observatory (GHO), World Health Organisation (WHO)	E
2017.Q2.G.01	SH_AAP_ASMORT	Age-standardized mortality rate attributed to ambient air pollution, total (deaths per 100,000 population)	324	-11.28173419	11.00210343	GIN	Guinea	1	ANNUAL	PER_100000_POP	38.43848	2012	38.43848	Global Health Observatory (GHO), World Health Organisation (WHO)	E
2017.Q2.G.01	SH_AAP_ASMORT	Age-standardized mortality rate attributed to ambient air pollution, total (deaths per 100,000 population)	328	-58.97322037	4.788012784	GUY	Guyana	1	ANNUAL	PER_100000_POP	43.311348	2012	43.311348	Global Health Observatory (GHO), World Health Organisation (WHO)	E
2017.Q2.G.01	SH_AAP_ASMORT	Age-standardized mortality rate attributed to ambient air pollution, total (deaths per 100,000 population)	332	-72.33640958	18.40426539	HTI	Haiti	1	ANNUAL	PER_100000_POP	45.705818	2012	45.705818	Global Health Observatory (GHO), World Health Organisation (WHO)	E
2017.Q2.G.01	SH_AAP_ASMORT	Age-standardized mortality rate attributed to ambient air pollution, total (deaths per 100,000 population)	334	73.52633626	-53.09106147	HMD	Heard Island and McDonald Islands	1	ANNUAL	PER_100000_POP					
2017.Q2.G.01	SH_AAP_ASMORT	Age-standardized mortality rate attributed to ambient air pollution, total (deaths per 100,000 population)	336	12.45315803	41.90343751	VAT	Holy See	1	ANNUAL	PER_100000_POP					
2017.Q2.G.01	SH_AAP_ASMORT	Age-standardized mortality rate attributed to ambient air pollution, total (deaths per 100,000 population)	340	-86.59974381	14.82243161	HND	Honduras	1	ANNUAL	PER_100000_POP	32.192635	2012	32.192635	Global Health Observatory (GHO), World Health Organisation (WHO)	E
2017.Q2.G.01	SH_AAP_ASMORT	Age-standardized mortality rate attributed to ambient air pollution, total (deaths per 100,000 population)	344	114.0266445	22.41749934	HKG	China, Hong Kong Special Administrative Region	1	ANNUAL	PER_100000_POP					
2017.Q2.G.01	SH_AAP_ASMORT	Age-standardized mortality rate attributed to ambient air pollution, total (deaths per 100,000 population)	348	19.41221519	47.1651448	HUN	Hungary	1	ANNUAL	PER_100000_POP	41.577579	2012	41.577579	Global Health Observatory (GHO), World Health Organisation (WHO)	E
2017.Q2.G.01	SH_AAP_ASMORT	Age-standardized mortality rate attributed to ambient air pollution, total (deaths per 100,000 population)	352	-19.02116966	64.79134763	ISL	Iceland	1	ANNUAL	PER_100000_POP	3.661168	2012	3.661168	Global Health Observatory (GHO), World Health Organisation (WHO)	E
2017.Q2.G.01	SH_AAP_ASMORT	Age-standardized mortality rate attributed to ambient air pollution, total (deaths per 100,000 population)	356	79.3608464	22.34642074	IND	India	1	ANNUAL	PER_100000_POP	68.13269	2012	68.13269	Global Health Observatory (GHO), World Health Organisation (WHO)	E
2017.Q2.G.01	SH_AAP_ASMORT	Age-standardized mortality rate attributed to ambient air pollution, total (deaths per 100,000 population)	360	113.9174	-0.994582204	IDN	Indonesia	1	ANNUAL	PER_100000_POP	37.825623	2012	37.825623	Global Health Observatory (GHO), World Health Organisation (WHO)	E
2017.Q2.G.01	SH_AAP_ASMORT	Age-standardized mortality rate attributed to ambient air pollution, total (deaths per 100,000 population)	364	54.19766348	32.74370885	IRN	Iran (Islamic Republic of)	1	ANNUAL	PER_100000_POP	50.200451	2012	50.200451	Global Health Observatory (GHO), World Health Organisation (WHO)	E
2017.Q2.G.01	SH_AAP_ASMORT	Age-standardized mortality rate attributed to ambient air pollution, total (deaths per 100,000 population)	368	43.76606267	33.05013795	IRQ	Iraq	1	ANNUAL	PER_100000_POP	68.264053	2012	68.264053	Global Health Observatory (GHO), World Health Organisation (WHO)	E
2017.Q2.G.01	SH_AAP_ASMORT	Age-standardized mortality rate attributed to ambient air pollution, total (deaths per 100,000 population)	372	-7.121425272	53.25274054	IRL	Ireland	1	ANNUAL	PER_100000_POP	9.885658	2012	9.885658	Global Health Observatory (GHO), World Health Organisation (WHO)	E
2017.Q2.G.01	SH_AAP_ASMORT	Age-standardized mortality rate attributed to ambient air pollution, total (deaths per 100,000 population)	376	34.62277992	31.06164552	ISR	Israel	1	ANNUAL	PER_100000_POP	11.347359	2012	11.347359	Global Health Observatory (GHO), World Health Organisation (WHO)	E
2017.Q2.G.01	SH_AAP_ASMORT	Age-standardized mortality rate attributed to ambient air pollution, total (deaths per 100,000 population)	380	12.57022427	42.79917282	ITA	Italy	1	ANNUAL	PER_100000_POP	12.905289	2012	12.905289	Global Health Observatory (GHO), World Health Organisation (WHO)	E
2017.Q2.G.01	SH_AAP_ASMORT	Age-standardized mortality rate attributed to ambient air pollution, total (deaths per 100,000 population)	384	-5.552690016	7.62211586	CIV	Côte d'Ivoire	1	ANNUAL	PER_100000_POP	42.751209	2012	42.751209	Global Health Observatory (GHO), World Health Organisation (WHO)	E
2017.Q2.G.01	SH_AAP_ASMORT	Age-standardized mortality rate attributed to ambient air pollution, total (deaths per 100,000 population)	388	-77.31068409	18.15616857	JAM	Jamaica	1	ANNUAL	PER_100000_POP	22.152647	2012	22.152647	Global Health Observatory (GHO), World Health Organisation (WHO)	E
2017.Q2.G.01	SH_AAP_ASMORT	Age-standardized mortality rate attributed to ambient air pollution, total (deaths per 100,000 population)	392	139.2716103	36.6554539	JPN	Japan	1	ANNUAL	PER_100000_POP	8.721817	2012	8.721817	Global Health Observatory (GHO), World Health Organisation (WHO)	E
2017.Q2.G.01	SH_AAP_ASMORT	Age-standardized mortality rate attributed to ambient air pollution, total (deaths per 100,000 population)	398	66.65359159	48.01963494	KAZ	Kazakhstan	1	ANNUAL	PER_100000_POP	69.236115	2012	69.236115	Global Health Observatory (GHO), World Health Organisation (WHO)	E
2017.Q2.G.01	SH_AAP_ASMORT	Age-standardized mortality rate attributed to ambient air pollution, total (deaths per 100,000 population)	400	37.13024774	30.65365973	JOR	Jordan	1	ANNUAL	PER_100000_POP	43.361332	2012	43.361332	Global Health Observatory (GHO), World Health Organisation (WHO)	E
2017.Q2.G.01	SH_AAP_ASMORT	Age-standardized mortality rate attributed to ambient air pollution, total (deaths per 100,000 population)	404	37.86096816	0.534797278	KEN	Kenya	1	ANNUAL	PER_100000_POP	21.394552	2012	21.394552	Global Health Observatory (GHO), World Health Organisation (WHO)	E
2017.Q2.G.01	SH_AAP_ASMORT	Age-standardized mortality rate attributed to ambient air pollution, total (deaths per 100,000 population)	408	127.1803633	40.1462645	PRK	Democratic People's Republic of Korea	1	ANNUAL	PER_100000_POP	61.93082	2012	61.93082	Global Health Observatory (GHO), World Health Organisation (WHO)	E
2017.Q2.G.01	SH_AAP_ASMORT	Age-standardized mortality rate attributed to ambient air pollution, total (deaths per 100,000 population)	410	127.8610254	36.45201023	KOR	Republic of Korea	1	ANNUAL	PER_100000_POP	16.052071	2012	16.052071	Global Health Observatory (GHO), World Health Organisation (WHO)	E
2017.Q2.G.01	SH_AAP_ASMORT	Age-standardized mortality rate attributed to ambient air pollution, total (deaths per 100,000 population)	414	47.49305029	29.53949468	KWT	Kuwait	1	ANNUAL	PER_100000_POP	44.763546	2012	44.763546	Global Health Observatory (GHO), World Health Organisation (WHO)	E
2017.Q2.G.01	SH_AAP_ASMORT	Age-standardized mortality rate attributed to ambient air pollution, total (deaths per 100,000 population)	417	74.52324839	41.46204516	KGZ	Kyrgyzstan	1	ANNUAL	PER_100000_POP	58.986446	2012	58.986446	Global Health Observatory (GHO), World Health Organisation (WHO)	E
2017.Q2.G.01	SH_AAP_ASMORT	Age-standardized mortality rate attributed to ambient air pollution, total (deaths per 100,000 population)	418	101.9901968	20.27482773	LAO	Lao People's Democratic Republic	1	ANNUAL	PER_100000_POP	51.548588	2012	51.548588	Global Health Observatory (GHO), World Health Organisation (WHO)	E
2017.Q2.G.01	SH_AAP_ASMORT	Age-standardized mortality rate attributed to ambient air pollution, total (deaths per 100,000 population)	422	35.89391711	33.92152458	LBN	Lebanon	1	ANNUAL	PER_100000_POP	30.235352	2012	30.235352	Global Health Observatory (GHO), World Health Organisation (WHO)	E
2017.Q2.G.01	SH_AAP_ASMORT	Age-standardized mortality rate attributed to ambient air pollution, total (deaths per 100,000 population)	426	28.25362195	-29.58041814	LSO	Lesotho	1	ANNUAL	PER_100000_POP	30.585194	2012	30.585194	Global Health Observatory (GHO), World Health Organisation (WHO)	E
2017.Q2.G.01	SH_AAP_ASMORT	Age-standardized mortality rate attributed to ambient air pollution, total (deaths per 100,000 population)	428	26.42461876	56.64196636	LVA	Latvia	1	ANNUAL	PER_100000_POP	41.789574	2012	41.789574	Global Health Observatory (GHO), World Health Organisation (WHO)	E
2017.Q2.G.01	SH_AAP_ASMORT	Age-standardized mortality rate attributed to ambient air pollution, total (deaths per 100,000 population)	430	-9.311879038	6.448381009	LBR	Liberia	1	ANNUAL	PER_100000_POP	11.08863	2012	11.08863	Global Health Observatory (GHO), World Health Organisation (WHO)	E
2017.Q2.G.01	SH_AAP_ASMORT	Age-standardized mortality rate attributed to ambient air pollution, total (deaths per 100,000 population)	434	18.0295985	27.04042819	LBY	Libya	1	ANNUAL	PER_100000_POP	58.431255	2012	58.431255	Global Health Observatory (GHO), World Health Organisation (WHO)	E
2017.Q2.G.01	SH_AAP_ASMORT	Age-standardized mortality rate attributed to ambient air pollution, total (deaths per 100,000 population)	438	9.552985019	47.14167005	LIE	Liechtenstein	1	ANNUAL	PER_100000_POP					
2017.Q2.G.01	SH_AAP_ASMORT	Age-standardized mortality rate attributed to ambient air pollution, total (deaths per 100,000 population)	440	23.90517807	55.33680309	LTU	Lithuania	1	ANNUAL	PER_100000_POP	35.354759	2012	35.354759	Global Health Observatory (GHO), World Health Organisation (WHO)	E
2017.Q2.G.01	SH_AAP_ASMORT	Age-standardized mortality rate attributed to ambient air pollution, total (deaths per 100,000 population)	442	6.092656563	49.77679538	LUX	Luxembourg	1	ANNUAL	PER_100000_POP	11.282365	2012	11.282365	Global Health Observatory (GHO), World Health Organisation (WHO)	E
2017.Q2.G.01	SH_AAP_ASMORT	Age-standardized mortality rate attributed to ambient air pollution, total (deaths per 100,000 population)	446	113.5665388	22.1237259	MAC	China, Macao Special Administrative Region	1	ANNUAL	PER_100000_POP					
2017.Q2.G.01	SH_AAP_ASMORT	Age-standardized mortality rate attributed to ambient air pollution, total (deaths per 100,000 population)	450	46.6982339	-19.38514785	MDG	Madagascar	1	ANNUAL	PER_100000_POP	39.244011	2012	39.244011	Global Health Observatory (GHO), World Health Organisation (WHO)	E
2017.Q2.G.01	SH_AAP_ASMORT	Age-standardized mortality rate attributed to ambient air pollution, total (deaths per 100,000 population)	454	33.4884625	-13.40819859	MWI	Malawi	1	ANNUAL	PER_100000_POP	35.265644	2012	35.265644	Global Health Observatory (GHO), World Health Organisation (WHO)	E
2017.Q2.G.01	SH_AAP_ASMORT	Age-standardized mortality rate attributed to ambient air pollution, total (deaths per 100,000 population)	458	116.8346314	5.452415309	MYS	Malaysia	1	ANNUAL	PER_100000_POP	31.935619	2012	31.935619	Global Health Observatory (GHO), World Health Organisation (WHO)	E
2017.Q2.G.01	SH_AAP_ASMORT	Age-standardized mortality rate attributed to ambient air pollution, total (deaths per 100,000 population)	462	73.09672546	-0.614385021	MDV	Maldives	1	ANNUAL	PER_100000_POP	23.332569	2012	23.332569	Global Health Observatory (GHO), World Health Organisation (WHO)	E
2017.Q2.G.01	SH_AAP_ASMORT	Age-standardized mortality rate attributed to ambient air pollution, total (deaths per 100,000 population)	466	-3.522016039	17.35311254	MLI	Mali	1	ANNUAL	PER_100000_POP	59.820587	2012	59.820587	Global Health Observatory (GHO), World Health Organisation (WHO)	E
2017.Q2.G.01	SH_AAP_ASMORT	Age-standardized mortality rate attributed to ambient air pollution, total (deaths per 100,000 population)	470	14.44617519	35.89194275	MLT	Malta	1	ANNUAL	PER_100000_POP	16.159271	2012	16.159271	Global Health Observatory (GHO), World Health Organisation (WHO)	E
2017.Q2.G.01	SH_AAP_ASMORT	Age-standardized mortality rate attributed to ambient air pollution, total (deaths per 100,000 population)	474	-60.91544135	14.56086108	MTQ	Martinique	1	ANNUAL	PER_100000_POP					
2017.Q2.G.01	SH_AAP_ASMORT	Age-standardized mortality rate attributed to ambient air pollution, total (deaths per 100,000 population)	478	-10.33187259	20.26089546	MRT	Mauritania	1	ANNUAL	PER_100000_POP	46.372459	2012	46.372459	Global Health Observatory (GHO), World Health Organisation (WHO)	E
2017.Q2.G.01	SH_AAP_ASMORT	Age-standardized mortality rate attributed to ambient air pollution, total (deaths per 100,000 population)	480	57.568022	-20.28581998	MUS	Mauritius	1	ANNUAL	PER_100000_POP	18.347008	2012	18.347008	Global Health Observatory (GHO), World Health Organisation (WHO)	E
2017.Q2.G.01	SH_AAP_ASMORT	Age-standardized mortality rate attributed to ambient air pollution, total (deaths per 100,000 population)	484	-102.5148166	23.93378032	MEX	Mexico	1	ANNUAL	PER_100000_POP	17.015163	2012	17.015163	Global Health Observatory (GHO), World Health Organisation (WHO)	E
2017.Q2.G.01	SH_AAP_ASMORT	Age-standardized mortality rate attributed to ambient air pollution, total (deaths per 100,000 population)	492	7.424214814	43.73532918	MCO	Monaco	1	ANNUAL	PER_100000_POP	8.571109	2012	8.571109	Global Health Observatory (GHO), World Health Organisation (WHO)	E
2017.Q2.G.01	SH_AAP_ASMORT	Age-standardized mortality rate attributed to ambient air pollution, total (deaths per 100,000 population)	496	103.0728057	46.83892054	MNG	Mongolia	1	ANNUAL	PER_100000_POP	69.555954	2012	69.555954	Global Health Observatory (GHO), World Health Organisation (WHO)	E
2017.Q2.G.01	SH_AAP_ASMORT	Age-standardized mortality rate attributed to ambient air pollution, total (deaths per 100,000 population)	498	28.4650624	47.20236795	MDA	Republic of Moldova	1	ANNUAL	PER_100000_POP	56.815365	2012	56.815365	Global Health Observatory (GHO), World Health Organisation (WHO)	E
2017.Q2.G.01	SH_AAP_ASMORT	Age-standardized mortality rate attributed to ambient air pollution, total (deaths per 100,000 population)	499	19.25214024	42.78717043	MNE	Montenegro	1	ANNUAL	PER_100000_POP	39.23418	2012	39.23418	Global Health Observatory (GHO), World Health Organisation (WHO)	E
2017.Q2.G.01	SH_AAP_ASMORT	Age-standardized mortality rate attributed to ambient air pollution, total (deaths per 100,000 population)	500	-62.19261223	16.73558313	MSR	Montserrat	1	ANNUAL	PER_100000_POP					
2017.Q2.G.01	SH_AAP_ASMORT	Age-standardized mortality rate attributed to ambient air pollution, total (deaths per 100,000 population)	504	-6.281942841	31.8440131	MAR	Morocco	1	ANNUAL	PER_100000_POP	30.58814	2012	30.58814	Global Health Observatory (GHO), World Health Organisation (WHO)	E
2017.Q2.G.01	SH_AAP_ASMORT	Age-standardized mortality rate attributed to ambient air pollution, total (deaths per 100,000 population)	508	38.18479941	-14.27963886	MOZ	Mozambique	1	ANNUAL	PER_100000_POP	21.439724	2012	21.439724	Global Health Observatory (GHO), World Health Organisation (WHO)	E
2017.Q2.G.01	SH_AAP_ASMORT	Age-standardized mortality rate attributed to ambient air pollution, total (deaths per 100,000 population)	512	57.87743482	21.98805614	OMN	Oman	1	ANNUAL	PER_100000_POP	35.571033	2012	35.571033	Global Health Observatory (GHO), World Health Organisation (WHO)	E
2017.Q2.G.01	SH_AAP_ASMORT	Age-standardized mortality rate attributed to ambient air pollution, total (deaths per 100,000 population)	516	17.21907885	-22.13817068	NAM	Namibia	1	ANNUAL	PER_100000_POP	27.093838	2012	27.093838	Global Health Observatory (GHO), World Health Organisation (WHO)	E
2017.Q2.G.01	SH_AAP_ASMORT	Age-standardized mortality rate attributed to ambient air pollution, total (deaths per 100,000 population)	520	166.92313	-0.528742623	NRU	Nauru	1	ANNUAL	PER_100000_POP					
2017.Q2.G.01	SH_AAP_ASMORT	Age-standardized mortality rate attributed to ambient air pollution, total (deaths per 100,000 population)	524	83.94678863	28.25866332	NPL	Nepal	1	ANNUAL	PER_100000_POP	56.166176	2012	56.166176	Global Health Observatory (GHO), World Health Organisation (WHO)	E
2017.Q2.G.01	SH_AAP_ASMORT	Age-standardized mortality rate attributed to ambient air pollution, total (deaths per 100,000 population)	528	5.331480568	51.86728884	NLD	Netherlands	1	ANNUAL	PER_100000_POP	12.146735	2012	12.146735	Global Health Observatory (GHO), World Health Organisation (WHO)	E
2017.Q2.G.01	SH_AAP_ASMORT	Age-standardized mortality rate attributed to ambient air pollution, total (deaths per 100,000 population)	530	-68.30676179	12.22720635	ANT	Netherlands Antilles	1	ANNUAL	PER_100000_POP					
2017.Q2.G.01	SH_AAP_ASMORT	Age-standardized mortality rate attributed to ambient air pollution, total (deaths per 100,000 population)	531	-68.95033464	12.15058042	CUW	Curaçao	1	ANNUAL	PER_100000_POP					
2017.Q2.G.01	SH_AAP_ASMORT	Age-standardized mortality rate attributed to ambient air pollution, total (deaths per 100,000 population)	533	-69.97050586	12.50878756	ABW	Aruba	1	ANNUAL	PER_100000_POP					
2017.Q2.G.01	SH_AAP_ASMORT	Age-standardized mortality rate attributed to ambient air pollution, total (deaths per 100,000 population)	534	-63.06198692	18.03926508	SXM	Sint Maarten (Dutch part)	1	ANNUAL	PER_100000_POP					
2017.Q2.G.01	SH_AAP_ASMORT	Age-standardized mortality rate attributed to ambient air pollution, total (deaths per 100,000 population)	540	165.5067368	-21.41742531	NCL	New Caledonia	1	ANNUAL	PER_100000_POP					
2017.Q2.G.01	SH_AAP_ASMORT	Age-standardized mortality rate attributed to ambient air pollution, total (deaths per 100,000 population)	548	167.0679779	-15.34445547	VUT	Vanuatu	1	ANNUAL	PER_100000_POP	1.828027	2012	1.828027	Global Health Observatory (GHO), World Health Organisation (WHO)	E
2017.Q2.G.01	SH_AAP_ASMORT	Age-standardized mortality rate attributed to ambient air pollution, total (deaths per 100,000 population)	554	170.4755673	-43.98721568	NZL	New Zealand	1	ANNUAL	PER_100000_POP	0.265062	2012	0.265062	Global Health Observatory (GHO), World Health Organisation (WHO)	E
2017.Q2.G.01	SH_AAP_ASMORT	Age-standardized mortality rate attributed to ambient air pollution, total (deaths per 100,000 population)	558	-85.03060315	12.84210839	NIC	Nicaragua	1	ANNUAL	PER_100000_POP	31.393307	2012	31.393307	Global Health Observatory (GHO), World Health Organisation (WHO)	E
2017.Q2.G.01	SH_AAP_ASMORT	Age-standardized mortality rate attributed to ambient air pollution, total (deaths per 100,000 population)	562	9.400167877	17.42143036	NER	Niger	1	ANNUAL	PER_100000_POP	57.366997	2012	57.366997	Global Health Observatory (GHO), World Health Organisation (WHO)	E
2017.Q2.G.01	SH_AAP_ASMORT	Age-standardized mortality rate attributed to ambient air pollution, total (deaths per 100,000 population)	566	8.097363256	9.585789025	NGA	Nigeria	1	ANNUAL	PER_100000_POP	44.225124	2012	44.225124	Global Health Observatory (GHO), World Health Organisation (WHO)	E
2017.Q2.G.01	SH_AAP_ASMORT	Age-standardized mortality rate attributed to ambient air pollution, total (deaths per 100,000 population)	570	-169.8601693	-19.05000475	NIU	Niue	1	ANNUAL	PER_100000_POP					
2017.Q2.G.01	SH_AAP_ASMORT	Age-standardized mortality rate attributed to ambient air pollution, total (deaths per 100,000 population)	574	167.9515548	-29.03230018	NFK	Norfolk Island	1	ANNUAL	PER_100000_POP					
2017.Q2.G.01	SH_AAP_ASMORT	Age-standardized mortality rate attributed to ambient air pollution, total (deaths per 100,000 population)	578	11.47846389	61.34311134	NOR	Norway	1	ANNUAL	PER_100000_POP	6.31128	2012	6.31128	Global Health Observatory (GHO), World Health Organisation (WHO)	E
2017.Q2.G.01	SH_AAP_ASMORT	Age-standardized mortality rate attributed to ambient air pollution, total (deaths per 100,000 population)	580	145.7582114	15.19099517	MNP	Northern Mariana Islands	1	ANNUAL	PER_100000_POP					
2017.Q2.G.01	SH_AAP_ASMORT	Age-standardized mortality rate attributed to ambient air pollution, total (deaths per 100,000 population)	581	-162.4343752	5.874443968	UMI	US Minor Outlying Islands	1	ANNUAL	PER_100000_POP					
2017.Q2.G.01	SH_AAP_ASMORT	Age-standardized mortality rate attributed to ambient air pollution, total (deaths per 100,000 population)	583	158.225216	6.880670092	FSM	Micronesia, Federated States of	1	ANNUAL	PER_100000_POP	0.165505	2012	0.165505	Global Health Observatory (GHO), World Health Organisation (WHO)	E
2017.Q2.G.01	SH_AAP_ASMORT	Age-standardized mortality rate attributed to ambient air pollution, total (deaths per 100,000 population)	584	171.0839119	7.110213497	MHL	Marshall Islands	1	ANNUAL	PER_100000_POP					
2017.Q2.G.01	SH_AAP_ASMORT	Age-standardized mortality rate attributed to ambient air pollution, total (deaths per 100,000 population)	585	134.5733878	7.502307591	PLW	Palau	1	ANNUAL	PER_100000_POP					
2017.Q2.G.01	SH_AAP_ASMORT	Age-standardized mortality rate attributed to ambient air pollution, total (deaths per 100,000 population)	586	68.80479684	29.36491634	PAK	Pakistan	1	ANNUAL	PER_100000_POP	52.450657	2012	52.450657	Global Health Observatory (GHO), World Health Organisation (WHO)	E
2017.Q2.G.01	SH_AAP_ASMORT	Age-standardized mortality rate attributed to ambient air pollution, total (deaths per 100,000 population)	591	-81.26616623	8.450965746	PAN	Panama	1	ANNUAL	PER_100000_POP	12.320939	2012	12.320939	Global Health Observatory (GHO), World Health Organisation (WHO)	E
2017.Q2.G.01	SH_AAP_ASMORT	Age-standardized mortality rate attributed to ambient air pollution, total (deaths per 100,000 population)	598	145.8587761	-6.756057077	PNG	Papua New Guinea	1	ANNUAL	PER_100000_POP	12.270811	2012	12.270811	Global Health Observatory (GHO), World Health Organisation (WHO)	E
2017.Q2.G.01	SH_AAP_ASMORT	Age-standardized mortality rate attributed to ambient air pollution, total (deaths per 100,000 population)	600	-60.54854225	-21.70216237	PRY	Paraguay	1	ANNUAL	PER_100000_POP	24.983421	2012	24.983421	Global Health Observatory (GHO), World Health Organisation (WHO)	E
2017.Q2.G.01	SH_AAP_ASMORT	Age-standardized mortality rate attributed to ambient air pollution, total (deaths per 100,000 population)	604	-71.82093277	-13.58939705	PER	Peru	1	ANNUAL	PER_100000_POP	16.81019	2012	16.81019	Global Health Observatory (GHO), World Health Organisation (WHO)	E
2017.Q2.G.01	SH_AAP_ASMORT	Age-standardized mortality rate attributed to ambient air pollution, total (deaths per 100,000 population)	608	120.8601418	14.16591706	PHL	Philippines	1	ANNUAL	PER_100000_POP	46.583485	2012	46.583485	Global Health Observatory (GHO), World Health Organisation (WHO)	E
2017.Q2.G.01	SH_AAP_ASMORT	Age-standardized mortality rate attributed to ambient air pollution, total (deaths per 100,000 population)	612	-128.3225873	-24.37538456	PCN	Pitcairn	1	ANNUAL	PER_100000_POP					
2017.Q2.G.01	SH_AAP_ASMORT	Age-standardized mortality rate attributed to ambient air pollution, total (deaths per 100,000 population)	616	19.40660158	52.1226733	POL	Poland	1	ANNUAL	PER_100000_POP	38.586811	2012	38.586811	Global Health Observatory (GHO), World Health Organisation (WHO)	E
2017.Q2.G.01	SH_AAP_ASMORT	Age-standardized mortality rate attributed to ambient air pollution, total (deaths per 100,000 population)	620	-7.961599811	39.68509315	PRT	Portugal	1	ANNUAL	PER_100000_POP	7.187543	2012	7.187543	Global Health Observatory (GHO), World Health Organisation (WHO)	E
2017.Q2.G.01	SH_AAP_ASMORT	Age-standardized mortality rate attributed to ambient air pollution, total (deaths per 100,000 population)	624	-14.40182514	12.11760394	GNB	Guinea-Bissau	1	ANNUAL	PER_100000_POP	46.647343	2012	46.647343	Global Health Observatory (GHO), World Health Organisation (WHO)	E
2017.Q2.G.01	SH_AAP_ASMORT	Age-standardized mortality rate attributed to ambient air pollution, total (deaths per 100,000 population)	626	125.9451052	-8.797497247	TLS	Timor-Leste	1	ANNUAL	PER_100000_POP	30.704411	2012	30.704411	Global Health Observatory (GHO), World Health Organisation (WHO)	E
2017.Q2.G.01	SH_AAP_ASMORT	Age-standardized mortality rate attributed to ambient air pollution, total (deaths per 100,000 population)	630	-66.47591017	18.22753799	PRI	Puerto Rico	1	ANNUAL	PER_100000_POP					
2017.Q2.G.01	SH_AAP_ASMORT	Age-standardized mortality rate attributed to ambient air pollution, total (deaths per 100,000 population)	634	51.19152467	25.28355379	QAT	Qatar	1	ANNUAL	PER_100000_POP	31.108936	2012	31.108936	Global Health Observatory (GHO), World Health Organisation (WHO)	E
2017.Q2.G.01	SH_AAP_ASMORT	Age-standardized mortality rate attributed to ambient air pollution, total (deaths per 100,000 population)	638	55.53171398	-21.13183266	REU	Réunion	1	ANNUAL	PER_100000_POP					
2017.Q2.G.01	SH_AAP_ASMORT	Age-standardized mortality rate attributed to ambient air pollution, total (deaths per 100,000 population)	642	24.98481009	45.83893563	ROU	Romania	1	ANNUAL	PER_100000_POP	38.689678	2012	38.689678	Global Health Observatory (GHO), World Health Organisation (WHO)	E
2017.Q2.G.01	SH_AAP_ASMORT	Age-standardized mortality rate attributed to ambient air pollution, total (deaths per 100,000 population)	643	99.01404926	61.61899849	RUS	Russian Federation	1	ANNUAL	PER_100000_POP	60.652027	2012	60.652027	Global Health Observatory (GHO), World Health Organisation (WHO)	E
2017.Q2.G.01	SH_AAP_ASMORT	Age-standardized mortality rate attributed to ambient air pollution, total (deaths per 100,000 population)	646	29.92310194	-1.999842114	RWA	Rwanda	1	ANNUAL	PER_100000_POP	39.633041	2012	39.633041	Global Health Observatory (GHO), World Health Organisation (WHO)	E
2017.Q2.G.01	SH_AAP_ASMORT	Age-standardized mortality rate attributed to ambient air pollution, total (deaths per 100,000 population)	652	-62.83173536	17.89513362	BLM	Saint Barthélemy	1	ANNUAL	PER_100000_POP					
2017.Q2.G.01	SH_AAP_ASMORT	Age-standardized mortality rate attributed to ambient air pollution, total (deaths per 100,000 population)	654	-5.705752501	-15.96503946	SHN	Saint Helena	1	ANNUAL	PER_100000_POP					
2017.Q2.G.01	SH_AAP_ASMORT	Age-standardized mortality rate attributed to ambient air pollution, total (deaths per 100,000 population)	659	-62.76628613	17.33994219	KNA	Saint Kitts and Nevis	1	ANNUAL	PER_100000_POP					
2017.Q2.G.01	SH_AAP_ASMORT	Age-standardized mortality rate attributed to ambient air pollution, total (deaths per 100,000 population)	660	-63.05651612	18.21525315	AIA	Anguilla	1	ANNUAL	PER_100000_POP					
2017.Q2.G.01	SH_AAP_ASMORT	Age-standardized mortality rate attributed to ambient air pollution, total (deaths per 100,000 population)	662	-60.96529553	13.89405601	LCA	Saint Lucia	1	ANNUAL	PER_100000_POP	19.167208	2012	19.167208	Global Health Observatory (GHO), World Health Organisation (WHO)	E
2017.Q2.G.01	SH_AAP_ASMORT	Age-standardized mortality rate attributed to ambient air pollution, total (deaths per 100,000 population)	663	-63.04505461	18.0882685	MAF	Saint Martin (French Part)	1	ANNUAL	PER_100000_POP					
2017.Q2.G.01	SH_AAP_ASMORT	Age-standardized mortality rate attributed to ambient air pollution, total (deaths per 100,000 population)	666	-56.33682442	46.85812735	SPM	Saint Pierre and Miquelon	1	ANNUAL	PER_100000_POP					
2017.Q2.G.01	SH_AAP_ASMORT	Age-standardized mortality rate attributed to ambient air pollution, total (deaths per 100,000 population)	670	-61.19024321	13.24627968	VCT	Saint Vincent and the Grenadines	1	ANNUAL	PER_100000_POP	21.046106	2012	21.046106	Global Health Observatory (GHO), World Health Organisation (WHO)	E
2017.Q2.G.01	SH_AAP_ASMORT	Age-standardized mortality rate attributed to ambient air pollution, total (deaths per 100,000 population)	674	12.46329038	43.93841766	SMR	San Marino	1	ANNUAL	PER_100000_POP					
2017.Q2.G.01	SH_AAP_ASMORT	Age-standardized mortality rate attributed to ambient air pollution, total (deaths per 100,000 population)	678	6.609772265	0.241554875	STP	Sao Tome and Principe	1	ANNUAL	PER_100000_POP	26.081364	2012	26.081364	Global Health Observatory (GHO), World Health Organisation (WHO)	E
2017.Q2.G.01	SH_AAP_ASMORT	Age-standardized mortality rate attributed to ambient air pollution, total (deaths per 100,000 population)	682	44.54763347	24.12594211	SAU	Saudi Arabia	1	ANNUAL	PER_100000_POP	67.273529	2012	67.273529	Global Health Observatory (GHO), World Health Organisation (WHO)	E
2017.Q2.G.01	SH_AAP_ASMORT	Age-standardized mortality rate attributed to ambient air pollution, total (deaths per 100,000 population)	686	-14.46636926	14.35920905	SEN	Senegal	1	ANNUAL	PER_100000_POP	28.459503	2012	28.459503	Global Health Observatory (GHO), World Health Organisation (WHO)	E
2017.Q2.G.01	SH_AAP_ASMORT	Age-standardized mortality rate attributed to ambient air pollution, total (deaths per 100,000 population)	688	20.805876	44.03145697	SRB	Serbia	1	ANNUAL	PER_100000_POP	33.762985	2012	33.762985	Global Health Observatory (GHO), World Health Organisation (WHO)	E
2017.Q2.G.01	SH_AAP_ASMORT	Age-standardized mortality rate attributed to ambient air pollution, total (deaths per 100,000 population)	690	55.46561591	-4.678053059	SYC	Seychelles	1	ANNUAL	PER_100000_POP	19.419533	2012	19.419533	Global Health Observatory (GHO), World Health Organisation (WHO)	E
2017.Q2.G.01	SH_AAP_ASMORT	Age-standardized mortality rate attributed to ambient air pollution, total (deaths per 100,000 population)	694	-11.78306584	8.568604164	SLE	Sierra Leone	1	ANNUAL	PER_100000_POP	50.199055	2012	50.199055	Global Health Observatory (GHO), World Health Organisation (WHO)	E
2017.Q2.G.01	SH_AAP_ASMORT	Age-standardized mortality rate attributed to ambient air pollution, total (deaths per 100,000 population)	702	103.8107883	1.361009155	SGP	Singapore	1	ANNUAL	PER_100000_POP	15.868731	2012	15.868731	Global Health Observatory (GHO), World Health Organisation (WHO)	E
2017.Q2.G.01	SH_AAP_ASMORT	Age-standardized mortality rate attributed to ambient air pollution, total (deaths per 100,000 population)	703	19.48495604	48.70741446	SVK	Slovakia	1	ANNUAL	PER_100000_POP	39.685375	2012	39.685375	Global Health Observatory (GHO), World Health Organisation (WHO)	E
2017.Q2.G.01	SH_AAP_ASMORT	Age-standardized mortality rate attributed to ambient air pollution, total (deaths per 100,000 population)	704	105.802499	10.09643079	VNM	Viet Nam	1	ANNUAL	PER_100000_POP	32.600292	2012	32.600292	Global Health Observatory (GHO), World Health Organisation (WHO)	E
2017.Q2.G.01	SH_AAP_ASMORT	Age-standardized mortality rate attributed to ambient air pollution, total (deaths per 100,000 population)	705	14.82209486	46.11958061	SVN	Slovenia	1	ANNUAL	PER_100000_POP	16.910131	2012	16.910131	Global Health Observatory (GHO), World Health Organisation (WHO)	E
2017.Q2.G.01	SH_AAP_ASMORT	Age-standardized mortality rate attributed to ambient air pollution, total (deaths per 100,000 population)	706	46.20367477	4.406485729	SOM	Somalia	1	ANNUAL	PER_100000_POP	26.648731	2012	26.648731	Global Health Observatory (GHO), World Health Organisation (WHO)	E
2017.Q2.G.01	SH_AAP_ASMORT	Age-standardized mortality rate attributed to ambient air pollution, total (deaths per 100,000 population)	710	24.67184355	-29.99957544	ZAF	South Africa	1	ANNUAL	PER_100000_POP	39.247696	2012	39.247696	Global Health Observatory (GHO), World Health Organisation (WHO)	E
2017.Q2.G.01	SH_AAP_ASMORT	Age-standardized mortality rate attributed to ambient air pollution, total (deaths per 100,000 population)	716	29.86909584	-19.00075492	ZWE	Zimbabwe	1	ANNUAL	PER_100000_POP	22.795689	2012	22.795689	Global Health Observatory (GHO), World Health Organisation (WHO)	E
2017.Q2.G.01	SH_AAP_ASMORT	Age-standardized mortality rate attributed to ambient air pollution, total (deaths per 100,000 population)	724	-3.554078296	40.39211472	ESP	Spain	1	ANNUAL	PER_100000_POP	6.68395	2012	6.68395	Global Health Observatory (GHO), World Health Organisation (WHO)	E
2017.Q2.G.01	SH_AAP_ASMORT	Age-standardized mortality rate attributed to ambient air pollution, total (deaths per 100,000 population)	728	30.32618773	7.290839152	SSD	South Sudan	1	ANNUAL	PER_100000_POP	36.119091	2012	36.119091	Global Health Observatory (GHO), World Health Organisation (WHO)	E
2017.Q2.G.01	SH_AAP_ASMORT	Age-standardized mortality rate attributed to ambient air pollution, total (deaths per 100,000 population)	732	-13.13515523	24.66265342	ESH	Western Sahara	1	ANNUAL	PER_100000_POP					
2017.Q2.G.01	SH_AAP_ASMORT	Age-standardized mortality rate attributed to ambient air pollution, total (deaths per 100,000 population)	736	29.95650159	16.02643066	SDN	Sudan	1	ANNUAL	PER_100000_POP					
2017.Q2.G.01	SH_AAP_ASMORT	Age-standardized mortality rate attributed to ambient air pollution, total (deaths per 100,000 population)	740	-55.90626394	4.132603197	SUR	Suriname	1	ANNUAL	PER_100000_POP	15.98906	2012	15.98906	Global Health Observatory (GHO), World Health Organisation (WHO)	E
2017.Q2.G.01	SH_AAP_ASMORT	Age-standardized mortality rate attributed to ambient air pollution, total (deaths per 100,000 population)	744	13.38071013	78.82894131	SJM	Svalbard and Jan Mayen Islands	1	ANNUAL	PER_100000_POP					
2017.Q2.G.01	SH_AAP_ASMORT	Age-standardized mortality rate attributed to ambient air pollution, total (deaths per 100,000 population)	748	31.50149288	-26.56471011	SWZ	Swaziland	1	ANNUAL	PER_100000_POP	28.156286	2012	28.156286	Global Health Observatory (GHO), World Health Organisation (WHO)	E
2017.Q2.G.01	SH_AAP_ASMORT	Age-standardized mortality rate attributed to ambient air pollution, total (deaths per 100,000 population)	752	14.3775338	60.60103109	SWE	Sweden	1	ANNUAL	PER_100000_POP	0.169705	2012	0.169705	Global Health Observatory (GHO), World Health Organisation (WHO)	E
2017.Q2.G.01	SH_AAP_ASMORT	Age-standardized mortality rate attributed to ambient air pollution, total (deaths per 100,000 population)	756	8.223158	46.96617097	CHE	Switzerland	1	ANNUAL	PER_100000_POP	8.344609	2012	8.344609	Global Health Observatory (GHO), World Health Organisation (WHO)	E
2017.Q2.G.01	SH_AAP_ASMORT	Age-standardized mortality rate attributed to ambient air pollution, total (deaths per 100,000 population)	760	38.50466565	35.01676176	SYR	Syrian Arab Republic (Syria)	1	ANNUAL	PER_100000_POP	59.799595	2012	59.799595	Global Health Observatory (GHO), World Health Organisation (WHO)	E
2017.Q2.G.01	SH_AAP_ASMORT	Age-standardized mortality rate attributed to ambient air pollution, total (deaths per 100,000 population)	762	69.294998	38.43069666	TJK	Tajikistan	1	ANNUAL	PER_100000_POP	89.47773	2012	89.47773	Global Health Observatory (GHO), World Health Organisation (WHO)	E
2017.Q2.G.01	SH_AAP_ASMORT	Age-standardized mortality rate attributed to ambient air pollution, total (deaths per 100,000 population)	764	101.0202951	15.13089239	THA	Thailand	1	ANNUAL	PER_100000_POP	27.775394	2012	27.775394	Global Health Observatory (GHO), World Health Organisation (WHO)	E
2017.Q2.G.01	SH_AAP_ASMORT	Age-standardized mortality rate attributed to ambient air pollution, total (deaths per 100,000 population)	768	0.97835765	8.532096072	TGO	Togo	1	ANNUAL	PER_100000_POP	41.5373	2012	41.5373	Global Health Observatory (GHO), World Health Organisation (WHO)	E
2017.Q2.G.01	SH_AAP_ASMORT	Age-standardized mortality rate attributed to ambient air pollution, total (deaths per 100,000 population)	772	-171.8154473	-9.214545558	TKL	Tokelau	1	ANNUAL	PER_100000_POP					
2017.Q2.G.01	SH_AAP_ASMORT	Age-standardized mortality rate attributed to ambient air pollution, total (deaths per 100,000 population)	776	-175.1959991	-21.19511329	TON	Tonga	1	ANNUAL	PER_100000_POP					
2017.Q2.G.01	SH_AAP_ASMORT	Age-standardized mortality rate attributed to ambient air pollution, total (deaths per 100,000 population)	780	-61.29389504	10.41877263	TTO	Trinidad and Tobago	1	ANNUAL	PER_100000_POP	23.988575	2012	23.988575	Global Health Observatory (GHO), World Health Organisation (WHO)	E
2017.Q2.G.01	SH_AAP_ASMORT	Age-standardized mortality rate attributed to ambient air pollution, total (deaths per 100,000 population)	784	53.98279159	23.43322219	ARE	United Arab Emirates	1	ANNUAL	PER_100000_POP	27.580448	2012	27.580448	Global Health Observatory (GHO), World Health Organisation (WHO)	E
2017.Q2.G.01	SH_AAP_ASMORT	Age-standardized mortality rate attributed to ambient air pollution, total (deaths per 100,000 population)	788	9.572737411	34.11439971	TUN	Tunisia	1	ANNUAL	PER_100000_POP	44.118935	2012	44.118935	Global Health Observatory (GHO), World Health Organisation (WHO)	E
2017.Q2.G.01	SH_AAP_ASMORT	Age-standardized mortality rate attributed to ambient air pollution, total (deaths per 100,000 population)	792	35.42890329	38.9899684	TUR	Turkey	1	ANNUAL	PER_100000_POP	48.240044	2012	48.240044	Global Health Observatory (GHO), World Health Organisation (WHO)	E
2017.Q2.G.01	SH_AAP_ASMORT	Age-standardized mortality rate attributed to ambient air pollution, total (deaths per 100,000 population)	795	58.9787665	40.0912346	TKM	Turkmenistan	1	ANNUAL	PER_100000_POP	108.463982	2012	108.463982	Global Health Observatory (GHO), World Health Organisation (WHO)	E
2017.Q2.G.01	SH_AAP_ASMORT	Age-standardized mortality rate attributed to ambient air pollution, total (deaths per 100,000 population)	796	-71.745121	21.80780585	TCA	Turks and Caicos Islands	1	ANNUAL	PER_100000_POP					
2017.Q2.G.01	SH_AAP_ASMORT	Age-standardized mortality rate attributed to ambient air pollution, total (deaths per 100,000 population)	798	178.6679611	-7.460048071	TUV	Tuvalu	1	ANNUAL	PER_100000_POP					
2017.Q2.G.01	SH_AAP_ASMORT	Age-standardized mortality rate attributed to ambient air pollution, total (deaths per 100,000 population)	800	32.39100438	1.279557331	UGA	Uganda	1	ANNUAL	PER_100000_POP	45.332027	2012	45.332027	Global Health Observatory (GHO), World Health Organisation (WHO)	E
2017.Q2.G.01	SH_AAP_ASMORT	Age-standardized mortality rate attributed to ambient air pollution, total (deaths per 100,000 population)	804	31.40270802	49.00735945	UKR	Ukraine	1	ANNUAL	PER_100000_POP	64.612213	2012	64.612213	Global Health Observatory (GHO), World Health Organisation (WHO)	E
2017.Q2.G.01	SH_AAP_ASMORT	Age-standardized mortality rate attributed to ambient air pollution, total (deaths per 100,000 population)	807	21.7007909	41.60048068	MKD	Macedonia, Republic of	1	ANNUAL	PER_100000_POP	47.431519	2012	47.431519	Global Health Observatory (GHO), World Health Organisation (WHO)	E
2017.Q2.G.01	SH_AAP_ASMORT	Age-standardized mortality rate attributed to ambient air pollution, total (deaths per 100,000 population)	818	29.77468534	26.57438204	EGY	Egypt	1	ANNUAL	PER_100000_POP	77.396461	2012	77.396461	Global Health Observatory (GHO), World Health Organisation (WHO)	E
2017.Q2.G.01	SH_AAP_ASMORT	Age-standardized mortality rate attributed to ambient air pollution, total (deaths per 100,000 population)	826	-2.23830539	53.27691757	GBR	United Kingdom	1	ANNUAL	PER_100000_POP	12.539427	2012	12.539427	Global Health Observatory (GHO), World Health Organisation (WHO)	E
2017.Q2.G.01	SH_AAP_ASMORT	Age-standardized mortality rate attributed to ambient air pollution, total (deaths per 100,000 population)	831	-2.200712402	49.71561166	GGY	Guernsey	1	ANNUAL	PER_100000_POP					
2017.Q2.G.01	SH_AAP_ASMORT	Age-standardized mortality rate attributed to ambient air pollution, total (deaths per 100,000 population)	832	-2.136773508	49.22353354	JEY	Jersey	1	ANNUAL	PER_100000_POP					
2017.Q2.G.01	SH_AAP_ASMORT	Age-standardized mortality rate attributed to ambient air pollution, total (deaths per 100,000 population)	833	-4.538190305	54.22880901	IMN	Isle of Man	1	ANNUAL	PER_100000_POP					
2017.Q2.G.01	SH_AAP_ASMORT	Age-standardized mortality rate attributed to ambient air pollution, total (deaths per 100,000 population)	834	34.80521182	-6.265332606	TZA	Tanzania, United Republic of	1	ANNUAL	PER_100000_POP	21.356665	2012	21.356665	Global Health Observatory (GHO), World Health Organisation (WHO)	E
2017.Q2.G.01	SH_AAP_ASMORT	Age-standardized mortality rate attributed to ambient air pollution, total (deaths per 100,000 population)	840	-99.13830311	39.5277871	USA	United States of America	1	ANNUAL	PER_100000_POP	7.129674	2012	7.129674	Global Health Observatory (GHO), World Health Organisation (WHO)	E
2017.Q2.G.01	SH_AAP_ASMORT	Age-standardized mortality rate attributed to ambient air pollution, total (deaths per 100,000 population)	850	-64.76960113	17.73297693	VIR	United States Virgin Islands	1	ANNUAL	PER_100000_POP					
2017.Q2.G.01	SH_AAP_ASMORT	Age-standardized mortality rate attributed to ambient air pollution, total (deaths per 100,000 population)	854	-1.742843829	12.27491081	BFA	Burkina Faso	1	ANNUAL	PER_100000_POP	57.634045	2012	57.634045	Global Health Observatory (GHO), World Health Organisation (WHO)	E
2017.Q2.G.01	SH_AAP_ASMORT	Age-standardized mortality rate attributed to ambient air pollution, total (deaths per 100,000 population)	858	-56.01387025	-32.8002838	URY	Uruguay	1	ANNUAL	PER_100000_POP	12.998954	2012	12.998954	Global Health Observatory (GHO), World Health Organisation (WHO)	E
2017.Q2.G.01	SH_AAP_ASMORT	Age-standardized mortality rate attributed to ambient air pollution, total (deaths per 100,000 population)	860	63.11944558	41.77560518	UZB	Uzbekistan	1	ANNUAL	PER_100000_POP	85.363586	2012	85.363586	Global Health Observatory (GHO), World Health Organisation (WHO)	E
2017.Q2.G.01	SH_AAP_ASMORT	Age-standardized mortality rate attributed to ambient air pollution, total (deaths per 100,000 population)	862	-66.15642084	7.121324748	VEN	Venezuela (Bolivarian Republic)	1	ANNUAL	PER_100000_POP	26.617718	2012	26.617718	Global Health Observatory (GHO), World Health Organisation (WHO)	E
2017.Q2.G.01	SH_AAP_ASMORT	Age-standardized mortality rate attributed to ambient air pollution, total (deaths per 100,000 population)	876	-176.2034788	-13.28471201	WLF	Wallis and Futuna Islands	1	ANNUAL	PER_100000_POP					
2017.Q2.G.01	SH_AAP_ASMORT	Age-standardized mortality rate attributed to ambient air pollution, total (deaths per 100,000 population)	882	-172.4430749	-13.61541469	WSM	Samoa	1	ANNUAL	PER_100000_POP					
2017.Q2.G.01	SH_AAP_ASMORT	Age-standardized mortality rate attributed to ambient air pollution, total (deaths per 100,000 population)	887	45.22389143	15.22242099	YEM	Yemen	1	ANNUAL	PER_100000_POP	58.439022	2012	58.439022	Global Health Observatory (GHO), World Health Organisation (WHO)	E
2017.Q2.G.01	SH_AAP_ASMORT	Age-standardized mortality rate attributed to ambient air pollution, total (deaths per 100,000 population)	894	27.850329	-14.59701056	ZMB	Zambia	1	ANNUAL	PER_100000_POP	29.699472	2012	29.699472	Global Health Observatory (GHO), World Health Organisation (WHO)	E
