geoAreaCode	years	Freq	Units	sliceId	series.release	series.code	series.description	X	Y	OBJECTID	ISO3CD	geoAreaName	value	valueType	time_detail	source	Nature
4	2012	ANNUAL	PER_100000_POP	1	2017.Q2.G.01	SH_HAP_MORT	Crude death rate attributed to household air pollution, total (deaths per 100,000 population)	66.02688198	33.83160199	2	AFG	Afghanistan	93.209957011597	Float		Global Health Observatory (GHO), World Health Organisation (WHO)	E
8	2012	ANNUAL	PER_100000_POP	1	2017.Q2.G.01	SH_HAP_MORT	Crude death rate attributed to household air pollution, total (deaths per 100,000 population)	20.06660928	41.13897007	6	ALB	Albania	120.604046847126	Float		Global Health Observatory (GHO), World Health Organisation (WHO)	E
10	2012	ANNUAL	PER_100000_POP	1	2017.Q2.G.01	SH_HAP_MORT	Crude death rate attributed to household air pollution, total (deaths per 100,000 population)	21.47585697	-80.40897662	13	ATA	Antarctica					
12	2012	ANNUAL	PER_100000_POP	1	2017.Q2.G.01	SH_HAP_MORT	Crude death rate attributed to household air pollution, total (deaths per 100,000 population)	2.678164227	28.15940032	66	DZA	Algeria	1.18014973046805	Float		Global Health Observatory (GHO), World Health Organisation (WHO)	E
16	2012	ANNUAL	PER_100000_POP	1	2017.Q2.G.01	SH_HAP_MORT	Crude death rate attributed to household air pollution, total (deaths per 100,000 population)	-170.7187269	-14.30587306	12	ASM	American Samoa					
20	2012	ANNUAL	PER_100000_POP	1	2017.Q2.G.01	SH_HAP_MORT	Crude death rate attributed to household air pollution, total (deaths per 100,000 population)	1.576257417	42.54548611	7	AND	Andorra	0	Float		Global Health Observatory (GHO), World Health Organisation (WHO)	E
24	2012	ANNUAL	PER_100000_POP	1	2017.Q2.G.01	SH_HAP_MORT	Crude death rate attributed to household air pollution, total (deaths per 100,000 population)	17.57817062	-12.33724746	3	AGO	Angola	86.2557384060015	Float		Global Health Observatory (GHO), World Health Organisation (WHO)	E
28	2012	ANNUAL	PER_100000_POP	1	2017.Q2.G.01	SH_HAP_MORT	Crude death rate attributed to household air pollution, total (deaths per 100,000 population)	-61.7999755	17.07761471	15	ATG	Antigua and Barbuda	1.15266299441589	Float		Global Health Observatory (GHO), World Health Organisation (WHO)	E
31	2012	ANNUAL	PER_100000_POP	1	2017.Q2.G.01	SH_HAP_MORT	Crude death rate attributed to household air pollution, total (deaths per 100,000 population)	50.01064725	40.39229544	19	AZE	Azerbaijan	25.7356501334188	Float		Global Health Observatory (GHO), World Health Organisation (WHO)	E
32	2012	ANNUAL	PER_100000_POP	1	2017.Q2.G.01	SH_HAP_MORT	Crude death rate attributed to household air pollution, total (deaths per 100,000 population)	-65.14563274	-35.19446255	10	ARG	Argentina	3.31020757942994	Float		Global Health Observatory (GHO), World Health Organisation (WHO)	E
36	2012	ANNUAL	PER_100000_POP	1	2017.Q2.G.01	SH_HAP_MORT	Crude death rate attributed to household air pollution, total (deaths per 100,000 population)	134.3499412	-25.57717202	17	AUS	Australia	0	Float		Global Health Observatory (GHO), World Health Organisation (WHO)	E
40	2012	ANNUAL	PER_100000_POP	1	2017.Q2.G.01	SH_HAP_MORT	Crude death rate attributed to household air pollution, total (deaths per 100,000 population)	14.14172472	47.58704857	18	AUT	Austria	0	Float		Global Health Observatory (GHO), World Health Organisation (WHO)	E
44	2012	ANNUAL	PER_100000_POP	1	2017.Q2.G.01	SH_HAP_MORT	Crude death rate attributed to household air pollution, total (deaths per 100,000 population)	-78.05111663	24.69546597	27	BHS	Bahamas	0	Float		Global Health Observatory (GHO), World Health Organisation (WHO)	E
48	2012	ANNUAL	PER_100000_POP	1	2017.Q2.G.01	SH_HAP_MORT	Crude death rate attributed to household air pollution, total (deaths per 100,000 population)	50.5490754	26.04407747	26	BHR	Bahrain	0	Float		Global Health Observatory (GHO), World Health Organisation (WHO)	E
50	2012	ANNUAL	PER_100000_POP	1	2017.Q2.G.01	SH_HAP_MORT	Crude death rate attributed to household air pollution, total (deaths per 100,000 population)	89.17660788	22.86961622	24	BGD	Bangladesh	54.7700978184408	Float		Global Health Observatory (GHO), World Health Organisation (WHO)	E
51	2012	ANNUAL	PER_100000_POP	1	2017.Q2.G.01	SH_HAP_MORT	Crude death rate attributed to household air pollution, total (deaths per 100,000 population)	44.93839317	40.29499741	11	ARM	Armenia	37.7040954781512	Float		Global Health Observatory (GHO), World Health Organisation (WHO)	E
52	2012	ANNUAL	PER_100000_POP	1	2017.Q2.G.01	SH_HAP_MORT	Crude death rate attributed to household air pollution, total (deaths per 100,000 population)	-59.5346489	13.13648273	35	BRB	Barbados	1.39587264775395	Float		Global Health Observatory (GHO), World Health Organisation (WHO)	E
56	2012	ANNUAL	PER_100000_POP	1	2017.Q2.G.01	SH_HAP_MORT	Crude death rate attributed to household air pollution, total (deaths per 100,000 population)	4.660976456	50.64104975	21	BEL	Belgium	0	Float		Global Health Observatory (GHO), World Health Organisation (WHO)	E
60	2012	ANNUAL	PER_100000_POP	1	2017.Q2.G.01	SH_HAP_MORT	Crude death rate attributed to household air pollution, total (deaths per 100,000 population)	-64.78155012	32.27881922	32	BMU	Bermuda					
64	2012	ANNUAL	PER_100000_POP	1	2017.Q2.G.01	SH_HAP_MORT	Crude death rate attributed to household air pollution, total (deaths per 100,000 population)	90.45098484	27.39598568	37	BTN	Bhutan	40.9741620411242	Float		Global Health Observatory (GHO), World Health Organisation (WHO)	E
68	2012	ANNUAL	PER_100000_POP	1	2017.Q2.G.01	SH_HAP_MORT	Crude death rate attributed to household air pollution, total (deaths per 100,000 population)	-64.66224284	-16.71273412	33	BOL	Bolivia (Plurinational State of)	32.2578985540423	Float		Global Health Observatory (GHO), World Health Organisation (WHO)	E
70	2012	ANNUAL	PER_100000_POP	1	2017.Q2.G.01	SH_HAP_MORT	Crude death rate attributed to household air pollution, total (deaths per 100,000 population)	17.78584332	44.16845548	28	BIH	Bosnia and Herzegovina	157.907208089379	Float		Global Health Observatory (GHO), World Health Organisation (WHO)	E
72	2012	ANNUAL	PER_100000_POP	1	2017.Q2.G.01	SH_HAP_MORT	Crude death rate attributed to household air pollution, total (deaths per 100,000 population)	23.81380223	-22.18810073	39	BWA	Botswana	28.6061823623883	Float		Global Health Observatory (GHO), World Health Organisation (WHO)	E
74	2012	ANNUAL	PER_100000_POP	1	2017.Q2.G.01	SH_HAP_MORT	Crude death rate attributed to household air pollution, total (deaths per 100,000 population)	3.410732868	-54.43295905	38	BVT	Bouvet Island					
76	2012	ANNUAL	PER_100000_POP	1	2017.Q2.G.01	SH_HAP_MORT	Crude death rate attributed to household air pollution, total (deaths per 100,000 population)	-53.08432878	-10.77668561	34	BRA	Brazil	9.03383012586237	Float		Global Health Observatory (GHO), World Health Organisation (WHO)	E
84	2012	ANNUAL	PER_100000_POP	1	2017.Q2.G.01	SH_HAP_MORT	Crude death rate attributed to household air pollution, total (deaths per 100,000 population)	-88.70199554	17.19965901	31	BLZ	Belize	8.40699538076841	Float		Global Health Observatory (GHO), World Health Organisation (WHO)	E
86	2012	ANNUAL	PER_100000_POP	1	2017.Q2.G.01	SH_HAP_MORT	Crude death rate attributed to household air pollution, total (deaths per 100,000 population)	72.38715553	-7.299281071	107	IOT	British Indian Ocean Territory					
90	2012	ANNUAL	PER_100000_POP	1	2017.Q2.G.01	SH_HAP_MORT	Crude death rate attributed to household air pollution, total (deaths per 100,000 population)	160.1584117	-9.622391719	204	SLB	Solomon Islands	52.9435143644194	Float		Global Health Observatory (GHO), World Health Organisation (WHO)	E
92	2012	ANNUAL	PER_100000_POP	1	2017.Q2.G.01	SH_HAP_MORT	Crude death rate attributed to household air pollution, total (deaths per 100,000 population)	-64.63294223	18.42256578	254	VGB	British Virgin Islands					
96	2012	ANNUAL	PER_100000_POP	1	2017.Q2.G.01	SH_HAP_MORT	Crude death rate attributed to household air pollution, total (deaths per 100,000 population)	114.6288563	4.49736984	36	BRN	Brunei Darussalam	0	Float		Global Health Observatory (GHO), World Health Organisation (WHO)	E
100	2012	ANNUAL	PER_100000_POP	1	2017.Q2.G.01	SH_HAP_MORT	Crude death rate attributed to household air pollution, total (deaths per 100,000 population)	25.23763153	42.75731323	25	BGR	Bulgaria	65.5841376736228	Float		Global Health Observatory (GHO), World Health Organisation (WHO)	E
104	2012	ANNUAL	PER_100000_POP	1	2017.Q2.G.01	SH_HAP_MORT	Crude death rate attributed to household air pollution, total (deaths per 100,000 population)	96.51752295	21.19332882	149	MMR	Myanmar	103.870294141053	Float		Global Health Observatory (GHO), World Health Organisation (WHO)	E
108	2012	ANNUAL	PER_100000_POP	1	2017.Q2.G.01	SH_HAP_MORT	Crude death rate attributed to household air pollution, total (deaths per 100,000 population)	29.89080992	-3.366387428	20	BDI	Burundi	92.5929893105412	Float		Global Health Observatory (GHO), World Health Organisation (WHO)	E
112	2012	ANNUAL	PER_100000_POP	1	2017.Q2.G.01	SH_HAP_MORT	Crude death rate attributed to household air pollution, total (deaths per 100,000 population)	28.04940161	53.54193075	30	BLR	Belarus	4.79466710157367	Float		Global Health Observatory (GHO), World Health Organisation (WHO)	E
116	2012	ANNUAL	PER_100000_POP	1	2017.Q2.G.01	SH_HAP_MORT	Crude death rate attributed to household air pollution, total (deaths per 100,000 population)	104.922836	12.71163737	121	KHM	Cambodia	60.2859282319177	Float		Global Health Observatory (GHO), World Health Organisation (WHO)	E
120	2012	ANNUAL	PER_100000_POP	1	2017.Q2.G.01	SH_HAP_MORT	Crude death rate attributed to household air pollution, total (deaths per 100,000 population)	12.7419827	5.692387031	47	CMR	Cameroon	72.351493029143	Float		Global Health Observatory (GHO), World Health Organisation (WHO)	E
124	2012	ANNUAL	PER_100000_POP	1	2017.Q2.G.01	SH_HAP_MORT	Crude death rate attributed to household air pollution, total (deaths per 100,000 population)	-101.6575058	57.72360191	41	CAN	Canada	0	Float		Global Health Observatory (GHO), World Health Organisation (WHO)	E
132	2012	ANNUAL	PER_100000_POP	1	2017.Q2.G.01	SH_HAP_MORT	Crude death rate attributed to household air pollution, total (deaths per 100,000 population)	-23.63544151	15.07791834	53	CPV	Cabo Verde	32.9456659746458	Float		Global Health Observatory (GHO), World Health Organisation (WHO)	E
136	2012	ANNUAL	PER_100000_POP	1	2017.Q2.G.01	SH_HAP_MORT	Crude death rate attributed to household air pollution, total (deaths per 100,000 population)	-81.16740559	19.32266656	58	CYM	Cayman Islands					
140	2012	ANNUAL	PER_100000_POP	1	2017.Q2.G.01	SH_HAP_MORT	Crude death rate attributed to household air pollution, total (deaths per 100,000 population)	20.93559492	7.003720791	40	CAF	Central African Republic	82.9848416789113	Float		Global Health Observatory (GHO), World Health Organisation (WHO)	E
144	2012	ANNUAL	PER_100000_POP	1	2017.Q2.G.01	SH_HAP_MORT	Crude death rate attributed to household air pollution, total (deaths per 100,000 population)	80.70489654	7.614693343	132	LKA	Sri Lanka	94.5179346025388	Float		Global Health Observatory (GHO), World Health Organisation (WHO)	E
148	2012	ANNUAL	PER_100000_POP	1	2017.Q2.G.01	SH_HAP_MORT	Crude death rate attributed to household air pollution, total (deaths per 100,000 population)	18.66618401	15.36279341	222	TCD	Chad	106.362473743986	Float		Global Health Observatory (GHO), World Health Organisation (WHO)	E
152	2012	ANNUAL	PER_100000_POP	1	2017.Q2.G.01	SH_HAP_MORT	Crude death rate attributed to household air pollution, total (deaths per 100,000 population)	-71.23029019	-35.2652885	44	CHL	Chile	7.11364475645877	Float		Global Health Observatory (GHO), World Health Organisation (WHO)	E
156	2012	ANNUAL	PER_100000_POP	1	2017.Q2.G.01	SH_HAP_MORT	Crude death rate attributed to household air pollution, total (deaths per 100,000 population)	104.1403375	32.30955217	45	CHN	China	107.696563741669	Float		Global Health Observatory (GHO), World Health Organisation (WHO)	E
162	2012	ANNUAL	PER_100000_POP	1	2017.Q2.G.01	SH_HAP_MORT	Crude death rate attributed to household air pollution, total (deaths per 100,000 population)	105.6426067	-10.4882473	57	CXR	Christmas Island					
166	2012	ANNUAL	PER_100000_POP	1	2017.Q2.G.01	SH_HAP_MORT	Crude death rate attributed to household air pollution, total (deaths per 100,000 population)	96.82633757	-12.18600682	42	CCK	Cocos (Keeling) Islands					
170	2012	ANNUAL	PER_100000_POP	1	2017.Q2.G.01	SH_HAP_MORT	Crude death rate attributed to household air pollution, total (deaths per 100,000 population)	-73.07446751	3.888209046	51	COL	Colombia	12.4764281939958	Float		Global Health Observatory (GHO), World Health Organisation (WHO)	E
174	2012	ANNUAL	PER_100000_POP	1	2017.Q2.G.01	SH_HAP_MORT	Crude death rate attributed to household air pollution, total (deaths per 100,000 population)	43.34234565	-11.66121732	52	COM	Comoros	62.3113906335472	Float		Global Health Observatory (GHO), World Health Organisation (WHO)	E
175	2012	ANNUAL	PER_100000_POP	1	2017.Q2.G.01	SH_HAP_MORT	Crude death rate attributed to household air pollution, total (deaths per 100,000 population)	45.14015057	-12.82217691	160	MYT	Mayotte					
178	2012	ANNUAL	PER_100000_POP	1	2017.Q2.G.01	SH_HAP_MORT	Crude death rate attributed to household air pollution, total (deaths per 100,000 population)	15.22052612	-0.840544119	49	COG	Congo	73.7145125049864	Float		Global Health Observatory (GHO), World Health Organisation (WHO)	E
180	2012	ANNUAL	PER_100000_POP	1	2017.Q2.G.01	SH_HAP_MORT	Crude death rate attributed to household air pollution, total (deaths per 100,000 population)	23.65496507	-2.877154732	48	COD	Democratic Republic of the Congo	100.876425596797	Float		Global Health Observatory (GHO), World Health Organisation (WHO)	E
184	2012	ANNUAL	PER_100000_POP	1	2017.Q2.G.01	SH_HAP_MORT	Crude death rate attributed to household air pollution, total (deaths per 100,000 population)	-159.7711391	-21.22696458	50	COK	Cook Islands					
188	2012	ANNUAL	PER_100000_POP	1	2017.Q2.G.01	SH_HAP_MORT	Crude death rate attributed to household air pollution, total (deaths per 100,000 population)	-84.19712782	9.970998683	54	CRI	Costa Rica	5.59582427450555	Float		Global Health Observatory (GHO), World Health Organisation (WHO)	E
191	2012	ANNUAL	PER_100000_POP	1	2017.Q2.G.01	SH_HAP_MORT	Crude death rate attributed to household air pollution, total (deaths per 100,000 population)	17.95874553	45.45172212	101	HRV	Croatia	26.490226355313	Float		Global Health Observatory (GHO), World Health Organisation (WHO)	E
192	2012	ANNUAL	PER_100000_POP	1	2017.Q2.G.01	SH_HAP_MORT	Crude death rate attributed to household air pollution, total (deaths per 100,000 population)	-79.54460144	22.10030366	55	CUB	Cuba	16.0611249738093	Float		Global Health Observatory (GHO), World Health Organisation (WHO)	E
196	2012	ANNUAL	PER_100000_POP	1	2017.Q2.G.01	SH_HAP_MORT	Crude death rate attributed to household air pollution, total (deaths per 100,000 population)	33.22285964	35.05659437	59	CYP	Cyprus	0	Float		Global Health Observatory (GHO), World Health Organisation (WHO)	E
203	2012	ANNUAL	PER_100000_POP	1	2017.Q2.G.01	SH_HAP_MORT	Crude death rate attributed to household air pollution, total (deaths per 100,000 population)	15.33151382	49.73913871	60	CZE	Czechia	1.747161498197	Float		Global Health Observatory (GHO), World Health Organisation (WHO)	E
204	2012	ANNUAL	PER_100000_POP	1	2017.Q2.G.01	SH_HAP_MORT	Crude death rate attributed to household air pollution, total (deaths per 100,000 population)	2.339933594	9.65401646	22	BEN	Benin	79.0323688303034	Float		Global Health Observatory (GHO), World Health Organisation (WHO)	E
208	2012	ANNUAL	PER_100000_POP	1	2017.Q2.G.01	SH_HAP_MORT	Crude death rate attributed to household air pollution, total (deaths per 100,000 population)	9.326571283	56.03829721	64	DNK	Denmark	0	Float		Global Health Observatory (GHO), World Health Organisation (WHO)	E
212	2012	ANNUAL	PER_100000_POP	1	2017.Q2.G.01	SH_HAP_MORT	Crude death rate attributed to household air pollution, total (deaths per 100,000 population)	-61.3493756	15.43391378	63	DMA	Dominica	9.06102274649489	Float		Global Health Observatory (GHO), World Health Organisation (WHO)	E
214	2012	ANNUAL	PER_100000_POP	1	2017.Q2.G.01	SH_HAP_MORT	Crude death rate attributed to household air pollution, total (deaths per 100,000 population)	-70.49847576	18.89832088	65	DOM	Dominican Republic	10.8868642707	Float		Global Health Observatory (GHO), World Health Organisation (WHO)	E
218	2012	ANNUAL	PER_100000_POP	1	2017.Q2.G.01	SH_HAP_MORT	Crude death rate attributed to household air pollution, total (deaths per 100,000 population)	-78.37005241	-1.447785891	67	ECU	Ecuador	3.89221555286156	Float		Global Health Observatory (GHO), World Health Organisation (WHO)	E
222	2012	ANNUAL	PER_100000_POP	1	2017.Q2.G.01	SH_HAP_MORT	Crude death rate attributed to household air pollution, total (deaths per 100,000 population)	-88.86862995	13.73603564	206	SLV	El Salvador	23.4651792124152	Float		Global Health Observatory (GHO), World Health Organisation (WHO)	E
226	2012	ANNUAL	PER_100000_POP	1	2017.Q2.G.01	SH_HAP_MORT	Crude death rate attributed to household air pollution, total (deaths per 100,000 population)	10.46535826	1.565792376	90	GNQ	Equatorial Guinea	82.1637956256187	Float		Global Health Observatory (GHO), World Health Organisation (WHO)	E
231	2012	ANNUAL	PER_100000_POP	1	2017.Q2.G.01	SH_HAP_MORT	Crude death rate attributed to household air pollution, total (deaths per 100,000 population)	39.63505296	8.631223181	73	ETH	Ethiopia	49.8759965639638	Float		Global Health Observatory (GHO), World Health Organisation (WHO)	E
232	2012	ANNUAL	PER_100000_POP	1	2017.Q2.G.01	SH_HAP_MORT	Crude death rate attributed to household air pollution, total (deaths per 100,000 population)	38.11074289	16.12894644	69	ERI	Eritrea	61.0477088423553	Float		Global Health Observatory (GHO), World Health Organisation (WHO)	E
233	2012	ANNUAL	PER_100000_POP	1	2017.Q2.G.01	SH_HAP_MORT	Crude death rate attributed to household air pollution, total (deaths per 100,000 population)	25.84093481	58.68487172	72	EST	Estonia	32.199189750699	Float		Global Health Observatory (GHO), World Health Organisation (WHO)	E
234	2012	ANNUAL	PER_100000_POP	1	2017.Q2.G.01	SH_HAP_MORT	Crude death rate attributed to household air pollution, total (deaths per 100,000 population)	-7.122044325	62.21228119	78	FRO	Faroe Islands					
238	2012	ANNUAL	PER_100000_POP	1	2017.Q2.G.01	SH_HAP_MORT	Crude death rate attributed to household air pollution, total (deaths per 100,000 population)	-58.75246778	-51.74562601	76	FLK	Falkland Islands (Malvinas)					
239	2012	ANNUAL	PER_100000_POP	1	2017.Q2.G.01	SH_HAP_MORT	Crude death rate attributed to household air pollution, total (deaths per 100,000 population)	-36.90662765	-54.20736749	201	SGS	South Georgia and the South Sandwich Islands					
242	2012	ANNUAL	PER_100000_POP	1	2017.Q2.G.01	SH_HAP_MORT	Crude death rate attributed to household air pollution, total (deaths per 100,000 population)	177.9660884	-17.83301566	75	FJI	Fiji	59.4856580743195	Float		Global Health Observatory (GHO), World Health Organisation (WHO)	E
246	2012	ANNUAL	PER_100000_POP	1	2017.Q2.G.01	SH_HAP_MORT	Crude death rate attributed to household air pollution, total (deaths per 100,000 population)	23.308447	61.91586738	74	FIN	Finland	0	Float		Global Health Observatory (GHO), World Health Organisation (WHO)	E
248	2012	ANNUAL	PER_100000_POP	1	2017.Q2.G.01	SH_HAP_MORT	Crude death rate attributed to household air pollution, total (deaths per 100,000 population)	19.80945969	60.1544901	5	ALA	Åland Islands					
250	2012	ANNUAL	PER_100000_POP	1	2017.Q2.G.01	SH_HAP_MORT	Crude death rate attributed to household air pollution, total (deaths per 100,000 population)	2.457288129	46.62660861	77	FRA	France	0	Float		Global Health Observatory (GHO), World Health Organisation (WHO)	E
254	2012	ANNUAL	PER_100000_POP	1	2017.Q2.G.01	SH_HAP_MORT	Crude death rate attributed to household air pollution, total (deaths per 100,000 population)	-53.23619089	3.922673437	95	GUF	French Guiana					
258	2012	ANNUAL	PER_100000_POP	1	2017.Q2.G.01	SH_HAP_MORT	Crude death rate attributed to household air pollution, total (deaths per 100,000 population)	-149.4052367	-17.67709294	191	PYF	French Polynesia					
260	2012	ANNUAL	PER_100000_POP	1	2017.Q2.G.01	SH_HAP_MORT	Crude death rate attributed to household air pollution, total (deaths per 100,000 population)	69.64849091	-49.6068576	14	ATF	French Southern Territories					
262	2012	ANNUAL	PER_100000_POP	1	2017.Q2.G.01	SH_HAP_MORT	Crude death rate attributed to household air pollution, total (deaths per 100,000 population)	42.18274707	11.56004161	62	DJI	Djibouti	18.9066724680708	Float		Global Health Observatory (GHO), World Health Organisation (WHO)	E
266	2012	ANNUAL	PER_100000_POP	1	2017.Q2.G.01	SH_HAP_MORT	Crude death rate attributed to household air pollution, total (deaths per 100,000 population)	11.78727747	-0.60687619	80	GAB	Gabon	26.7409271163032	Float		Global Health Observatory (GHO), World Health Organisation (WHO)	E
268	2012	ANNUAL	PER_100000_POP	1	2017.Q2.G.01	SH_HAP_MORT	Crude death rate attributed to household air pollution, total (deaths per 100,000 population)	43.3713615	42.04813028	82	GEO	Georgia	212.052522712788	Float		Global Health Observatory (GHO), World Health Organisation (WHO)	E
270	2012	ANNUAL	PER_100000_POP	1	2017.Q2.G.01	SH_HAP_MORT	Crude death rate attributed to household air pollution, total (deaths per 100,000 population)	-15.39944785	13.45295927	88	GMB	Gambia	60.4948241508621	Float		Global Health Observatory (GHO), World Health Organisation (WHO)	E
275	2012	ANNUAL	PER_100000_POP	1	2017.Q2.G.01	SH_HAP_MORT	Crude death rate attributed to household air pollution, total (deaths per 100,000 population)	35.25694122	31.94347933	189	PSE	State of Palestine					
276	2012	ANNUAL	PER_100000_POP	1	2017.Q2.G.01	SH_HAP_MORT	Crude death rate attributed to household air pollution, total (deaths per 100,000 population)	10.3806066	51.08862743	61	DEU	Germany	0	Float		Global Health Observatory (GHO), World Health Organisation (WHO)	E
288	2012	ANNUAL	PER_100000_POP	1	2017.Q2.G.01	SH_HAP_MORT	Crude death rate attributed to household air pollution, total (deaths per 100,000 population)	-1.205623522	7.964825185	84	GHA	Ghana	68.3705087431749	Float		Global Health Observatory (GHO), World Health Organisation (WHO)	E
292	2012	ANNUAL	PER_100000_POP	1	2017.Q2.G.01	SH_HAP_MORT	Crude death rate attributed to household air pollution, total (deaths per 100,000 population)	-5.347561686	36.13895036	85	GIB	Gibraltar					
296	2012	ANNUAL	PER_100000_POP	1	2017.Q2.G.01	SH_HAP_MORT	Crude death rate attributed to household air pollution, total (deaths per 100,000 population)	-157.5643005	1.768837732	122	KIR	Kiribati	46.4659930708048	Float		Global Health Observatory (GHO), World Health Organisation (WHO)	E
300	2012	ANNUAL	PER_100000_POP	1	2017.Q2.G.01	SH_HAP_MORT	Crude death rate attributed to household air pollution, total (deaths per 100,000 population)	22.58307827	39.47301873	91	GRC	Greece	0	Float		Global Health Observatory (GHO), World Health Organisation (WHO)	E
304	2012	ANNUAL	PER_100000_POP	1	2017.Q2.G.01	SH_HAP_MORT	Crude death rate attributed to household air pollution, total (deaths per 100,000 population)	-41.39371316	74.75625681	93	GRL	Greenland					
308	2012	ANNUAL	PER_100000_POP	1	2017.Q2.G.01	SH_HAP_MORT	Crude death rate attributed to household air pollution, total (deaths per 100,000 population)	-61.68248568	12.11238395	92	GRD	Grenada	2.52642777863428	Float		Global Health Observatory (GHO), World Health Organisation (WHO)	E
312	2012	ANNUAL	PER_100000_POP	1	2017.Q2.G.01	SH_HAP_MORT	Crude death rate attributed to household air pollution, total (deaths per 100,000 population)	-61.64762115	16.14416917	87	GLP	Guadeloupe					
316	2012	ANNUAL	PER_100000_POP	1	2017.Q2.G.01	SH_HAP_MORT	Crude death rate attributed to household air pollution, total (deaths per 100,000 population)	144.7029305	13.35485404	96	GUM	Guam					
320	2012	ANNUAL	PER_100000_POP	1	2017.Q2.G.01	SH_HAP_MORT	Crude death rate attributed to household air pollution, total (deaths per 100,000 population)	-91.2312746	15.00273719	94	GTM	Guatemala	33.4283223103385	Float		Global Health Observatory (GHO), World Health Organisation (WHO)	E
324	2012	ANNUAL	PER_100000_POP	1	2017.Q2.G.01	SH_HAP_MORT	Crude death rate attributed to household air pollution, total (deaths per 100,000 population)	-11.28173419	11.00210343	86	GIN	Guinea	77.6270830613174	Float		Global Health Observatory (GHO), World Health Organisation (WHO)	E
328	2012	ANNUAL	PER_100000_POP	1	2017.Q2.G.01	SH_HAP_MORT	Crude death rate attributed to household air pollution, total (deaths per 100,000 population)	-58.97322037	4.788012784	97	GUY	Guyana	14.2435108601858	Float		Global Health Observatory (GHO), World Health Organisation (WHO)	E
332	2012	ANNUAL	PER_100000_POP	1	2017.Q2.G.01	SH_HAP_MORT	Crude death rate attributed to household air pollution, total (deaths per 100,000 population)	-72.33640958	18.40426539	102	HTI	Haiti	97.0651153560068	Float		Global Health Observatory (GHO), World Health Organisation (WHO)	E
334	2012	ANNUAL	PER_100000_POP	1	2017.Q2.G.01	SH_HAP_MORT	Crude death rate attributed to household air pollution, total (deaths per 100,000 population)	73.52633626	-53.09106147	99	HMD	Heard Island and McDonald Islands					
336	2012	ANNUAL	PER_100000_POP	1	2017.Q2.G.01	SH_HAP_MORT	Crude death rate attributed to household air pollution, total (deaths per 100,000 population)	12.45315803	41.90343751	250	VAT	Holy See					
340	2012	ANNUAL	PER_100000_POP	1	2017.Q2.G.01	SH_HAP_MORT	Crude death rate attributed to household air pollution, total (deaths per 100,000 population)	-86.59974381	14.82243161	100	HND	Honduras	38.7958445463906	Float		Global Health Observatory (GHO), World Health Organisation (WHO)	E
344	2012	ANNUAL	PER_100000_POP	1	2017.Q2.G.01	SH_HAP_MORT	Crude death rate attributed to household air pollution, total (deaths per 100,000 population)	114.0266445	22.41749934	98	HKG	China, Hong Kong Special Administrative Region					
348	2012	ANNUAL	PER_100000_POP	1	2017.Q2.G.01	SH_HAP_MORT	Crude death rate attributed to household air pollution, total (deaths per 100,000 population)	19.41221519	47.1651448	103	HUN	Hungary	47.6052764878253	Float		Global Health Observatory (GHO), World Health Organisation (WHO)	E
352	2012	ANNUAL	PER_100000_POP	1	2017.Q2.G.01	SH_HAP_MORT	Crude death rate attributed to household air pollution, total (deaths per 100,000 population)	-19.02116966	64.79134763	111	ISL	Iceland	0	Float		Global Health Observatory (GHO), World Health Organisation (WHO)	E
356	2012	ANNUAL	PER_100000_POP	1	2017.Q2.G.01	SH_HAP_MORT	Crude death rate attributed to household air pollution, total (deaths per 100,000 population)	79.3608464	22.34642074	106	IND	India	98.9502659714742	Float		Global Health Observatory (GHO), World Health Organisation (WHO)	E
360	2012	ANNUAL	PER_100000_POP	1	2017.Q2.G.01	SH_HAP_MORT	Crude death rate attributed to household air pollution, total (deaths per 100,000 population)	113.9174	-0.994582204	104	IDN	Indonesia	66.2092355864676	Float		Global Health Observatory (GHO), World Health Organisation (WHO)	E
364	2012	ANNUAL	PER_100000_POP	1	2017.Q2.G.01	SH_HAP_MORT	Crude death rate attributed to household air pollution, total (deaths per 100,000 population)	54.19766348	32.74370885	109	IRN	Iran (Islamic Republic of)	0.9899551852968	Float		Global Health Observatory (GHO), World Health Organisation (WHO)	E
368	2012	ANNUAL	PER_100000_POP	1	2017.Q2.G.01	SH_HAP_MORT	Crude death rate attributed to household air pollution, total (deaths per 100,000 population)	43.76606267	33.05013795	110	IRQ	Iraq	1.96576624078698	Float		Global Health Observatory (GHO), World Health Organisation (WHO)	E
372	2012	ANNUAL	PER_100000_POP	1	2017.Q2.G.01	SH_HAP_MORT	Crude death rate attributed to household air pollution, total (deaths per 100,000 population)	-7.121425272	53.25274054	108	IRL	Ireland	0	Float		Global Health Observatory (GHO), World Health Organisation (WHO)	E
376	2012	ANNUAL	PER_100000_POP	1	2017.Q2.G.01	SH_HAP_MORT	Crude death rate attributed to household air pollution, total (deaths per 100,000 population)	34.62277992	31.06164552	112	ISR	Israel	0	Float		Global Health Observatory (GHO), World Health Organisation (WHO)	E
380	2012	ANNUAL	PER_100000_POP	1	2017.Q2.G.01	SH_HAP_MORT	Crude death rate attributed to household air pollution, total (deaths per 100,000 population)	12.57022427	42.79917282	113	ITA	Italy	0	Float		Global Health Observatory (GHO), World Health Organisation (WHO)	E
384	2012	ANNUAL	PER_100000_POP	1	2017.Q2.G.01	SH_HAP_MORT	Crude death rate attributed to household air pollution, total (deaths per 100,000 population)	-5.552690016	7.62211586	46	CIV	Côte d'Ivoire	77.5009568693784	Float		Global Health Observatory (GHO), World Health Organisation (WHO)	E
388	2012	ANNUAL	PER_100000_POP	1	2017.Q2.G.01	SH_HAP_MORT	Crude death rate attributed to household air pollution, total (deaths per 100,000 population)	-77.31068409	18.15616857	114	JAM	Jamaica	20.0421158612754	Float		Global Health Observatory (GHO), World Health Organisation (WHO)	E
392	2012	ANNUAL	PER_100000_POP	1	2017.Q2.G.01	SH_HAP_MORT	Crude death rate attributed to household air pollution, total (deaths per 100,000 population)	139.2716103	36.6554539	117	JPN	Japan	0	Float		Global Health Observatory (GHO), World Health Organisation (WHO)	E
398	2012	ANNUAL	PER_100000_POP	1	2017.Q2.G.01	SH_HAP_MORT	Crude death rate attributed to household air pollution, total (deaths per 100,000 population)	66.65359159	48.01963494	118	KAZ	Kazakhstan	36.6006146217672	Float		Global Health Observatory (GHO), World Health Organisation (WHO)	E
400	2012	ANNUAL	PER_100000_POP	1	2017.Q2.G.01	SH_HAP_MORT	Crude death rate attributed to household air pollution, total (deaths per 100,000 population)	37.13024774	30.65365973	116	JOR	Jordan	0.61228195712296	Float		Global Health Observatory (GHO), World Health Organisation (WHO)	E
404	2012	ANNUAL	PER_100000_POP	1	2017.Q2.G.01	SH_HAP_MORT	Crude death rate attributed to household air pollution, total (deaths per 100,000 population)	37.86096816	0.534797278	119	KEN	Kenya	50.9858220750556	Float		Global Health Observatory (GHO), World Health Organisation (WHO)	E
408	2012	ANNUAL	PER_100000_POP	1	2017.Q2.G.01	SH_HAP_MORT	Crude death rate attributed to household air pollution, total (deaths per 100,000 population)	127.1803633	40.1462645	183	PRK	Democratic People's Republic of Korea	199.001619924223	Float		Global Health Observatory (GHO), World Health Organisation (WHO)	E
410	2012	ANNUAL	PER_100000_POP	1	2017.Q2.G.01	SH_HAP_MORT	Crude death rate attributed to household air pollution, total (deaths per 100,000 population)	127.8610254	36.45201023	124	KOR	Republic of Korea	0.62347472109789	Float		Global Health Observatory (GHO), World Health Organisation (WHO)	E
414	2012	ANNUAL	PER_100000_POP	1	2017.Q2.G.01	SH_HAP_MORT	Crude death rate attributed to household air pollution, total (deaths per 100,000 population)	47.49305029	29.53949468	125	KWT	Kuwait	0	Float		Global Health Observatory (GHO), World Health Organisation (WHO)	E
417	2012	ANNUAL	PER_100000_POP	1	2017.Q2.G.01	SH_HAP_MORT	Crude death rate attributed to household air pollution, total (deaths per 100,000 population)	74.52324839	41.46204516	120	KGZ	Kyrgyzstan	69.8531948764298	Float		Global Health Observatory (GHO), World Health Organisation (WHO)	E
418	2012	ANNUAL	PER_100000_POP	1	2017.Q2.G.01	SH_HAP_MORT	Crude death rate attributed to household air pollution, total (deaths per 100,000 population)	101.9901968	20.27482773	126	LAO	Lao People's Democratic Republic	92.5265891194273	Float		Global Health Observatory (GHO), World Health Organisation (WHO)	E
422	2012	ANNUAL	PER_100000_POP	1	2017.Q2.G.01	SH_HAP_MORT	Crude death rate attributed to household air pollution, total (deaths per 100,000 population)	35.89391711	33.92152458	127	LBN	Lebanon	0.73702240222004	Float		Global Health Observatory (GHO), World Health Organisation (WHO)	E
426	2012	ANNUAL	PER_100000_POP	1	2017.Q2.G.01	SH_HAP_MORT	Crude death rate attributed to household air pollution, total (deaths per 100,000 population)	28.25362195	-29.58041814	133	LSO	Lesotho	63.0730730275286	Float		Global Health Observatory (GHO), World Health Organisation (WHO)	E
428	2012	ANNUAL	PER_100000_POP	1	2017.Q2.G.01	SH_HAP_MORT	Crude death rate attributed to household air pollution, total (deaths per 100,000 population)	26.42461876	56.64196636	136	LVA	Latvia	27.897422007167	Float		Global Health Observatory (GHO), World Health Organisation (WHO)	E
430	2012	ANNUAL	PER_100000_POP	1	2017.Q2.G.01	SH_HAP_MORT	Crude death rate attributed to household air pollution, total (deaths per 100,000 population)	-9.311879038	6.448381009	128	LBR	Liberia	67.2091138116495	Float		Global Health Observatory (GHO), World Health Organisation (WHO)	E
434	2012	ANNUAL	PER_100000_POP	1	2017.Q2.G.01	SH_HAP_MORT	Crude death rate attributed to household air pollution, total (deaths per 100,000 population)	18.0295985	27.04042819	129	LBY	Libya	0.67891515523453	Float		Global Health Observatory (GHO), World Health Organisation (WHO)	E
438	2012	ANNUAL	PER_100000_POP	1	2017.Q2.G.01	SH_HAP_MORT	Crude death rate attributed to household air pollution, total (deaths per 100,000 population)	9.552985019	47.14167005	131	LIE	Liechtenstein					
440	2012	ANNUAL	PER_100000_POP	1	2017.Q2.G.01	SH_HAP_MORT	Crude death rate attributed to household air pollution, total (deaths per 100,000 population)	23.90517807	55.33680309	134	LTU	Lithuania	0	Float		Global Health Observatory (GHO), World Health Organisation (WHO)	E
442	2012	ANNUAL	PER_100000_POP	1	2017.Q2.G.01	SH_HAP_MORT	Crude death rate attributed to household air pollution, total (deaths per 100,000 population)	6.092656563	49.77679538	135	LUX	Luxembourg	0	Float		Global Health Observatory (GHO), World Health Organisation (WHO)	E
446	2012	ANNUAL	PER_100000_POP	1	2017.Q2.G.01	SH_HAP_MORT	Crude death rate attributed to household air pollution, total (deaths per 100,000 population)	113.5665388	22.1237259	137	MAC	China, Macao Special Administrative Region					
450	2012	ANNUAL	PER_100000_POP	1	2017.Q2.G.01	SH_HAP_MORT	Crude death rate attributed to household air pollution, total (deaths per 100,000 population)	46.6982339	-19.38514785	142	MDG	Madagascar	74.9594547520077	Float		Global Health Observatory (GHO), World Health Organisation (WHO)	E
454	2012	ANNUAL	PER_100000_POP	1	2017.Q2.G.01	SH_HAP_MORT	Crude death rate attributed to household air pollution, total (deaths per 100,000 population)	33.4884625	-13.40819859	158	MWI	Malawi	63.1183325936605	Float		Global Health Observatory (GHO), World Health Organisation (WHO)	E
458	2012	ANNUAL	PER_100000_POP	1	2017.Q2.G.01	SH_HAP_MORT	Crude death rate attributed to household air pollution, total (deaths per 100,000 population)	116.8346314	5.452415309	159	MYS	Malaysia	1.01740586997599	Float		Global Health Observatory (GHO), World Health Organisation (WHO)	E
462	2012	ANNUAL	PER_100000_POP	1	2017.Q2.G.01	SH_HAP_MORT	Crude death rate attributed to household air pollution, total (deaths per 100,000 population)	73.09672546	-0.614385021	143	MDV	Maldives	7.80648250472326	Float		Global Health Observatory (GHO), World Health Organisation (WHO)	E
466	2012	ANNUAL	PER_100000_POP	1	2017.Q2.G.01	SH_HAP_MORT	Crude death rate attributed to household air pollution, total (deaths per 100,000 population)	-3.522016039	17.35311254	147	MLI	Mali	100.816219311287	Float		Global Health Observatory (GHO), World Health Organisation (WHO)	E
470	2012	ANNUAL	PER_100000_POP	1	2017.Q2.G.01	SH_HAP_MORT	Crude death rate attributed to household air pollution, total (deaths per 100,000 population)	14.44617519	35.89194275	148	MLT	Malta	0	Float		Global Health Observatory (GHO), World Health Organisation (WHO)	E
474	2012	ANNUAL	PER_100000_POP	1	2017.Q2.G.01	SH_HAP_MORT	Crude death rate attributed to household air pollution, total (deaths per 100,000 population)	-60.91544135	14.56086108	156	MTQ	Martinique					
478	2012	ANNUAL	PER_100000_POP	1	2017.Q2.G.01	SH_HAP_MORT	Crude death rate attributed to household air pollution, total (deaths per 100,000 population)	-10.33187259	20.26089546	154	MRT	Mauritania	48.4562581526759	Float		Global Health Observatory (GHO), World Health Organisation (WHO)	E
480	2012	ANNUAL	PER_100000_POP	1	2017.Q2.G.01	SH_HAP_MORT	Crude death rate attributed to household air pollution, total (deaths per 100,000 population)	57.568022	-20.28581998	157	MUS	Mauritius	1.32317915526398	Float		Global Health Observatory (GHO), World Health Organisation (WHO)	E
484	2012	ANNUAL	PER_100000_POP	1	2017.Q2.G.01	SH_HAP_MORT	Crude death rate attributed to household air pollution, total (deaths per 100,000 population)	-102.5148166	23.93378032	144	MEX	Mexico	11.7083267475835	Float		Global Health Observatory (GHO), World Health Organisation (WHO)	E
492	2012	ANNUAL	PER_100000_POP	1	2017.Q2.G.01	SH_HAP_MORT	Crude death rate attributed to household air pollution, total (deaths per 100,000 population)	7.424214814	43.73532918	140	MCO	Monaco	0	Float		Global Health Observatory (GHO), World Health Organisation (WHO)	E
496	2012	ANNUAL	PER_100000_POP	1	2017.Q2.G.01	SH_HAP_MORT	Crude death rate attributed to household air pollution, total (deaths per 100,000 population)	103.0728057	46.83892054	151	MNG	Mongolia	107.188755586406	Float		Global Health Observatory (GHO), World Health Organisation (WHO)	E
498	2012	ANNUAL	PER_100000_POP	1	2017.Q2.G.01	SH_HAP_MORT	Crude death rate attributed to household air pollution, total (deaths per 100,000 population)	28.4650624	47.20236795	141	MDA	Republic of Moldova	46.7945728076496	Float		Global Health Observatory (GHO), World Health Organisation (WHO)	E
499	2012	ANNUAL	PER_100000_POP	1	2017.Q2.G.01	SH_HAP_MORT	Crude death rate attributed to household air pollution, total (deaths per 100,000 population)	19.25214024	42.78717043	150	MNE	Montenegro	72.4449007496018	Float		Global Health Observatory (GHO), World Health Organisation (WHO)	E
500	2012	ANNUAL	PER_100000_POP	1	2017.Q2.G.01	SH_HAP_MORT	Crude death rate attributed to household air pollution, total (deaths per 100,000 population)	-62.19261223	16.73558313	155	MSR	Montserrat					
504	2012	ANNUAL	PER_100000_POP	1	2017.Q2.G.01	SH_HAP_MORT	Crude death rate attributed to household air pollution, total (deaths per 100,000 population)	-6.281942841	31.8440131	139	MAR	Morocco	4.82586198652775	Float		Global Health Observatory (GHO), World Health Organisation (WHO)	E
508	2012	ANNUAL	PER_100000_POP	1	2017.Q2.G.01	SH_HAP_MORT	Crude death rate attributed to household air pollution, total (deaths per 100,000 population)	38.18479941	-14.27963886	153	MOZ	Mozambique	58.8546067456223	Float		Global Health Observatory (GHO), World Health Organisation (WHO)	E
512	2012	ANNUAL	PER_100000_POP	1	2017.Q2.G.01	SH_HAP_MORT	Crude death rate attributed to household air pollution, total (deaths per 100,000 population)	57.87743482	21.98805614	173	OMN	Oman	0	Float		Global Health Observatory (GHO), World Health Organisation (WHO)	E
516	2012	ANNUAL	PER_100000_POP	1	2017.Q2.G.01	SH_HAP_MORT	Crude death rate attributed to household air pollution, total (deaths per 100,000 population)	17.21907885	-22.13817068	161	NAM	Namibia	39.0957671904055	Float		Global Health Observatory (GHO), World Health Organisation (WHO)	E
520	2012	ANNUAL	PER_100000_POP	1	2017.Q2.G.01	SH_HAP_MORT	Crude death rate attributed to household air pollution, total (deaths per 100,000 population)	166.92313	-0.528742623	171	NRU	Nauru					
524	2012	ANNUAL	PER_100000_POP	1	2017.Q2.G.01	SH_HAP_MORT	Crude death rate attributed to household air pollution, total (deaths per 100,000 population)	83.94678863	28.25866332	170	NPL	Nepal	83.0556146998324	Float		Global Health Observatory (GHO), World Health Organisation (WHO)	E
528	2012	ANNUAL	PER_100000_POP	1	2017.Q2.G.01	SH_HAP_MORT	Crude death rate attributed to household air pollution, total (deaths per 100,000 population)	5.331480568	51.86728884	168	NLD	Netherlands	0	Float		Global Health Observatory (GHO), World Health Organisation (WHO)	E
530	2012	ANNUAL	PER_100000_POP	1	2017.Q2.G.01	SH_HAP_MORT	Crude death rate attributed to household air pollution, total (deaths per 100,000 population)	-68.30676179	12.22720635	8	ANT	Netherlands Antilles					
531	2012	ANNUAL	PER_100000_POP	1	2017.Q2.G.01	SH_HAP_MORT	Crude death rate attributed to household air pollution, total (deaths per 100,000 population)	-68.95033464	12.15058042	56	CUW	Curaçao					
533	2012	ANNUAL	PER_100000_POP	1	2017.Q2.G.01	SH_HAP_MORT	Crude death rate attributed to household air pollution, total (deaths per 100,000 population)	-69.97050586	12.50878756	1	ABW	Aruba					
534	2012	ANNUAL	PER_100000_POP	1	2017.Q2.G.01	SH_HAP_MORT	Crude death rate attributed to household air pollution, total (deaths per 100,000 population)	-63.06198692	18.03926508	218	SXM	Sint Maarten (Dutch part)					
540	2012	ANNUAL	PER_100000_POP	1	2017.Q2.G.01	SH_HAP_MORT	Crude death rate attributed to household air pollution, total (deaths per 100,000 population)	165.5067368	-21.41742531	162	NCL	New Caledonia					
548	2012	ANNUAL	PER_100000_POP	1	2017.Q2.G.01	SH_HAP_MORT	Crude death rate attributed to household air pollution, total (deaths per 100,000 population)	167.0679779	-15.34445547	257	VUT	Vanuatu	47.7524250232206	Float		Global Health Observatory (GHO), World Health Organisation (WHO)	E
554	2012	ANNUAL	PER_100000_POP	1	2017.Q2.G.01	SH_HAP_MORT	Crude death rate attributed to household air pollution, total (deaths per 100,000 population)	170.4755673	-43.98721568	172	NZL	New Zealand	0	Float		Global Health Observatory (GHO), World Health Organisation (WHO)	E
558	2012	ANNUAL	PER_100000_POP	1	2017.Q2.G.01	SH_HAP_MORT	Crude death rate attributed to household air pollution, total (deaths per 100,000 population)	-85.03060315	12.84210839	166	NIC	Nicaragua	47.736657378794	Float		Global Health Observatory (GHO), World Health Organisation (WHO)	E
562	2012	ANNUAL	PER_100000_POP	1	2017.Q2.G.01	SH_HAP_MORT	Crude death rate attributed to household air pollution, total (deaths per 100,000 population)	9.400167877	17.42143036	163	NER	Niger	93.5997363384318	Float		Global Health Observatory (GHO), World Health Organisation (WHO)	E
566	2012	ANNUAL	PER_100000_POP	1	2017.Q2.G.01	SH_HAP_MORT	Crude death rate attributed to household air pollution, total (deaths per 100,000 population)	8.097363256	9.585789025	165	NGA	Nigeria	76.367424507961	Float		Global Health Observatory (GHO), World Health Organisation (WHO)	E
570	2012	ANNUAL	PER_100000_POP	1	2017.Q2.G.01	SH_HAP_MORT	Crude death rate attributed to household air pollution, total (deaths per 100,000 population)	-169.8601693	-19.05000475	167	NIU	Niue					
574	2012	ANNUAL	PER_100000_POP	1	2017.Q2.G.01	SH_HAP_MORT	Crude death rate attributed to household air pollution, total (deaths per 100,000 population)	167.9515548	-29.03230018	164	NFK	Norfolk Island					
578	2012	ANNUAL	PER_100000_POP	1	2017.Q2.G.01	SH_HAP_MORT	Crude death rate attributed to household air pollution, total (deaths per 100,000 population)	11.47846389	61.34311134	169	NOR	Norway	0	Float		Global Health Observatory (GHO), World Health Organisation (WHO)	E
580	2012	ANNUAL	PER_100000_POP	1	2017.Q2.G.01	SH_HAP_MORT	Crude death rate attributed to household air pollution, total (deaths per 100,000 population)	145.7582114	15.19099517	152	MNP	Northern Mariana Islands					
581	2012	ANNUAL	PER_100000_POP	1	2017.Q2.G.01	SH_HAP_MORT	Crude death rate attributed to household air pollution, total (deaths per 100,000 population)	-162.4343752	5.874443968	245	UMI	US Minor Outlying Islands					
583	2012	ANNUAL	PER_100000_POP	1	2017.Q2.G.01	SH_HAP_MORT	Crude death rate attributed to household air pollution, total (deaths per 100,000 population)	158.225216	6.880670092	79	FSM	Micronesia, Federated States of	36.7549135497564	Float		Global Health Observatory (GHO), World Health Organisation (WHO)	E
584	2012	ANNUAL	PER_100000_POP	1	2017.Q2.G.01	SH_HAP_MORT	Crude death rate attributed to household air pollution, total (deaths per 100,000 population)	171.0839119	7.110213497	145	MHL	Marshall Islands					
585	2012	ANNUAL	PER_100000_POP	1	2017.Q2.G.01	SH_HAP_MORT	Crude death rate attributed to household air pollution, total (deaths per 100,000 population)	134.5733878	7.502307591	179	PLW	Palau					
586	2012	ANNUAL	PER_100000_POP	1	2017.Q2.G.01	SH_HAP_MORT	Crude death rate attributed to household air pollution, total (deaths per 100,000 population)	68.80479684	29.36491634	174	PAK	Pakistan	67.6475398189984	Float		Global Health Observatory (GHO), World Health Organisation (WHO)	E
591	2012	ANNUAL	PER_100000_POP	1	2017.Q2.G.01	SH_HAP_MORT	Crude death rate attributed to household air pollution, total (deaths per 100,000 population)	-81.26616623	8.450965746	175	PAN	Panama	15.3902826713471	Float		Global Health Observatory (GHO), World Health Organisation (WHO)	E
598	2012	ANNUAL	PER_100000_POP	1	2017.Q2.G.01	SH_HAP_MORT	Crude death rate attributed to household air pollution, total (deaths per 100,000 population)	145.8587761	-6.756057077	180	PNG	Papua New Guinea	40.3481785536636	Float		Global Health Observatory (GHO), World Health Organisation (WHO)	E
600	2012	ANNUAL	PER_100000_POP	1	2017.Q2.G.01	SH_HAP_MORT	Crude death rate attributed to household air pollution, total (deaths per 100,000 population)	-60.54854225	-21.70216237	187	PRY	Paraguay	43.4792186617257	Float		Global Health Observatory (GHO), World Health Organisation (WHO)	E
604	2012	ANNUAL	PER_100000_POP	1	2017.Q2.G.01	SH_HAP_MORT	Crude death rate attributed to household air pollution, total (deaths per 100,000 population)	-71.82093277	-13.58939705	177	PER	Peru	21.7152645154598	Float		Global Health Observatory (GHO), World Health Organisation (WHO)	E
608	2012	ANNUAL	PER_100000_POP	1	2017.Q2.G.01	SH_HAP_MORT	Crude death rate attributed to household air pollution, total (deaths per 100,000 population)	120.8601418	14.16591706	178	PHL	Philippines	62.3876819619458	Float		Global Health Observatory (GHO), World Health Organisation (WHO)	E
612	2012	ANNUAL	PER_100000_POP	1	2017.Q2.G.01	SH_HAP_MORT	Crude death rate attributed to household air pollution, total (deaths per 100,000 population)	-128.3225873	-24.37538456	176	PCN	Pitcairn					
616	2012	ANNUAL	PER_100000_POP	1	2017.Q2.G.01	SH_HAP_MORT	Crude death rate attributed to household air pollution, total (deaths per 100,000 population)	19.40660158	52.1226733	181	POL	Poland	0	Float		Global Health Observatory (GHO), World Health Organisation (WHO)	E
620	2012	ANNUAL	PER_100000_POP	1	2017.Q2.G.01	SH_HAP_MORT	Crude death rate attributed to household air pollution, total (deaths per 100,000 population)	-7.961599811	39.68509315	186	PRT	Portugal	0	Float		Global Health Observatory (GHO), World Health Organisation (WHO)	E
624	2012	ANNUAL	PER_100000_POP	1	2017.Q2.G.01	SH_HAP_MORT	Crude death rate attributed to household air pollution, total (deaths per 100,000 population)	-14.40182514	12.11760394	89	GNB	Guinea-Bissau	92.3934359117737	Float		Global Health Observatory (GHO), World Health Organisation (WHO)	E
626	2012	ANNUAL	PER_100000_POP	1	2017.Q2.G.01	SH_HAP_MORT	Crude death rate attributed to household air pollution, total (deaths per 100,000 population)	125.9451052	-8.797497247	228	TLS	Timor-Leste	79.7898310339889	Float		Global Health Observatory (GHO), World Health Organisation (WHO)	E
630	2012	ANNUAL	PER_100000_POP	1	2017.Q2.G.01	SH_HAP_MORT	Crude death rate attributed to household air pollution, total (deaths per 100,000 population)	-66.47591017	18.22753799	182	PRI	Puerto Rico					
634	2012	ANNUAL	PER_100000_POP	1	2017.Q2.G.01	SH_HAP_MORT	Crude death rate attributed to household air pollution, total (deaths per 100,000 population)	51.19152467	25.28355379	192	QAT	Qatar	0.20798859043572	Float		Global Health Observatory (GHO), World Health Organisation (WHO)	E
638	2012	ANNUAL	PER_100000_POP	1	2017.Q2.G.01	SH_HAP_MORT	Crude death rate attributed to household air pollution, total (deaths per 100,000 population)	55.53171398	-21.13183266	193	REU	Réunion					
642	2012	ANNUAL	PER_100000_POP	1	2017.Q2.G.01	SH_HAP_MORT	Crude death rate attributed to household air pollution, total (deaths per 100,000 population)	24.98481009	45.83893563	194	ROU	Romania	74.8939843952923	Float		Global Health Observatory (GHO), World Health Organisation (WHO)	E
643	2012	ANNUAL	PER_100000_POP	1	2017.Q2.G.01	SH_HAP_MORT	Crude death rate attributed to household air pollution, total (deaths per 100,000 population)	99.01404926	61.61899849	195	RUS	Russian Federation	13.1372680335255	Float		Global Health Observatory (GHO), World Health Organisation (WHO)	E
646	2012	ANNUAL	PER_100000_POP	1	2017.Q2.G.01	SH_HAP_MORT	Crude death rate attributed to household air pollution, total (deaths per 100,000 population)	29.92310194	-1.999842114	196	RWA	Rwanda	58.1576305533848	Float		Global Health Observatory (GHO), World Health Organisation (WHO)	E
652	2012	ANNUAL	PER_100000_POP	1	2017.Q2.G.01	SH_HAP_MORT	Crude death rate attributed to household air pollution, total (deaths per 100,000 population)	-62.83173536	17.89513362	29	BLM	Saint Barthélemy					
654	2012	ANNUAL	PER_100000_POP	1	2017.Q2.G.01	SH_HAP_MORT	Crude death rate attributed to household air pollution, total (deaths per 100,000 population)	-5.705752501	-15.96503946	202	SHN	Saint Helena					
659	2012	ANNUAL	PER_100000_POP	1	2017.Q2.G.01	SH_HAP_MORT	Crude death rate attributed to household air pollution, total (deaths per 100,000 population)	-62.76628613	17.33994219	123	KNA	Saint Kitts and Nevis					
660	2012	ANNUAL	PER_100000_POP	1	2017.Q2.G.01	SH_HAP_MORT	Crude death rate attributed to household air pollution, total (deaths per 100,000 population)	-63.05651612	18.21525315	4	AIA	Anguilla					
662	2012	ANNUAL	PER_100000_POP	1	2017.Q2.G.01	SH_HAP_MORT	Crude death rate attributed to household air pollution, total (deaths per 100,000 population)	-60.96529553	13.89405601	130	LCA	Saint Lucia	3.54146637197083	Float		Global Health Observatory (GHO), World Health Organisation (WHO)	E
663	2012	ANNUAL	PER_100000_POP	1	2017.Q2.G.01	SH_HAP_MORT	Crude death rate attributed to household air pollution, total (deaths per 100,000 population)	-63.04505461	18.0882685	138	MAF	Saint Martin (French Part)					
666	2012	ANNUAL	PER_100000_POP	1	2017.Q2.G.01	SH_HAP_MORT	Crude death rate attributed to household air pollution, total (deaths per 100,000 population)	-56.33682442	46.85812735	209	SPM	Saint Pierre and Miquelon					
670	2012	ANNUAL	PER_100000_POP	1	2017.Q2.G.01	SH_HAP_MORT	Crude death rate attributed to household air pollution, total (deaths per 100,000 population)	-61.19024321	13.24627968	251	VCT	Saint Vincent and the Grenadines	5.34559127344369	Float		Global Health Observatory (GHO), World Health Organisation (WHO)	E
674	2012	ANNUAL	PER_100000_POP	1	2017.Q2.G.01	SH_HAP_MORT	Crude death rate attributed to household air pollution, total (deaths per 100,000 population)	12.46329038	43.93841766	207	SMR	San Marino					
678	2012	ANNUAL	PER_100000_POP	1	2017.Q2.G.01	SH_HAP_MORT	Crude death rate attributed to household air pollution, total (deaths per 100,000 population)	6.609772265	0.241554875	212	STP	Sao Tome and Principe	61.995104745143	Float		Global Health Observatory (GHO), World Health Organisation (WHO)	E
682	2012	ANNUAL	PER_100000_POP	1	2017.Q2.G.01	SH_HAP_MORT	Crude death rate attributed to household air pollution, total (deaths per 100,000 population)	44.54763347	24.12594211	197	SAU	Saudi Arabia	0.74731237727499	Float		Global Health Observatory (GHO), World Health Organisation (WHO)	E
686	2012	ANNUAL	PER_100000_POP	1	2017.Q2.G.01	SH_HAP_MORT	Crude death rate attributed to household air pollution, total (deaths per 100,000 population)	-14.46636926	14.35920905	199	SEN	Senegal	34.0906957104509	Float		Global Health Observatory (GHO), World Health Organisation (WHO)	E
688	2012	ANNUAL	PER_100000_POP	1	2017.Q2.G.01	SH_HAP_MORT	Crude death rate attributed to household air pollution, total (deaths per 100,000 population)	20.805876	44.03145697	210	SRB	Serbia	88.5094558068173	Float		Global Health Observatory (GHO), World Health Organisation (WHO)	E
690	2012	ANNUAL	PER_100000_POP	1	2017.Q2.G.01	SH_HAP_MORT	Crude death rate attributed to household air pollution, total (deaths per 100,000 population)	55.46561591	-4.678053059	219	SYC	Seychelles	1.11466357075841	Float		Global Health Observatory (GHO), World Health Organisation (WHO)	E
694	2012	ANNUAL	PER_100000_POP	1	2017.Q2.G.01	SH_HAP_MORT	Crude death rate attributed to household air pollution, total (deaths per 100,000 population)	-11.78306584	8.568604164	205	SLE	Sierra Leone	129.223781929257	Float		Global Health Observatory (GHO), World Health Organisation (WHO)	E
702	2012	ANNUAL	PER_100000_POP	1	2017.Q2.G.01	SH_HAP_MORT	Crude death rate attributed to household air pollution, total (deaths per 100,000 population)	103.8107883	1.361009155	200	SGP	Singapore	0	Float		Global Health Observatory (GHO), World Health Organisation (WHO)	E
703	2012	ANNUAL	PER_100000_POP	1	2017.Q2.G.01	SH_HAP_MORT	Crude death rate attributed to household air pollution, total (deaths per 100,000 population)	19.48495604	48.70741446	214	SVK	Slovakia	2.59025818265014	Float		Global Health Observatory (GHO), World Health Organisation (WHO)	E
704	2012	ANNUAL	PER_100000_POP	1	2017.Q2.G.01	SH_HAP_MORT	Crude death rate attributed to household air pollution, total (deaths per 100,000 population)	105.802499	10.09643079	256	VNM	Viet Nam	62.4631638820259	Float		Global Health Observatory (GHO), World Health Organisation (WHO)	E
705	2012	ANNUAL	PER_100000_POP	1	2017.Q2.G.01	SH_HAP_MORT	Crude death rate attributed to household air pollution, total (deaths per 100,000 population)	14.82209486	46.11958061	215	SVN	Slovenia	7.26119860570808	Float		Global Health Observatory (GHO), World Health Organisation (WHO)	E
706	2012	ANNUAL	PER_100000_POP	1	2017.Q2.G.01	SH_HAP_MORT	Crude death rate attributed to household air pollution, total (deaths per 100,000 population)	46.20367477	4.406485729	208	SOM	Somalia	107.693688387605	Float		Global Health Observatory (GHO), World Health Organisation (WHO)	E
710	2012	ANNUAL	PER_100000_POP	1	2017.Q2.G.01	SH_HAP_MORT	Crude death rate attributed to household air pollution, total (deaths per 100,000 population)	24.67184355	-29.99957544	283	ZAF	South Africa	20.0644148696814	Float		Global Health Observatory (GHO), World Health Organisation (WHO)	E
716	2012	ANNUAL	PER_100000_POP	1	2017.Q2.G.01	SH_HAP_MORT	Crude death rate attributed to household air pollution, total (deaths per 100,000 population)	29.86909584	-19.00075492	285	ZWE	Zimbabwe	45.295085123075	Float		Global Health Observatory (GHO), World Health Organisation (WHO)	E
724	2012	ANNUAL	PER_100000_POP	1	2017.Q2.G.01	SH_HAP_MORT	Crude death rate attributed to household air pollution, total (deaths per 100,000 population)	-3.554078296	40.39211472	71	ESP	Spain	0	Float		Global Health Observatory (GHO), World Health Organisation (WHO)	E
728	2012	ANNUAL	PER_100000_POP	1	2017.Q2.G.01	SH_HAP_MORT	Crude death rate attributed to household air pollution, total (deaths per 100,000 population)	30.32618773	7.290839152	211	SSD	South Sudan	83.7808989996521	Float		Global Health Observatory (GHO), World Health Organisation (WHO)	E
732	2012	ANNUAL	PER_100000_POP	1	2017.Q2.G.01	SH_HAP_MORT	Crude death rate attributed to household air pollution, total (deaths per 100,000 population)	-13.13515523	24.66265342	70	ESH	Western Sahara					
736	2012	ANNUAL	PER_100000_POP	1	2017.Q2.G.01	SH_HAP_MORT	Crude death rate attributed to household air pollution, total (deaths per 100,000 population)	29.95650159	16.02643066	198	SDN	Sudan					
740	2012	ANNUAL	PER_100000_POP	1	2017.Q2.G.01	SH_HAP_MORT	Crude death rate attributed to household air pollution, total (deaths per 100,000 population)	-55.90626394	4.132603197	213	SUR	Suriname	10.2887859409536	Float		Global Health Observatory (GHO), World Health Organisation (WHO)	E
744	2012	ANNUAL	PER_100000_POP	1	2017.Q2.G.01	SH_HAP_MORT	Crude death rate attributed to household air pollution, total (deaths per 100,000 population)	13.38071013	78.82894131	203	SJM	Svalbard and Jan Mayen Islands					
748	2012	ANNUAL	PER_100000_POP	1	2017.Q2.G.01	SH_HAP_MORT	Crude death rate attributed to household air pollution, total (deaths per 100,000 population)	31.50149288	-26.56471011	217	SWZ	Swaziland	53.5621383187171	Float		Global Health Observatory (GHO), World Health Organisation (WHO)	E
752	2012	ANNUAL	PER_100000_POP	1	2017.Q2.G.01	SH_HAP_MORT	Crude death rate attributed to household air pollution, total (deaths per 100,000 population)	14.3775338	60.60103109	216	SWE	Sweden	0	Float		Global Health Observatory (GHO), World Health Organisation (WHO)	E
756	2012	ANNUAL	PER_100000_POP	1	2017.Q2.G.01	SH_HAP_MORT	Crude death rate attributed to household air pollution, total (deaths per 100,000 population)	8.223158	46.96617097	43	CHE	Switzerland	0	Float		Global Health Observatory (GHO), World Health Organisation (WHO)	E
760	2012	ANNUAL	PER_100000_POP	1	2017.Q2.G.01	SH_HAP_MORT	Crude death rate attributed to household air pollution, total (deaths per 100,000 population)	38.50466565	35.01676176	220	SYR	Syrian Arab Republic (Syria)	0.75601096440171	Float		Global Health Observatory (GHO), World Health Organisation (WHO)	E
762	2012	ANNUAL	PER_100000_POP	1	2017.Q2.G.01	SH_HAP_MORT	Crude death rate attributed to household air pollution, total (deaths per 100,000 population)	69.294998	38.43069666	225	TJK	Tajikistan	62.8179239318988	Float		Global Health Observatory (GHO), World Health Organisation (WHO)	E
764	2012	ANNUAL	PER_100000_POP	1	2017.Q2.G.01	SH_HAP_MORT	Crude death rate attributed to household air pollution, total (deaths per 100,000 population)	101.0202951	15.13089239	224	THA	Thailand	37.099068623458	Float		Global Health Observatory (GHO), World Health Organisation (WHO)	E
768	2012	ANNUAL	PER_100000_POP	1	2017.Q2.G.01	SH_HAP_MORT	Crude death rate attributed to household air pollution, total (deaths per 100,000 population)	0.97835765	8.532096072	223	TGO	Togo	70.697642947472	Float		Global Health Observatory (GHO), World Health Organisation (WHO)	E
772	2012	ANNUAL	PER_100000_POP	1	2017.Q2.G.01	SH_HAP_MORT	Crude death rate attributed to household air pollution, total (deaths per 100,000 population)	-171.8154473	-9.214545558	226	TKL	Tokelau					
776	2012	ANNUAL	PER_100000_POP	1	2017.Q2.G.01	SH_HAP_MORT	Crude death rate attributed to household air pollution, total (deaths per 100,000 population)	-175.1959991	-21.19511329	229	TON	Tonga					
780	2012	ANNUAL	PER_100000_POP	1	2017.Q2.G.01	SH_HAP_MORT	Crude death rate attributed to household air pollution, total (deaths per 100,000 population)	-61.29389504	10.41877263	230	TTO	Trinidad and Tobago	1.26066333059517	Float		Global Health Observatory (GHO), World Health Organisation (WHO)	E
784	2012	ANNUAL	PER_100000_POP	1	2017.Q2.G.01	SH_HAP_MORT	Crude death rate attributed to household air pollution, total (deaths per 100,000 population)	53.98279159	23.43322219	9	ARE	United Arab Emirates	0.21188104234628	Float		Global Health Observatory (GHO), World Health Organisation (WHO)	E
788	2012	ANNUAL	PER_100000_POP	1	2017.Q2.G.01	SH_HAP_MORT	Crude death rate attributed to household air pollution, total (deaths per 100,000 population)	9.572737411	34.11439971	231	TUN	Tunisia	1.37154559044123	Float		Global Health Observatory (GHO), World Health Organisation (WHO)	E
792	2012	ANNUAL	PER_100000_POP	1	2017.Q2.G.01	SH_HAP_MORT	Crude death rate attributed to household air pollution, total (deaths per 100,000 population)	35.42890329	38.9899684	232	TUR	Turkey	8.80269013091988	Float		Global Health Observatory (GHO), World Health Organisation (WHO)	E
795	2012	ANNUAL	PER_100000_POP	1	2017.Q2.G.01	SH_HAP_MORT	Crude death rate attributed to household air pollution, total (deaths per 100,000 population)	58.9787665	40.0912346	227	TKM	Turkmenistan	2.43137076996939	Float		Global Health Observatory (GHO), World Health Organisation (WHO)	E
796	2012	ANNUAL	PER_100000_POP	1	2017.Q2.G.01	SH_HAP_MORT	Crude death rate attributed to household air pollution, total (deaths per 100,000 population)	-71.745121	21.80780585	221	TCA	Turks and Caicos Islands					
798	2012	ANNUAL	PER_100000_POP	1	2017.Q2.G.01	SH_HAP_MORT	Crude death rate attributed to household air pollution, total (deaths per 100,000 population)	178.6679611	-7.460048071	233	TUV	Tuvalu					
800	2012	ANNUAL	PER_100000_POP	1	2017.Q2.G.01	SH_HAP_MORT	Crude death rate attributed to household air pollution, total (deaths per 100,000 population)	32.39100438	1.279557331	236	UGA	Uganda	59.1918707554342	Float		Global Health Observatory (GHO), World Health Organisation (WHO)	E
804	2012	ANNUAL	PER_100000_POP	1	2017.Q2.G.01	SH_HAP_MORT	Crude death rate attributed to household air pollution, total (deaths per 100,000 population)	31.40270802	49.00735945	237	UKR	Ukraine	21.2702126683995	Float		Global Health Observatory (GHO), World Health Organisation (WHO)	E
807	2012	ANNUAL	PER_100000_POP	1	2017.Q2.G.01	SH_HAP_MORT	Crude death rate attributed to household air pollution, total (deaths per 100,000 population)	21.7007909	41.60048068	146	MKD	Macedonia, Republic of	76.5199262867538	Float		Global Health Observatory (GHO), World Health Organisation (WHO)	E
818	2012	ANNUAL	PER_100000_POP	1	2017.Q2.G.01	SH_HAP_MORT	Crude death rate attributed to household air pollution, total (deaths per 100,000 population)	29.77468534	26.57438204	68	EGY	Egypt	1.6264962206678	Float		Global Health Observatory (GHO), World Health Organisation (WHO)	E
826	2012	ANNUAL	PER_100000_POP	1	2017.Q2.G.01	SH_HAP_MORT	Crude death rate attributed to household air pollution, total (deaths per 100,000 population)	-2.23830539	53.27691757	81	GBR	United Kingdom	0	Float		Global Health Observatory (GHO), World Health Organisation (WHO)	E
831	2012	ANNUAL	PER_100000_POP	1	2017.Q2.G.01	SH_HAP_MORT	Crude death rate attributed to household air pollution, total (deaths per 100,000 population)	-2.200712402	49.71561166	83	GGY	Guernsey					
832	2012	ANNUAL	PER_100000_POP	1	2017.Q2.G.01	SH_HAP_MORT	Crude death rate attributed to household air pollution, total (deaths per 100,000 population)	-2.136773508	49.22353354	115	JEY	Jersey					
833	2012	ANNUAL	PER_100000_POP	1	2017.Q2.G.01	SH_HAP_MORT	Crude death rate attributed to household air pollution, total (deaths per 100,000 population)	-4.538190305	54.22880901	105	IMN	Isle of Man					
834	2012	ANNUAL	PER_100000_POP	1	2017.Q2.G.01	SH_HAP_MORT	Crude death rate attributed to household air pollution, total (deaths per 100,000 population)	34.80521182	-6.265332606	235	TZA	Tanzania, United Republic of	44.5493973515298	Float		Global Health Observatory (GHO), World Health Organisation (WHO)	E
840	2012	ANNUAL	PER_100000_POP	1	2017.Q2.G.01	SH_HAP_MORT	Crude death rate attributed to household air pollution, total (deaths per 100,000 population)	-99.13830311	39.5277871	248	USA	United States of America	0	Float		Global Health Observatory (GHO), World Health Organisation (WHO)	E
850	2012	ANNUAL	PER_100000_POP	1	2017.Q2.G.01	SH_HAP_MORT	Crude death rate attributed to household air pollution, total (deaths per 100,000 population)	-64.76960113	17.73297693	255	VIR	United States Virgin Islands					
854	2012	ANNUAL	PER_100000_POP	1	2017.Q2.G.01	SH_HAP_MORT	Crude death rate attributed to household air pollution, total (deaths per 100,000 population)	-1.742843829	12.27491081	23	BFA	Burkina Faso	83.0732873709495	Float		Global Health Observatory (GHO), World Health Organisation (WHO)	E
858	2012	ANNUAL	PER_100000_POP	1	2017.Q2.G.01	SH_HAP_MORT	Crude death rate attributed to household air pollution, total (deaths per 100,000 population)	-56.01387025	-32.8002838	247	URY	Uruguay	1.81862422079186	Float		Global Health Observatory (GHO), World Health Organisation (WHO)	E
860	2012	ANNUAL	PER_100000_POP	1	2017.Q2.G.01	SH_HAP_MORT	Crude death rate attributed to household air pollution, total (deaths per 100,000 population)	63.11944558	41.77560518	249	UZB	Uzbekistan	31.2130228291625	Float		Global Health Observatory (GHO), World Health Organisation (WHO)	E
862	2012	ANNUAL	PER_100000_POP	1	2017.Q2.G.01	SH_HAP_MORT	Crude death rate attributed to household air pollution, total (deaths per 100,000 population)	-66.15642084	7.121324748	253	VEN	Venezuela (Bolivarian Republic)	0.64327920458802	Float		Global Health Observatory (GHO), World Health Organisation (WHO)	E
876	2012	ANNUAL	PER_100000_POP	1	2017.Q2.G.01	SH_HAP_MORT	Crude death rate attributed to household air pollution, total (deaths per 100,000 population)	-176.2034788	-13.28471201	258	WLF	Wallis and Futuna Islands					
882	2012	ANNUAL	PER_100000_POP	1	2017.Q2.G.01	SH_HAP_MORT	Crude death rate attributed to household air pollution, total (deaths per 100,000 population)	-172.4430749	-13.61541469	259	WSM	Samoa					
887	2012	ANNUAL	PER_100000_POP	1	2017.Q2.G.01	SH_HAP_MORT	Crude death rate attributed to household air pollution, total (deaths per 100,000 population)	45.22389143	15.22242099	282	YEM	Yemen	37.6787827983098	Float		Global Health Observatory (GHO), World Health Organisation (WHO)	E
894	2012	ANNUAL	PER_100000_POP	1	2017.Q2.G.01	SH_HAP_MORT	Crude death rate attributed to household air pollution, total (deaths per 100,000 population)	27.850329	-14.59701056	284	ZMB	Zambia	55.7000815456156	Float		Global Health Observatory (GHO), World Health Organisation (WHO)	E
