series.release	series.code	series.description	geoAreaCode	X	Y	ISO3CD	geoAreaName	sliceId	Freq	Units	1998	1999	2000	2002	2003	2004	2005	2006	2007	2008	2009	2010	2011	2012	2013	2014	last.5.years.mean	latest.year	latest.value	latest.source	latest.nature
2017.Q2.G.01	SI_COV_SOCINS	Proportion of population covered by social insurance programs, total (%)	4	66.02688198	33.83160199	AFG	Afghanistan	1	ANNUAL	PERCENT									0.539037									2007	0.539037	World Bank	
2017.Q2.G.01	SI_COV_SOCINS	Proportion of population covered by social insurance programs, total (%)	8	20.06660928	41.13897007	ALB	Albania	1	ANNUAL	PERCENT										45.938808				36.255063			36.255063	2012	36.255063	World Bank	
2017.Q2.G.01	SI_COV_SOCINS	Proportion of population covered by social insurance programs, total (%)	10	21.47585697	-80.40897662	ATA	Antarctica	1	ANNUAL	PERCENT																					
2017.Q2.G.01	SI_COV_SOCINS	Proportion of population covered by social insurance programs, total (%)	12	2.678164227	28.15940032	DZA	Algeria	1	ANNUAL	PERCENT																					
2017.Q2.G.01	SI_COV_SOCINS	Proportion of population covered by social insurance programs, total (%)	16	-170.7187269	-14.30587306	ASM	American Samoa	1	ANNUAL	PERCENT																					
2017.Q2.G.01	SI_COV_SOCINS	Proportion of population covered by social insurance programs, total (%)	20	1.576257417	42.54548611	AND	Andorra	1	ANNUAL	PERCENT																					
2017.Q2.G.01	SI_COV_SOCINS	Proportion of population covered by social insurance programs, total (%)	24	17.57817062	-12.33724746	AGO	Angola	1	ANNUAL	PERCENT																					
2017.Q2.G.01	SI_COV_SOCINS	Proportion of population covered by social insurance programs, total (%)	28	-61.7999755	17.07761471	ATG	Antigua and Barbuda	1	ANNUAL	PERCENT																					
2017.Q2.G.01	SI_COV_SOCINS	Proportion of population covered by social insurance programs, total (%)	31	50.01064725	40.39229544	AZE	Azerbaijan	1	ANNUAL	PERCENT										55.102524								2008	55.102524	World Bank	
2017.Q2.G.01	SI_COV_SOCINS	Proportion of population covered by social insurance programs, total (%)	32	-65.14563274	-35.19446255	ARG	Argentina	1	ANNUAL	PERCENT								22.338095				29.575281	29.332119	28.96956			29.29232	2012	28.96956	World Bank	
2017.Q2.G.01	SI_COV_SOCINS	Proportion of population covered by social insurance programs, total (%)	36	134.3499412	-25.57717202	AUS	Australia	1	ANNUAL	PERCENT																					
2017.Q2.G.01	SI_COV_SOCINS	Proportion of population covered by social insurance programs, total (%)	40	14.14172472	47.58704857	AUT	Austria	1	ANNUAL	PERCENT																					
2017.Q2.G.01	SI_COV_SOCINS	Proportion of population covered by social insurance programs, total (%)	44	-78.05111663	24.69546597	BHS	Bahamas	1	ANNUAL	PERCENT																					
2017.Q2.G.01	SI_COV_SOCINS	Proportion of population covered by social insurance programs, total (%)	48	50.5490754	26.04407747	BHR	Bahrain	1	ANNUAL	PERCENT																					
2017.Q2.G.01	SI_COV_SOCINS	Proportion of population covered by social insurance programs, total (%)	50	89.17660788	22.86961622	BGD	Bangladesh	1	ANNUAL	PERCENT							1.647646					1.498692					1.498692	2010	1.498692	World Bank	
2017.Q2.G.01	SI_COV_SOCINS	Proportion of population covered by social insurance programs, total (%)	51	44.93839317	40.29499741	ARM	Armenia	1	ANNUAL	PERCENT										49.990861	51.284002	52.10611	52.879711	53.362759	53.031512	54.751334	53.2262852	2014	54.751334	World Bank	
2017.Q2.G.01	SI_COV_SOCINS	Proportion of population covered by social insurance programs, total (%)	52	-59.5346489	13.13648273	BRB	Barbados	1	ANNUAL	PERCENT																					
2017.Q2.G.01	SI_COV_SOCINS	Proportion of population covered by social insurance programs, total (%)	56	4.660976456	50.64104975	BEL	Belgium	1	ANNUAL	PERCENT																					
2017.Q2.G.01	SI_COV_SOCINS	Proportion of population covered by social insurance programs, total (%)	60	-64.78155012	32.27881922	BMU	Bermuda	1	ANNUAL	PERCENT																					
2017.Q2.G.01	SI_COV_SOCINS	Proportion of population covered by social insurance programs, total (%)	64	90.45098484	27.39598568	BTN	Bhutan	1	ANNUAL	PERCENT									1.430149					0.712241			0.712241	2012	0.712241	World Bank	
2017.Q2.G.01	SI_COV_SOCINS	Proportion of population covered by social insurance programs, total (%)	68	-64.66224284	-16.71273412	BOL	Bolivia (Plurinational State of)	1	ANNUAL	PERCENT								8.092375	8.086236	8.217361	8.39291		8.36406	8.549843			8.4569515	2012	8.549843	World Bank	
2017.Q2.G.01	SI_COV_SOCINS	Proportion of population covered by social insurance programs, total (%)	70	17.78584332	44.16845548	BIH	Bosnia and Herzegovina	1	ANNUAL	PERCENT									41.523791									2007	41.523791	World Bank	
2017.Q2.G.01	SI_COV_SOCINS	Proportion of population covered by social insurance programs, total (%)	72	23.81380223	-22.18810073	BWA	Botswana	1	ANNUAL	PERCENT																					
2017.Q2.G.01	SI_COV_SOCINS	Proportion of population covered by social insurance programs, total (%)	74	3.410732868	-54.43295905	BVT	Bouvet Island	1	ANNUAL	PERCENT																					
2017.Q2.G.01	SI_COV_SOCINS	Proportion of population covered by social insurance programs, total (%)	76	-53.08432878	-10.77668561	BRA	Brazil	1	ANNUAL	PERCENT								30.100939			27.94677		28.31045	28.344648			28.327549	2012	28.344648	World Bank	
2017.Q2.G.01	SI_COV_SOCINS	Proportion of population covered by social insurance programs, total (%)	84	-88.70199554	17.19965901	BLZ	Belize	1	ANNUAL	PERCENT											28.189539							2009	28.189539	World Bank	
2017.Q2.G.01	SI_COV_SOCINS	Proportion of population covered by social insurance programs, total (%)	86	72.38715553	-7.299281071	IOT	British Indian Ocean Territory	1	ANNUAL	PERCENT																					
2017.Q2.G.01	SI_COV_SOCINS	Proportion of population covered by social insurance programs, total (%)	90	160.1584117	-9.622391719	SLB	Solomon Islands	1	ANNUAL	PERCENT							1.209804											2005	1.209804	World Bank	
2017.Q2.G.01	SI_COV_SOCINS	Proportion of population covered by social insurance programs, total (%)	92	-64.63294223	18.42256578	VGB	British Virgin Islands	1	ANNUAL	PERCENT																					
2017.Q2.G.01	SI_COV_SOCINS	Proportion of population covered by social insurance programs, total (%)	96	114.6288563	4.49736984	BRN	Brunei Darussalam	1	ANNUAL	PERCENT																					
2017.Q2.G.01	SI_COV_SOCINS	Proportion of population covered by social insurance programs, total (%)	100	25.23763153	42.75731323	BGR	Bulgaria	1	ANNUAL	PERCENT									47.715362									2007	47.715362	World Bank	
2017.Q2.G.01	SI_COV_SOCINS	Proportion of population covered by social insurance programs, total (%)	104	96.51752295	21.19332882	MMR	Myanmar	1	ANNUAL	PERCENT																					
2017.Q2.G.01	SI_COV_SOCINS	Proportion of population covered by social insurance programs, total (%)	108	29.89080992	-3.366387428	BDI	Burundi	1	ANNUAL	PERCENT																					
2017.Q2.G.01	SI_COV_SOCINS	Proportion of population covered by social insurance programs, total (%)	112	28.04940161	53.54193075	BLR	Belarus	1	ANNUAL	PERCENT										43.085329	40.885037	42.389514		47.925471	48.687496		46.3341603333333	2013	48.687496	World Bank	
2017.Q2.G.01	SI_COV_SOCINS	Proportion of population covered by social insurance programs, total (%)	116	104.922836	12.71163737	KHM	Cambodia	1	ANNUAL	PERCENT										2.645624					1.869139		1.869139	2013	1.869139	World Bank	
2017.Q2.G.01	SI_COV_SOCINS	Proportion of population covered by social insurance programs, total (%)	120	12.7419827	5.692387031	CMR	Cameroon	1	ANNUAL	PERCENT									2.804668							3.40811	3.40811	2014	3.40811	World Bank	
2017.Q2.G.01	SI_COV_SOCINS	Proportion of population covered by social insurance programs, total (%)	124	-101.6575058	57.72360191	CAN	Canada	1	ANNUAL	PERCENT																					
2017.Q2.G.01	SI_COV_SOCINS	Proportion of population covered by social insurance programs, total (%)	132	-23.63544151	15.07791834	CPV	Cabo Verde	1	ANNUAL	PERCENT									6.000646									2007	6.000646	World Bank	
2017.Q2.G.01	SI_COV_SOCINS	Proportion of population covered by social insurance programs, total (%)	136	-81.16740559	19.32266656	CYM	Cayman Islands	1	ANNUAL	PERCENT																					
2017.Q2.G.01	SI_COV_SOCINS	Proportion of population covered by social insurance programs, total (%)	140	20.93559492	7.003720791	CAF	Central African Republic	1	ANNUAL	PERCENT										0.825929								2008	0.825929	World Bank	
2017.Q2.G.01	SI_COV_SOCINS	Proportion of population covered by social insurance programs, total (%)	144	80.70489654	7.614693343	LKA	Sri Lanka	1	ANNUAL	PERCENT								6.293173			6.627628			7.400606			7.400606	2012	7.400606	World Bank	
2017.Q2.G.01	SI_COV_SOCINS	Proportion of population covered by social insurance programs, total (%)	148	18.66618401	15.36279341	TCD	Chad	1	ANNUAL	PERCENT													2.477972				2.477972	2011	2.477972	World Bank	
2017.Q2.G.01	SI_COV_SOCINS	Proportion of population covered by social insurance programs, total (%)	152	-71.23029019	-35.2652885	CHL	Chile	1	ANNUAL	PERCENT								31.879755			41.256162		23.640442		44.599919		34.1201805	2013	44.599919	World Bank	
2017.Q2.G.01	SI_COV_SOCINS	Proportion of population covered by social insurance programs, total (%)	156	104.1403375	32.30955217	CHN	China	1	ANNUAL	PERCENT																					
2017.Q2.G.01	SI_COV_SOCINS	Proportion of population covered by social insurance programs, total (%)	162	105.6426067	-10.4882473	CXR	Christmas Island	1	ANNUAL	PERCENT																					
2017.Q2.G.01	SI_COV_SOCINS	Proportion of population covered by social insurance programs, total (%)	166	96.82633757	-12.18600682	CCK	Cocos (Keeling) Islands	1	ANNUAL	PERCENT																					
2017.Q2.G.01	SI_COV_SOCINS	Proportion of population covered by social insurance programs, total (%)	170	-73.07446751	3.888209046	COL	Colombia	1	ANNUAL	PERCENT												9.934944	9.614408	8.897965			9.482439	2012	8.897965	World Bank	
2017.Q2.G.01	SI_COV_SOCINS	Proportion of population covered by social insurance programs, total (%)	174	43.34234565	-11.66121732	COM	Comoros	1	ANNUAL	PERCENT						1.880312												2004	1.880312	World Bank	
2017.Q2.G.01	SI_COV_SOCINS	Proportion of population covered by social insurance programs, total (%)	175	45.14015057	-12.82217691	MYT	Mayotte	1	ANNUAL	PERCENT																					
2017.Q2.G.01	SI_COV_SOCINS	Proportion of population covered by social insurance programs, total (%)	178	15.22052612	-0.840544119	COG	Congo	1	ANNUAL	PERCENT							8.914797											2005	8.914797	World Bank	
2017.Q2.G.01	SI_COV_SOCINS	Proportion of population covered by social insurance programs, total (%)	180	23.65496507	-2.877154732	COD	Democratic Republic of the Congo	1	ANNUAL	PERCENT						1.512356								1.599621			1.599621	2012	1.599621	World Bank	
2017.Q2.G.01	SI_COV_SOCINS	Proportion of population covered by social insurance programs, total (%)	184	-159.7711391	-21.22696458	COK	Cook Islands	1	ANNUAL	PERCENT																					
2017.Q2.G.01	SI_COV_SOCINS	Proportion of population covered by social insurance programs, total (%)	188	-84.19712782	9.970998683	CRI	Costa Rica	1	ANNUAL	PERCENT										12.944535	18.83602	14.051702	14.403398	15.028445			14.494515	2012	15.028445	World Bank	
2017.Q2.G.01	SI_COV_SOCINS	Proportion of population covered by social insurance programs, total (%)	191	17.95874553	45.45172212	HRV	Croatia	1	ANNUAL	PERCENT										54.743129		57.51293					57.51293	2010	57.51293	World Bank	
2017.Q2.G.01	SI_COV_SOCINS	Proportion of population covered by social insurance programs, total (%)	192	-79.54460144	22.10030366	CUB	Cuba	1	ANNUAL	PERCENT																					
2017.Q2.G.01	SI_COV_SOCINS	Proportion of population covered by social insurance programs, total (%)	196	33.22285964	35.05659437	CYP	Cyprus	1	ANNUAL	PERCENT																					
2017.Q2.G.01	SI_COV_SOCINS	Proportion of population covered by social insurance programs, total (%)	203	15.33151382	49.73913871	CZE	Czechia	1	ANNUAL	PERCENT																					
2017.Q2.G.01	SI_COV_SOCINS	Proportion of population covered by social insurance programs, total (%)	204	2.339933594	9.65401646	BEN	Benin	1	ANNUAL	PERCENT					6.626981													2003	6.626981	World Bank	
2017.Q2.G.01	SI_COV_SOCINS	Proportion of population covered by social insurance programs, total (%)	208	9.326571283	56.03829721	DNK	Denmark	1	ANNUAL	PERCENT																					
2017.Q2.G.01	SI_COV_SOCINS	Proportion of population covered by social insurance programs, total (%)	212	-61.3493756	15.43391378	DMA	Dominica	1	ANNUAL	PERCENT				13.370101														2002	13.370101	World Bank	
2017.Q2.G.01	SI_COV_SOCINS	Proportion of population covered by social insurance programs, total (%)	214	-70.49847576	18.89832088	DOM	Dominican Republic	1	ANNUAL	PERCENT									5.42859	4.791053	5.115791	5.784786	6.130299	5.68255			5.86587833333333	2012	5.68255	World Bank	
2017.Q2.G.01	SI_COV_SOCINS	Proportion of population covered by social insurance programs, total (%)	218	-78.37005241	-1.447785891	ECU	Ecuador	1	ANNUAL	PERCENT										7.255305		9.354926	10.67494	10.67494			10.2349353333333	2012	10.67494	World Bank	
2017.Q2.G.01	SI_COV_SOCINS	Proportion of population covered by social insurance programs, total (%)	222	-88.86862995	13.73603564	SLV	El Salvador	1	ANNUAL	PERCENT									5.408411	8.634768	6.346947	5.652573	5.571718	5.477152			5.56714766666667	2012	5.477152	World Bank	
2017.Q2.G.01	SI_COV_SOCINS	Proportion of population covered by social insurance programs, total (%)	226	10.46535826	1.565792376	GNQ	Equatorial Guinea	1	ANNUAL	PERCENT																					
2017.Q2.G.01	SI_COV_SOCINS	Proportion of population covered by social insurance programs, total (%)	231	39.63505296	8.631223181	ETH	Ethiopia	1	ANNUAL	PERCENT																					
2017.Q2.G.01	SI_COV_SOCINS	Proportion of population covered by social insurance programs, total (%)	232	38.11074289	16.12894644	ERI	Eritrea	1	ANNUAL	PERCENT																					
2017.Q2.G.01	SI_COV_SOCINS	Proportion of population covered by social insurance programs, total (%)	233	25.84093481	58.68487172	EST	Estonia	1	ANNUAL	PERCENT																					
2017.Q2.G.01	SI_COV_SOCINS	Proportion of population covered by social insurance programs, total (%)	234	-7.122044325	62.21228119	FRO	Faroe Islands	1	ANNUAL	PERCENT																					
2017.Q2.G.01	SI_COV_SOCINS	Proportion of population covered by social insurance programs, total (%)	238	-58.75246778	-51.74562601	FLK	Falkland Islands (Malvinas)	1	ANNUAL	PERCENT																					
2017.Q2.G.01	SI_COV_SOCINS	Proportion of population covered by social insurance programs, total (%)	239	-36.90662765	-54.20736749	SGS	South Georgia and the South Sandwich Islands	1	ANNUAL	PERCENT																					
2017.Q2.G.01	SI_COV_SOCINS	Proportion of population covered by social insurance programs, total (%)	242	177.9660884	-17.83301566	FJI	Fiji	1	ANNUAL	PERCENT										5.32569								2008	5.32569	World Bank	
2017.Q2.G.01	SI_COV_SOCINS	Proportion of population covered by social insurance programs, total (%)	246	23.308447	61.91586738	FIN	Finland	1	ANNUAL	PERCENT																					
2017.Q2.G.01	SI_COV_SOCINS	Proportion of population covered by social insurance programs, total (%)	248	19.80945969	60.1544901	ALA	Åland Islands	1	ANNUAL	PERCENT																					
2017.Q2.G.01	SI_COV_SOCINS	Proportion of population covered by social insurance programs, total (%)	250	2.457288129	46.62660861	FRA	France	1	ANNUAL	PERCENT																					
2017.Q2.G.01	SI_COV_SOCINS	Proportion of population covered by social insurance programs, total (%)	254	-53.23619089	3.922673437	GUF	French Guiana	1	ANNUAL	PERCENT																					
2017.Q2.G.01	SI_COV_SOCINS	Proportion of population covered by social insurance programs, total (%)	258	-149.4052367	-17.67709294	PYF	French Polynesia	1	ANNUAL	PERCENT																					
2017.Q2.G.01	SI_COV_SOCINS	Proportion of population covered by social insurance programs, total (%)	260	69.64849091	-49.6068576	ATF	French Southern Territories	1	ANNUAL	PERCENT																					
2017.Q2.G.01	SI_COV_SOCINS	Proportion of population covered by social insurance programs, total (%)	262	42.18274707	11.56004161	DJI	Djibouti	1	ANNUAL	PERCENT														8.501924			8.501924	2012	8.501924	World Bank	
2017.Q2.G.01	SI_COV_SOCINS	Proportion of population covered by social insurance programs, total (%)	266	11.78727747	-0.60687619	GAB	Gabon	1	ANNUAL	PERCENT							13.423964											2005	13.423964	World Bank	
2017.Q2.G.01	SI_COV_SOCINS	Proportion of population covered by social insurance programs, total (%)	268	43.3713615	42.04813028	GEO	Georgia	1	ANNUAL	PERCENT													56.26545				56.26545	2011	56.26545	World Bank	
2017.Q2.G.01	SI_COV_SOCINS	Proportion of population covered by social insurance programs, total (%)	270	-15.39944785	13.45295927	GMB	Gambia	1	ANNUAL	PERCENT	2.725737																	1998	2.725737	World Bank	
2017.Q2.G.01	SI_COV_SOCINS	Proportion of population covered by social insurance programs, total (%)	275	35.25694122	31.94347933	PSE	State of Palestine	1	ANNUAL	PERCENT																					
2017.Q2.G.01	SI_COV_SOCINS	Proportion of population covered by social insurance programs, total (%)	276	10.3806066	51.08862743	DEU	Germany	1	ANNUAL	PERCENT																					
2017.Q2.G.01	SI_COV_SOCINS	Proportion of population covered by social insurance programs, total (%)	288	-1.205623522	7.964825185	GHA	Ghana	1	ANNUAL	PERCENT							3.956689							59.491018			59.491018	2012	59.491018	World Bank	
2017.Q2.G.01	SI_COV_SOCINS	Proportion of population covered by social insurance programs, total (%)	292	-5.347561686	36.13895036	GIB	Gibraltar	1	ANNUAL	PERCENT																					
2017.Q2.G.01	SI_COV_SOCINS	Proportion of population covered by social insurance programs, total (%)	296	-157.5643005	1.768837732	KIR	Kiribati	1	ANNUAL	PERCENT																					
2017.Q2.G.01	SI_COV_SOCINS	Proportion of population covered by social insurance programs, total (%)	300	22.58307827	39.47301873	GRC	Greece	1	ANNUAL	PERCENT																					
2017.Q2.G.01	SI_COV_SOCINS	Proportion of population covered by social insurance programs, total (%)	304	-41.39371316	74.75625681	GRL	Greenland	1	ANNUAL	PERCENT																					
2017.Q2.G.01	SI_COV_SOCINS	Proportion of population covered by social insurance programs, total (%)	308	-61.68248568	12.11238395	GRD	Grenada	1	ANNUAL	PERCENT																					
2017.Q2.G.01	SI_COV_SOCINS	Proportion of population covered by social insurance programs, total (%)	312	-61.64762115	16.14416917	GLP	Guadeloupe	1	ANNUAL	PERCENT																					
2017.Q2.G.01	SI_COV_SOCINS	Proportion of population covered by social insurance programs, total (%)	316	144.7029305	13.35485404	GUM	Guam	1	ANNUAL	PERCENT																					
2017.Q2.G.01	SI_COV_SOCINS	Proportion of population covered by social insurance programs, total (%)	320	-91.2312746	15.00273719	GTM	Guatemala	1	ANNUAL	PERCENT								4.698411					3.877627				3.877627	2011	3.877627	World Bank	
2017.Q2.G.01	SI_COV_SOCINS	Proportion of population covered by social insurance programs, total (%)	324	-11.28173419	11.00210343	GIN	Guinea	1	ANNUAL	PERCENT																					
2017.Q2.G.01	SI_COV_SOCINS	Proportion of population covered by social insurance programs, total (%)	328	-58.97322037	4.788012784	GUY	Guyana	1	ANNUAL	PERCENT																					
2017.Q2.G.01	SI_COV_SOCINS	Proportion of population covered by social insurance programs, total (%)	332	-72.33640958	18.40426539	HTI	Haiti	1	ANNUAL	PERCENT																					
2017.Q2.G.01	SI_COV_SOCINS	Proportion of population covered by social insurance programs, total (%)	334	73.52633626	-53.09106147	HMD	Heard Island and McDonald Islands	1	ANNUAL	PERCENT																					
2017.Q2.G.01	SI_COV_SOCINS	Proportion of population covered by social insurance programs, total (%)	336	12.45315803	41.90343751	VAT	Holy See	1	ANNUAL	PERCENT																					
2017.Q2.G.01	SI_COV_SOCINS	Proportion of population covered by social insurance programs, total (%)	340	-86.59974381	14.82243161	HND	Honduras	1	ANNUAL	PERCENT										2.124831	2.348331	2.738872	2.494093				2.6164825	2011	2.494093	World Bank	
2017.Q2.G.01	SI_COV_SOCINS	Proportion of population covered by social insurance programs, total (%)	344	114.0266445	22.41749934	HKG	China, Hong Kong Special Administrative Region	1	ANNUAL	PERCENT																					
2017.Q2.G.01	SI_COV_SOCINS	Proportion of population covered by social insurance programs, total (%)	348	19.41221519	47.1651448	HUN	Hungary	1	ANNUAL	PERCENT									57.120811									2007	57.120811	World Bank	
2017.Q2.G.01	SI_COV_SOCINS	Proportion of population covered by social insurance programs, total (%)	352	-19.02116966	64.79134763	ISL	Iceland	1	ANNUAL	PERCENT																					
2017.Q2.G.01	SI_COV_SOCINS	Proportion of population covered by social insurance programs, total (%)	356	79.3608464	22.34642074	IND	India	1	ANNUAL	PERCENT																					
2017.Q2.G.01	SI_COV_SOCINS	Proportion of population covered by social insurance programs, total (%)	360	113.9174	-0.994582204	IDN	Indonesia	1	ANNUAL	PERCENT																9.300686	9.300686	2014	9.300686	World Bank	
2017.Q2.G.01	SI_COV_SOCINS	Proportion of population covered by social insurance programs, total (%)	364	54.19766348	32.74370885	IRN	Iran (Islamic Republic of)	1	ANNUAL	PERCENT																					
2017.Q2.G.01	SI_COV_SOCINS	Proportion of population covered by social insurance programs, total (%)	368	43.76606267	33.05013795	IRQ	Iraq	1	ANNUAL	PERCENT								28.185388						26.364466			26.364466	2012	26.364466	World Bank	
2017.Q2.G.01	SI_COV_SOCINS	Proportion of population covered by social insurance programs, total (%)	372	-7.121425272	53.25274054	IRL	Ireland	1	ANNUAL	PERCENT																					
2017.Q2.G.01	SI_COV_SOCINS	Proportion of population covered by social insurance programs, total (%)	376	34.62277992	31.06164552	ISR	Israel	1	ANNUAL	PERCENT																					
2017.Q2.G.01	SI_COV_SOCINS	Proportion of population covered by social insurance programs, total (%)	380	12.57022427	42.79917282	ITA	Italy	1	ANNUAL	PERCENT																					
2017.Q2.G.01	SI_COV_SOCINS	Proportion of population covered by social insurance programs, total (%)	384	-5.552690016	7.62211586	CIV	Côte d'Ivoire	1	ANNUAL	PERCENT				20.615242														2002	20.615242	World Bank	
2017.Q2.G.01	SI_COV_SOCINS	Proportion of population covered by social insurance programs, total (%)	388	-77.31068409	18.15616857	JAM	Jamaica	1	ANNUAL	PERCENT				5.678061								4.273908					4.273908	2010	4.273908	World Bank	
2017.Q2.G.01	SI_COV_SOCINS	Proportion of population covered by social insurance programs, total (%)	392	139.2716103	36.6554539	JPN	Japan	1	ANNUAL	PERCENT																					
2017.Q2.G.01	SI_COV_SOCINS	Proportion of population covered by social insurance programs, total (%)	398	66.65359159	48.01963494	KAZ	Kazakhstan	1	ANNUAL	PERCENT									29.156541			28.392519					28.392519	2010	28.392519	World Bank	
2017.Q2.G.01	SI_COV_SOCINS	Proportion of population covered by social insurance programs, total (%)	400	37.13024774	30.65365973	JOR	Jordan	1	ANNUAL	PERCENT								24.895739				28.234612					28.234612	2010	28.234612	World Bank	
2017.Q2.G.01	SI_COV_SOCINS	Proportion of population covered by social insurance programs, total (%)	404	37.86096816	0.534797278	KEN	Kenya	1	ANNUAL	PERCENT							1.907167											2005	1.907167	World Bank	
2017.Q2.G.01	SI_COV_SOCINS	Proportion of population covered by social insurance programs, total (%)	408	127.1803633	40.1462645	PRK	Democratic People's Republic of Korea	1	ANNUAL	PERCENT																					
2017.Q2.G.01	SI_COV_SOCINS	Proportion of population covered by social insurance programs, total (%)	410	127.8610254	36.45201023	KOR	Republic of Korea	1	ANNUAL	PERCENT																					
2017.Q2.G.01	SI_COV_SOCINS	Proportion of population covered by social insurance programs, total (%)	414	47.49305029	29.53949468	KWT	Kuwait	1	ANNUAL	PERCENT																					
2017.Q2.G.01	SI_COV_SOCINS	Proportion of population covered by social insurance programs, total (%)	417	74.52324839	41.46204516	KGZ	Kyrgyzstan	1	ANNUAL	PERCENT								30.466001					40.223054	41.640562			40.931808	2012	41.640562	World Bank	
2017.Q2.G.01	SI_COV_SOCINS	Proportion of population covered by social insurance programs, total (%)	418	101.9901968	20.27482773	LAO	Lao People's Democratic Republic	1	ANNUAL	PERCENT									1.652526									2007	1.652526	World Bank	
2017.Q2.G.01	SI_COV_SOCINS	Proportion of population covered by social insurance programs, total (%)	422	35.89391711	33.92152458	LBN	Lebanon	1	ANNUAL	PERCENT						53.660883												2004	53.660883	World Bank	
2017.Q2.G.01	SI_COV_SOCINS	Proportion of population covered by social insurance programs, total (%)	426	28.25362195	-29.58041814	LSO	Lesotho	1	ANNUAL	PERCENT																0.678118	0.678118	2014	0.678118	World Bank	
2017.Q2.G.01	SI_COV_SOCINS	Proportion of population covered by social insurance programs, total (%)	428	26.42461876	56.64196636	LVA	Latvia	1	ANNUAL	PERCENT										52.443357	45.723746							2009	45.723746	World Bank	
2017.Q2.G.01	SI_COV_SOCINS	Proportion of population covered by social insurance programs, total (%)	430	-9.311879038	6.448381009	LBR	Liberia	1	ANNUAL	PERCENT									0.749384									2007	0.749384	World Bank	
2017.Q2.G.01	SI_COV_SOCINS	Proportion of population covered by social insurance programs, total (%)	434	18.0295985	27.04042819	LBY	Libya	1	ANNUAL	PERCENT																					
2017.Q2.G.01	SI_COV_SOCINS	Proportion of population covered by social insurance programs, total (%)	438	9.552985019	47.14167005	LIE	Liechtenstein	1	ANNUAL	PERCENT																					
2017.Q2.G.01	SI_COV_SOCINS	Proportion of population covered by social insurance programs, total (%)	440	23.90517807	55.33680309	LTU	Lithuania	1	ANNUAL	PERCENT										45.035076								2008	45.035076	World Bank	
2017.Q2.G.01	SI_COV_SOCINS	Proportion of population covered by social insurance programs, total (%)	442	6.092656563	49.77679538	LUX	Luxembourg	1	ANNUAL	PERCENT																					
2017.Q2.G.01	SI_COV_SOCINS	Proportion of population covered by social insurance programs, total (%)	446	113.5665388	22.1237259	MAC	China, Macao Special Administrative Region	1	ANNUAL	PERCENT																					
2017.Q2.G.01	SI_COV_SOCINS	Proportion of population covered by social insurance programs, total (%)	450	46.6982339	-19.38514785	MDG	Madagascar	1	ANNUAL	PERCENT																					
2017.Q2.G.01	SI_COV_SOCINS	Proportion of population covered by social insurance programs, total (%)	454	33.4884625	-13.40819859	MWI	Malawi	1	ANNUAL	PERCENT						0.97398						0.661992			1.01943		0.840711	2013	1.01943	World Bank	
2017.Q2.G.01	SI_COV_SOCINS	Proportion of population covered by social insurance programs, total (%)	458	116.8346314	5.452415309	MYS	Malaysia	1	ANNUAL	PERCENT										6.769034								2008	6.769034	World Bank	
2017.Q2.G.01	SI_COV_SOCINS	Proportion of population covered by social insurance programs, total (%)	462	73.09672546	-0.614385021	MDV	Maldives	1	ANNUAL	PERCENT						4.65493												2004	4.65493	World Bank	
2017.Q2.G.01	SI_COV_SOCINS	Proportion of population covered by social insurance programs, total (%)	466	-3.522016039	17.35311254	MLI	Mali	1	ANNUAL	PERCENT											1.305799							2009	1.305799	World Bank	
2017.Q2.G.01	SI_COV_SOCINS	Proportion of population covered by social insurance programs, total (%)	470	14.44617519	35.89194275	MLT	Malta	1	ANNUAL	PERCENT																					
2017.Q2.G.01	SI_COV_SOCINS	Proportion of population covered by social insurance programs, total (%)	474	-60.91544135	14.56086108	MTQ	Martinique	1	ANNUAL	PERCENT																					
2017.Q2.G.01	SI_COV_SOCINS	Proportion of population covered by social insurance programs, total (%)	478	-10.33187259	20.26089546	MRT	Mauritania	1	ANNUAL	PERCENT										9.227044								2008	9.227044	World Bank	
2017.Q2.G.01	SI_COV_SOCINS	Proportion of population covered by social insurance programs, total (%)	480	57.568022	-20.28581998	MUS	Mauritius	1	ANNUAL	PERCENT								3.286746						18.791512			18.791512	2012	18.791512	World Bank	
2017.Q2.G.01	SI_COV_SOCINS	Proportion of population covered by social insurance programs, total (%)	484	-102.5148166	23.93378032	MEX	Mexico	1	ANNUAL	PERCENT										50.469197		50.511687		46.957634			48.7346605	2012	46.957634	World Bank	
2017.Q2.G.01	SI_COV_SOCINS	Proportion of population covered by social insurance programs, total (%)	492	7.424214814	43.73532918	MCO	Monaco	1	ANNUAL	PERCENT																					
2017.Q2.G.01	SI_COV_SOCINS	Proportion of population covered by social insurance programs, total (%)	496	103.0728057	46.83892054	MNG	Mongolia	1	ANNUAL	PERCENT									40.535767		41.866866	42.928511	38.447658	43.279279			41.551816	2012	43.279279	World Bank	
2017.Q2.G.01	SI_COV_SOCINS	Proportion of population covered by social insurance programs, total (%)	498	28.4650624	47.20236795	MDA	Republic of Moldova	1	ANNUAL	PERCENT												40.901677		43.212259	43.898077		42.670671	2013	43.898077	World Bank	
2017.Q2.G.01	SI_COV_SOCINS	Proportion of population covered by social insurance programs, total (%)	499	19.25214024	42.78717043	MNE	Montenegro	1	ANNUAL	PERCENT													52.944894				52.944894	2011	52.944894	World Bank	
2017.Q2.G.01	SI_COV_SOCINS	Proportion of population covered by social insurance programs, total (%)	500	-62.19261223	16.73558313	MSR	Montserrat	1	ANNUAL	PERCENT																					
2017.Q2.G.01	SI_COV_SOCINS	Proportion of population covered by social insurance programs, total (%)	504	-6.281942841	31.8440131	MAR	Morocco	1	ANNUAL	PERCENT																					
2017.Q2.G.01	SI_COV_SOCINS	Proportion of population covered by social insurance programs, total (%)	508	38.18479941	-14.27963886	MOZ	Mozambique	1	ANNUAL	PERCENT										1.697784								2008	1.697784	World Bank	
2017.Q2.G.01	SI_COV_SOCINS	Proportion of population covered by social insurance programs, total (%)	512	57.87743482	21.98805614	OMN	Oman	1	ANNUAL	PERCENT																					
2017.Q2.G.01	SI_COV_SOCINS	Proportion of population covered by social insurance programs, total (%)	516	17.21907885	-22.13817068	NAM	Namibia	1	ANNUAL	PERCENT											0.968664							2009	0.968664	World Bank	
2017.Q2.G.01	SI_COV_SOCINS	Proportion of population covered by social insurance programs, total (%)	520	166.92313	-0.528742623	NRU	Nauru	1	ANNUAL	PERCENT																					
2017.Q2.G.01	SI_COV_SOCINS	Proportion of population covered by social insurance programs, total (%)	524	83.94678863	28.25866332	NPL	Nepal	1	ANNUAL	PERCENT												5.258961					5.258961	2010	5.258961	World Bank	
2017.Q2.G.01	SI_COV_SOCINS	Proportion of population covered by social insurance programs, total (%)	528	5.331480568	51.86728884	NLD	Netherlands	1	ANNUAL	PERCENT																					
2017.Q2.G.01	SI_COV_SOCINS	Proportion of population covered by social insurance programs, total (%)	530	-68.30676179	12.22720635	ANT	Netherlands Antilles	1	ANNUAL	PERCENT																					
2017.Q2.G.01	SI_COV_SOCINS	Proportion of population covered by social insurance programs, total (%)	531	-68.95033464	12.15058042	CUW	Curaçao	1	ANNUAL	PERCENT																					
2017.Q2.G.01	SI_COV_SOCINS	Proportion of population covered by social insurance programs, total (%)	533	-69.97050586	12.50878756	ABW	Aruba	1	ANNUAL	PERCENT																					
2017.Q2.G.01	SI_COV_SOCINS	Proportion of population covered by social insurance programs, total (%)	534	-63.06198692	18.03926508	SXM	Sint Maarten (Dutch part)	1	ANNUAL	PERCENT																					
2017.Q2.G.01	SI_COV_SOCINS	Proportion of population covered by social insurance programs, total (%)	540	165.5067368	-21.41742531	NCL	New Caledonia	1	ANNUAL	PERCENT																					
2017.Q2.G.01	SI_COV_SOCINS	Proportion of population covered by social insurance programs, total (%)	548	167.0679779	-15.34445547	VUT	Vanuatu	1	ANNUAL	PERCENT																					
2017.Q2.G.01	SI_COV_SOCINS	Proportion of population covered by social insurance programs, total (%)	554	170.4755673	-43.98721568	NZL	New Zealand	1	ANNUAL	PERCENT																					
2017.Q2.G.01	SI_COV_SOCINS	Proportion of population covered by social insurance programs, total (%)	558	-85.03060315	12.84210839	NIC	Nicaragua	1	ANNUAL	PERCENT							25.429714				5.614199							2009	5.614199	World Bank	
2017.Q2.G.01	SI_COV_SOCINS	Proportion of population covered by social insurance programs, total (%)	562	9.400167877	17.42143036	NER	Niger	1	ANNUAL	PERCENT													1.417932				1.417932	2011	1.417932	World Bank	
2017.Q2.G.01	SI_COV_SOCINS	Proportion of population covered by social insurance programs, total (%)	566	8.097363256	9.585789025	NGA	Nigeria	1	ANNUAL	PERCENT												0.417276		1.246063			0.8316695	2012	1.246063	World Bank	
2017.Q2.G.01	SI_COV_SOCINS	Proportion of population covered by social insurance programs, total (%)	570	-169.8601693	-19.05000475	NIU	Niue	1	ANNUAL	PERCENT																					
2017.Q2.G.01	SI_COV_SOCINS	Proportion of population covered by social insurance programs, total (%)	574	167.9515548	-29.03230018	NFK	Norfolk Island	1	ANNUAL	PERCENT																					
2017.Q2.G.01	SI_COV_SOCINS	Proportion of population covered by social insurance programs, total (%)	578	11.47846389	61.34311134	NOR	Norway	1	ANNUAL	PERCENT																					
2017.Q2.G.01	SI_COV_SOCINS	Proportion of population covered by social insurance programs, total (%)	580	145.7582114	15.19099517	MNP	Northern Mariana Islands	1	ANNUAL	PERCENT																					
2017.Q2.G.01	SI_COV_SOCINS	Proportion of population covered by social insurance programs, total (%)	581	-162.4343752	5.874443968	UMI	US Minor Outlying Islands	1	ANNUAL	PERCENT																					
2017.Q2.G.01	SI_COV_SOCINS	Proportion of population covered by social insurance programs, total (%)	583	158.225216	6.880670092	FSM	Micronesia, Federated States of	1	ANNUAL	PERCENT			17.36119															2000	17.36119	World Bank	
2017.Q2.G.01	SI_COV_SOCINS	Proportion of population covered by social insurance programs, total (%)	584	171.0839119	7.110213497	MHL	Marshall Islands	1	ANNUAL	PERCENT		22.950524																1999	22.950524	World Bank	
2017.Q2.G.01	SI_COV_SOCINS	Proportion of population covered by social insurance programs, total (%)	585	134.5733878	7.502307591	PLW	Palau	1	ANNUAL	PERCENT								36.422923										2006	36.422923	World Bank	
2017.Q2.G.01	SI_COV_SOCINS	Proportion of population covered by social insurance programs, total (%)	586	68.80479684	29.36491634	PAK	Pakistan	1	ANNUAL	PERCENT									6.815693		7.722063				6.008008		6.008008	2013	6.008008	World Bank	
2017.Q2.G.01	SI_COV_SOCINS	Proportion of population covered by social insurance programs, total (%)	591	-81.26616623	8.450965746	PAN	Panama	1	ANNUAL	PERCENT										16.258891	18.712042	18.379289	17.462462	17.24912			17.696957	2012	17.24912	World Bank	
2017.Q2.G.01	SI_COV_SOCINS	Proportion of population covered by social insurance programs, total (%)	598	145.8587761	-6.756057077	PNG	Papua New Guinea	1	ANNUAL	PERCENT											1.005168							2009	1.005168	World Bank	
2017.Q2.G.01	SI_COV_SOCINS	Proportion of population covered by social insurance programs, total (%)	600	-60.54854225	-21.70216237	PRY	Paraguay	1	ANNUAL	PERCENT									5.079527	5.697738	6.682479	5.904834	6.311013				6.1079235	2011	6.311013	World Bank	
2017.Q2.G.01	SI_COV_SOCINS	Proportion of population covered by social insurance programs, total (%)	604	-71.82093277	-13.58939705	PER	Peru	1	ANNUAL	PERCENT										10.475366	9.720194	11.31996	11.089525	12.225065			11.54485	2012	12.225065	World Bank	
2017.Q2.G.01	SI_COV_SOCINS	Proportion of population covered by social insurance programs, total (%)	608	120.8601418	14.16591706	PHL	Philippines	1	ANNUAL	PERCENT								7.472534							11.147379		11.147379	2013	11.147379	World Bank	
2017.Q2.G.01	SI_COV_SOCINS	Proportion of population covered by social insurance programs, total (%)	612	-128.3225873	-24.37538456	PCN	Pitcairn	1	ANNUAL	PERCENT																					
2017.Q2.G.01	SI_COV_SOCINS	Proportion of population covered by social insurance programs, total (%)	616	19.40660158	52.1226733	POL	Poland	1	ANNUAL	PERCENT							48.398354	47.927951	46.971332	46.439352	45.79225	45.368421	44.9534	43.78843			44.703417	2012	43.78843	World Bank	
2017.Q2.G.01	SI_COV_SOCINS	Proportion of population covered by social insurance programs, total (%)	620	-7.961599811	39.68509315	PRT	Portugal	1	ANNUAL	PERCENT																					
2017.Q2.G.01	SI_COV_SOCINS	Proportion of population covered by social insurance programs, total (%)	624	-14.40182514	12.11760394	GNB	Guinea-Bissau	1	ANNUAL	PERCENT																					
2017.Q2.G.01	SI_COV_SOCINS	Proportion of population covered by social insurance programs, total (%)	626	125.9451052	-8.797497247	TLS	Timor-Leste	1	ANNUAL	PERCENT													1.240626				1.240626	2011	1.240626	World Bank	
2017.Q2.G.01	SI_COV_SOCINS	Proportion of population covered by social insurance programs, total (%)	630	-66.47591017	18.22753799	PRI	Puerto Rico	1	ANNUAL	PERCENT																					
2017.Q2.G.01	SI_COV_SOCINS	Proportion of population covered by social insurance programs, total (%)	634	51.19152467	25.28355379	QAT	Qatar	1	ANNUAL	PERCENT																					
2017.Q2.G.01	SI_COV_SOCINS	Proportion of population covered by social insurance programs, total (%)	638	55.53171398	-21.13183266	REU	Réunion	1	ANNUAL	PERCENT																					
2017.Q2.G.01	SI_COV_SOCINS	Proportion of population covered by social insurance programs, total (%)	642	24.98481009	45.83893563	ROU	Romania	1	ANNUAL	PERCENT										48.720306			47.221082	46.859934			47.040508	2012	46.859934	World Bank	
2017.Q2.G.01	SI_COV_SOCINS	Proportion of population covered by social insurance programs, total (%)	643	99.01404926	61.61899849	RUS	Russian Federation	1	ANNUAL	PERCENT									41.865005							54.671698	54.671698	2014	54.671698	World Bank	
2017.Q2.G.01	SI_COV_SOCINS	Proportion of population covered by social insurance programs, total (%)	646	29.92310194	-1.999842114	RWA	Rwanda	1	ANNUAL	PERCENT							1.846197					0.917886					0.917886	2010	0.917886	World Bank	
2017.Q2.G.01	SI_COV_SOCINS	Proportion of population covered by social insurance programs, total (%)	652	-62.83173536	17.89513362	BLM	Saint Barthélemy	1	ANNUAL	PERCENT																					
2017.Q2.G.01	SI_COV_SOCINS	Proportion of population covered by social insurance programs, total (%)	654	-5.705752501	-15.96503946	SHN	Saint Helena	1	ANNUAL	PERCENT																					
2017.Q2.G.01	SI_COV_SOCINS	Proportion of population covered by social insurance programs, total (%)	659	-62.76628613	17.33994219	KNA	Saint Kitts and Nevis	1	ANNUAL	PERCENT																					
2017.Q2.G.01	SI_COV_SOCINS	Proportion of population covered by social insurance programs, total (%)	660	-63.05651612	18.21525315	AIA	Anguilla	1	ANNUAL	PERCENT																					
2017.Q2.G.01	SI_COV_SOCINS	Proportion of population covered by social insurance programs, total (%)	662	-60.96529553	13.89405601	LCA	Saint Lucia	1	ANNUAL	PERCENT																					
2017.Q2.G.01	SI_COV_SOCINS	Proportion of population covered by social insurance programs, total (%)	663	-63.04505461	18.0882685	MAF	Saint Martin (French Part)	1	ANNUAL	PERCENT																					
2017.Q2.G.01	SI_COV_SOCINS	Proportion of population covered by social insurance programs, total (%)	666	-56.33682442	46.85812735	SPM	Saint Pierre and Miquelon	1	ANNUAL	PERCENT																					
2017.Q2.G.01	SI_COV_SOCINS	Proportion of population covered by social insurance programs, total (%)	670	-61.19024321	13.24627968	VCT	Saint Vincent and the Grenadines	1	ANNUAL	PERCENT																					
2017.Q2.G.01	SI_COV_SOCINS	Proportion of population covered by social insurance programs, total (%)	674	12.46329038	43.93841766	SMR	San Marino	1	ANNUAL	PERCENT																					
2017.Q2.G.01	SI_COV_SOCINS	Proportion of population covered by social insurance programs, total (%)	678	6.609772265	0.241554875	STP	Sao Tome and Principe	1	ANNUAL	PERCENT																					
2017.Q2.G.01	SI_COV_SOCINS	Proportion of population covered by social insurance programs, total (%)	682	44.54763347	24.12594211	SAU	Saudi Arabia	1	ANNUAL	PERCENT																					
2017.Q2.G.01	SI_COV_SOCINS	Proportion of population covered by social insurance programs, total (%)	686	-14.46636926	14.35920905	SEN	Senegal	1	ANNUAL	PERCENT													8.317441				8.317441	2011	8.317441	World Bank	
2017.Q2.G.01	SI_COV_SOCINS	Proportion of population covered by social insurance programs, total (%)	688	20.805876	44.03145697	SRB	Serbia	1	ANNUAL	PERCENT									55.154862			58.872944					58.872944	2010	58.872944	World Bank	
2017.Q2.G.01	SI_COV_SOCINS	Proportion of population covered by social insurance programs, total (%)	690	55.46561591	-4.678053059	SYC	Seychelles	1	ANNUAL	PERCENT																					
2017.Q2.G.01	SI_COV_SOCINS	Proportion of population covered by social insurance programs, total (%)	694	-11.78306584	8.568604164	SLE	Sierra Leone	1	ANNUAL	PERCENT													0				0	2011	0	World Bank	
2017.Q2.G.01	SI_COV_SOCINS	Proportion of population covered by social insurance programs, total (%)	702	103.8107883	1.361009155	SGP	Singapore	1	ANNUAL	PERCENT																					
2017.Q2.G.01	SI_COV_SOCINS	Proportion of population covered by social insurance programs, total (%)	703	19.48495604	48.70741446	SVK	Slovakia	1	ANNUAL	PERCENT											49.715477							2009	49.715477	World Bank	
2017.Q2.G.01	SI_COV_SOCINS	Proportion of population covered by social insurance programs, total (%)	704	105.802499	10.09643079	VNM	Viet Nam	1	ANNUAL	PERCENT								17.159882				14.092349		14.410716		15.249243	14.5841026666667	2014	15.249243	World Bank	
2017.Q2.G.01	SI_COV_SOCINS	Proportion of population covered by social insurance programs, total (%)	705	14.82209486	46.11958061	SVN	Slovenia	1	ANNUAL	PERCENT																					
2017.Q2.G.01	SI_COV_SOCINS	Proportion of population covered by social insurance programs, total (%)	706	46.20367477	4.406485729	SOM	Somalia	1	ANNUAL	PERCENT																					
2017.Q2.G.01	SI_COV_SOCINS	Proportion of population covered by social insurance programs, total (%)	710	24.67184355	-29.99957544	ZAF	South Africa	1	ANNUAL	PERCENT							2.808163					3.413204					3.413204	2010	3.413204	World Bank	
2017.Q2.G.01	SI_COV_SOCINS	Proportion of population covered by social insurance programs, total (%)	716	29.86909584	-19.00075492	ZWE	Zimbabwe	1	ANNUAL	PERCENT									1.209278									2007	1.209278	World Bank	
2017.Q2.G.01	SI_COV_SOCINS	Proportion of population covered by social insurance programs, total (%)	724	-3.554078296	40.39211472	ESP	Spain	1	ANNUAL	PERCENT																					
2017.Q2.G.01	SI_COV_SOCINS	Proportion of population covered by social insurance programs, total (%)	728	30.32618773	7.290839152	SSD	South Sudan	1	ANNUAL	PERCENT																					
2017.Q2.G.01	SI_COV_SOCINS	Proportion of population covered by social insurance programs, total (%)	732	-13.13515523	24.66265342	ESH	Western Sahara	1	ANNUAL	PERCENT																					
2017.Q2.G.01	SI_COV_SOCINS	Proportion of population covered by social insurance programs, total (%)	736	29.95650159	16.02643066	SDN	Sudan	1	ANNUAL	PERCENT																					
2017.Q2.G.01	SI_COV_SOCINS	Proportion of population covered by social insurance programs, total (%)	740	-55.90626394	4.132603197	SUR	Suriname	1	ANNUAL	PERCENT																					
2017.Q2.G.01	SI_COV_SOCINS	Proportion of population covered by social insurance programs, total (%)	744	13.38071013	78.82894131	SJM	Svalbard and Jan Mayen Islands	1	ANNUAL	PERCENT																					
2017.Q2.G.01	SI_COV_SOCINS	Proportion of population covered by social insurance programs, total (%)	748	31.50149288	-26.56471011	SWZ	Swaziland	1	ANNUAL	PERCENT			0								0							2009	0	World Bank	
2017.Q2.G.01	SI_COV_SOCINS	Proportion of population covered by social insurance programs, total (%)	752	14.3775338	60.60103109	SWE	Sweden	1	ANNUAL	PERCENT																					
2017.Q2.G.01	SI_COV_SOCINS	Proportion of population covered by social insurance programs, total (%)	756	8.223158	46.96617097	CHE	Switzerland	1	ANNUAL	PERCENT																					
2017.Q2.G.01	SI_COV_SOCINS	Proportion of population covered by social insurance programs, total (%)	760	38.50466565	35.01676176	SYR	Syrian Arab Republic (Syria)	1	ANNUAL	PERCENT					8.193799													2003	8.193799	World Bank	
2017.Q2.G.01	SI_COV_SOCINS	Proportion of population covered by social insurance programs, total (%)	762	69.294998	38.43069666	TJK	Tajikistan	1	ANNUAL	PERCENT													34.14921				34.14921	2011	34.14921	World Bank	
2017.Q2.G.01	SI_COV_SOCINS	Proportion of population covered by social insurance programs, total (%)	764	101.0202951	15.13089239	THA	Thailand	1	ANNUAL	PERCENT								34.785335			36.704276		36.578462		40.723419		38.6509405	2013	40.723419	World Bank	
2017.Q2.G.01	SI_COV_SOCINS	Proportion of population covered by social insurance programs, total (%)	768	0.97835765	8.532096072	TGO	Togo	1	ANNUAL	PERCENT													3.009575				3.009575	2011	3.009575	World Bank	
2017.Q2.G.01	SI_COV_SOCINS	Proportion of population covered by social insurance programs, total (%)	772	-171.8154473	-9.214545558	TKL	Tokelau	1	ANNUAL	PERCENT																					
2017.Q2.G.01	SI_COV_SOCINS	Proportion of population covered by social insurance programs, total (%)	776	-175.1959991	-21.19511329	TON	Tonga	1	ANNUAL	PERCENT											1.288274							2009	1.288274	World Bank	
2017.Q2.G.01	SI_COV_SOCINS	Proportion of population covered by social insurance programs, total (%)	780	-61.29389504	10.41877263	TTO	Trinidad and Tobago	1	ANNUAL	PERCENT																					
2017.Q2.G.01	SI_COV_SOCINS	Proportion of population covered by social insurance programs, total (%)	784	53.98279159	23.43322219	ARE	United Arab Emirates	1	ANNUAL	PERCENT																					
2017.Q2.G.01	SI_COV_SOCINS	Proportion of population covered by social insurance programs, total (%)	788	9.572737411	34.11439971	TUN	Tunisia	1	ANNUAL	PERCENT																					
2017.Q2.G.01	SI_COV_SOCINS	Proportion of population covered by social insurance programs, total (%)	792	35.42890329	38.9899684	TUR	Turkey	1	ANNUAL	PERCENT						29.410389	31.016947	30.750104	32.379277	34.623934	33.121082	33.48719	34.195447	34.631601			34.104746	2012	34.631601	World Bank	
2017.Q2.G.01	SI_COV_SOCINS	Proportion of population covered by social insurance programs, total (%)	795	58.9787665	40.0912346	TKM	Turkmenistan	1	ANNUAL	PERCENT																					
2017.Q2.G.01	SI_COV_SOCINS	Proportion of population covered by social insurance programs, total (%)	796	-71.745121	21.80780585	TCA	Turks and Caicos Islands	1	ANNUAL	PERCENT																					
2017.Q2.G.01	SI_COV_SOCINS	Proportion of population covered by social insurance programs, total (%)	798	178.6679611	-7.460048071	TUV	Tuvalu	1	ANNUAL	PERCENT																					
2017.Q2.G.01	SI_COV_SOCINS	Proportion of population covered by social insurance programs, total (%)	800	32.39100438	1.279557331	UGA	Uganda	1	ANNUAL	PERCENT							0.96311				0.861092			0.881116			0.881116	2012	0.881116	World Bank	
2017.Q2.G.01	SI_COV_SOCINS	Proportion of population covered by social insurance programs, total (%)	804	31.40270802	49.00735945	UKR	Ukraine	1	ANNUAL	PERCENT								50.740094					51.869915	51.086067	51.05892		51.3383006666667	2013	51.05892	World Bank	
2017.Q2.G.01	SI_COV_SOCINS	Proportion of population covered by social insurance programs, total (%)	807	21.7007909	41.60048068	MKD	Macedonia, Republic of	1	ANNUAL	PERCENT																					
2017.Q2.G.01	SI_COV_SOCINS	Proportion of population covered by social insurance programs, total (%)	818	29.77468534	26.57438204	EGY	Egypt	1	ANNUAL	PERCENT										21.304087								2008	21.304087	World Bank	
2017.Q2.G.01	SI_COV_SOCINS	Proportion of population covered by social insurance programs, total (%)	826	-2.23830539	53.27691757	GBR	United Kingdom	1	ANNUAL	PERCENT																					
2017.Q2.G.01	SI_COV_SOCINS	Proportion of population covered by social insurance programs, total (%)	831	-2.200712402	49.71561166	GGY	Guernsey	1	ANNUAL	PERCENT																					
2017.Q2.G.01	SI_COV_SOCINS	Proportion of population covered by social insurance programs, total (%)	832	-2.136773508	49.22353354	JEY	Jersey	1	ANNUAL	PERCENT																					
2017.Q2.G.01	SI_COV_SOCINS	Proportion of population covered by social insurance programs, total (%)	833	-4.538190305	54.22880901	IMN	Isle of Man	1	ANNUAL	PERCENT																					
2017.Q2.G.01	SI_COV_SOCINS	Proportion of population covered by social insurance programs, total (%)	834	34.80521182	-6.265332606	TZA	Tanzania, United Republic of	1	ANNUAL	PERCENT												0.969181		1.332355			1.150768	2012	1.332355	World Bank	
2017.Q2.G.01	SI_COV_SOCINS	Proportion of population covered by social insurance programs, total (%)	840	-99.13830311	39.5277871	USA	United States of America	1	ANNUAL	PERCENT																					
2017.Q2.G.01	SI_COV_SOCINS	Proportion of population covered by social insurance programs, total (%)	850	-64.76960113	17.73297693	VIR	United States Virgin Islands	1	ANNUAL	PERCENT																					
2017.Q2.G.01	SI_COV_SOCINS	Proportion of population covered by social insurance programs, total (%)	854	-1.742843829	12.27491081	BFA	Burkina Faso	1	ANNUAL	PERCENT																2.186174	2.186174	2014	2.186174	World Bank	
2017.Q2.G.01	SI_COV_SOCINS	Proportion of population covered by social insurance programs, total (%)	858	-56.01387025	-32.8002838	URY	Uruguay	1	ANNUAL	PERCENT										37.424639	35.863898	36.468748	36.194308	36.557042			36.4066993333333	2012	36.557042	World Bank	
2017.Q2.G.01	SI_COV_SOCINS	Proportion of population covered by social insurance programs, total (%)	860	63.11944558	41.77560518	UZB	Uzbekistan	1	ANNUAL	PERCENT																					
2017.Q2.G.01	SI_COV_SOCINS	Proportion of population covered by social insurance programs, total (%)	862	-66.15642084	7.121324748	VEN	Venezuela (Bolivarian Republic)	1	ANNUAL	PERCENT								10.241215										2006	10.241215	World Bank	
2017.Q2.G.01	SI_COV_SOCINS	Proportion of population covered by social insurance programs, total (%)	876	-176.2034788	-13.28471201	WLF	Wallis and Futuna Islands	1	ANNUAL	PERCENT																					
2017.Q2.G.01	SI_COV_SOCINS	Proportion of population covered by social insurance programs, total (%)	882	-172.4430749	-13.61541469	WSM	Samoa	1	ANNUAL	PERCENT										33.638068								2008	33.638068	World Bank	
2017.Q2.G.01	SI_COV_SOCINS	Proportion of population covered by social insurance programs, total (%)	887	45.22389143	15.22242099	YEM	Yemen	1	ANNUAL	PERCENT							10.274197											2005	10.274197	World Bank	
2017.Q2.G.01	SI_COV_SOCINS	Proportion of population covered by social insurance programs, total (%)	894	27.850329	-14.59701056	ZMB	Zambia	1	ANNUAL	PERCENT												1.041954					1.041954	2010	1.041954	World Bank	
