series.release	series.code	series.description	geoAreaCode	X	Y	ISO3CD	geoAreaName	sliceId	Freq	Units	1990	1991	1992	1993	1994	1995	1996	1997	1998	1999	2000	2001	2002	2003	2004	2005	2006	2007	2008	2009	2010	2011	2012	2013	2014	last.5.years.mean	latest.year	latest.value	latest.source	latest.nature
2017.Q2.G.01	SI_POV_DAY1	Proportion of population below the international poverty line of US$1.90 per day, total (%)	4	66.02688198	33.83160199	AFG	Afghanistan	1	ANNUAL	PERCENT																														
2017.Q2.G.01	SI_POV_DAY1	Proportion of population below the international poverty line of US$1.90 per day, total (%)	8	20.06660928	41.13897007	ALB	Albania	1	ANNUAL	PERCENT							1.1						2.35			1.12			0.37				1.06			1.06	2012	1.06	World Development Indicators database, World Bank	G
2017.Q2.G.01	SI_POV_DAY1	Proportion of population below the international poverty line of US$1.90 per day, total (%)	10	21.47585697	-80.40897662	ATA	Antarctica	1	ANNUAL	PERCENT																														
2017.Q2.G.01	SI_POV_DAY1	Proportion of population below the international poverty line of US$1.90 per day, total (%)	12	2.678164227	28.15940032	DZA	Algeria	1	ANNUAL	PERCENT																														
2017.Q2.G.01	SI_POV_DAY1	Proportion of population below the international poverty line of US$1.90 per day, total (%)	16	-170.7187269	-14.30587306	ASM	American Samoa	1	ANNUAL	PERCENT																														
2017.Q2.G.01	SI_POV_DAY1	Proportion of population below the international poverty line of US$1.90 per day, total (%)	20	1.576257417	42.54548611	AND	Andorra	1	ANNUAL	PERCENT																														
2017.Q2.G.01	SI_POV_DAY1	Proportion of population below the international poverty line of US$1.90 per day, total (%)	24	17.57817062	-12.33724746	AGO	Angola	1	ANNUAL	PERCENT											32.28								30.13								2008	30.13	World Development Indicators database, World Bank	G
2017.Q2.G.01	SI_POV_DAY1	Proportion of population below the international poverty line of US$1.90 per day, total (%)	28	-61.7999755	17.07761471	ATG	Antigua and Barbuda	1	ANNUAL	PERCENT																														
2017.Q2.G.01	SI_POV_DAY1	Proportion of population below the international poverty line of US$1.90 per day, total (%)	31	50.01064725	40.39229544	AZE	Azerbaijan	1	ANNUAL	PERCENT						7.32						2.71	0	0	0	0			0.49								2008	0.49	World Development Indicators database, World Bank	G
2017.Q2.G.01	SI_POV_DAY1	Proportion of population below the international poverty line of US$1.90 per day, total (%)	32	-65.14563274	-35.19446255	ARG	Argentina	1	ANNUAL	PERCENT		1.1	2.05	2.42	2.28	4.11	4.63	4.14	4.59	4.78	5.7	9.42	13.99	9.79	7.09	5.37	4.12	3.49	2.97	3.05	2.05	1.53	1.63	1.75	1.71	1.734	2014	1.71	World Development Indicators database, World Bank	G
2017.Q2.G.01	SI_POV_DAY1	Proportion of population below the international poverty line of US$1.90 per day, total (%)	36	134.3499412	-25.57717202	AUS	Australia	1	ANNUAL	PERCENT																														
2017.Q2.G.01	SI_POV_DAY1	Proportion of population below the international poverty line of US$1.90 per day, total (%)	40	14.14172472	47.58704857	AUT	Austria	1	ANNUAL	PERCENT																														
2017.Q2.G.01	SI_POV_DAY1	Proportion of population below the international poverty line of US$1.90 per day, total (%)	44	-78.05111663	24.69546597	BHS	Bahamas	1	ANNUAL	PERCENT																														
2017.Q2.G.01	SI_POV_DAY1	Proportion of population below the international poverty line of US$1.90 per day, total (%)	48	50.5490754	26.04407747	BHR	Bahrain	1	ANNUAL	PERCENT																														
2017.Q2.G.01	SI_POV_DAY1	Proportion of population below the international poverty line of US$1.90 per day, total (%)	50	89.17660788	22.86961622	BGD	Bangladesh	1	ANNUAL	PERCENT		44.19				35.08					33.74					24.51					18.52					18.52	2010	18.52	World Development Indicators database, World Bank	G
2017.Q2.G.01	SI_POV_DAY1	Proportion of population below the international poverty line of US$1.90 per day, total (%)	51	44.93839317	40.29499741	ARM	Armenia	1	ANNUAL	PERCENT							17.9			16.88		19.33	15.06	11.36	7.93	4.45	3.3	3.57	1.49	1.59	2.54	2.7	1.74	2.44	2.31	2.346	2014	2.31	World Development Indicators database, World Bank	G
2017.Q2.G.01	SI_POV_DAY1	Proportion of population below the international poverty line of US$1.90 per day, total (%)	52	-59.5346489	13.13648273	BRB	Barbados	1	ANNUAL	PERCENT																														
2017.Q2.G.01	SI_POV_DAY1	Proportion of population below the international poverty line of US$1.90 per day, total (%)	56	4.660976456	50.64104975	BEL	Belgium	1	ANNUAL	PERCENT																														
2017.Q2.G.01	SI_POV_DAY1	Proportion of population below the international poverty line of US$1.90 per day, total (%)	60	-64.78155012	32.27881922	BMU	Bermuda	1	ANNUAL	PERCENT																														
2017.Q2.G.01	SI_POV_DAY1	Proportion of population below the international poverty line of US$1.90 per day, total (%)	64	90.45098484	27.39598568	BTN	Bhutan	1	ANNUAL	PERCENT														35.22				7.95					2.17			2.17	2012	2.17	World Development Indicators database, World Bank	G
2017.Q2.G.01	SI_POV_DAY1	Proportion of population below the international poverty line of US$1.90 per day, total (%)	68	-64.66224284	-16.71273412	BOL	Bolivia (Plurinational State of)	1	ANNUAL	PERCENT	8.57		15.24					19.26		25.3	29.67	23.67	24.93		13.66	20.38	17.9	13.9	11.91	11.92		7.96	9.07	7.7	6.81	7.885	2014	6.81	World Development Indicators database, World Bank	G
2017.Q2.G.01	SI_POV_DAY1	Proportion of population below the international poverty line of US$1.90 per day, total (%)	70	17.78584332	44.16845548	BIH	Bosnia and Herzegovina	1	ANNUAL	PERCENT												0.31			0.18			0.06				0.07				0.07	2011	0.07	World Development Indicators database, World Bank	G
2017.Q2.G.01	SI_POV_DAY1	Proportion of population below the international poverty line of US$1.90 per day, total (%)	72	23.81380223	-22.18810073	BWA	Botswana	1	ANNUAL	PERCENT				34.82									29.75							18.24							2009	18.24	World Development Indicators database, World Bank	G
2017.Q2.G.01	SI_POV_DAY1	Proportion of population below the international poverty line of US$1.90 per day, total (%)	74	3.410732868	-54.43295905	BVT	Bouvet Island	1	ANNUAL	PERCENT																														
2017.Q2.G.01	SI_POV_DAY1	Proportion of population below the international poverty line of US$1.90 per day, total (%)	76	-53.08432878	-10.77668561	BRA	Brazil	1	ANNUAL	PERCENT	20.56		20.76	19.92		12.99	14.17	13.99	12.71	13.36		13.62	12.31	12.71	11.04	9.55	7.94	7.6	6.29	6.18		5.5	4.59	4.87	3.66	4.655	2014	3.66	World Development Indicators database, World Bank	G
2017.Q2.G.01	SI_POV_DAY1	Proportion of population below the international poverty line of US$1.90 per day, total (%)	84	-88.70199554	17.19965901	BLZ	Belize	1	ANNUAL	PERCENT				10.09	9.75	12.29	12.67	16.45	14.88	13.92																	1999	13.92	World Development Indicators database, World Bank	G
2017.Q2.G.01	SI_POV_DAY1	Proportion of population below the international poverty line of US$1.90 per day, total (%)	86	72.38715553	-7.299281071	IOT	British Indian Ocean Territory	1	ANNUAL	PERCENT																														
2017.Q2.G.01	SI_POV_DAY1	Proportion of population below the international poverty line of US$1.90 per day, total (%)	90	160.1584117	-9.622391719	SLB	Solomon Islands	1	ANNUAL	PERCENT																45.6											2005	45.6	World Development Indicators database, World Bank	G
2017.Q2.G.01	SI_POV_DAY1	Proportion of population below the international poverty line of US$1.90 per day, total (%)	92	-64.63294223	18.42256578	VGB	British Virgin Islands	1	ANNUAL	PERCENT																														
2017.Q2.G.01	SI_POV_DAY1	Proportion of population below the international poverty line of US$1.90 per day, total (%)	96	114.6288563	4.49736984	BRN	Brunei Darussalam	1	ANNUAL	PERCENT																														
2017.Q2.G.01	SI_POV_DAY1	Proportion of population below the international poverty line of US$1.90 per day, total (%)	100	25.23763153	42.75731323	BGR	Bulgaria	1	ANNUAL	PERCENT			0		0.24	1.23		0.45				2		0.88			5.42	0.42	1.18	1.15	1.93	2.19	2.03			2.05	2012	2.03	World Development Indicators database, World Bank	G
2017.Q2.G.01	SI_POV_DAY1	Proportion of population below the international poverty line of US$1.90 per day, total (%)	104	96.51752295	21.19332882	MMR	Myanmar	1	ANNUAL	PERCENT																														
2017.Q2.G.01	SI_POV_DAY1	Proportion of population below the international poverty line of US$1.90 per day, total (%)	108	29.89080992	-3.366387428	BDI	Burundi	1	ANNUAL	PERCENT			81.12						84.12								77.65										2006	77.65	World Development Indicators database, World Bank	G
2017.Q2.G.01	SI_POV_DAY1	Proportion of population below the international poverty line of US$1.90 per day, total (%)	112	28.04940161	53.54193075	BLR	Belarus	1	ANNUAL	PERCENT				0.09		0.7			11.33	10.25	7.11	3.15	2.03	1.4	0.32	0.37	0.11	0.08	0	0.03	0	0	0	0	0	0	2014	0	World Development Indicators database, World Bank	G
2017.Q2.G.01	SI_POV_DAY1	Proportion of population below the international poverty line of US$1.90 per day, total (%)	116	104.922836	12.71163737	KHM	Cambodia	1	ANNUAL	PERCENT					30.06										18.6			16.92	10.13	4.95	4.6	3.37	2.17			3.38	2012	2.17	World Development Indicators database, World Bank	G
2017.Q2.G.01	SI_POV_DAY1	Proportion of population below the international poverty line of US$1.90 per day, total (%)	120	12.7419827	5.692387031	CMR	Cameroon	1	ANNUAL	PERCENT							48.08					23.12						29.27							23.98	23.98	2014	23.98	World Development Indicators database, World Bank	G
2017.Q2.G.01	SI_POV_DAY1	Proportion of population below the international poverty line of US$1.90 per day, total (%)	124	-101.6575058	57.72360191	CAN	Canada	1	ANNUAL	PERCENT																														
2017.Q2.G.01	SI_POV_DAY1	Proportion of population below the international poverty line of US$1.90 per day, total (%)	132	-23.63544151	15.07791834	CPV	Cabo Verde	1	ANNUAL	PERCENT												16.01						8.07									2007	8.07	World Development Indicators database, World Bank	G
2017.Q2.G.01	SI_POV_DAY1	Proportion of population below the international poverty line of US$1.90 per day, total (%)	136	-81.16740559	19.32266656	CYM	Cayman Islands	1	ANNUAL	PERCENT																														
2017.Q2.G.01	SI_POV_DAY1	Proportion of population below the international poverty line of US$1.90 per day, total (%)	140	20.93559492	7.003720791	CAF	Central African Republic	1	ANNUAL	PERCENT			84.27											64.77					66.26								2008	66.26	World Development Indicators database, World Bank	G
2017.Q2.G.01	SI_POV_DAY1	Proportion of population below the international poverty line of US$1.90 per day, total (%)	144	80.70489654	7.614693343	LKA	Sri Lanka	1	ANNUAL	PERCENT	8.73					8.85							8.25				3.75			2.41			1.92			1.92	2012	1.92	World Development Indicators database, World Bank	G
2017.Q2.G.01	SI_POV_DAY1	Proportion of population below the international poverty line of US$1.90 per day, total (%)	148	18.66618401	15.36279341	TCD	Chad	1	ANNUAL	PERCENT														62.94								38.43				38.43	2011	38.43	World Development Indicators database, World Bank	G
2017.Q2.G.01	SI_POV_DAY1	Proportion of population below the international poverty line of US$1.90 per day, total (%)	152	-71.23029019	-35.2652885	CHL	Chile	1	ANNUAL	PERCENT	7.92		4.57		4.87		3.35		3.48		3.39			2.79			1.66			1.72		1.3		0.92		1.11	2013	0.92	World Development Indicators database, World Bank	G
2017.Q2.G.01	SI_POV_DAY1	Proportion of population below the international poverty line of US$1.90 per day, total (%)	156	104.1403375	32.30955217	CHN	China	1	ANNUAL	PERCENT	66.58			57			42.05			40.54			31.95			18.75			14.65		11.18	7.9	6.47	1.85		6.85	2013	1.85	World Development Indicators database, World Bank	G
2017.Q2.G.01	SI_POV_DAY1	Proportion of population below the international poverty line of US$1.90 per day, total (%)	162	105.6426067	-10.4882473	CXR	Christmas Island	1	ANNUAL	PERCENT																														
2017.Q2.G.01	SI_POV_DAY1	Proportion of population below the international poverty line of US$1.90 per day, total (%)	166	96.82633757	-12.18600682	CCK	Cocos (Keeling) Islands	1	ANNUAL	PERCENT																														
2017.Q2.G.01	SI_POV_DAY1	Proportion of population below the international poverty line of US$1.90 per day, total (%)	170	-73.07446751	3.888209046	COL	Colombia	1	ANNUAL	PERCENT		11.28	8.14				15.62			19.32	16.2	20.77	14.66	12.8	11.79	10.4			10.71	9.28	8.06	6.58	7.09	6.12	5.68	6.706	2014	5.68	World Development Indicators database, World Bank	G
2017.Q2.G.01	SI_POV_DAY1	Proportion of population below the international poverty line of US$1.90 per day, total (%)	174	43.34234565	-11.66121732	COM	Comoros	1	ANNUAL	PERCENT															13.47												2004	13.47	World Development Indicators database, World Bank	G
2017.Q2.G.01	SI_POV_DAY1	Proportion of population below the international poverty line of US$1.90 per day, total (%)	175	45.14015057	-12.82217691	MYT	Mayotte	1	ANNUAL	PERCENT																														
2017.Q2.G.01	SI_POV_DAY1	Proportion of population below the international poverty line of US$1.90 per day, total (%)	178	15.22052612	-0.840544119	COG	Congo	1	ANNUAL	PERCENT																50.2						36.97				36.97	2011	36.97	World Development Indicators database, World Bank	G
2017.Q2.G.01	SI_POV_DAY1	Proportion of population below the international poverty line of US$1.90 per day, total (%)	180	23.65496507	-2.877154732	COD	Democratic Republic of the Congo	1	ANNUAL	PERCENT															94.05								77.08			77.08	2012	77.08	World Development Indicators database, World Bank	G
2017.Q2.G.01	SI_POV_DAY1	Proportion of population below the international poverty line of US$1.90 per day, total (%)	184	-159.7711391	-21.22696458	COK	Cook Islands	1	ANNUAL	PERCENT																														
2017.Q2.G.01	SI_POV_DAY1	Proportion of population below the international poverty line of US$1.90 per day, total (%)	188	-84.19712782	9.970998683	CRI	Costa Rica	1	ANNUAL	PERCENT	9.92	11.66	9.64	8.01	6.65	6.94	7.96	6.47	5.06	6.37	6.48	6.54	6.34	6.11	5.59	4.37	4.37	2.4	2.71	3.33	1.61	1.75	1.72	1.68	1.61	1.674	2014	1.61	World Development Indicators database, World Bank	G
2017.Q2.G.01	SI_POV_DAY1	Proportion of population below the international poverty line of US$1.90 per day, total (%)	191	17.95874553	45.45172212	HRV	Croatia	1	ANNUAL	PERCENT									0	0.24	0.09	0.09			0				0	0.03	0	0.81	0.92			0.576666666666667	2012	0.92	World Development Indicators database, World Bank	G
2017.Q2.G.01	SI_POV_DAY1	Proportion of population below the international poverty line of US$1.90 per day, total (%)	192	-79.54460144	22.10030366	CUB	Cuba	1	ANNUAL	PERCENT																														
2017.Q2.G.01	SI_POV_DAY1	Proportion of population below the international poverty line of US$1.90 per day, total (%)	196	33.22285964	35.05659437	CYP	Cyprus	1	ANNUAL	PERCENT																														
2017.Q2.G.01	SI_POV_DAY1	Proportion of population below the international poverty line of US$1.90 per day, total (%)	203	15.33151382	49.73913871	CZE	Czechia	1	ANNUAL	PERCENT				0.02			0.15								0	0	0.07	0.12	0.04	0.07	0.04	0.05	0.06			0.05	2012	0.06	World Development Indicators database, World Bank	G
2017.Q2.G.01	SI_POV_DAY1	Proportion of population below the international poverty line of US$1.90 per day, total (%)	204	2.339933594	9.65401646	BEN	Benin	1	ANNUAL	PERCENT														48.85								53.11				53.11	2011	53.11	World Development Indicators database, World Bank	G
2017.Q2.G.01	SI_POV_DAY1	Proportion of population below the international poverty line of US$1.90 per day, total (%)	208	9.326571283	56.03829721	DNK	Denmark	1	ANNUAL	PERCENT																														
2017.Q2.G.01	SI_POV_DAY1	Proportion of population below the international poverty line of US$1.90 per day, total (%)	212	-61.3493756	15.43391378	DMA	Dominica	1	ANNUAL	PERCENT																														
2017.Q2.G.01	SI_POV_DAY1	Proportion of population below the international poverty line of US$1.90 per day, total (%)	214	-70.49847576	18.89832088	DOM	Dominican Republic	1	ANNUAL	PERCENT			5.27				4.93	5.18			5.46	4.17	5.84	6.79	8.62	5.84	4.55	4.34	3.76	3.26	2.61	2.9	2.59	2.32		2.605	2013	2.32	World Development Indicators database, World Bank	G
2017.Q2.G.01	SI_POV_DAY1	Proportion of population below the international poverty line of US$1.90 per day, total (%)	218	-78.37005241	-1.447785891	ECU	Ecuador	1	ANNUAL	PERCENT					17.13	13.81			15.66	21.82	28.15			16.94	15.2	13.6	9.31	10.05	8.96	8.92	7.05	5.86	5.88	4.43	3.82	5.408	2014	3.82	World Development Indicators database, World Bank	G
2017.Q2.G.01	SI_POV_DAY1	Proportion of population below the international poverty line of US$1.90 per day, total (%)	222	-88.86862995	13.73603564	SLV	El Salvador	1	ANNUAL	PERCENT		20.65				19.89	21.97		20.02	16.27	11.81	12.73	13.08	15.76	9.95	9.55	6.36	4.49	6.92	6.39	7.24	4.53	4.16	3.25	2.97	4.43	2014	2.97	World Development Indicators database, World Bank	G
2017.Q2.G.01	SI_POV_DAY1	Proportion of population below the international poverty line of US$1.90 per day, total (%)	226	10.46535826	1.565792376	GNQ	Equatorial Guinea	1	ANNUAL	PERCENT																														
2017.Q2.G.01	SI_POV_DAY1	Proportion of population below the international poverty line of US$1.90 per day, total (%)	231	39.63505296	8.631223181	ETH	Ethiopia	1	ANNUAL	PERCENT						66.44				55.37					36.31						33.54					33.54	2010	33.54	World Development Indicators database, World Bank	G
2017.Q2.G.01	SI_POV_DAY1	Proportion of population below the international poverty line of US$1.90 per day, total (%)	232	38.11074289	16.12894644	ERI	Eritrea	1	ANNUAL	PERCENT																														
2017.Q2.G.01	SI_POV_DAY1	Proportion of population below the international poverty line of US$1.90 per day, total (%)	233	25.84093481	58.68487172	EST	Estonia	1	ANNUAL	PERCENT				1.32		0.57			0.15		1.37	1.17	1.32	1.14	1.41	0.97	0.87	0.52	0.5	0.73	0.92	1.21	0.99			1.04	2012	0.99	World Development Indicators database, World Bank	G
2017.Q2.G.01	SI_POV_DAY1	Proportion of population below the international poverty line of US$1.90 per day, total (%)	234	-7.122044325	62.21228119	FRO	Faroe Islands	1	ANNUAL	PERCENT																														
2017.Q2.G.01	SI_POV_DAY1	Proportion of population below the international poverty line of US$1.90 per day, total (%)	238	-58.75246778	-51.74562601	FLK	Falkland Islands (Malvinas)	1	ANNUAL	PERCENT																														
2017.Q2.G.01	SI_POV_DAY1	Proportion of population below the international poverty line of US$1.90 per day, total (%)	239	-36.90662765	-54.20736749	SGS	South Georgia and the South Sandwich Islands	1	ANNUAL	PERCENT																														
2017.Q2.G.01	SI_POV_DAY1	Proportion of population below the international poverty line of US$1.90 per day, total (%)	242	177.9660884	-17.83301566	FJI	Fiji	1	ANNUAL	PERCENT													5.49						4.07								2008	4.07	World Development Indicators database, World Bank	G
2017.Q2.G.01	SI_POV_DAY1	Proportion of population below the international poverty line of US$1.90 per day, total (%)	246	23.308447	61.91586738	FIN	Finland	1	ANNUAL	PERCENT																														
2017.Q2.G.01	SI_POV_DAY1	Proportion of population below the international poverty line of US$1.90 per day, total (%)	248	19.80945969	60.1544901	ALA	Åland Islands	1	ANNUAL	PERCENT																														
2017.Q2.G.01	SI_POV_DAY1	Proportion of population below the international poverty line of US$1.90 per day, total (%)	250	2.457288129	46.62660861	FRA	France	1	ANNUAL	PERCENT																														
2017.Q2.G.01	SI_POV_DAY1	Proportion of population below the international poverty line of US$1.90 per day, total (%)	254	-53.23619089	3.922673437	GUF	French Guiana	1	ANNUAL	PERCENT																														
2017.Q2.G.01	SI_POV_DAY1	Proportion of population below the international poverty line of US$1.90 per day, total (%)	258	-149.4052367	-17.67709294	PYF	French Polynesia	1	ANNUAL	PERCENT																														
2017.Q2.G.01	SI_POV_DAY1	Proportion of population below the international poverty line of US$1.90 per day, total (%)	260	69.64849091	-49.6068576	ATF	French Southern Territories	1	ANNUAL	PERCENT																														
2017.Q2.G.01	SI_POV_DAY1	Proportion of population below the international poverty line of US$1.90 per day, total (%)	262	42.18274707	11.56004161	DJI	Djibouti	1	ANNUAL	PERCENT													20.63										18.32	22.52		20.42	2013	22.52	World Development Indicators database, World Bank	G
2017.Q2.G.01	SI_POV_DAY1	Proportion of population below the international poverty line of US$1.90 per day, total (%)	266	11.78727747	-0.60687619	GAB	Gabon	1	ANNUAL	PERCENT																7.97											2005	7.97	World Development Indicators database, World Bank	G
2017.Q2.G.01	SI_POV_DAY1	Proportion of population below the international poverty line of US$1.90 per day, total (%)	268	43.3713615	42.04813028	GEO	Georgia	1	ANNUAL	PERCENT							6.04	17.62	15.72	19.9	20.99	20.91	16.87	17.41	16.81	16.21	13.92	16.3	15.47	15.4	19.58	17.79	15.49	11.49	9.77	14.824	2014	9.77	World Development Indicators database, World Bank	G
2017.Q2.G.01	SI_POV_DAY1	Proportion of population below the international poverty line of US$1.90 per day, total (%)	270	-15.39944785	13.45295927	GMB	Gambia	1	ANNUAL	PERCENT									70.46					45.29													2003	45.29	World Development Indicators database, World Bank	G
2017.Q2.G.01	SI_POV_DAY1	Proportion of population below the international poverty line of US$1.90 per day, total (%)	275	35.25694122	31.94347933	PSE	State of Palestine	1	ANNUAL	PERCENT															0.28	0.2	0.13	0.96		0.11							2009	0.11	World Development Indicators database, World Bank	G
2017.Q2.G.01	SI_POV_DAY1	Proportion of population below the international poverty line of US$1.90 per day, total (%)	276	10.3806066	51.08862743	DEU	Germany	1	ANNUAL	PERCENT																														
2017.Q2.G.01	SI_POV_DAY1	Proportion of population below the international poverty line of US$1.90 per day, total (%)	288	-1.205623522	7.964825185	GHA	Ghana	1	ANNUAL	PERCENT		47.38							33.85							25.19											2005	25.19	World Development Indicators database, World Bank	G
2017.Q2.G.01	SI_POV_DAY1	Proportion of population below the international poverty line of US$1.90 per day, total (%)	292	-5.347561686	36.13895036	GIB	Gibraltar	1	ANNUAL	PERCENT																														
2017.Q2.G.01	SI_POV_DAY1	Proportion of population below the international poverty line of US$1.90 per day, total (%)	296	-157.5643005	1.768837732	KIR	Kiribati	1	ANNUAL	PERCENT																	14.14										2006	14.14	World Development Indicators database, World Bank	G
2017.Q2.G.01	SI_POV_DAY1	Proportion of population below the international poverty line of US$1.90 per day, total (%)	300	22.58307827	39.47301873	GRC	Greece	1	ANNUAL	PERCENT																														
2017.Q2.G.01	SI_POV_DAY1	Proportion of population below the international poverty line of US$1.90 per day, total (%)	304	-41.39371316	74.75625681	GRL	Greenland	1	ANNUAL	PERCENT																														
2017.Q2.G.01	SI_POV_DAY1	Proportion of population below the international poverty line of US$1.90 per day, total (%)	308	-61.68248568	12.11238395	GRD	Grenada	1	ANNUAL	PERCENT																														
2017.Q2.G.01	SI_POV_DAY1	Proportion of population below the international poverty line of US$1.90 per day, total (%)	312	-61.64762115	16.14416917	GLP	Guadeloupe	1	ANNUAL	PERCENT																														
2017.Q2.G.01	SI_POV_DAY1	Proportion of population below the international poverty line of US$1.90 per day, total (%)	316	144.7029305	13.35485404	GUM	Guam	1	ANNUAL	PERCENT																														
2017.Q2.G.01	SI_POV_DAY1	Proportion of population below the international poverty line of US$1.90 per day, total (%)	320	-91.2312746	15.00273719	GTM	Guatemala	1	ANNUAL	PERCENT									13.38		10.1						11.51					11.53			9.32	10.425	2014	9.32	World Development Indicators database, World Bank	G
2017.Q2.G.01	SI_POV_DAY1	Proportion of population below the international poverty line of US$1.90 per day, total (%)	324	-11.28173419	11.00210343	GIN	Guinea	1	ANNUAL	PERCENT		92.31			48.54								61.6					59.7					35.27			35.27	2012	35.27	World Development Indicators database, World Bank	G
2017.Q2.G.01	SI_POV_DAY1	Proportion of population below the international poverty line of US$1.90 per day, total (%)	328	-58.97322037	4.788012784	GUY	Guyana	1	ANNUAL	PERCENT			33.19						14																		1998	14	World Development Indicators database, World Bank	G
2017.Q2.G.01	SI_POV_DAY1	Proportion of population below the international poverty line of US$1.90 per day, total (%)	332	-72.33640958	18.40426539	HTI	Haiti	1	ANNUAL	PERCENT												55.59											53.91			53.91	2012	53.91	World Development Indicators database, World Bank	G
2017.Q2.G.01	SI_POV_DAY1	Proportion of population below the international poverty line of US$1.90 per day, total (%)	334	73.52633626	-53.09106147	HMD	Heard Island and McDonald Islands	1	ANNUAL	PERCENT																														
2017.Q2.G.01	SI_POV_DAY1	Proportion of population below the international poverty line of US$1.90 per day, total (%)	336	12.45315803	41.90343751	VAT	Holy See	1	ANNUAL	PERCENT																														
2017.Q2.G.01	SI_POV_DAY1	Proportion of population below the international poverty line of US$1.90 per day, total (%)	340	-86.59974381	14.82243161	HND	Honduras	1	ANNUAL	PERCENT	44.28	33.41	28.67	23.61	26.7	27.68	30.35	21.24	25.93	26.45		18.28	29.06	27.47	26.32	27.79	23.79	17.43	16.14	14.04	15.47	18.75	21.36	18.93	15.96	18.094	2014	15.96	World Development Indicators database, World Bank	G
2017.Q2.G.01	SI_POV_DAY1	Proportion of population below the international poverty line of US$1.90 per day, total (%)	344	114.0266445	22.41749934	HKG	China, Hong Kong Special Administrative Region	1	ANNUAL	PERCENT																														
2017.Q2.G.01	SI_POV_DAY1	Proportion of population below the international poverty line of US$1.90 per day, total (%)	348	19.41221519	47.1651448	HUN	Hungary	1	ANNUAL	PERCENT				0.17					0.04	0.03	0	0	0	0.02	0	0	0	0.11	0.03	0.07	0.08	0.13	0.26			0.156666666666667	2012	0.26	World Development Indicators database, World Bank	G
2017.Q2.G.01	SI_POV_DAY1	Proportion of population below the international poverty line of US$1.90 per day, total (%)	352	-19.02116966	64.79134763	ISL	Iceland	1	ANNUAL	PERCENT																														
2017.Q2.G.01	SI_POV_DAY1	Proportion of population below the international poverty line of US$1.90 per day, total (%)	356	79.3608464	22.34642074	IND	India	1	ANNUAL	PERCENT				45.91											38.21					31.1		21.23				21.23	2011	21.23	World Development Indicators database, World Bank	G
2017.Q2.G.01	SI_POV_DAY1	Proportion of population below the international poverty line of US$1.90 per day, total (%)	360	113.9174	-0.994582204	IDN	Indonesia	1	ANNUAL	PERCENT	57.27			57.06			45.89		65.32	39.99	39.75	35.98	23.4	23.25	24.37	21.63	27.95	22.76	21.55	18.43	15.95	13.58	11.76	9.83	8.25	11.874	2014	8.25	World Development Indicators database, World Bank	G
2017.Q2.G.01	SI_POV_DAY1	Proportion of population below the international poverty line of US$1.90 per day, total (%)	364	54.19766348	32.74370885	IRN	Iran (Islamic Republic of)	1	ANNUAL	PERCENT	6				3.18				2.56							2.61				0.26				0.08		0.08	2013	0.08	World Development Indicators database, World Bank	G
2017.Q2.G.01	SI_POV_DAY1	Proportion of population below the international poverty line of US$1.90 per day, total (%)	368	43.76606267	33.05013795	IRQ	Iraq	1	ANNUAL	PERCENT																														
2017.Q2.G.01	SI_POV_DAY1	Proportion of population below the international poverty line of US$1.90 per day, total (%)	372	-7.121425272	53.25274054	IRL	Ireland	1	ANNUAL	PERCENT																														
2017.Q2.G.01	SI_POV_DAY1	Proportion of population below the international poverty line of US$1.90 per day, total (%)	376	34.62277992	31.06164552	ISR	Israel	1	ANNUAL	PERCENT																														
2017.Q2.G.01	SI_POV_DAY1	Proportion of population below the international poverty line of US$1.90 per day, total (%)	380	12.57022427	42.79917282	ITA	Italy	1	ANNUAL	PERCENT																														
2017.Q2.G.01	SI_POV_DAY1	Proportion of population below the international poverty line of US$1.90 per day, total (%)	384	-5.552690016	7.62211586	CIV	Côte d'Ivoire	1	ANNUAL	PERCENT			22.13			19.11			25.66				23.03						29.02								2008	29.02	World Development Indicators database, World Bank	G
2017.Q2.G.01	SI_POV_DAY1	Proportion of population below the international poverty line of US$1.90 per day, total (%)	388	-77.31068409	18.15616857	JAM	Jamaica	1	ANNUAL	PERCENT	4.56			9.75			3.43			2.61			2.74		1.7												2004	1.7	World Development Indicators database, World Bank	G
2017.Q2.G.01	SI_POV_DAY1	Proportion of population below the international poverty line of US$1.90 per day, total (%)	392	139.2716103	36.6554539	JPN	Japan	1	ANNUAL	PERCENT																														
2017.Q2.G.01	SI_POV_DAY1	Proportion of population below the international poverty line of US$1.90 per day, total (%)	398	66.65359159	48.01963494	KAZ	Kazakhstan	1	ANNUAL	PERCENT				6.53			6.33					10.5	6.81	4.47	3.04	0.21	0.62	0.53	0.13	0.17	0.12	0.03	0.06	0.04		0.0625	2013	0.04	World Development Indicators database, World Bank	G
2017.Q2.G.01	SI_POV_DAY1	Proportion of population below the international poverty line of US$1.90 per day, total (%)	400	37.13024774	30.65365973	JOR	Jordan	1	ANNUAL	PERCENT																														
2017.Q2.G.01	SI_POV_DAY1	Proportion of population below the international poverty line of US$1.90 per day, total (%)	404	37.86096816	0.534797278	KEN	Kenya	1	ANNUAL	PERCENT			23.08		18.84			21.5								33.6											2005	33.6	World Development Indicators database, World Bank	G
2017.Q2.G.01	SI_POV_DAY1	Proportion of population below the international poverty line of US$1.90 per day, total (%)	408	127.1803633	40.1462645	PRK	Democratic People's Republic of Korea	1	ANNUAL	PERCENT																														
2017.Q2.G.01	SI_POV_DAY1	Proportion of population below the international poverty line of US$1.90 per day, total (%)	410	127.8610254	36.45201023	KOR	Republic of Korea	1	ANNUAL	PERCENT																														
2017.Q2.G.01	SI_POV_DAY1	Proportion of population below the international poverty line of US$1.90 per day, total (%)	414	47.49305029	29.53949468	KWT	Kuwait	1	ANNUAL	PERCENT																														
2017.Q2.G.01	SI_POV_DAY1	Proportion of population below the international poverty line of US$1.90 per day, total (%)	417	74.52324839	41.46204516	KGZ	Kyrgyzstan	1	ANNUAL	PERCENT				44.31					30.59		42.21	36.42	34.21	28.07	13.59	15.38	9.87	9.94	4.01	2.13	4.08	1.81	2.91	3.26	1.29	2.67	2014	1.29	World Development Indicators database, World Bank	G
2017.Q2.G.01	SI_POV_DAY1	Proportion of population below the international poverty line of US$1.90 per day, total (%)	418	101.9901968	20.27482773	LAO	Lao People's Democratic Republic	1	ANNUAL	PERCENT			22.85					30.67					26.14					19.62					16.72			16.72	2012	16.72	World Development Indicators database, World Bank	G
2017.Q2.G.01	SI_POV_DAY1	Proportion of population below the international poverty line of US$1.90 per day, total (%)	422	35.89391711	33.92152458	LBN	Lebanon	1	ANNUAL	PERCENT																														
2017.Q2.G.01	SI_POV_DAY1	Proportion of population below the international poverty line of US$1.90 per day, total (%)	426	28.25362195	-29.58041814	LSO	Lesotho	1	ANNUAL	PERCENT					69.56								61.31								59.65					59.65	2010	59.65	World Development Indicators database, World Bank	G
2017.Q2.G.01	SI_POV_DAY1	Proportion of population below the international poverty line of US$1.90 per day, total (%)	428	26.42461876	56.64196636	LVA	Latvia	1	ANNUAL	PERCENT				0		0	1.57	1.39	1.63				0.65	0.56	2.75	2.74	1.25	0.02	1.48	0.29	1.93	1.31	1.38			1.54	2012	1.38	World Development Indicators database, World Bank	G
2017.Q2.G.01	SI_POV_DAY1	Proportion of population below the international poverty line of US$1.90 per day, total (%)	430	-9.311879038	6.448381009	LBR	Liberia	1	ANNUAL	PERCENT																		68.64									2007	68.64	World Development Indicators database, World Bank	G
2017.Q2.G.01	SI_POV_DAY1	Proportion of population below the international poverty line of US$1.90 per day, total (%)	434	18.0295985	27.04042819	LBY	Libya	1	ANNUAL	PERCENT																														
2017.Q2.G.01	SI_POV_DAY1	Proportion of population below the international poverty line of US$1.90 per day, total (%)	438	9.552985019	47.14167005	LIE	Liechtenstein	1	ANNUAL	PERCENT																														
2017.Q2.G.01	SI_POV_DAY1	Proportion of population below the international poverty line of US$1.90 per day, total (%)	440	23.90517807	55.33680309	LTU	Lithuania	1	ANNUAL	PERCENT				6.97			0		0.32	0.35	0.3	0.59	0.51	0.19	0.11	1.78	1.55	1.23	1.43	2.41	1.71	0.87	1.03			1.20333333333333	2012	1.03	World Development Indicators database, World Bank	G
2017.Q2.G.01	SI_POV_DAY1	Proportion of population below the international poverty line of US$1.90 per day, total (%)	442	6.092656563	49.77679538	LUX	Luxembourg	1	ANNUAL	PERCENT																														
2017.Q2.G.01	SI_POV_DAY1	Proportion of population below the international poverty line of US$1.90 per day, total (%)	446	113.5665388	22.1237259	MAC	China, Macao Special Administrative Region	1	ANNUAL	PERCENT																														
2017.Q2.G.01	SI_POV_DAY1	Proportion of population below the international poverty line of US$1.90 per day, total (%)	450	46.6982339	-19.38514785	MDG	Madagascar	1	ANNUAL	PERCENT				69.36				65.89		64.13		68.68				74.06					81.76		77.84			79.8	2012	77.84	World Development Indicators database, World Bank	G
2017.Q2.G.01	SI_POV_DAY1	Proportion of population below the international poverty line of US$1.90 per day, total (%)	454	33.4884625	-13.40819859	MWI	Malawi	1	ANNUAL	PERCENT								63.63							73.63						70.91					70.91	2010	70.91	World Development Indicators database, World Bank	G
2017.Q2.G.01	SI_POV_DAY1	Proportion of population below the international poverty line of US$1.90 per day, total (%)	458	116.8346314	5.452415309	MYS	Malaysia	1	ANNUAL	PERCENT			1.26			1.75		0.4							0.37			0.52		0.28							2009	0.28	World Development Indicators database, World Bank	G
2017.Q2.G.01	SI_POV_DAY1	Proportion of population below the international poverty line of US$1.90 per day, total (%)	462	73.09672546	-0.614385021	MDV	Maldives	1	ANNUAL	PERCENT													9.99							7.26							2009	7.26	World Development Indicators database, World Bank	G
2017.Q2.G.01	SI_POV_DAY1	Proportion of population below the international poverty line of US$1.90 per day, total (%)	466	-3.522016039	17.35311254	MLI	Mali	1	ANNUAL	PERCENT					84.88							57.92					50.59			49.25							2009	49.25	World Development Indicators database, World Bank	G
2017.Q2.G.01	SI_POV_DAY1	Proportion of population below the international poverty line of US$1.90 per day, total (%)	470	14.44617519	35.89194275	MLT	Malta	1	ANNUAL	PERCENT																														
2017.Q2.G.01	SI_POV_DAY1	Proportion of population below the international poverty line of US$1.90 per day, total (%)	474	-60.91544135	14.56086108	MTQ	Martinique	1	ANNUAL	PERCENT																														
2017.Q2.G.01	SI_POV_DAY1	Proportion of population below the international poverty line of US$1.90 per day, total (%)	478	-10.33187259	20.26089546	MRT	Mauritania	1	ANNUAL	PERCENT				41.16		20.62					19.64				14.39				10.79						5.93	5.93	2014	5.93	World Development Indicators database, World Bank	G
2017.Q2.G.01	SI_POV_DAY1	Proportion of population below the international poverty line of US$1.90 per day, total (%)	480	57.568022	-20.28581998	MUS	Mauritius	1	ANNUAL	PERCENT																	0.42						0.53			0.53	2012	0.53	World Development Indicators database, World Bank	G
2017.Q2.G.01	SI_POV_DAY1	Proportion of population below the international poverty line of US$1.90 per day, total (%)	484	-102.5148166	23.93378032	MEX	Mexico	1	ANNUAL	PERCENT			9.73		9.92		14.09		14.29		11		8.81		4.82	8.66	3.29		3.8		3.8		2.68		3.04	3.17333333333333	2014	3.04	World Development Indicators database, World Bank	G
2017.Q2.G.01	SI_POV_DAY1	Proportion of population below the international poverty line of US$1.90 per day, total (%)	492	7.424214814	43.73532918	MCO	Monaco	1	ANNUAL	PERCENT																														
2017.Q2.G.01	SI_POV_DAY1	Proportion of population below the international poverty line of US$1.90 per day, total (%)	496	103.0728057	46.83892054	MNG	Mongolia	1	ANNUAL	PERCENT						13.86			26.92				10.55					1.34			0.76	0.57	0.38		0.22	0.4825	2014	0.22	World Development Indicators database, World Bank	G
2017.Q2.G.01	SI_POV_DAY1	Proportion of population below the international poverty line of US$1.90 per day, total (%)	498	28.4650624	47.20236795	MDA	Republic of Moldova	1	ANNUAL	PERCENT			13.41					16.07	27.56	39.1	35.92	27.56	16.55	7.61	8.66	13.95	2.41	1.11	1.29	1.03	0.53	0.28	0.34	0.08	0	0.246	2014	0	World Development Indicators database, World Bank	G
2017.Q2.G.01	SI_POV_DAY1	Proportion of population below the international poverty line of US$1.90 per day, total (%)	499	19.25214024	42.78717043	MNE	Montenegro	1	ANNUAL	PERCENT																0.23	0.14	0.36	0.19	0	0	0.21	1.26	1.04	0	0.502	2014	0	World Development Indicators database, World Bank	G
2017.Q2.G.01	SI_POV_DAY1	Proportion of population below the international poverty line of US$1.90 per day, total (%)	500	-62.19261223	16.73558313	MSR	Montserrat	1	ANNUAL	PERCENT																														
2017.Q2.G.01	SI_POV_DAY1	Proportion of population below the international poverty line of US$1.90 per day, total (%)	504	-6.281942841	31.8440131	MAR	Morocco	1	ANNUAL	PERCENT	2.87								7.52		6.27						3.12										2006	3.12	World Development Indicators database, World Bank	G
2017.Q2.G.01	SI_POV_DAY1	Proportion of population below the international poverty line of US$1.90 per day, total (%)	508	38.18479941	-14.27963886	MOZ	Mozambique	1	ANNUAL	PERCENT							85.36						80.36						68.74								2008	68.74	World Development Indicators database, World Bank	G
2017.Q2.G.01	SI_POV_DAY1	Proportion of population below the international poverty line of US$1.90 per day, total (%)	512	57.87743482	21.98805614	OMN	Oman	1	ANNUAL	PERCENT																														
2017.Q2.G.01	SI_POV_DAY1	Proportion of population below the international poverty line of US$1.90 per day, total (%)	516	17.21907885	-22.13817068	NAM	Namibia	1	ANNUAL	PERCENT				52.87										31.46						22.6							2009	22.6	World Development Indicators database, World Bank	G
2017.Q2.G.01	SI_POV_DAY1	Proportion of population below the international poverty line of US$1.90 per day, total (%)	520	166.92313	-0.528742623	NRU	Nauru	1	ANNUAL	PERCENT																														
2017.Q2.G.01	SI_POV_DAY1	Proportion of population below the international poverty line of US$1.90 per day, total (%)	524	83.94678863	28.25866332	NPL	Nepal	1	ANNUAL	PERCENT						61.9								46.12							14.99					14.99	2010	14.99	World Development Indicators database, World Bank	G
2017.Q2.G.01	SI_POV_DAY1	Proportion of population below the international poverty line of US$1.90 per day, total (%)	528	5.331480568	51.86728884	NLD	Netherlands	1	ANNUAL	PERCENT																														
2017.Q2.G.01	SI_POV_DAY1	Proportion of population below the international poverty line of US$1.90 per day, total (%)	530	-68.30676179	12.22720635	ANT	Netherlands Antilles	1	ANNUAL	PERCENT																														
2017.Q2.G.01	SI_POV_DAY1	Proportion of population below the international poverty line of US$1.90 per day, total (%)	531	-68.95033464	12.15058042	CUW	Curaçao	1	ANNUAL	PERCENT																														
2017.Q2.G.01	SI_POV_DAY1	Proportion of population below the international poverty line of US$1.90 per day, total (%)	533	-69.97050586	12.50878756	ABW	Aruba	1	ANNUAL	PERCENT																														
2017.Q2.G.01	SI_POV_DAY1	Proportion of population below the international poverty line of US$1.90 per day, total (%)	534	-63.06198692	18.03926508	SXM	Sint Maarten (Dutch part)	1	ANNUAL	PERCENT																														
2017.Q2.G.01	SI_POV_DAY1	Proportion of population below the international poverty line of US$1.90 per day, total (%)	540	165.5067368	-21.41742531	NCL	New Caledonia	1	ANNUAL	PERCENT																														
2017.Q2.G.01	SI_POV_DAY1	Proportion of population below the international poverty line of US$1.90 per day, total (%)	548	167.0679779	-15.34445547	VUT	Vanuatu	1	ANNUAL	PERCENT																					15.36					15.36	2010	15.36	World Development Indicators database, World Bank	G
2017.Q2.G.01	SI_POV_DAY1	Proportion of population below the international poverty line of US$1.90 per day, total (%)	554	170.4755673	-43.98721568	NZL	New Zealand	1	ANNUAL	PERCENT																														
2017.Q2.G.01	SI_POV_DAY1	Proportion of population below the international poverty line of US$1.90 per day, total (%)	558	-85.03060315	12.84210839	NIC	Nicaragua	1	ANNUAL	PERCENT				22.06					15.67			20.52				15.6				10.83					6.22	6.22	2014	6.22	World Development Indicators database, World Bank	G
2017.Q2.G.01	SI_POV_DAY1	Proportion of population below the international poverty line of US$1.90 per day, total (%)	562	9.400167877	17.42143036	NER	Niger	1	ANNUAL	PERCENT			78.19		81.38											74.93		72.02				50.34			45.7	48.02	2014	45.7	World Development Indicators database, World Bank	G
2017.Q2.G.01	SI_POV_DAY1	Proportion of population below the international poverty line of US$1.90 per day, total (%)	566	8.097363256	9.585789025	NGA	Nigeria	1	ANNUAL	PERCENT			57.06				63.5							53.46						53.47							2009	53.47	World Development Indicators database, World Bank	G
2017.Q2.G.01	SI_POV_DAY1	Proportion of population below the international poverty line of US$1.90 per day, total (%)	570	-169.8601693	-19.05000475	NIU	Niue	1	ANNUAL	PERCENT																														
2017.Q2.G.01	SI_POV_DAY1	Proportion of population below the international poverty line of US$1.90 per day, total (%)	574	167.9515548	-29.03230018	NFK	Norfolk Island	1	ANNUAL	PERCENT																														
2017.Q2.G.01	SI_POV_DAY1	Proportion of population below the international poverty line of US$1.90 per day, total (%)	578	11.47846389	61.34311134	NOR	Norway	1	ANNUAL	PERCENT																														
2017.Q2.G.01	SI_POV_DAY1	Proportion of population below the international poverty line of US$1.90 per day, total (%)	580	145.7582114	15.19099517	MNP	Northern Mariana Islands	1	ANNUAL	PERCENT																														
2017.Q2.G.01	SI_POV_DAY1	Proportion of population below the international poverty line of US$1.90 per day, total (%)	581	-162.4343752	5.874443968	UMI	US Minor Outlying Islands	1	ANNUAL	PERCENT																														
2017.Q2.G.01	SI_POV_DAY1	Proportion of population below the international poverty line of US$1.90 per day, total (%)	583	158.225216	6.880670092	FSM	Micronesia, Federated States of	1	ANNUAL	PERCENT											45.99					11.42								17.37		17.37	2013	17.37	World Development Indicators database, World Bank	G
2017.Q2.G.01	SI_POV_DAY1	Proportion of population below the international poverty line of US$1.90 per day, total (%)	584	171.0839119	7.110213497	MHL	Marshall Islands	1	ANNUAL	PERCENT																														
2017.Q2.G.01	SI_POV_DAY1	Proportion of population below the international poverty line of US$1.90 per day, total (%)	585	134.5733878	7.502307591	PLW	Palau	1	ANNUAL	PERCENT																														
2017.Q2.G.01	SI_POV_DAY1	Proportion of population below the international poverty line of US$1.90 per day, total (%)	586	68.80479684	29.36491634	PAK	Pakistan	1	ANNUAL	PERCENT	58.96						15.92		23.44			28.65			18.04	16.48		13.13			8.28	7.93		6.07		7.42666666666667	2013	6.07	World Development Indicators database, World Bank	G
2017.Q2.G.01	SI_POV_DAY1	Proportion of population below the international poverty line of US$1.90 per day, total (%)	591	-81.26616623	8.450965746	PAN	Panama	1	ANNUAL	PERCENT		21.87				16.28		15.01	15.16	13.39	14.68	16.42	11.93	11.57	10.76	10.3	10.99	8.11	5.49	3.37	4.57	3.98	4.41	2.86	3.77	3.918	2014	3.77	World Development Indicators database, World Bank	G
2017.Q2.G.01	SI_POV_DAY1	Proportion of population below the international poverty line of US$1.90 per day, total (%)	598	145.8587761	-6.756057077	PNG	Papua New Guinea	1	ANNUAL	PERCENT							53.23													39.31							2009	39.31	World Development Indicators database, World Bank	G
2017.Q2.G.01	SI_POV_DAY1	Proportion of population below the international poverty line of US$1.90 per day, total (%)	600	-60.54854225	-21.70216237	PRY	Paraguay	1	ANNUAL	PERCENT	1.19					12.4		10.55		10.21		9.07	13.31	8.97	6.59	6.95	10.06	8.51	4.97	6.44	6.07	5.47	3.71	2.19	2.77	4.042	2014	2.77	World Development Indicators database, World Bank	G
2017.Q2.G.01	SI_POV_DAY1	Proportion of population below the international poverty line of US$1.90 per day, total (%)	604	-71.82093277	-13.58939705	PER	Peru	1	ANNUAL	PERCENT					15.78			17.93	16.74	17.63	16.7	17.67	15.32	12.24	12.22	14.17	12.39	10.03	7.94	6.27	4.74	4.34	4.13	3.7	3.13	4.008	2014	3.13	World Development Indicators database, World Bank	G
2017.Q2.G.01	SI_POV_DAY1	Proportion of population below the international poverty line of US$1.90 per day, total (%)	608	120.8601418	14.16591706	PHL	Philippines	1	ANNUAL	PERCENT		26.59			24.99			17.66			18.41			16.84			16.45			11.98			13.11			13.11	2012	13.11	World Development Indicators database, World Bank	G
2017.Q2.G.01	SI_POV_DAY1	Proportion of population below the international poverty line of US$1.90 per day, total (%)	612	-128.3225873	-24.37538456	PCN	Pitcairn	1	ANNUAL	PERCENT																														
2017.Q2.G.01	SI_POV_DAY1	Proportion of population below the international poverty line of US$1.90 per day, total (%)	616	19.40660158	52.1226733	POL	Poland	1	ANNUAL	PERCENT				0.14			2.57		0.02	0.06	0.13	0.08	0.07	0.05	0.1	0.14	0.66	0.03	0.01	0.02	0.38	0.02	0.02	0.01	0.01	0.088	2014	0.01	World Development Indicators database, World Bank	G
2017.Q2.G.01	SI_POV_DAY1	Proportion of population below the international poverty line of US$1.90 per day, total (%)	620	-7.961599811	39.68509315	PRT	Portugal	1	ANNUAL	PERCENT																														
2017.Q2.G.01	SI_POV_DAY1	Proportion of population below the international poverty line of US$1.90 per day, total (%)	624	-14.40182514	12.11760394	GNB	Guinea-Bissau	1	ANNUAL	PERCENT		42.96		64.02									53.87								67.08					67.08	2010	67.08	World Development Indicators database, World Bank	G
2017.Q2.G.01	SI_POV_DAY1	Proportion of population below the international poverty line of US$1.90 per day, total (%)	626	125.9451052	-8.797497247	TLS	Timor-Leste	1	ANNUAL	PERCENT												44.22						46.76									2007	46.76	World Development Indicators database, World Bank	G
2017.Q2.G.01	SI_POV_DAY1	Proportion of population below the international poverty line of US$1.90 per day, total (%)	630	-66.47591017	18.22753799	PRI	Puerto Rico	1	ANNUAL	PERCENT																														
2017.Q2.G.01	SI_POV_DAY1	Proportion of population below the international poverty line of US$1.90 per day, total (%)	634	51.19152467	25.28355379	QAT	Qatar	1	ANNUAL	PERCENT																														
2017.Q2.G.01	SI_POV_DAY1	Proportion of population below the international poverty line of US$1.90 per day, total (%)	638	55.53171398	-21.13183266	REU	Réunion	1	ANNUAL	PERCENT																														
2017.Q2.G.01	SI_POV_DAY1	Proportion of population below the international poverty line of US$1.90 per day, total (%)	642	24.98481009	45.83893563	ROU	Romania	1	ANNUAL	PERCENT			0.62		10.72				2.11	6.46	7.54	5.45	5.4	3.87	2.84	2.15	2.36	5.83	4.94	3.72	4.78	5.75	6.11	0		4.16	2013	0	World Development Indicators database, World Bank	G
2017.Q2.G.01	SI_POV_DAY1	Proportion of population below the international poverty line of US$1.90 per day, total (%)	643	99.01404926	61.61899849	RUS	Russian Federation	1	ANNUAL	PERCENT				2.37			3.6	1.13	1.7	3.4	2.25	1.24	0.7	1.06	0.89	0.66	0.54	0.2	0.07	0.04	0.15	0.08	0.04			0.09	2012	0.04	World Development Indicators database, World Bank	G
2017.Q2.G.01	SI_POV_DAY1	Proportion of population below the international poverty line of US$1.90 per day, total (%)	646	29.92310194	-1.999842114	RWA	Rwanda	1	ANNUAL	PERCENT											76.97					68					60.25			60.43		60.34	2013	60.43	World Development Indicators database, World Bank	G
2017.Q2.G.01	SI_POV_DAY1	Proportion of population below the international poverty line of US$1.90 per day, total (%)	652	-62.83173536	17.89513362	BLM	Saint Barthélemy	1	ANNUAL	PERCENT																														
2017.Q2.G.01	SI_POV_DAY1	Proportion of population below the international poverty line of US$1.90 per day, total (%)	654	-5.705752501	-15.96503946	SHN	Saint Helena	1	ANNUAL	PERCENT																														
2017.Q2.G.01	SI_POV_DAY1	Proportion of population below the international poverty line of US$1.90 per day, total (%)	659	-62.76628613	17.33994219	KNA	Saint Kitts and Nevis	1	ANNUAL	PERCENT																														
2017.Q2.G.01	SI_POV_DAY1	Proportion of population below the international poverty line of US$1.90 per day, total (%)	660	-63.05651612	18.21525315	AIA	Anguilla	1	ANNUAL	PERCENT																														
2017.Q2.G.01	SI_POV_DAY1	Proportion of population below the international poverty line of US$1.90 per day, total (%)	662	-60.96529553	13.89405601	LCA	Saint Lucia	1	ANNUAL	PERCENT						35.83																					1995	35.83	World Development Indicators database, World Bank	G
2017.Q2.G.01	SI_POV_DAY1	Proportion of population below the international poverty line of US$1.90 per day, total (%)	663	-63.04505461	18.0882685	MAF	Saint Martin (French Part)	1	ANNUAL	PERCENT																														
2017.Q2.G.01	SI_POV_DAY1	Proportion of population below the international poverty line of US$1.90 per day, total (%)	666	-56.33682442	46.85812735	SPM	Saint Pierre and Miquelon	1	ANNUAL	PERCENT																														
2017.Q2.G.01	SI_POV_DAY1	Proportion of population below the international poverty line of US$1.90 per day, total (%)	670	-61.19024321	13.24627968	VCT	Saint Vincent and the Grenadines	1	ANNUAL	PERCENT																														
2017.Q2.G.01	SI_POV_DAY1	Proportion of population below the international poverty line of US$1.90 per day, total (%)	674	12.46329038	43.93841766	SMR	San Marino	1	ANNUAL	PERCENT																														
2017.Q2.G.01	SI_POV_DAY1	Proportion of population below the international poverty line of US$1.90 per day, total (%)	678	6.609772265	0.241554875	STP	Sao Tome and Principe	1	ANNUAL	PERCENT											29.84										32.28					32.28	2010	32.28	World Development Indicators database, World Bank	G
2017.Q2.G.01	SI_POV_DAY1	Proportion of population below the international poverty line of US$1.90 per day, total (%)	682	44.54763347	24.12594211	SAU	Saudi Arabia	1	ANNUAL	PERCENT																														
2017.Q2.G.01	SI_POV_DAY1	Proportion of population below the international poverty line of US$1.90 per day, total (%)	686	-14.46636926	14.35920905	SEN	Senegal	1	ANNUAL	PERCENT		68.43			57.52							49.25				38.39						37.98				37.98	2011	37.98	World Development Indicators database, World Bank	G
2017.Q2.G.01	SI_POV_DAY1	Proportion of population below the international poverty line of US$1.90 per day, total (%)	688	20.805876	44.03145697	SRB	Serbia	1	ANNUAL	PERCENT													0.17	0.47	0.87	1.08	0.47	0.35	0.07	0.12	0.1			0.19		0.145	2013	0.19	World Development Indicators database, World Bank	G
2017.Q2.G.01	SI_POV_DAY1	Proportion of population below the international poverty line of US$1.90 per day, total (%)	690	55.46561591	-4.678053059	SYC	Seychelles	1	ANNUAL	PERCENT										0.58							0.37							1.06		1.06	2013	1.06	World Development Indicators database, World Bank	G
2017.Q2.G.01	SI_POV_DAY1	Proportion of population below the international poverty line of US$1.90 per day, total (%)	694	-11.78306584	8.568604164	SLE	Sierra Leone	1	ANNUAL	PERCENT														58.47								52.33				52.33	2011	52.33	World Development Indicators database, World Bank	G
2017.Q2.G.01	SI_POV_DAY1	Proportion of population below the international poverty line of US$1.90 per day, total (%)	702	103.8107883	1.361009155	SGP	Singapore	1	ANNUAL	PERCENT																														
2017.Q2.G.01	SI_POV_DAY1	Proportion of population below the international poverty line of US$1.90 per day, total (%)	703	19.48495604	48.70741446	SVK	Slovakia	1	ANNUAL	PERCENT			0				0.52								0.08	0.28	0	0.37	0.3	0	0.42	0.36	0.24			0.34	2012	0.24	World Development Indicators database, World Bank	G
2017.Q2.G.01	SI_POV_DAY1	Proportion of population below the international poverty line of US$1.90 per day, total (%)	704	105.802499	10.09643079	VNM	Viet Nam	1	ANNUAL	PERCENT			49.21						34.79				38.78		27.12		22.01		16.17		4.78		3.23		3.06	3.69	2014	3.06	World Development Indicators database, World Bank	G
2017.Q2.G.01	SI_POV_DAY1	Proportion of population below the international poverty line of US$1.90 per day, total (%)	705	14.82209486	46.11958061	SVN	Slovenia	1	ANNUAL	PERCENT				0.05					0.02				0	0	0.07	0.1	0.06	0.03	0.01	0.01	0.01	0	0.03			0.0133333333333333	2012	0.03	World Development Indicators database, World Bank	G
2017.Q2.G.01	SI_POV_DAY1	Proportion of population below the international poverty line of US$1.90 per day, total (%)	706	46.20367477	4.406485729	SOM	Somalia	1	ANNUAL	PERCENT																														
2017.Q2.G.01	SI_POV_DAY1	Proportion of population below the international poverty line of US$1.90 per day, total (%)	710	24.67184355	-29.99957544	ZAF	South Africa	1	ANNUAL	PERCENT				29.29			33.81				32.59						25.44		16.89			16.56				16.56	2011	16.56	World Development Indicators database, World Bank	G
2017.Q2.G.01	SI_POV_DAY1	Proportion of population below the international poverty line of US$1.90 per day, total (%)	716	29.86909584	-19.00075492	ZWE	Zimbabwe	1	ANNUAL	PERCENT																						21.4				21.4	2011	21.4	World Development Indicators database, World Bank	G
2017.Q2.G.01	SI_POV_DAY1	Proportion of population below the international poverty line of US$1.90 per day, total (%)	724	-3.554078296	40.39211472	ESP	Spain	1	ANNUAL	PERCENT																														
2017.Q2.G.01	SI_POV_DAY1	Proportion of population below the international poverty line of US$1.90 per day, total (%)	728	30.32618773	7.290839152	SSD	South Sudan	1	ANNUAL	PERCENT																				42.71							2009	42.71	World Development Indicators database, World Bank	G
2017.Q2.G.01	SI_POV_DAY1	Proportion of population below the international poverty line of US$1.90 per day, total (%)	732	-13.13515523	24.66265342	ESH	Western Sahara	1	ANNUAL	PERCENT																														
2017.Q2.G.01	SI_POV_DAY1	Proportion of population below the international poverty line of US$1.90 per day, total (%)	736	29.95650159	16.02643066	SDN	Sudan	1	ANNUAL	PERCENT																														
2017.Q2.G.01	SI_POV_DAY1	Proportion of population below the international poverty line of US$1.90 per day, total (%)	740	-55.90626394	4.132603197	SUR	Suriname	1	ANNUAL	PERCENT										23.38																	1999	23.38	World Development Indicators database, World Bank	G
2017.Q2.G.01	SI_POV_DAY1	Proportion of population below the international poverty line of US$1.90 per day, total (%)	744	13.38071013	78.82894131	SJM	Svalbard and Jan Mayen Islands	1	ANNUAL	PERCENT																														
2017.Q2.G.01	SI_POV_DAY1	Proportion of population below the international poverty line of US$1.90 per day, total (%)	748	31.50149288	-26.56471011	SWZ	Swaziland	1	ANNUAL	PERCENT					81.66						48.44									42.03							2009	42.03	World Development Indicators database, World Bank	G
2017.Q2.G.01	SI_POV_DAY1	Proportion of population below the international poverty line of US$1.90 per day, total (%)	752	14.3775338	60.60103109	SWE	Sweden	1	ANNUAL	PERCENT																														
2017.Q2.G.01	SI_POV_DAY1	Proportion of population below the international poverty line of US$1.90 per day, total (%)	756	8.223158	46.96617097	CHE	Switzerland	1	ANNUAL	PERCENT																														
2017.Q2.G.01	SI_POV_DAY1	Proportion of population below the international poverty line of US$1.90 per day, total (%)	760	38.50466565	35.01676176	SYR	Syrian Arab Republic (Syria)	1	ANNUAL	PERCENT																														
2017.Q2.G.01	SI_POV_DAY1	Proportion of population below the international poverty line of US$1.90 per day, total (%)	762	69.294998	38.43069666	TJK	Tajikistan	1	ANNUAL	PERCENT										54.37				30.83	15.43			10.35		4.74			24.47	22.56	19.51	22.18	2014	19.51	World Development Indicators database, World Bank	G
2017.Q2.G.01	SI_POV_DAY1	Proportion of population below the international poverty line of US$1.90 per day, total (%)	764	101.0202951	15.13089239	THA	Thailand	1	ANNUAL	PERCENT	9.37		6.65		3.22		2.25		1.5	2.54	2.55		1.14		0.75		0.69	0.34	0.15	0.17	0.14	0.04	0.06	0.04		0.07	2013	0.04	World Development Indicators database, World Bank	G
2017.Q2.G.01	SI_POV_DAY1	Proportion of population below the international poverty line of US$1.90 per day, total (%)	768	0.97835765	8.532096072	TGO	Togo	1	ANNUAL	PERCENT																	55.55					54.18				54.18	2011	54.18	World Development Indicators database, World Bank	G
2017.Q2.G.01	SI_POV_DAY1	Proportion of population below the international poverty line of US$1.90 per day, total (%)	772	-171.8154473	-9.214545558	TKL	Tokelau	1	ANNUAL	PERCENT																														
2017.Q2.G.01	SI_POV_DAY1	Proportion of population below the international poverty line of US$1.90 per day, total (%)	776	-175.1959991	-21.19511329	TON	Tonga	1	ANNUAL	PERCENT												2.83								1.09							2009	1.09	World Development Indicators database, World Bank	G
2017.Q2.G.01	SI_POV_DAY1	Proportion of population below the international poverty line of US$1.90 per day, total (%)	780	-61.29389504	10.41877263	TTO	Trinidad and Tobago	1	ANNUAL	PERCENT			3.41																								1992	3.41	World Development Indicators database, World Bank	G
2017.Q2.G.01	SI_POV_DAY1	Proportion of population below the international poverty line of US$1.90 per day, total (%)	784	53.98279159	23.43322219	ARE	United Arab Emirates	1	ANNUAL	PERCENT																														
2017.Q2.G.01	SI_POV_DAY1	Proportion of population below the international poverty line of US$1.90 per day, total (%)	788	9.572737411	34.11439971	TUN	Tunisia	1	ANNUAL	PERCENT	9.82					10.86					5.32					3.09					1.99					1.99	2010	1.99	World Development Indicators database, World Bank	G
2017.Q2.G.01	SI_POV_DAY1	Proportion of population below the international poverty line of US$1.90 per day, total (%)	792	35.42890329	38.9899684	TUR	Turkey	1	ANNUAL	PERCENT					2.57								1.71	3.74	2.12	2.6	1.88	1.43	0.62	0.87	0.78	0.28	0.26	0.33		0.4125	2013	0.33	World Development Indicators database, World Bank	G
2017.Q2.G.01	SI_POV_DAY1	Proportion of population below the international poverty line of US$1.90 per day, total (%)	795	58.9787665	40.0912346	TKM	Turkmenistan	1	ANNUAL	PERCENT									42.26																		1998	42.26	World Development Indicators database, World Bank	G
2017.Q2.G.01	SI_POV_DAY1	Proportion of population below the international poverty line of US$1.90 per day, total (%)	796	-71.745121	21.80780585	TCA	Turks and Caicos Islands	1	ANNUAL	PERCENT																														
2017.Q2.G.01	SI_POV_DAY1	Proportion of population below the international poverty line of US$1.90 per day, total (%)	798	178.6679611	-7.460048071	TUV	Tuvalu	1	ANNUAL	PERCENT																					2.66					2.66	2010	2.66	World Development Indicators database, World Bank	G
2017.Q2.G.01	SI_POV_DAY1	Proportion of population below the international poverty line of US$1.90 per day, total (%)	800	32.39100438	1.279557331	UGA	Uganda	1	ANNUAL	PERCENT			68.11				59.6			64.12			62.21			53.18				41.46			34.64			34.64	2012	34.64	World Development Indicators database, World Bank	G
2017.Q2.G.01	SI_POV_DAY1	Proportion of population below the international poverty line of US$1.90 per day, total (%)	804	31.40270802	49.00735945	UKR	Ukraine	1	ANNUAL	PERCENT			2.98	1.32		5.38	5.37			8.26			1.67	0.63	0.56	0.26	0.13	0.08	0.01	0.07	0	0	0	0	0.01	0.002	2014	0.01	World Development Indicators database, World Bank	G
2017.Q2.G.01	SI_POV_DAY1	Proportion of population below the international poverty line of US$1.90 per day, total (%)	807	21.7007909	41.60048068	MKD	Macedonia, Republic of	1	ANNUAL	PERCENT									0.8		5.2		1.31	1.15	1.35	1.38	2.66		1.33								2008	1.33	World Development Indicators database, World Bank	G
2017.Q2.G.01	SI_POV_DAY1	Proportion of population below the international poverty line of US$1.90 per day, total (%)	818	29.77468534	26.57438204	EGY	Egypt	1	ANNUAL	PERCENT																														
2017.Q2.G.01	SI_POV_DAY1	Proportion of population below the international poverty line of US$1.90 per day, total (%)	826	-2.23830539	53.27691757	GBR	United Kingdom	1	ANNUAL	PERCENT																														
2017.Q2.G.01	SI_POV_DAY1	Proportion of population below the international poverty line of US$1.90 per day, total (%)	831	-2.200712402	49.71561166	GGY	Guernsey	1	ANNUAL	PERCENT																														
2017.Q2.G.01	SI_POV_DAY1	Proportion of population below the international poverty line of US$1.90 per day, total (%)	832	-2.136773508	49.22353354	JEY	Jersey	1	ANNUAL	PERCENT																														
2017.Q2.G.01	SI_POV_DAY1	Proportion of population below the international poverty line of US$1.90 per day, total (%)	833	-4.538190305	54.22880901	IMN	Isle of Man	1	ANNUAL	PERCENT																														
2017.Q2.G.01	SI_POV_DAY1	Proportion of population below the international poverty line of US$1.90 per day, total (%)	834	34.80521182	-6.265332606	TZA	Tanzania, United Republic of	1	ANNUAL	PERCENT		70.42									84.74							52.73				46.6				46.6	2011	46.6	World Development Indicators database, World Bank	G
2017.Q2.G.01	SI_POV_DAY1	Proportion of population below the international poverty line of US$1.90 per day, total (%)	840	-99.13830311	39.5277871	USA	United States of America	1	ANNUAL	PERCENT																														
2017.Q2.G.01	SI_POV_DAY1	Proportion of population below the international poverty line of US$1.90 per day, total (%)	850	-64.76960113	17.73297693	VIR	United States Virgin Islands	1	ANNUAL	PERCENT																														
2017.Q2.G.01	SI_POV_DAY1	Proportion of population below the international poverty line of US$1.90 per day, total (%)	854	-1.742843829	12.27491081	BFA	Burkina Faso	1	ANNUAL	PERCENT					83.06				81.61					57.26						55.29					43.73	43.73	2014	43.73	World Development Indicators database, World Bank	G
2017.Q2.G.01	SI_POV_DAY1	Proportion of population below the international poverty line of US$1.90 per day, total (%)	858	-56.01387025	-32.8002838	URY	Uruguay	1	ANNUAL	PERCENT			0.45			0.68	0.81	0.68	0.9		0.57	0.75	1.08	1.31	1.49	1.54	0.89	0.61	0.33	0.34	0.23	0.32	0.4	0.34	0.3	0.318	2014	0.3	World Development Indicators database, World Bank	G
2017.Q2.G.01	SI_POV_DAY1	Proportion of population below the international poverty line of US$1.90 per day, total (%)	860	63.11944558	41.77560518	UZB	Uzbekistan	1	ANNUAL	PERCENT									45.47		68.07		65.57	66.79													2003	66.79	World Development Indicators database, World Bank	G
2017.Q2.G.01	SI_POV_DAY1	Proportion of population below the international poverty line of US$1.90 per day, total (%)	862	-66.15642084	7.121324748	VEN	Venezuela (Bolivarian Republic)	1	ANNUAL	PERCENT			4.31			8.56			11.44	10.16		9.59	16.03	20.03	17.46	17.01	9.24										2006	9.24	World Development Indicators database, World Bank	G
2017.Q2.G.01	SI_POV_DAY1	Proportion of population below the international poverty line of US$1.90 per day, total (%)	876	-176.2034788	-13.28471201	WLF	Wallis and Futuna Islands	1	ANNUAL	PERCENT																														
2017.Q2.G.01	SI_POV_DAY1	Proportion of population below the international poverty line of US$1.90 per day, total (%)	882	-172.4430749	-13.61541469	WSM	Samoa	1	ANNUAL	PERCENT																			0.83								2008	0.83	World Development Indicators database, World Bank	G
2017.Q2.G.01	SI_POV_DAY1	Proportion of population below the international poverty line of US$1.90 per day, total (%)	887	45.22389143	15.22242099	YEM	Yemen	1	ANNUAL	PERCENT																														
2017.Q2.G.01	SI_POV_DAY1	Proportion of population below the international poverty line of US$1.90 per day, total (%)	894	27.850329	-14.59701056	ZMB	Zambia	1	ANNUAL	PERCENT		54.05		54.54			41.73		42.14				49.44		56.69		60.46				64.42					64.42	2010	64.42	World Development Indicators database, World Bank	G
