series.release	series.code	series.description	geoAreaCode	X	Y	ISO3CD	geoAreaName	sliceId	Freq	Units	2000	2001	2002	2003	2004	2005	2006	2007	2008	2009	2010	2011	2012	2013	2014	2015	2016	last.5.years.mean	latest.year	latest.value	latest.source	latest.nature
2017.Q2.G.01	SL_EMP_GTOTL	Labour share of GDP, comprising wages and social protection transfers, total (%)	4	66.02688198	33.83160199	AFG	Afghanistan	1	ANNUAL	PERCENT																						
2017.Q2.G.01	SL_EMP_GTOTL	Labour share of GDP, comprising wages and social protection transfers, total (%)	8	20.06660928	41.13897007	ALB	Albania	1	ANNUAL	PERCENT																						
2017.Q2.G.01	SL_EMP_GTOTL	Labour share of GDP, comprising wages and social protection transfers, total (%)	10	21.47585697	-80.40897662	ATA	Antarctica	1	ANNUAL	PERCENT																						
2017.Q2.G.01	SL_EMP_GTOTL	Labour share of GDP, comprising wages and social protection transfers, total (%)	12	2.678164227	28.15940032	DZA	Algeria	1	ANNUAL	PERCENT																						
2017.Q2.G.01	SL_EMP_GTOTL	Labour share of GDP, comprising wages and social protection transfers, total (%)	16	-170.7187269	-14.30587306	ASM	American Samoa	1	ANNUAL	PERCENT																						
2017.Q2.G.01	SL_EMP_GTOTL	Labour share of GDP, comprising wages and social protection transfers, total (%)	20	1.576257417	42.54548611	AND	Andorra	1	ANNUAL	PERCENT																						
2017.Q2.G.01	SL_EMP_GTOTL	Labour share of GDP, comprising wages and social protection transfers, total (%)	24	17.57817062	-12.33724746	AGO	Angola	1	ANNUAL	PERCENT																						
2017.Q2.G.01	SL_EMP_GTOTL	Labour share of GDP, comprising wages and social protection transfers, total (%)	28	-61.7999755	17.07761471	ATG	Antigua and Barbuda	1	ANNUAL	PERCENT																						
2017.Q2.G.01	SL_EMP_GTOTL	Labour share of GDP, comprising wages and social protection transfers, total (%)	31	50.01064725	40.39229544	AZE	Azerbaijan	1	ANNUAL	PERCENT															18.8			18.8	2014	18.8	ILOSTAT - National Accounts	C
2017.Q2.G.01	SL_EMP_GTOTL	Labour share of GDP, comprising wages and social protection transfers, total (%)	32	-65.14563274	-35.19446255	ARG	Argentina	1	ANNUAL	PERCENT																						
2017.Q2.G.01	SL_EMP_GTOTL	Labour share of GDP, comprising wages and social protection transfers, total (%)	36	134.3499412	-25.57717202	AUS	Australia	1	ANNUAL	PERCENT	54.716699	53.907387	53.8613568	53.288874	53.5156223	52.8996972	52.822198	53.0395865	51.6022591	52.0064519	52.0293213	52.5413874	52.7820519	52.5345431	52.8010774	53.167984	52.3218928	52.72150984	2016	52.3218928	ILOSTAT - AMECO estimates	E
2017.Q2.G.01	SL_EMP_GTOTL	Labour share of GDP, comprising wages and social protection transfers, total (%)	40	14.14172472	47.58704857	AUT	Austria	1	ANNUAL	PERCENT	56.1114732	55.5640303	55.109699	55.2786197	54.2979874	53.5398497	53.3155142	52.7559348	53.7127874	55.4400515	54.833919	54.2486951	54.7875646	55.1989622	55.3945549	55.2031567	54.7262692	55.06210152	2016	54.7262692	ILOSTAT - AMECO estimates	E
2017.Q2.G.01	SL_EMP_GTOTL	Labour share of GDP, comprising wages and social protection transfers, total (%)	44	-78.05111663	24.69546597	BHS	Bahamas	1	ANNUAL	PERCENT																						
2017.Q2.G.01	SL_EMP_GTOTL	Labour share of GDP, comprising wages and social protection transfers, total (%)	48	50.5490754	26.04407747	BHR	Bahrain	1	ANNUAL	PERCENT																						
2017.Q2.G.01	SL_EMP_GTOTL	Labour share of GDP, comprising wages and social protection transfers, total (%)	50	89.17660788	22.86961622	BGD	Bangladesh	1	ANNUAL	PERCENT																						
2017.Q2.G.01	SL_EMP_GTOTL	Labour share of GDP, comprising wages and social protection transfers, total (%)	51	44.93839317	40.29499741	ARM	Armenia	1	ANNUAL	PERCENT																						
2017.Q2.G.01	SL_EMP_GTOTL	Labour share of GDP, comprising wages and social protection transfers, total (%)	52	-59.5346489	13.13648273	BRB	Barbados	1	ANNUAL	PERCENT																						
2017.Q2.G.01	SL_EMP_GTOTL	Labour share of GDP, comprising wages and social protection transfers, total (%)	56	4.660976456	50.64104975	BEL	Belgium	1	ANNUAL	PERCENT	60.0235319	61.278868	61.4077181	60.8927903	59.2229463	58.6464918	58.5696855	58.4202128	60.0206446	61.4796988	59.9213908	60.3212714	61.1456351	61.7838951	61.2592663	60.4115392	59.5717818	60.8344235	2016	59.5717818	ILOSTAT - AMECO estimates	E
2017.Q2.G.01	SL_EMP_GTOTL	Labour share of GDP, comprising wages and social protection transfers, total (%)	60	-64.78155012	32.27881922	BMU	Bermuda	1	ANNUAL	PERCENT																						
2017.Q2.G.01	SL_EMP_GTOTL	Labour share of GDP, comprising wages and social protection transfers, total (%)	64	90.45098484	27.39598568	BTN	Bhutan	1	ANNUAL	PERCENT																						
2017.Q2.G.01	SL_EMP_GTOTL	Labour share of GDP, comprising wages and social protection transfers, total (%)	68	-64.66224284	-16.71273412	BOL	Bolivia (Plurinational State of)	1	ANNUAL	PERCENT																						
2017.Q2.G.01	SL_EMP_GTOTL	Labour share of GDP, comprising wages and social protection transfers, total (%)	70	17.78584332	44.16845548	BIH	Bosnia and Herzegovina	1	ANNUAL	PERCENT																						
2017.Q2.G.01	SL_EMP_GTOTL	Labour share of GDP, comprising wages and social protection transfers, total (%)	72	23.81380223	-22.18810073	BWA	Botswana	1	ANNUAL	PERCENT																						
2017.Q2.G.01	SL_EMP_GTOTL	Labour share of GDP, comprising wages and social protection transfers, total (%)	74	3.410732868	-54.43295905	BVT	Bouvet Island	1	ANNUAL	PERCENT																						
2017.Q2.G.01	SL_EMP_GTOTL	Labour share of GDP, comprising wages and social protection transfers, total (%)	76	-53.08432878	-10.77668561	BRA	Brazil	1	ANNUAL	PERCENT																						
2017.Q2.G.01	SL_EMP_GTOTL	Labour share of GDP, comprising wages and social protection transfers, total (%)	84	-88.70199554	17.19965901	BLZ	Belize	1	ANNUAL	PERCENT																						
2017.Q2.G.01	SL_EMP_GTOTL	Labour share of GDP, comprising wages and social protection transfers, total (%)	86	72.38715553	-7.299281071	IOT	British Indian Ocean Territory	1	ANNUAL	PERCENT																						
2017.Q2.G.01	SL_EMP_GTOTL	Labour share of GDP, comprising wages and social protection transfers, total (%)	90	160.1584117	-9.622391719	SLB	Solomon Islands	1	ANNUAL	PERCENT																						
2017.Q2.G.01	SL_EMP_GTOTL	Labour share of GDP, comprising wages and social protection transfers, total (%)	92	-64.63294223	18.42256578	VGB	British Virgin Islands	1	ANNUAL	PERCENT																						
2017.Q2.G.01	SL_EMP_GTOTL	Labour share of GDP, comprising wages and social protection transfers, total (%)	96	114.6288563	4.49736984	BRN	Brunei Darussalam	1	ANNUAL	PERCENT																						
2017.Q2.G.01	SL_EMP_GTOTL	Labour share of GDP, comprising wages and social protection transfers, total (%)	100	25.23763153	42.75731323	BGR	Bulgaria	1	ANNUAL	PERCENT	49.7266886	50.8231693	49.0993514	48.9495616	47.4104336	46.6541675	44.9246523	43.8070243	45.6798141	48.3663948	49.8833957	48.230502	49.8691794	53.9427572	56.1678836	56.2265115	57.330636	54.70739354	2016	57.330636	ILOSTAT - AMECO estimates	E
2017.Q2.G.01	SL_EMP_GTOTL	Labour share of GDP, comprising wages and social protection transfers, total (%)	104	96.51752295	21.19332882	MMR	Myanmar	1	ANNUAL	PERCENT																						
2017.Q2.G.01	SL_EMP_GTOTL	Labour share of GDP, comprising wages and social protection transfers, total (%)	108	29.89080992	-3.366387428	BDI	Burundi	1	ANNUAL	PERCENT																						
2017.Q2.G.01	SL_EMP_GTOTL	Labour share of GDP, comprising wages and social protection transfers, total (%)	112	28.04940161	53.54193075	BLR	Belarus	1	ANNUAL	PERCENT																						
2017.Q2.G.01	SL_EMP_GTOTL	Labour share of GDP, comprising wages and social protection transfers, total (%)	116	104.922836	12.71163737	KHM	Cambodia	1	ANNUAL	PERCENT																						
2017.Q2.G.01	SL_EMP_GTOTL	Labour share of GDP, comprising wages and social protection transfers, total (%)	120	12.7419827	5.692387031	CMR	Cameroon	1	ANNUAL	PERCENT																						
2017.Q2.G.01	SL_EMP_GTOTL	Labour share of GDP, comprising wages and social protection transfers, total (%)	124	-101.6575058	57.72360191	CAN	Canada	1	ANNUAL	PERCENT	56.1094164	56.0176047	55.7922358	55.1607007	54.5897232	54.1523327	54.56157	55.0117317	54.5799355	57.1964745	55.518908	54.7969876	55.4684195	55.650266	55.3938287	56.4554605	56.0090363	55.7954022	2016	56.0090363	ILOSTAT - AMECO estimates	E
2017.Q2.G.01	SL_EMP_GTOTL	Labour share of GDP, comprising wages and social protection transfers, total (%)	132	-23.63544151	15.07791834	CPV	Cabo Verde	1	ANNUAL	PERCENT																						
2017.Q2.G.01	SL_EMP_GTOTL	Labour share of GDP, comprising wages and social protection transfers, total (%)	136	-81.16740559	19.32266656	CYM	Cayman Islands	1	ANNUAL	PERCENT																						
2017.Q2.G.01	SL_EMP_GTOTL	Labour share of GDP, comprising wages and social protection transfers, total (%)	140	20.93559492	7.003720791	CAF	Central African Republic	1	ANNUAL	PERCENT																						
2017.Q2.G.01	SL_EMP_GTOTL	Labour share of GDP, comprising wages and social protection transfers, total (%)	144	80.70489654	7.614693343	LKA	Sri Lanka	1	ANNUAL	PERCENT												53.18	54.02					54.02	2012	54.02	ILOSTAT - Estimates based on Sri Lanka Labour Force Survey	C
2017.Q2.G.01	SL_EMP_GTOTL	Labour share of GDP, comprising wages and social protection transfers, total (%)	148	18.66618401	15.36279341	TCD	Chad	1	ANNUAL	PERCENT																						
2017.Q2.G.01	SL_EMP_GTOTL	Labour share of GDP, comprising wages and social protection transfers, total (%)	152	-71.23029019	-35.2652885	CHL	Chile	1	ANNUAL	PERCENT														44.7				44.7	2013	44.7	ILOSTAT - National Accounts	C
2017.Q2.G.01	SL_EMP_GTOTL	Labour share of GDP, comprising wages and social protection transfers, total (%)	156	104.1403375	32.30955217	CHN	China	1	ANNUAL	PERCENT																						
2017.Q2.G.01	SL_EMP_GTOTL	Labour share of GDP, comprising wages and social protection transfers, total (%)	162	105.6426067	-10.4882473	CXR	Christmas Island	1	ANNUAL	PERCENT																						
2017.Q2.G.01	SL_EMP_GTOTL	Labour share of GDP, comprising wages and social protection transfers, total (%)	166	96.82633757	-12.18600682	CCK	Cocos (Keeling) Islands	1	ANNUAL	PERCENT																						
2017.Q2.G.01	SL_EMP_GTOTL	Labour share of GDP, comprising wages and social protection transfers, total (%)	170	-73.07446751	3.888209046	COL	Colombia	1	ANNUAL	PERCENT																						
2017.Q2.G.01	SL_EMP_GTOTL	Labour share of GDP, comprising wages and social protection transfers, total (%)	174	43.34234565	-11.66121732	COM	Comoros	1	ANNUAL	PERCENT																						
2017.Q2.G.01	SL_EMP_GTOTL	Labour share of GDP, comprising wages and social protection transfers, total (%)	175	45.14015057	-12.82217691	MYT	Mayotte	1	ANNUAL	PERCENT																						
2017.Q2.G.01	SL_EMP_GTOTL	Labour share of GDP, comprising wages and social protection transfers, total (%)	178	15.22052612	-0.840544119	COG	Congo	1	ANNUAL	PERCENT																						
2017.Q2.G.01	SL_EMP_GTOTL	Labour share of GDP, comprising wages and social protection transfers, total (%)	180	23.65496507	-2.877154732	COD	Democratic Republic of the Congo	1	ANNUAL	PERCENT																						
2017.Q2.G.01	SL_EMP_GTOTL	Labour share of GDP, comprising wages and social protection transfers, total (%)	184	-159.7711391	-21.22696458	COK	Cook Islands	1	ANNUAL	PERCENT																						
2017.Q2.G.01	SL_EMP_GTOTL	Labour share of GDP, comprising wages and social protection transfers, total (%)	188	-84.19712782	9.970998683	CRI	Costa Rica	1	ANNUAL	PERCENT										51.7	51.7		46.76	47.1		31.9		41.92	2015	31.9	ILOSTAT - Central Bank Records	C
2017.Q2.G.01	SL_EMP_GTOTL	Labour share of GDP, comprising wages and social protection transfers, total (%)	191	17.95874553	45.45172212	HRV	Croatia	1	ANNUAL	PERCENT	66.0888165	62.1724306	63.1799544	63.7675549	62.4649221	61.6839317	60.6694694	60.7981332	60.5074019	62.9330553	62.4601135	61.8089467	60.0524756	58.223019	56.8177324	56.4932705	56.596789	57.6366573	2016	56.596789	ILOSTAT - AMECO estimates	E
2017.Q2.G.01	SL_EMP_GTOTL	Labour share of GDP, comprising wages and social protection transfers, total (%)	192	-79.54460144	22.10030366	CUB	Cuba	1	ANNUAL	PERCENT										37.1	37								2010	37	ILOSTAT - Records of the Labour Ministry	C
2017.Q2.G.01	SL_EMP_GTOTL	Labour share of GDP, comprising wages and social protection transfers, total (%)	196	33.22285964	35.05659437	CYP	Cyprus	1	ANNUAL	PERCENT	51.7360126	50.8887685	52.3468401	54.0950225	53.2628917	55.0257067	54.1193629	52.6046932	51.8018288	55.7597482	54.57524	54.5007098	54.2879734	51.9141802	50.5973964	50.4996862	51.0143182	51.66271088	2016	51.0143182	ILOSTAT - AMECO estimates	E
2017.Q2.G.01	SL_EMP_GTOTL	Labour share of GDP, comprising wages and social protection transfers, total (%)	203	15.33151382	49.73913871	CZE	Czechia	1	ANNUAL	PERCENT	45.1126499	45.1375382	46.917822	47.880704	47.2435422	46.9589403	46.835273	46.4541611	47.1432658	47.1347369	47.8102897	48.0714037	48.8013931	48.3758941	47.4037761	46.7143887	47.3319291	47.72547622	2016	47.3319291	ILOSTAT - AMECO estimates	E
2017.Q2.G.01	SL_EMP_GTOTL	Labour share of GDP, comprising wages and social protection transfers, total (%)	204	2.339933594	9.65401646	BEN	Benin	1	ANNUAL	PERCENT																						
2017.Q2.G.01	SL_EMP_GTOTL	Labour share of GDP, comprising wages and social protection transfers, total (%)	208	9.326571283	56.03829721	DNK	Denmark	1	ANNUAL	PERCENT	53.9236118	54.7907134	55.3198324	55.7229026	54.5391577	54.2847697	54.1779862	55.6358792	56.4606047	58.7851241	56.383015	56.0299728	55.2157294	55.0645212	55.0973022	55.2244637	56.5450404	55.42941138	2016	56.5450404	ILOSTAT - AMECO estimates	E
2017.Q2.G.01	SL_EMP_GTOTL	Labour share of GDP, comprising wages and social protection transfers, total (%)	212	-61.3493756	15.43391378	DMA	Dominica	1	ANNUAL	PERCENT																						
2017.Q2.G.01	SL_EMP_GTOTL	Labour share of GDP, comprising wages and social protection transfers, total (%)	214	-70.49847576	18.89832088	DOM	Dominican Republic	1	ANNUAL	PERCENT																						
2017.Q2.G.01	SL_EMP_GTOTL	Labour share of GDP, comprising wages and social protection transfers, total (%)	218	-78.37005241	-1.447785891	ECU	Ecuador	1	ANNUAL	PERCENT																						
2017.Q2.G.01	SL_EMP_GTOTL	Labour share of GDP, comprising wages and social protection transfers, total (%)	222	-88.86862995	13.73603564	SLV	El Salvador	1	ANNUAL	PERCENT																						
2017.Q2.G.01	SL_EMP_GTOTL	Labour share of GDP, comprising wages and social protection transfers, total (%)	226	10.46535826	1.565792376	GNQ	Equatorial Guinea	1	ANNUAL	PERCENT																						
2017.Q2.G.01	SL_EMP_GTOTL	Labour share of GDP, comprising wages and social protection transfers, total (%)	231	39.63505296	8.631223181	ETH	Ethiopia	1	ANNUAL	PERCENT																						
2017.Q2.G.01	SL_EMP_GTOTL	Labour share of GDP, comprising wages and social protection transfers, total (%)	232	38.11074289	16.12894644	ERI	Eritrea	1	ANNUAL	PERCENT																						
2017.Q2.G.01	SL_EMP_GTOTL	Labour share of GDP, comprising wages and social protection transfers, total (%)	233	25.84093481	58.68487172	EST	Estonia	1	ANNUAL	PERCENT	49.493808	48.4460825	48.0419139	48.6424677	48.7830844	47.5432276	47.6823896	49.9260419	54.1876466	55.1436137	51.7327261	49.0540856	49.3641726	49.6488928	49.8623514	52.9037148	54.6915685	51.29414002	2016	54.6915685	ILOSTAT - AMECO estimates	E
2017.Q2.G.01	SL_EMP_GTOTL	Labour share of GDP, comprising wages and social protection transfers, total (%)	234	-7.122044325	62.21228119	FRO	Faroe Islands	1	ANNUAL	PERCENT																						
2017.Q2.G.01	SL_EMP_GTOTL	Labour share of GDP, comprising wages and social protection transfers, total (%)	238	-58.75246778	-51.74562601	FLK	Falkland Islands (Malvinas)	1	ANNUAL	PERCENT																						
2017.Q2.G.01	SL_EMP_GTOTL	Labour share of GDP, comprising wages and social protection transfers, total (%)	239	-36.90662765	-54.20736749	SGS	South Georgia and the South Sandwich Islands	1	ANNUAL	PERCENT																						
2017.Q2.G.01	SL_EMP_GTOTL	Labour share of GDP, comprising wages and social protection transfers, total (%)	242	177.9660884	-17.83301566	FJI	Fiji	1	ANNUAL	PERCENT																						
2017.Q2.G.01	SL_EMP_GTOTL	Labour share of GDP, comprising wages and social protection transfers, total (%)	246	23.308447	61.91586738	FIN	Finland	1	ANNUAL	PERCENT	53.1162614	52.6795749	52.7603144	52.8073061	52.6007739	53.2931341	53.444473	52.177736	53.5744146	57.0562435	56.0463544	55.8817929	57.0840055	56.4407008	56.1190123	55.7132555	55.2889549	56.1291858	2016	55.2889549	ILOSTAT - AMECO estimates	E
2017.Q2.G.01	SL_EMP_GTOTL	Labour share of GDP, comprising wages and social protection transfers, total (%)	248	19.80945969	60.1544901	ALA	Åland Islands	1	ANNUAL	PERCENT																						
2017.Q2.G.01	SL_EMP_GTOTL	Labour share of GDP, comprising wages and social protection transfers, total (%)	250	2.457288129	46.62660861	FRA	France	1	ANNUAL	PERCENT	55.6325667	55.7621107	56.2063498	56.3240614	55.8378475	55.9377596	55.7878918	55.2542101	55.5460552	57.4301599	57.3675512	57.393731	58.0622993	58.3267552	58.5622997	58.3704784	58.1556773	58.29550198	2016	58.1556773	ILOSTAT - AMECO estimates	E
2017.Q2.G.01	SL_EMP_GTOTL	Labour share of GDP, comprising wages and social protection transfers, total (%)	254	-53.23619089	3.922673437	GUF	French Guiana	1	ANNUAL	PERCENT																						
2017.Q2.G.01	SL_EMP_GTOTL	Labour share of GDP, comprising wages and social protection transfers, total (%)	258	-149.4052367	-17.67709294	PYF	French Polynesia	1	ANNUAL	PERCENT																						
2017.Q2.G.01	SL_EMP_GTOTL	Labour share of GDP, comprising wages and social protection transfers, total (%)	260	69.64849091	-49.6068576	ATF	French Southern Territories	1	ANNUAL	PERCENT																						
2017.Q2.G.01	SL_EMP_GTOTL	Labour share of GDP, comprising wages and social protection transfers, total (%)	262	42.18274707	11.56004161	DJI	Djibouti	1	ANNUAL	PERCENT																						
2017.Q2.G.01	SL_EMP_GTOTL	Labour share of GDP, comprising wages and social protection transfers, total (%)	266	11.78727747	-0.60687619	GAB	Gabon	1	ANNUAL	PERCENT																						
2017.Q2.G.01	SL_EMP_GTOTL	Labour share of GDP, comprising wages and social protection transfers, total (%)	268	43.3713615	42.04813028	GEO	Georgia	1	ANNUAL	PERCENT																						
2017.Q2.G.01	SL_EMP_GTOTL	Labour share of GDP, comprising wages and social protection transfers, total (%)	270	-15.39944785	13.45295927	GMB	Gambia	1	ANNUAL	PERCENT																						
2017.Q2.G.01	SL_EMP_GTOTL	Labour share of GDP, comprising wages and social protection transfers, total (%)	275	35.25694122	31.94347933	PSE	State of Palestine	1	ANNUAL	PERCENT																						
2017.Q2.G.01	SL_EMP_GTOTL	Labour share of GDP, comprising wages and social protection transfers, total (%)	276	10.3806066	51.08862743	DEU	Germany	1	ANNUAL	PERCENT	58.8308543	58.0425995	57.7299482	57.6964994	56.7167159	56.0922807	54.9001659	53.6541012	54.4562646	56.8682006	55.7899541	55.5701897	56.4743522	56.4558898	56.5483269	56.3526394	56.3660505	56.43945176	2016	56.3660505	ILOSTAT - AMECO estimates	E
2017.Q2.G.01	SL_EMP_GTOTL	Labour share of GDP, comprising wages and social protection transfers, total (%)	288	-1.205623522	7.964825185	GHA	Ghana	1	ANNUAL	PERCENT																						
2017.Q2.G.01	SL_EMP_GTOTL	Labour share of GDP, comprising wages and social protection transfers, total (%)	292	-5.347561686	36.13895036	GIB	Gibraltar	1	ANNUAL	PERCENT																						
2017.Q2.G.01	SL_EMP_GTOTL	Labour share of GDP, comprising wages and social protection transfers, total (%)	296	-157.5643005	1.768837732	KIR	Kiribati	1	ANNUAL	PERCENT																						
2017.Q2.G.01	SL_EMP_GTOTL	Labour share of GDP, comprising wages and social protection transfers, total (%)	300	22.58307827	39.47301873	GRC	Greece	1	ANNUAL	PERCENT	49.4674157	48.6770008	51.3971922	51.2393571	50.578712	53.85305	51.6893351	51.2956784	51.779479	54.076351	54.2783772	53.1057187	52.2423015	49.8187284	49.5289088	48.9496838	49.9516901	50.09826252	2016	49.9516901	ILOSTAT - AMECO estimates	E
2017.Q2.G.01	SL_EMP_GTOTL	Labour share of GDP, comprising wages and social protection transfers, total (%)	304	-41.39371316	74.75625681	GRL	Greenland	1	ANNUAL	PERCENT																						
2017.Q2.G.01	SL_EMP_GTOTL	Labour share of GDP, comprising wages and social protection transfers, total (%)	308	-61.68248568	12.11238395	GRD	Grenada	1	ANNUAL	PERCENT																						
2017.Q2.G.01	SL_EMP_GTOTL	Labour share of GDP, comprising wages and social protection transfers, total (%)	312	-61.64762115	16.14416917	GLP	Guadeloupe	1	ANNUAL	PERCENT																						
2017.Q2.G.01	SL_EMP_GTOTL	Labour share of GDP, comprising wages and social protection transfers, total (%)	316	144.7029305	13.35485404	GUM	Guam	1	ANNUAL	PERCENT																						
2017.Q2.G.01	SL_EMP_GTOTL	Labour share of GDP, comprising wages and social protection transfers, total (%)	320	-91.2312746	15.00273719	GTM	Guatemala	1	ANNUAL	PERCENT																						
2017.Q2.G.01	SL_EMP_GTOTL	Labour share of GDP, comprising wages and social protection transfers, total (%)	324	-11.28173419	11.00210343	GIN	Guinea	1	ANNUAL	PERCENT										14.42	14.89								2010	14.89	ILOSTAT -  Survey on National Accounts	C
2017.Q2.G.01	SL_EMP_GTOTL	Labour share of GDP, comprising wages and social protection transfers, total (%)	328	-58.97322037	4.788012784	GUY	Guyana	1	ANNUAL	PERCENT																						
2017.Q2.G.01	SL_EMP_GTOTL	Labour share of GDP, comprising wages and social protection transfers, total (%)	332	-72.33640958	18.40426539	HTI	Haiti	1	ANNUAL	PERCENT																						
2017.Q2.G.01	SL_EMP_GTOTL	Labour share of GDP, comprising wages and social protection transfers, total (%)	334	73.52633626	-53.09106147	HMD	Heard Island and McDonald Islands	1	ANNUAL	PERCENT																						
2017.Q2.G.01	SL_EMP_GTOTL	Labour share of GDP, comprising wages and social protection transfers, total (%)	336	12.45315803	41.90343751	VAT	Holy See	1	ANNUAL	PERCENT																						
2017.Q2.G.01	SL_EMP_GTOTL	Labour share of GDP, comprising wages and social protection transfers, total (%)	340	-86.59974381	14.82243161	HND	Honduras	1	ANNUAL	PERCENT																						
2017.Q2.G.01	SL_EMP_GTOTL	Labour share of GDP, comprising wages and social protection transfers, total (%)	344	114.0266445	22.41749934	HKG	China, Hong Kong Special Administrative Region	1	ANNUAL	PERCENT										53.93	52.78								2010	52.78	ILOSTAT - National Accounts	C
2017.Q2.G.01	SL_EMP_GTOTL	Labour share of GDP, comprising wages and social protection transfers, total (%)	348	19.41221519	47.1651448	HUN	Hungary	1	ANNUAL	PERCENT	51.8156759	51.7192434	50.7809088	51.6825139	51.0157786	51.1961393	50.3686058	50.3320553	49.9877911	49.505966	47.8410859	47.454897	47.6672121	46.5856547	46.0214438	45.535657	46.7726644	46.5165264	2016	46.7726644	ILOSTAT - AMECO estimates	E
2017.Q2.G.01	SL_EMP_GTOTL	Labour share of GDP, comprising wages and social protection transfers, total (%)	352	-19.02116966	64.79134763	ISL	Iceland	1	ANNUAL	PERCENT	65.1970325	63.0976827	63.6914975	63.2821511	62.603076	64.4375744	66.7635459	66.280498	59.9810989	53.1950564	55.1852672	57.6380122	58.6783929	59.6237156	59.4875324	58.816296	61.4343103	59.60804944	2016	61.4343103	ILOSTAT - AMECO estimates	E
2017.Q2.G.01	SL_EMP_GTOTL	Labour share of GDP, comprising wages and social protection transfers, total (%)	356	79.3608464	22.34642074	IND	India	1	ANNUAL	PERCENT																						
2017.Q2.G.01	SL_EMP_GTOTL	Labour share of GDP, comprising wages and social protection transfers, total (%)	360	113.9174	-0.994582204	IDN	Indonesia	1	ANNUAL	PERCENT																						
2017.Q2.G.01	SL_EMP_GTOTL	Labour share of GDP, comprising wages and social protection transfers, total (%)	364	54.19766348	32.74370885	IRN	Iran (Islamic Republic of)	1	ANNUAL	PERCENT																						
2017.Q2.G.01	SL_EMP_GTOTL	Labour share of GDP, comprising wages and social protection transfers, total (%)	368	43.76606267	33.05013795	IRQ	Iraq	1	ANNUAL	PERCENT																						
2017.Q2.G.01	SL_EMP_GTOTL	Labour share of GDP, comprising wages and social protection transfers, total (%)	372	-7.121425272	53.25274054	IRL	Ireland	1	ANNUAL	PERCENT	47.1614828	46.6629617	44.7038417	45.2923532	45.9087424	46.5057755	46.7292132	48.3796231	52.5280205	52.9337227	49.723108	47.9355553	47.2990718	47.9469821	46.3258141	36.8734153	37.4007379	43.16920424	2016	37.4007379	ILOSTAT - AMECO estimates	E
2017.Q2.G.01	SL_EMP_GTOTL	Labour share of GDP, comprising wages and social protection transfers, total (%)	376	34.62277992	31.06164552	ISR	Israel	1	ANNUAL	PERCENT																						
2017.Q2.G.01	SL_EMP_GTOTL	Labour share of GDP, comprising wages and social protection transfers, total (%)	380	12.57022427	42.79917282	ITA	Italy	1	ANNUAL	PERCENT	51.0541854	51.1923015	51.460907	52.0140924	51.9549485	52.1316927	52.273614	52.0383715	52.8885392	54.2493722	54.0535244	53.6417282	53.6671205	53.417265	52.9804277	53.0050879	52.7734579	53.1686718	2016	52.7734579	ILOSTAT - AMECO estimates	E
2017.Q2.G.01	SL_EMP_GTOTL	Labour share of GDP, comprising wages and social protection transfers, total (%)	384	-5.552690016	7.62211586	CIV	Côte d'Ivoire	1	ANNUAL	PERCENT																						
2017.Q2.G.01	SL_EMP_GTOTL	Labour share of GDP, comprising wages and social protection transfers, total (%)	388	-77.31068409	18.15616857	JAM	Jamaica	1	ANNUAL	PERCENT																						
2017.Q2.G.01	SL_EMP_GTOTL	Labour share of GDP, comprising wages and social protection transfers, total (%)	392	139.2716103	36.6554539	JPN	Japan	1	ANNUAL	PERCENT	62.6262951	61.2296392	59.9563138	59.0976173	58.6091436	58.9497181	58.5949093	58.2351006	59.1071648	59.8675676	58.5660954	59.8547866	59.0779465	58.3784229	58.1612774	56.9260742	56.7912516	57.86699452	2016	56.7912516	ILOSTAT - AMECO estimates	E
2017.Q2.G.01	SL_EMP_GTOTL	Labour share of GDP, comprising wages and social protection transfers, total (%)	398	66.65359159	48.01963494	KAZ	Kazakhstan	1	ANNUAL	PERCENT																						
2017.Q2.G.01	SL_EMP_GTOTL	Labour share of GDP, comprising wages and social protection transfers, total (%)	400	37.13024774	30.65365973	JOR	Jordan	1	ANNUAL	PERCENT																						
2017.Q2.G.01	SL_EMP_GTOTL	Labour share of GDP, comprising wages and social protection transfers, total (%)	404	37.86096816	0.534797278	KEN	Kenya	1	ANNUAL	PERCENT																						
2017.Q2.G.01	SL_EMP_GTOTL	Labour share of GDP, comprising wages and social protection transfers, total (%)	408	127.1803633	40.1462645	PRK	Democratic People's Republic of Korea	1	ANNUAL	PERCENT																						
2017.Q2.G.01	SL_EMP_GTOTL	Labour share of GDP, comprising wages and social protection transfers, total (%)	410	127.8610254	36.45201023	KOR	Republic of Korea	1	ANNUAL	PERCENT	64.993865	65.5918608	64.7273827	65.1444061	64.3478544	65.693118	65.6712791	64.4031305	63.620104	62.1362798	59.5194722	59.6431633	60.6258917	60.6610572	60.7895053			60.6921514	2014	60.7895053	ILOSTAT - AMECO estimates	E
2017.Q2.G.01	SL_EMP_GTOTL	Labour share of GDP, comprising wages and social protection transfers, total (%)	414	47.49305029	29.53949468	KWT	Kuwait	1	ANNUAL	PERCENT																						
2017.Q2.G.01	SL_EMP_GTOTL	Labour share of GDP, comprising wages and social protection transfers, total (%)	417	74.52324839	41.46204516	KGZ	Kyrgyzstan	1	ANNUAL	PERCENT																						
2017.Q2.G.01	SL_EMP_GTOTL	Labour share of GDP, comprising wages and social protection transfers, total (%)	418	101.9901968	20.27482773	LAO	Lao People's Democratic Republic	1	ANNUAL	PERCENT																						
2017.Q2.G.01	SL_EMP_GTOTL	Labour share of GDP, comprising wages and social protection transfers, total (%)	422	35.89391711	33.92152458	LBN	Lebanon	1	ANNUAL	PERCENT																						
2017.Q2.G.01	SL_EMP_GTOTL	Labour share of GDP, comprising wages and social protection transfers, total (%)	426	28.25362195	-29.58041814	LSO	Lesotho	1	ANNUAL	PERCENT																						
2017.Q2.G.01	SL_EMP_GTOTL	Labour share of GDP, comprising wages and social protection transfers, total (%)	428	26.42461876	56.64196636	LVA	Latvia	1	ANNUAL	PERCENT	48.7304163	47.3370708	44.5367181	44.1919325	44.0099319	45.5703704	46.9402816	49.7477852	53.8531297	53.1388266	48.6103915	44.7189411	45.3235801	46.9187251	48.4843657	50.9101916	52.0590973	48.73919196	2016	52.0590973	ILOSTAT - AMECO estimates	E
2017.Q2.G.01	SL_EMP_GTOTL	Labour share of GDP, comprising wages and social protection transfers, total (%)	430	-9.311879038	6.448381009	LBR	Liberia	1	ANNUAL	PERCENT																						
2017.Q2.G.01	SL_EMP_GTOTL	Labour share of GDP, comprising wages and social protection transfers, total (%)	434	18.0295985	27.04042819	LBY	Libya	1	ANNUAL	PERCENT																						
2017.Q2.G.01	SL_EMP_GTOTL	Labour share of GDP, comprising wages and social protection transfers, total (%)	438	9.552985019	47.14167005	LIE	Liechtenstein	1	ANNUAL	PERCENT																						
2017.Q2.G.01	SL_EMP_GTOTL	Labour share of GDP, comprising wages and social protection transfers, total (%)	440	23.90517807	55.33680309	LTU	Lithuania	1	ANNUAL	PERCENT	48.6415578	47.176573	47.9081852	48.6462965	49.2806628	49.068447	51.5106744	49.7194821	49.7062397	50.5267317	45.9215412	43.9757965	43.7530291	44.5052295	45.4755368	47.555472	49.1435519	46.08656386	2016	49.1435519	ILOSTAT - AMECO estimates	E
2017.Q2.G.01	SL_EMP_GTOTL	Labour share of GDP, comprising wages and social protection transfers, total (%)	442	6.092656563	49.77679538	LUX	Luxembourg	1	ANNUAL	PERCENT	48.952457	52.769847	53.6780831	52.907282	52.5894108	52.295708	50.3915668	49.8724582	52.3853065	55.8535745	53.048252	51.8209277	52.7451974	52.0395005	51.5272566	51.3524832	50.3757561	51.60803876	2016	50.3757561	ILOSTAT - AMECO estimates	E
2017.Q2.G.01	SL_EMP_GTOTL	Labour share of GDP, comprising wages and social protection transfers, total (%)	446	113.5665388	22.1237259	MAC	China, Macao Special Administrative Region	1	ANNUAL	PERCENT																						
2017.Q2.G.01	SL_EMP_GTOTL	Labour share of GDP, comprising wages and social protection transfers, total (%)	450	46.6982339	-19.38514785	MDG	Madagascar	1	ANNUAL	PERCENT																						
2017.Q2.G.01	SL_EMP_GTOTL	Labour share of GDP, comprising wages and social protection transfers, total (%)	454	33.4884625	-13.40819859	MWI	Malawi	1	ANNUAL	PERCENT																						
2017.Q2.G.01	SL_EMP_GTOTL	Labour share of GDP, comprising wages and social protection transfers, total (%)	458	116.8346314	5.452415309	MYS	Malaysia	1	ANNUAL	PERCENT														33.6		34.8		34.2	2015	34.8	ILOSTAT - National Accounts	C
2017.Q2.G.01	SL_EMP_GTOTL	Labour share of GDP, comprising wages and social protection transfers, total (%)	462	73.09672546	-0.614385021	MDV	Maldives	1	ANNUAL	PERCENT																						
2017.Q2.G.01	SL_EMP_GTOTL	Labour share of GDP, comprising wages and social protection transfers, total (%)	466	-3.522016039	17.35311254	MLI	Mali	1	ANNUAL	PERCENT																						
2017.Q2.G.01	SL_EMP_GTOTL	Labour share of GDP, comprising wages and social protection transfers, total (%)	470	14.44617519	35.89194275	MLT	Malta	1	ANNUAL	PERCENT	49.2400251	51.0712785	50.1041273	50.3084609	50.9692413	49.278538	49.9224336	49.5156232	49.6289141	51.0397009	49.2479258	50.5515142	51.2249315	50.8657562	49.1156474	48.0671835	48.2229626	49.49929624	2016	48.2229626	ILOSTAT - AMECO estimates	E
2017.Q2.G.01	SL_EMP_GTOTL	Labour share of GDP, comprising wages and social protection transfers, total (%)	474	-60.91544135	14.56086108	MTQ	Martinique	1	ANNUAL	PERCENT																						
2017.Q2.G.01	SL_EMP_GTOTL	Labour share of GDP, comprising wages and social protection transfers, total (%)	478	-10.33187259	20.26089546	MRT	Mauritania	1	ANNUAL	PERCENT																						
2017.Q2.G.01	SL_EMP_GTOTL	Labour share of GDP, comprising wages and social protection transfers, total (%)	480	57.568022	-20.28581998	MUS	Mauritius	1	ANNUAL	PERCENT												38.5	38.5			40.5		39.5	2015	40.5	ILOSTAT - Census of economic activities and annual survey	C
2017.Q2.G.01	SL_EMP_GTOTL	Labour share of GDP, comprising wages and social protection transfers, total (%)	484	-102.5148166	23.93378032	MEX	Mexico	1	ANNUAL	PERCENT	41.2944836	43.340261	43.3867515	42.4226634	40.5776343	39.8895694	38.6501994	38.3709266	38.4544938	39.7068426	38.3678198	37.3108168	37.4044058	37.777896	37.777896	37.1145733	36.569001	37.32875442	2016	36.569001	ILOSTAT - AMECO estimates	E
2017.Q2.G.01	SL_EMP_GTOTL	Labour share of GDP, comprising wages and social protection transfers, total (%)	492	7.424214814	43.73532918	MCO	Monaco	1	ANNUAL	PERCENT																						
2017.Q2.G.01	SL_EMP_GTOTL	Labour share of GDP, comprising wages and social protection transfers, total (%)	496	103.0728057	46.83892054	MNG	Mongolia	1	ANNUAL	PERCENT																26.9		26.9	2015	26.9	ILOSTAT - National Accounts	C
2017.Q2.G.01	SL_EMP_GTOTL	Labour share of GDP, comprising wages and social protection transfers, total (%)	498	28.4650624	47.20236795	MDA	Republic of Moldova	1	ANNUAL	PERCENT																						
2017.Q2.G.01	SL_EMP_GTOTL	Labour share of GDP, comprising wages and social protection transfers, total (%)	499	19.25214024	42.78717043	MNE	Montenegro	1	ANNUAL	PERCENT																						
2017.Q2.G.01	SL_EMP_GTOTL	Labour share of GDP, comprising wages and social protection transfers, total (%)	500	-62.19261223	16.73558313	MSR	Montserrat	1	ANNUAL	PERCENT																						
2017.Q2.G.01	SL_EMP_GTOTL	Labour share of GDP, comprising wages and social protection transfers, total (%)	504	-6.281942841	31.8440131	MAR	Morocco	1	ANNUAL	PERCENT																						
2017.Q2.G.01	SL_EMP_GTOTL	Labour share of GDP, comprising wages and social protection transfers, total (%)	508	38.18479941	-14.27963886	MOZ	Mozambique	1	ANNUAL	PERCENT																						
2017.Q2.G.01	SL_EMP_GTOTL	Labour share of GDP, comprising wages and social protection transfers, total (%)	512	57.87743482	21.98805614	OMN	Oman	1	ANNUAL	PERCENT																						
2017.Q2.G.01	SL_EMP_GTOTL	Labour share of GDP, comprising wages and social protection transfers, total (%)	516	17.21907885	-22.13817068	NAM	Namibia	1	ANNUAL	PERCENT																						
2017.Q2.G.01	SL_EMP_GTOTL	Labour share of GDP, comprising wages and social protection transfers, total (%)	520	166.92313	-0.528742623	NRU	Nauru	1	ANNUAL	PERCENT																						
2017.Q2.G.01	SL_EMP_GTOTL	Labour share of GDP, comprising wages and social protection transfers, total (%)	524	83.94678863	28.25866332	NPL	Nepal	1	ANNUAL	PERCENT																						
2017.Q2.G.01	SL_EMP_GTOTL	Labour share of GDP, comprising wages and social protection transfers, total (%)	528	5.331480568	51.86728884	NLD	Netherlands	1	ANNUAL	PERCENT	59.5484061	58.8205016	59.4421598	59.5436023	58.6700983	57.3281442	56.0661736	56.2506669	56.9329895	59.8341048	58.3496301	58.8371845	59.7557517	59.6046918	59.4751719	58.9547478	59.6058736	59.47924736	2016	59.6058736	ILOSTAT - AMECO estimates	E
2017.Q2.G.01	SL_EMP_GTOTL	Labour share of GDP, comprising wages and social protection transfers, total (%)	530	-68.30676179	12.22720635	ANT	Netherlands Antilles	1	ANNUAL	PERCENT																						
2017.Q2.G.01	SL_EMP_GTOTL	Labour share of GDP, comprising wages and social protection transfers, total (%)	531	-68.95033464	12.15058042	CUW	Curaçao	1	ANNUAL	PERCENT																						
2017.Q2.G.01	SL_EMP_GTOTL	Labour share of GDP, comprising wages and social protection transfers, total (%)	533	-69.97050586	12.50878756	ABW	Aruba	1	ANNUAL	PERCENT																						
2017.Q2.G.01	SL_EMP_GTOTL	Labour share of GDP, comprising wages and social protection transfers, total (%)	534	-63.06198692	18.03926508	SXM	Sint Maarten (Dutch part)	1	ANNUAL	PERCENT																						
2017.Q2.G.01	SL_EMP_GTOTL	Labour share of GDP, comprising wages and social protection transfers, total (%)	540	165.5067368	-21.41742531	NCL	New Caledonia	1	ANNUAL	PERCENT																						
2017.Q2.G.01	SL_EMP_GTOTL	Labour share of GDP, comprising wages and social protection transfers, total (%)	548	167.0679779	-15.34445547	VUT	Vanuatu	1	ANNUAL	PERCENT																						
2017.Q2.G.01	SL_EMP_GTOTL	Labour share of GDP, comprising wages and social protection transfers, total (%)	554	170.4755673	-43.98721568	NZL	New Zealand	1	ANNUAL	PERCENT	47.7843695	47.5915521	48.442093	48.7135078	49.5409195	51.1059829	51.4463502	51.3301619	53.1362082	52.7302746	52.2880947	52.0451195	52.1020201	50.32567	50.9814697	51.3710909	50.8897022	51.13399058	2016	50.8897022	ILOSTAT - AMECO estimates	E
2017.Q2.G.01	SL_EMP_GTOTL	Labour share of GDP, comprising wages and social protection transfers, total (%)	558	-85.03060315	12.84210839	NIC	Nicaragua	1	ANNUAL	PERCENT																						
2017.Q2.G.01	SL_EMP_GTOTL	Labour share of GDP, comprising wages and social protection transfers, total (%)	562	9.400167877	17.42143036	NER	Niger	1	ANNUAL	PERCENT																						
2017.Q2.G.01	SL_EMP_GTOTL	Labour share of GDP, comprising wages and social protection transfers, total (%)	566	8.097363256	9.585789025	NGA	Nigeria	1	ANNUAL	PERCENT																						
2017.Q2.G.01	SL_EMP_GTOTL	Labour share of GDP, comprising wages and social protection transfers, total (%)	570	-169.8601693	-19.05000475	NIU	Niue	1	ANNUAL	PERCENT																						
2017.Q2.G.01	SL_EMP_GTOTL	Labour share of GDP, comprising wages and social protection transfers, total (%)	574	167.9515548	-29.03230018	NFK	Norfolk Island	1	ANNUAL	PERCENT																						
2017.Q2.G.01	SL_EMP_GTOTL	Labour share of GDP, comprising wages and social protection transfers, total (%)	578	11.47846389	61.34311134	NOR	Norway	1	ANNUAL	PERCENT	45.7724402	46.7827439	49.1127581	48.6807195	46.4319045	44.1005758	43.1922816	45.0716477	44.5650614	49.2070999	47.368938	46.7205317	46.9351285	47.8523437	48.8853868	50.7100636	51.1430631	49.10519714	2016	51.1430631	ILOSTAT - AMECO estimates	E
2017.Q2.G.01	SL_EMP_GTOTL	Labour share of GDP, comprising wages and social protection transfers, total (%)	580	145.7582114	15.19099517	MNP	Northern Mariana Islands	1	ANNUAL	PERCENT																						
2017.Q2.G.01	SL_EMP_GTOTL	Labour share of GDP, comprising wages and social protection transfers, total (%)	581	-162.4343752	5.874443968	UMI	US Minor Outlying Islands	1	ANNUAL	PERCENT																						
2017.Q2.G.01	SL_EMP_GTOTL	Labour share of GDP, comprising wages and social protection transfers, total (%)	583	158.225216	6.880670092	FSM	Micronesia, Federated States of	1	ANNUAL	PERCENT																						
2017.Q2.G.01	SL_EMP_GTOTL	Labour share of GDP, comprising wages and social protection transfers, total (%)	584	171.0839119	7.110213497	MHL	Marshall Islands	1	ANNUAL	PERCENT																						
2017.Q2.G.01	SL_EMP_GTOTL	Labour share of GDP, comprising wages and social protection transfers, total (%)	585	134.5733878	7.502307591	PLW	Palau	1	ANNUAL	PERCENT																						
2017.Q2.G.01	SL_EMP_GTOTL	Labour share of GDP, comprising wages and social protection transfers, total (%)	586	68.80479684	29.36491634	PAK	Pakistan	1	ANNUAL	PERCENT																						
2017.Q2.G.01	SL_EMP_GTOTL	Labour share of GDP, comprising wages and social protection transfers, total (%)	591	-81.26616623	8.450965746	PAN	Panama	1	ANNUAL	PERCENT																						
2017.Q2.G.01	SL_EMP_GTOTL	Labour share of GDP, comprising wages and social protection transfers, total (%)	598	145.8587761	-6.756057077	PNG	Papua New Guinea	1	ANNUAL	PERCENT																						
2017.Q2.G.01	SL_EMP_GTOTL	Labour share of GDP, comprising wages and social protection transfers, total (%)	600	-60.54854225	-21.70216237	PRY	Paraguay	1	ANNUAL	PERCENT																						
2017.Q2.G.01	SL_EMP_GTOTL	Labour share of GDP, comprising wages and social protection transfers, total (%)	604	-71.82093277	-13.58939705	PER	Peru	1	ANNUAL	PERCENT													23.6					23.6	2012	23.6	ILOSTAT - National Accounts	C
2017.Q2.G.01	SL_EMP_GTOTL	Labour share of GDP, comprising wages and social protection transfers, total (%)	608	120.8601418	14.16591706	PHL	Philippines	1	ANNUAL	PERCENT										30	32.22	35.02	35.05	34.61	34.71			34.79	2014	34.71	ILOSTAT - National Accounts	C
2017.Q2.G.01	SL_EMP_GTOTL	Labour share of GDP, comprising wages and social protection transfers, total (%)	612	-128.3225873	-24.37538456	PCN	Pitcairn	1	ANNUAL	PERCENT																						
2017.Q2.G.01	SL_EMP_GTOTL	Labour share of GDP, comprising wages and social protection transfers, total (%)	616	19.40660158	52.1226733	POL	Poland	1	ANNUAL	PERCENT	56.8050137	58.5328968	55.98609	53.8926437	50.612781	49.6997115	48.4902304	48.2653687	50.0955201	48.7086843	49.0415442	47.9112384	47.7693275	47.7319071	47.7977237	46.9237264	47.5391025	47.55235744	2016	47.5391025	ILOSTAT - AMECO estimates	E
2017.Q2.G.01	SL_EMP_GTOTL	Labour share of GDP, comprising wages and social protection transfers, total (%)	620	-7.961599811	39.68509315	PRT	Portugal	1	ANNUAL	PERCENT	60.2300037	60.38582	59.7810339	59.8672751	58.6030879	58.6459371	57.2156693	56.0974835	56.6815147	57.5654395	56.4892577	55.5302495	53.9807373	53.7218797	52.6545082	51.3362112	51.2087326	52.5804138	2016	51.2087326	ILOSTAT - AMECO estimates	E
2017.Q2.G.01	SL_EMP_GTOTL	Labour share of GDP, comprising wages and social protection transfers, total (%)	624	-14.40182514	12.11760394	GNB	Guinea-Bissau	1	ANNUAL	PERCENT																						
2017.Q2.G.01	SL_EMP_GTOTL	Labour share of GDP, comprising wages and social protection transfers, total (%)	626	125.9451052	-8.797497247	TLS	Timor-Leste	1	ANNUAL	PERCENT																						
2017.Q2.G.01	SL_EMP_GTOTL	Labour share of GDP, comprising wages and social protection transfers, total (%)	630	-66.47591017	18.22753799	PRI	Puerto Rico	1	ANNUAL	PERCENT																						
2017.Q2.G.01	SL_EMP_GTOTL	Labour share of GDP, comprising wages and social protection transfers, total (%)	634	51.19152467	25.28355379	QAT	Qatar	1	ANNUAL	PERCENT												22.4	19.2		18.8	18.8		18.9333333333333	2015	18.8	ILOSTAT - National Accounts	C
2017.Q2.G.01	SL_EMP_GTOTL	Labour share of GDP, comprising wages and social protection transfers, total (%)	638	55.53171398	-21.13183266	REU	Réunion	1	ANNUAL	PERCENT																						
2017.Q2.G.01	SL_EMP_GTOTL	Labour share of GDP, comprising wages and social protection transfers, total (%)	642	24.98481009	45.83893563	ROU	Romania	1	ANNUAL	PERCENT																						
2017.Q2.G.01	SL_EMP_GTOTL	Labour share of GDP, comprising wages and social protection transfers, total (%)	643	99.01404926	61.61899849	RUS	Russian Federation	1	ANNUAL	PERCENT										52.6	49.9	49.5	50.4	51.9	52	46.8		50.275	2015	46.8	ILOSTAT - Official estimates	C
2017.Q2.G.01	SL_EMP_GTOTL	Labour share of GDP, comprising wages and social protection transfers, total (%)	646	29.92310194	-1.999842114	RWA	Rwanda	1	ANNUAL	PERCENT																						
2017.Q2.G.01	SL_EMP_GTOTL	Labour share of GDP, comprising wages and social protection transfers, total (%)	652	-62.83173536	17.89513362	BLM	Saint Barthélemy	1	ANNUAL	PERCENT																						
2017.Q2.G.01	SL_EMP_GTOTL	Labour share of GDP, comprising wages and social protection transfers, total (%)	654	-5.705752501	-15.96503946	SHN	Saint Helena	1	ANNUAL	PERCENT																						
2017.Q2.G.01	SL_EMP_GTOTL	Labour share of GDP, comprising wages and social protection transfers, total (%)	659	-62.76628613	17.33994219	KNA	Saint Kitts and Nevis	1	ANNUAL	PERCENT																						
2017.Q2.G.01	SL_EMP_GTOTL	Labour share of GDP, comprising wages and social protection transfers, total (%)	660	-63.05651612	18.21525315	AIA	Anguilla	1	ANNUAL	PERCENT																						
2017.Q2.G.01	SL_EMP_GTOTL	Labour share of GDP, comprising wages and social protection transfers, total (%)	662	-60.96529553	13.89405601	LCA	Saint Lucia	1	ANNUAL	PERCENT																						
2017.Q2.G.01	SL_EMP_GTOTL	Labour share of GDP, comprising wages and social protection transfers, total (%)	663	-63.04505461	18.0882685	MAF	Saint Martin (French Part)	1	ANNUAL	PERCENT																						
2017.Q2.G.01	SL_EMP_GTOTL	Labour share of GDP, comprising wages and social protection transfers, total (%)	666	-56.33682442	46.85812735	SPM	Saint Pierre and Miquelon	1	ANNUAL	PERCENT																						
2017.Q2.G.01	SL_EMP_GTOTL	Labour share of GDP, comprising wages and social protection transfers, total (%)	670	-61.19024321	13.24627968	VCT	Saint Vincent and the Grenadines	1	ANNUAL	PERCENT																						
2017.Q2.G.01	SL_EMP_GTOTL	Labour share of GDP, comprising wages and social protection transfers, total (%)	674	12.46329038	43.93841766	SMR	San Marino	1	ANNUAL	PERCENT																						
2017.Q2.G.01	SL_EMP_GTOTL	Labour share of GDP, comprising wages and social protection transfers, total (%)	678	6.609772265	0.241554875	STP	Sao Tome and Principe	1	ANNUAL	PERCENT																						
2017.Q2.G.01	SL_EMP_GTOTL	Labour share of GDP, comprising wages and social protection transfers, total (%)	682	44.54763347	24.12594211	SAU	Saudi Arabia	1	ANNUAL	PERCENT																						
2017.Q2.G.01	SL_EMP_GTOTL	Labour share of GDP, comprising wages and social protection transfers, total (%)	686	-14.46636926	14.35920905	SEN	Senegal	1	ANNUAL	PERCENT																						
2017.Q2.G.01	SL_EMP_GTOTL	Labour share of GDP, comprising wages and social protection transfers, total (%)	688	20.805876	44.03145697	SRB	Serbia	1	ANNUAL	PERCENT																						
2017.Q2.G.01	SL_EMP_GTOTL	Labour share of GDP, comprising wages and social protection transfers, total (%)	690	55.46561591	-4.678053059	SYC	Seychelles	1	ANNUAL	PERCENT																						
2017.Q2.G.01	SL_EMP_GTOTL	Labour share of GDP, comprising wages and social protection transfers, total (%)	694	-11.78306584	8.568604164	SLE	Sierra Leone	1	ANNUAL	PERCENT																						
2017.Q2.G.01	SL_EMP_GTOTL	Labour share of GDP, comprising wages and social protection transfers, total (%)	702	103.8107883	1.361009155	SGP	Singapore	1	ANNUAL	PERCENT																						
2017.Q2.G.01	SL_EMP_GTOTL	Labour share of GDP, comprising wages and social protection transfers, total (%)	703	19.48495604	48.70741446	SVK	Slovakia	1	ANNUAL	PERCENT	44.6385569	43.6839759	43.8067888	43.0944524	41.7063355	42.2846604	41.7498429	41.3524095	41.8913105	45.0640928	44.3357155	44.0333818	43.898441	43.797242	44.1747261	44.8254167	45.2966536	44.39849588	2016	45.2966536	ILOSTAT - AMECO estimates	E
2017.Q2.G.01	SL_EMP_GTOTL	Labour share of GDP, comprising wages and social protection transfers, total (%)	704	105.802499	10.09643079	VNM	Viet Nam	1	ANNUAL	PERCENT																						
2017.Q2.G.01	SL_EMP_GTOTL	Labour share of GDP, comprising wages and social protection transfers, total (%)	705	14.82209486	46.11958061	SVN	Slovenia	1	ANNUAL	PERCENT	61.7161795	61.9035681	60.9729965	60.3222558	60.4216661	60.3658699	59.8352216	58.9318056	60.0194615	62.9936998	63.9977219	62.785008	63.1148132	62.8559702	61.5152691	61.0842429	60.6870801	61.8514751	2016	60.6870801	ILOSTAT - AMECO estimates	E
2017.Q2.G.01	SL_EMP_GTOTL	Labour share of GDP, comprising wages and social protection transfers, total (%)	706	46.20367477	4.406485729	SOM	Somalia	1	ANNUAL	PERCENT																						
2017.Q2.G.01	SL_EMP_GTOTL	Labour share of GDP, comprising wages and social protection transfers, total (%)	710	24.67184355	-29.99957544	ZAF	South Africa	1	ANNUAL	PERCENT																						
2017.Q2.G.01	SL_EMP_GTOTL	Labour share of GDP, comprising wages and social protection transfers, total (%)	716	29.86909584	-19.00075492	ZWE	Zimbabwe	1	ANNUAL	PERCENT															50			50	2014	50	ILOSTAT - National Accounts	C
2017.Q2.G.01	SL_EMP_GTOTL	Labour share of GDP, comprising wages and social protection transfers, total (%)	724	-3.554078296	40.39211472	ESP	Spain	1	ANNUAL	PERCENT	58.3923782	57.8766043	57.3914926	56.872043	56.2943692	55.9414483	55.5752694	56.0028396	57.9587161	58.7397533	57.7077937	57.119312	55.620593	55.0955306	55.0552923	54.9065773	54.7191036	55.07941936	2016	54.7191036	ILOSTAT - AMECO estimates	E
2017.Q2.G.01	SL_EMP_GTOTL	Labour share of GDP, comprising wages and social protection transfers, total (%)	728	30.32618773	7.290839152	SSD	South Sudan	1	ANNUAL	PERCENT																						
2017.Q2.G.01	SL_EMP_GTOTL	Labour share of GDP, comprising wages and social protection transfers, total (%)	732	-13.13515523	24.66265342	ESH	Western Sahara	1	ANNUAL	PERCENT																						
2017.Q2.G.01	SL_EMP_GTOTL	Labour share of GDP, comprising wages and social protection transfers, total (%)	736	29.95650159	16.02643066	SDN	Sudan	1	ANNUAL	PERCENT																						
2017.Q2.G.01	SL_EMP_GTOTL	Labour share of GDP, comprising wages and social protection transfers, total (%)	740	-55.90626394	4.132603197	SUR	Suriname	1	ANNUAL	PERCENT																						
2017.Q2.G.01	SL_EMP_GTOTL	Labour share of GDP, comprising wages and social protection transfers, total (%)	744	13.38071013	78.82894131	SJM	Svalbard and Jan Mayen Islands	1	ANNUAL	PERCENT																						
2017.Q2.G.01	SL_EMP_GTOTL	Labour share of GDP, comprising wages and social protection transfers, total (%)	748	31.50149288	-26.56471011	SWZ	Swaziland	1	ANNUAL	PERCENT																						
2017.Q2.G.01	SL_EMP_GTOTL	Labour share of GDP, comprising wages and social protection transfers, total (%)	752	14.3775338	60.60103109	SWE	Sweden	1	ANNUAL	PERCENT	48.1093457	49.1809865	48.9648479	48.4436531	47.8552494	47.7174398	46.9507308	47.5541715	48.4067869	49.9789128	48.1865811	48.8806819	50.35482	50.6561824	50.282513	49.7306669	49.4171428	50.08826502	2016	49.4171428	ILOSTAT - AMECO estimates	E
2017.Q2.G.01	SL_EMP_GTOTL	Labour share of GDP, comprising wages and social protection transfers, total (%)	756	8.223158	46.96617097	CHE	Switzerland	1	ANNUAL	PERCENT	63.65765	65.5319178	67.0684646	66.2846456	64.130113	63.8177322	62.682694	62.2390324	62.338113	64.3807157	63.1673925	64.3624128	65.2797443	65.5548847	65.3561632	65.5986117	64.5576053	65.26940184	2016	64.5576053	ILOSTAT - AMECO estimates	E
2017.Q2.G.01	SL_EMP_GTOTL	Labour share of GDP, comprising wages and social protection transfers, total (%)	760	38.50466565	35.01676176	SYR	Syrian Arab Republic (Syria)	1	ANNUAL	PERCENT																						
2017.Q2.G.01	SL_EMP_GTOTL	Labour share of GDP, comprising wages and social protection transfers, total (%)	762	69.294998	38.43069666	TJK	Tajikistan	1	ANNUAL	PERCENT																						
2017.Q2.G.01	SL_EMP_GTOTL	Labour share of GDP, comprising wages and social protection transfers, total (%)	764	101.0202951	15.13089239	THA	Thailand	1	ANNUAL	PERCENT																						
2017.Q2.G.01	SL_EMP_GTOTL	Labour share of GDP, comprising wages and social protection transfers, total (%)	768	0.97835765	8.532096072	TGO	Togo	1	ANNUAL	PERCENT																						
2017.Q2.G.01	SL_EMP_GTOTL	Labour share of GDP, comprising wages and social protection transfers, total (%)	772	-171.8154473	-9.214545558	TKL	Tokelau	1	ANNUAL	PERCENT																						
2017.Q2.G.01	SL_EMP_GTOTL	Labour share of GDP, comprising wages and social protection transfers, total (%)	776	-175.1959991	-21.19511329	TON	Tonga	1	ANNUAL	PERCENT																						
2017.Q2.G.01	SL_EMP_GTOTL	Labour share of GDP, comprising wages and social protection transfers, total (%)	780	-61.29389504	10.41877263	TTO	Trinidad and Tobago	1	ANNUAL	PERCENT																						
2017.Q2.G.01	SL_EMP_GTOTL	Labour share of GDP, comprising wages and social protection transfers, total (%)	784	53.98279159	23.43322219	ARE	United Arab Emirates	1	ANNUAL	PERCENT																						
2017.Q2.G.01	SL_EMP_GTOTL	Labour share of GDP, comprising wages and social protection transfers, total (%)	788	9.572737411	34.11439971	TUN	Tunisia	1	ANNUAL	PERCENT																						
2017.Q2.G.01	SL_EMP_GTOTL	Labour share of GDP, comprising wages and social protection transfers, total (%)	792	35.42890329	38.9899684	TUR	Turkey	1	ANNUAL	PERCENT	57.2560238	55.0057274	52.3851609	51.89806	46.1296677	44.0394526	42.3585613	42.6224126	42.3341117	44.8555008	44.4730887	43.1763575	44.4021216	43.6716801	45.0862691	45.6237456	48.5976649	45.47629626	2016	48.5976649	ILOSTAT - AMECO estimates	E
2017.Q2.G.01	SL_EMP_GTOTL	Labour share of GDP, comprising wages and social protection transfers, total (%)	795	58.9787665	40.0912346	TKM	Turkmenistan	1	ANNUAL	PERCENT																						
2017.Q2.G.01	SL_EMP_GTOTL	Labour share of GDP, comprising wages and social protection transfers, total (%)	796	-71.745121	21.80780585	TCA	Turks and Caicos Islands	1	ANNUAL	PERCENT																						
2017.Q2.G.01	SL_EMP_GTOTL	Labour share of GDP, comprising wages and social protection transfers, total (%)	798	178.6679611	-7.460048071	TUV	Tuvalu	1	ANNUAL	PERCENT																						
2017.Q2.G.01	SL_EMP_GTOTL	Labour share of GDP, comprising wages and social protection transfers, total (%)	800	32.39100438	1.279557331	UGA	Uganda	1	ANNUAL	PERCENT																						
2017.Q2.G.01	SL_EMP_GTOTL	Labour share of GDP, comprising wages and social protection transfers, total (%)	804	31.40270802	49.00735945	UKR	Ukraine	1	ANNUAL	PERCENT													51					51	2012	51	ILOSTAT - National Accounts	C
2017.Q2.G.01	SL_EMP_GTOTL	Labour share of GDP, comprising wages and social protection transfers, total (%)	807	21.7007909	41.60048068	MKD	Macedonia, Republic of	1	ANNUAL	PERCENT	59.1976666	57.0381379	59.8696347	62.4987187	54.2240981	50.7714629	53.9067011	48.351678	50.7567815	54.9260456	52.5031398	50.7035697	50.0244255	47.0718522	46.224334	45.2430896	44.6897755	46.65069536	2016	44.6897755	ILOSTAT - AMECO estimates	E
2017.Q2.G.01	SL_EMP_GTOTL	Labour share of GDP, comprising wages and social protection transfers, total (%)	818	29.77468534	26.57438204	EGY	Egypt	1	ANNUAL	PERCENT																						
2017.Q2.G.01	SL_EMP_GTOTL	Labour share of GDP, comprising wages and social protection transfers, total (%)	826	-2.23830539	53.27691757	GBR	United Kingdom	1	ANNUAL	PERCENT	55.3830171	56.994551	56.3264326	56.1731254	56.6184932	56.0227511	56.8030452	57.3871469	56.9501919	59.0556055	59.0669579	57.9413856	57.9265311	57.5937663	56.4852044	56.4416426	56.7124721	57.0319233	2016	56.7124721	ILOSTAT - AMECO estimates	E
2017.Q2.G.01	SL_EMP_GTOTL	Labour share of GDP, comprising wages and social protection transfers, total (%)	831	-2.200712402	49.71561166	GGY	Guernsey	1	ANNUAL	PERCENT																						
2017.Q2.G.01	SL_EMP_GTOTL	Labour share of GDP, comprising wages and social protection transfers, total (%)	832	-2.136773508	49.22353354	JEY	Jersey	1	ANNUAL	PERCENT																						
2017.Q2.G.01	SL_EMP_GTOTL	Labour share of GDP, comprising wages and social protection transfers, total (%)	833	-4.538190305	54.22880901	IMN	Isle of Man	1	ANNUAL	PERCENT														33	31			32	2014	31	ILOSTAT - Isle of Man National Income	C
2017.Q2.G.01	SL_EMP_GTOTL	Labour share of GDP, comprising wages and social protection transfers, total (%)	834	34.80521182	-6.265332606	TZA	Tanzania, United Republic of	1	ANNUAL	PERCENT																						
2017.Q2.G.01	SL_EMP_GTOTL	Labour share of GDP, comprising wages and social protection transfers, total (%)	840	-99.13830311	39.5277871	USA	United States of America	1	ANNUAL	PERCENT	61.53161	61.467929	60.3528319	59.7556644	59.3528504	58.4521605	58.4468443	58.75595	58.9847271	58.0817395	57.1710162	57.1361199	57.107229	56.6801343	56.8424965	57.4176814	58.0666361	57.22283546	2016	58.0666361	ILOSTAT - AMECO estimates	E
2017.Q2.G.01	SL_EMP_GTOTL	Labour share of GDP, comprising wages and social protection transfers, total (%)	850	-64.76960113	17.73297693	VIR	United States Virgin Islands	1	ANNUAL	PERCENT																						
2017.Q2.G.01	SL_EMP_GTOTL	Labour share of GDP, comprising wages and social protection transfers, total (%)	854	-1.742843829	12.27491081	BFA	Burkina Faso	1	ANNUAL	PERCENT																						
2017.Q2.G.01	SL_EMP_GTOTL	Labour share of GDP, comprising wages and social protection transfers, total (%)	858	-56.01387025	-32.8002838	URY	Uruguay	1	ANNUAL	PERCENT																						
2017.Q2.G.01	SL_EMP_GTOTL	Labour share of GDP, comprising wages and social protection transfers, total (%)	860	63.11944558	41.77560518	UZB	Uzbekistan	1	ANNUAL	PERCENT																						
2017.Q2.G.01	SL_EMP_GTOTL	Labour share of GDP, comprising wages and social protection transfers, total (%)	862	-66.15642084	7.121324748	VEN	Venezuela (Bolivarian Republic)	1	ANNUAL	PERCENT										34.9	29.6								2010	29.6	ILOSTAT - Central Bank Records	C
2017.Q2.G.01	SL_EMP_GTOTL	Labour share of GDP, comprising wages and social protection transfers, total (%)	876	-176.2034788	-13.28471201	WLF	Wallis and Futuna Islands	1	ANNUAL	PERCENT																						
2017.Q2.G.01	SL_EMP_GTOTL	Labour share of GDP, comprising wages and social protection transfers, total (%)	882	-172.4430749	-13.61541469	WSM	Samoa	1	ANNUAL	PERCENT																						
2017.Q2.G.01	SL_EMP_GTOTL	Labour share of GDP, comprising wages and social protection transfers, total (%)	887	45.22389143	15.22242099	YEM	Yemen	1	ANNUAL	PERCENT																						
2017.Q2.G.01	SL_EMP_GTOTL	Labour share of GDP, comprising wages and social protection transfers, total (%)	894	27.850329	-14.59701056	ZMB	Zambia	1	ANNUAL	PERCENT																						
