series.release	series.code	series.description	geoAreaCode	X	Y	ISO3CD	geoAreaName	sliceId	Age	Freq	Sex	Units	2000	2001	2002	2003	2004	2005	2006	2007	2008	2009	2010	2011	2012	2013	2014	2015	last.5.years.mean	latest.year	latest.value	latest.source	latest.nature
2017.Q2.G.01	SP_DYN_ADKL	Adolescent birth rate per 1,000 adolescent women aged 15-19	4	66.02688198	33.83160199	AFG	Afghanistan	1	15-19	ANNUAL	FEMALE	PER_1000_POP																					
2017.Q2.G.01	SP_DYN_ADKL	Adolescent birth rate per 1,000 adolescent women aged 15-19	8	20.06660928	41.13897007	ALB	Albania	1	15-19	ANNUAL	FEMALE	PER_1000_POP		29.389435	13.804278	15.933274	21.361401	20.156065	17.664968	17.42696	18.436489	18.99386	19.412506	20.530371	20.947882	20.444473	21.907883	20.212648	20.8086514	2015	20.212648	Registration National Statistics	C
2017.Q2.G.01	SP_DYN_ADKL	Adolescent birth rate per 1,000 adolescent women aged 15-19	10	21.47585697	-80.40897662	ATA	Antarctica	1	15-19	ANNUAL	FEMALE	PER_1000_POP																					
2017.Q2.G.01	SP_DYN_ADKL	Adolescent birth rate per 1,000 adolescent women aged 15-19	12	2.678164227	28.15940032	DZA	Algeria	1	15-19	ANNUAL	FEMALE	PER_1000_POP																					
2017.Q2.G.01	SP_DYN_ADKL	Adolescent birth rate per 1,000 adolescent women aged 15-19	16	-170.7187269	-14.30587306	ASM	American Samoa	1	15-19	ANNUAL	FEMALE	PER_1000_POP																					
2017.Q2.G.01	SP_DYN_ADKL	Adolescent birth rate per 1,000 adolescent women aged 15-19	20	1.576257417	42.54548611	AND	Andorra	1	15-19	ANNUAL	FEMALE	PER_1000_POP																					
2017.Q2.G.01	SP_DYN_ADKL	Adolescent birth rate per 1,000 adolescent women aged 15-19	24	17.57817062	-12.33724746	AGO	Angola	1	15-19	ANNUAL	FEMALE	PER_1000_POP		122.410004				166				191								2009	191	Angola 2011 Malaria Indicators Survey (MIS)	C
2017.Q2.G.01	SP_DYN_ADKL	Adolescent birth rate per 1,000 adolescent women aged 15-19	28	-61.7999755	17.07761471	ATG	Antigua and Barbuda	1	15-19	ANNUAL	FEMALE	PER_1000_POP	59.955799	66.800003																2001	66.800003	Antigua and Barbuda 2001 Census	C
2017.Q2.G.01	SP_DYN_ADKL	Adolescent birth rate per 1,000 adolescent women aged 15-19	31	50.01064725	40.39229544	AZE	Azerbaijan	1	15-19	ANNUAL	FEMALE	PER_1000_POP	38.014099	38.052898	38.302299	38.780201	39.4865	40.405102	41.507	42.755901	44.1134	45.541401	47.005001	48.473999	49.934601	51.386002	52.833099	54.277699	51.38108	2015	54.277699	UNPD estimates	E
2017.Q2.G.01	SP_DYN_ADKL	Adolescent birth rate per 1,000 adolescent women aged 15-19	32	-65.14563274	-35.19446255	ARG	Argentina	1	15-19	ANNUAL	FEMALE	PER_1000_POP	64.656097	60.9006	61.315102	57.294998	63.4249	63.3881	62.496498	63.911301	66.669403	67.349899	67.199997	68	66.404297	68.074997	68.269852		67.6872865	2014	68.269852	Registration National Statistics & WPP2015	CA
2017.Q2.G.01	SP_DYN_ADKL	Adolescent birth rate per 1,000 adolescent women aged 15-19	36	134.3499412	-25.57717202	AUS	Australia	1	15-19	ANNUAL	FEMALE	PER_1000_POP	17.826065	17.831364	17.282831	16.120321	16.069077	15.801853	15.146615	15.701552	17.103266	16.763092	15.715107	15.586596	15.592589	14.183083	12.614589		14.49421425	2014	12.614589	Registration National Statistics & WPP2015	CA
2017.Q2.G.01	SP_DYN_ADKL	Adolescent birth rate per 1,000 adolescent women aged 15-19	40	14.14172472	47.58704857	AUT	Austria	1	15-19	ANNUAL	FEMALE	PER_1000_POP																					
2017.Q2.G.01	SP_DYN_ADKL	Adolescent birth rate per 1,000 adolescent women aged 15-19	44	-78.05111663	24.69546597	BHS	Bahamas	1	15-19	ANNUAL	FEMALE	PER_1000_POP	49.799999	50.799999	46.900002	45.599998	46.400002	43		40.422676	39.755714	34	35.897434		32.009659				32.009659	2012	32.009659	Registration UNSD	C
2017.Q2.G.01	SP_DYN_ADKL	Adolescent birth rate per 1,000 adolescent women aged 15-19	48	50.5490754	26.04407747	BHR	Bahrain	1	15-19	ANNUAL	FEMALE	PER_1000_POP	15.0902	12.406	13.4044	19.533701	19.889	17.850901	13.7584	12.7158	12.0805	14.3	13.8	13.948	13.8043	14.5012	13.207116		13.865154	2014	13.207116	Registration National Statistics & WPP2015	CA
2017.Q2.G.01	SP_DYN_ADKL	Adolescent birth rate per 1,000 adolescent women aged 15-19	50	89.17660788	22.86961622	BGD	Bangladesh	1	15-19	ANNUAL	FEMALE	PER_1000_POP																					
2017.Q2.G.01	SP_DYN_ADKL	Adolescent birth rate per 1,000 adolescent women aged 15-19	51	44.93839317	40.29499741	ARM	Armenia	1	15-19	ANNUAL	FEMALE	PER_1000_POP					30		25.360001	25.459999	25.74	28	28.299999	26.4	26	22.700001			25.0333336666667	2013	22.700001	Registration National Statistics	C
2017.Q2.G.01	SP_DYN_ADKL	Adolescent birth rate per 1,000 adolescent women aged 15-19	52	-59.5346489	13.13648273	BRB	Barbados	1	15-19	ANNUAL	FEMALE	PER_1000_POP	62.200001	62.799999	55.299999	50.5		46.156357	45.831932	49.733196										2007	49.733196	Registration National Statistics & WPP2015	CA
2017.Q2.G.01	SP_DYN_ADKL	Adolescent birth rate per 1,000 adolescent women aged 15-19	56	4.660976456	50.64104975	BEL	Belgium	1	15-19	ANNUAL	FEMALE	PER_1000_POP																					
2017.Q2.G.01	SP_DYN_ADKL	Adolescent birth rate per 1,000 adolescent women aged 15-19	60	-64.78155012	32.27881922	BMU	Bermuda	1	15-19	ANNUAL	FEMALE	PER_1000_POP																					
2017.Q2.G.01	SP_DYN_ADKL	Adolescent birth rate per 1,000 adolescent women aged 15-19	64	90.45098484	27.39598568	BTN	Bhutan	1	15-19	ANNUAL	FEMALE	PER_1000_POP	61.700001					46.299999	43.8144						28.4				28.4	2012	28.4	Bhutan 2012 National Health Survey	C
2017.Q2.G.01	SP_DYN_ADKL	Adolescent birth rate per 1,000 adolescent women aged 15-19	68	-64.66224284	-16.71273412	BOL	Bolivia (Plurinational State of)	1	15-19	ANNUAL	FEMALE	PER_1000_POP		97	84				88											2006	88	Bolivia 2008 Demographic and Health Survey	C
2017.Q2.G.01	SP_DYN_ADKL	Adolescent birth rate per 1,000 adolescent women aged 15-19	70	17.78584332	44.16845548	BIH	Bosnia and Herzegovina	1	15-19	ANNUAL	FEMALE	PER_1000_POP																					
2017.Q2.G.01	SP_DYN_ADKL	Adolescent birth rate per 1,000 adolescent women aged 15-19	72	23.81380223	-22.18810073	BWA	Botswana	1	15-19	ANNUAL	FEMALE	PER_1000_POP		53.299999					51					39					39	2011	39	Botswana 2011 Census	C
2017.Q2.G.01	SP_DYN_ADKL	Adolescent birth rate per 1,000 adolescent women aged 15-19	74	3.410732868	-54.43295905	BVT	Bouvet Island	1	15-19	ANNUAL	FEMALE	PER_1000_POP																					
2017.Q2.G.01	SP_DYN_ADKL	Adolescent birth rate per 1,000 adolescent women aged 15-19	76	-53.08432878	-10.77668561	BRA	Brazil	1	15-19	ANNUAL	FEMALE	PER_1000_POP	88.099998	85	81.5	78.900002	77.599998	76.300003	74.5	72.199997	70.099998	68	67.400002	64.800003	63.029999	63.07	63.360001	61.669998	63.1860002	2015	61.669998	Estimate National statistics	E
2017.Q2.G.01	SP_DYN_ADKL	Adolescent birth rate per 1,000 adolescent women aged 15-19	84	-88.70199554	17.19965901	BLZ	Belize	1	15-19	ANNUAL	FEMALE	PER_1000_POP		96.699997	90.400002								64				74		74	2014	74	Belize 2015 Multiple Indicator Cluster Survey	C
2017.Q2.G.01	SP_DYN_ADKL	Adolescent birth rate per 1,000 adolescent women aged 15-19	86	72.38715553	-7.299281071	IOT	British Indian Ocean Territory	1	15-19	ANNUAL	FEMALE	PER_1000_POP																					
2017.Q2.G.01	SP_DYN_ADKL	Adolescent birth rate per 1,000 adolescent women aged 15-19	90	160.1584117	-9.622391719	SLB	Solomon Islands	1	15-19	ANNUAL	FEMALE	PER_1000_POP	82				70	70			62									2008	62	Solomon Islands 2009 Census	C
2017.Q2.G.01	SP_DYN_ADKL	Adolescent birth rate per 1,000 adolescent women aged 15-19	92	-64.63294223	18.42256578	VGB	British Virgin Islands	1	15-19	ANNUAL	FEMALE	PER_1000_POP																					
2017.Q2.G.01	SP_DYN_ADKL	Adolescent birth rate per 1,000 adolescent women aged 15-19	96	114.6288563	4.49736984	BRN	Brunei Darussalam	1	15-19	ANNUAL	FEMALE	PER_1000_POP	31.7612	28.301001	25.4259				18.235701	18.717199	16.636299			14.369555	15.754512	12.953	11.399263		13.6190825	2014	11.399263	Registration National Statistics & WPP2015	CA
2017.Q2.G.01	SP_DYN_ADKL	Adolescent birth rate per 1,000 adolescent women aged 15-19	100	25.23763153	42.75731323	BGR	Bulgaria	1	15-19	ANNUAL	FEMALE	PER_1000_POP	45.560001	42.759998	40.869999	39.830002	41.139999	39.310001	41.189999	42.07	44.209999	47.529999	42.02	41.66	42.52	42.02	41.299999		41.87499975	2014	41.299999	Registration National Statistics (Eurostat)	C
2017.Q2.G.01	SP_DYN_ADKL	Adolescent birth rate per 1,000 adolescent women aged 15-19	104	96.51752295	21.19332882	MMR	Myanmar	1	15-19	ANNUAL	FEMALE	PER_1000_POP																					
2017.Q2.G.01	SP_DYN_ADKL	Adolescent birth rate per 1,000 adolescent women aged 15-19	108	29.89080992	-3.366387428	BDI	Burundi	1	15-19	ANNUAL	FEMALE	PER_1000_POP		30				73.510635			50.399364	65		85					85	2011	85	Burundi 2012 MIS	C
2017.Q2.G.01	SP_DYN_ADKL	Adolescent birth rate per 1,000 adolescent women aged 15-19	112	28.04940161	53.54193075	BLR	Belarus	1	15-19	ANNUAL	FEMALE	PER_1000_POP	27.4	26.299999	24	23.799999	22.6	21.700001	22.5	22.1	22.299999	22.4	20.700001	20.9	22.4	22.1	20.450001		21.46250025	2014	20.450001	Registration National Statistics (Eurostat)	C
2017.Q2.G.01	SP_DYN_ADKL	Adolescent birth rate per 1,000 adolescent women aged 15-19	116	104.922836	12.71163737	KHM	Cambodia	1	15-19	ANNUAL	FEMALE	PER_1000_POP					47					46				57			57	2013	57	Cambodia 2014 Demographic and Health Survey	C
2017.Q2.G.01	SP_DYN_ADKL	Adolescent birth rate per 1,000 adolescent women aged 15-19	120	12.7419827	5.692387031	CMR	Cameroon	1	15-19	ANNUAL	FEMALE	PER_1000_POP			138			128.300003				127					119		119	2014	119	Cameroon 2014 Multiple Indicator Cluster Survey	C
2017.Q2.G.01	SP_DYN_ADKL	Adolescent birth rate per 1,000 adolescent women aged 15-19	124	-101.6575058	57.72360191	CAN	Canada	1	15-19	ANNUAL	FEMALE	PER_1000_POP	17.299999	16.299999	15	14.5	13.7	13.4	13.7	14	14.3	14.2	13.5	12.6					12.6	2011	12.6	Registration National Statistics	C
2017.Q2.G.01	SP_DYN_ADKL	Adolescent birth rate per 1,000 adolescent women aged 15-19	132	-23.63544151	15.07791834	CPV	Cabo Verde	1	15-19	ANNUAL	FEMALE	PER_1000_POP	92			92	90						80							2010	80	Registration National Statistics	C
2017.Q2.G.01	SP_DYN_ADKL	Adolescent birth rate per 1,000 adolescent women aged 15-19	136	-81.16740559	19.32266656	CYM	Cayman Islands	1	15-19	ANNUAL	FEMALE	PER_1000_POP																					
2017.Q2.G.01	SP_DYN_ADKL	Adolescent birth rate per 1,000 adolescent women aged 15-19	140	20.93559492	7.003720791	CAF	Central African Republic	1	15-19	ANNUAL	FEMALE	PER_1000_POP																					
2017.Q2.G.01	SP_DYN_ADKL	Adolescent birth rate per 1,000 adolescent women aged 15-19	144	80.70489654	7.614693343	LKA	Sri Lanka	1	15-19	ANNUAL	FEMALE	PER_1000_POP																					
2017.Q2.G.01	SP_DYN_ADKL	Adolescent birth rate per 1,000 adolescent women aged 15-19	148	18.66618401	15.36279341	TCD	Chad	1	15-19	ANNUAL	FEMALE	PER_1000_POP				187				203.399994						179			179	2013	179	Chad 2014-2015 Demographic and Health Survey and MICS	C
2017.Q2.G.01	SP_DYN_ADKL	Adolescent birth rate per 1,000 adolescent women aged 15-19	152	-71.23029019	-35.2652885	CHL	Chile	1	15-19	ANNUAL	FEMALE	PER_1000_POP	62.400002	60.200001	57.299999	54.700001		51.062698	53.1777	55.845501	57.952	58	56.200001	53.956402	51.5294	47.816151			51.100651	2013	47.816151	Registration National Statistics & WPP2015	CA
2017.Q2.G.01	SP_DYN_ADKL	Adolescent birth rate per 1,000 adolescent women aged 15-19	156	104.1403375	32.30955217	CHN	China	1	15-19	ANNUAL	FEMALE	PER_1000_POP	8	8	6.026667	7.004487	5.984906	6.991411	7				5.93							2010	5.93	China 2010 Census	C
2017.Q2.G.01	SP_DYN_ADKL	Adolescent birth rate per 1,000 adolescent women aged 15-19	162	105.6426067	-10.4882473	CXR	Christmas Island	1	15-19	ANNUAL	FEMALE	PER_1000_POP																					
2017.Q2.G.01	SP_DYN_ADKL	Adolescent birth rate per 1,000 adolescent women aged 15-19	166	96.82633757	-12.18600682	CCK	Cocos (Keeling) Islands	1	15-19	ANNUAL	FEMALE	PER_1000_POP																					
2017.Q2.G.01	SP_DYN_ADKL	Adolescent birth rate per 1,000 adolescent women aged 15-19	170	-73.07446751	3.888209046	COL	Colombia	1	15-19	ANNUAL	FEMALE	PER_1000_POP	80.629997		92	90		96.199997		85	84				75.879295	73.069778	71.618073		73.522382	2014	71.618073	Registration National Statistics & WPP2015	CA
2017.Q2.G.01	SP_DYN_ADKL	Adolescent birth rate per 1,000 adolescent women aged 15-19	174	43.34234565	-11.66121732	COM	Comoros	1	15-19	ANNUAL	FEMALE	PER_1000_POP	94.5					89					71	70					70	2011	70	Comoros 2012 Demographic and Health Survey and Multiple Indicator Cluster Survey	C
2017.Q2.G.01	SP_DYN_ADKL	Adolescent birth rate per 1,000 adolescent women aged 15-19	175	45.14015057	-12.82217691	MYT	Mayotte	1	15-19	ANNUAL	FEMALE	PER_1000_POP			108		106													2004	106	Registration National Statistics	C
2017.Q2.G.01	SP_DYN_ADKL	Adolescent birth rate per 1,000 adolescent women aged 15-19	178	15.22052612	-0.840544119	COG	Congo	1	15-19	ANNUAL	FEMALE	PER_1000_POP					129						147							2010	147	Congo 2011-2012 Demographic and Health Survey	C
2017.Q2.G.01	SP_DYN_ADKL	Adolescent birth rate per 1,000 adolescent women aged 15-19	180	23.65496507	-2.877154732	COD	Democratic Republic of the Congo	1	15-19	ANNUAL	FEMALE	PER_1000_POP	129.420944	129.358917	129.421707	129.604614	129.906601	130.326035	130.852921	131.463898	132.142044	132.872955	133.642212	134.435394	135.2388				134.837097	2012	135.2388	UNPD estimates	E
2017.Q2.G.01	SP_DYN_ADKL	Adolescent birth rate per 1,000 adolescent women aged 15-19	184	-159.7711391	-21.22696458	COK	Cook Islands	1	15-19	ANNUAL	FEMALE	PER_1000_POP																					
2017.Q2.G.01	SP_DYN_ADKL	Adolescent birth rate per 1,000 adolescent women aged 15-19	188	-84.19712782	9.970998683	CRI	Costa Rica	1	15-19	ANNUAL	FEMALE	PER_1000_POP	85.598	78.018997	71.979301	73.069298	72.131203		67.232597	69.142998	72.497803	70.025101	63.8363	67.005699	68.772499	62.9636	61.1717		64.9783745	2014	61.1717	Registration UNSD & WPP2015	CA
2017.Q2.G.01	SP_DYN_ADKL	Adolescent birth rate per 1,000 adolescent women aged 15-19	191	17.95874553	45.45172212	HRV	Croatia	1	15-19	ANNUAL	FEMALE	PER_1000_POP																					
2017.Q2.G.01	SP_DYN_ADKL	Adolescent birth rate per 1,000 adolescent women aged 15-19	192	-79.54460144	22.10030366	CUB	Cuba	1	15-19	ANNUAL	FEMALE	PER_1000_POP																					
2017.Q2.G.01	SP_DYN_ADKL	Adolescent birth rate per 1,000 adolescent women aged 15-19	196	33.22285964	35.05659437	CYP	Cyprus	1	15-19	ANNUAL	FEMALE	PER_1000_POP																					
2017.Q2.G.01	SP_DYN_ADKL	Adolescent birth rate per 1,000 adolescent women aged 15-19	203	15.33151382	49.73913871	CZE	Czechia	1	15-19	ANNUAL	FEMALE	PER_1000_POP																					
2017.Q2.G.01	SP_DYN_ADKL	Adolescent birth rate per 1,000 adolescent women aged 15-19	204	2.339933594	9.65401646	BEN	Benin	1	15-19	ANNUAL	FEMALE	PER_1000_POP	109	87.099998				112					94				94		94	2014	94	Benin 2014 Multiple Indicator Cluster Survey	C
2017.Q2.G.01	SP_DYN_ADKL	Adolescent birth rate per 1,000 adolescent women aged 15-19	208	9.326571283	56.03829721	DNK	Denmark	1	15-19	ANNUAL	FEMALE	PER_1000_POP	7.89	7.59	6.52	6	5.63	5.58	5.95	5.66	6.03	5.46	5	4.56	4.41	4.24	3.64		4.2125	2014	3.64	Registration National Statistics (Eurostat)	C
2017.Q2.G.01	SP_DYN_ADKL	Adolescent birth rate per 1,000 adolescent women aged 15-19	212	-61.3493756	15.43391378	DMA	Dominica	1	15-19	ANNUAL	FEMALE	PER_1000_POP																					
2017.Q2.G.01	SP_DYN_ADKL	Adolescent birth rate per 1,000 adolescent women aged 15-19	214	-70.49847576	18.89832088	DOM	Dominican Republic	1	15-19	ANNUAL	FEMALE	PER_1000_POP		116			95	92		96.199997					90				90	2012	90	Dominican Republic 2013 Demographic and Health Survey	C
2017.Q2.G.01	SP_DYN_ADKL	Adolescent birth rate per 1,000 adolescent women aged 15-19	218	-78.37005241	-1.447785891	ECU	Ecuador	1	15-19	ANNUAL	FEMALE	PER_1000_POP		100	99.599998							64.562004		62.104519	63.698139	59.599636	56.489128		60.4728555	2014	56.489128	Registration National Statistics & WPP2015	CA
2017.Q2.G.01	SP_DYN_ADKL	Adolescent birth rate per 1,000 adolescent women aged 15-19	222	-88.86862995	13.73603564	SLV	El Salvador	1	15-19	ANNUAL	FEMALE	PER_1000_POP																					
2017.Q2.G.01	SP_DYN_ADKL	Adolescent birth rate per 1,000 adolescent women aged 15-19	226	10.46535826	1.565792376	GNQ	Equatorial Guinea	1	15-19	ANNUAL	FEMALE	PER_1000_POP	195.600006										176							2010	176	Equatorial Guinea 2011 Demographic and Health Survey	C
2017.Q2.G.01	SP_DYN_ADKL	Adolescent birth rate per 1,000 adolescent women aged 15-19	231	39.63505296	8.631223181	ETH	Ethiopia	1	15-19	ANNUAL	FEMALE	PER_1000_POP				104						79				71.199997			71.199997	2013	71.199997	Ethiopia 2014 PMA2020 Round 2	C
2017.Q2.G.01	SP_DYN_ADKL	Adolescent birth rate per 1,000 adolescent women aged 15-19	232	38.11074289	16.12894644	ERI	Eritrea	1	15-19	ANNUAL	FEMALE	PER_1000_POP																					
2017.Q2.G.01	SP_DYN_ADKL	Adolescent birth rate per 1,000 adolescent women aged 15-19	233	25.84093481	58.68487172	EST	Estonia	1	15-19	ANNUAL	FEMALE	PER_1000_POP	26.360001	24.809999	22.959999	22	22.610001	22.57	22.93	25.09	23.799999	21.040001	17.5	16.209999	15.27	16.299999	15.58		15.8399995	2014	15.58	Registration National Statistics (Eurostat)	C
2017.Q2.G.01	SP_DYN_ADKL	Adolescent birth rate per 1,000 adolescent women aged 15-19	234	-7.122044325	62.21228119	FRO	Faroe Islands	1	15-19	ANNUAL	FEMALE	PER_1000_POP	15.1	11	12.5	13.9	12.7	9.8	9.2	9.2	14	12.4	9.8	12.9	9.7	12.4	14.6	7.3	11.38	2015	7.3	Registration National Statistics	C
2017.Q2.G.01	SP_DYN_ADKL	Adolescent birth rate per 1,000 adolescent women aged 15-19	238	-58.75246778	-51.74562601	FLK	Falkland Islands (Malvinas)	1	15-19	ANNUAL	FEMALE	PER_1000_POP																					
2017.Q2.G.01	SP_DYN_ADKL	Adolescent birth rate per 1,000 adolescent women aged 15-19	239	-36.90662765	-54.20736749	SGS	South Georgia and the South Sandwich Islands	1	15-19	ANNUAL	FEMALE	PER_1000_POP																					
2017.Q2.G.01	SP_DYN_ADKL	Adolescent birth rate per 1,000 adolescent women aged 15-19	242	177.9660884	-17.83301566	FJI	Fiji	1	15-19	ANNUAL	FEMALE	PER_1000_POP			34.799999		31.010723				27.519642									2008	27.519642	Registration National Statistics & WPP2015	CA
2017.Q2.G.01	SP_DYN_ADKL	Adolescent birth rate per 1,000 adolescent women aged 15-19	246	23.308447	61.91586738	FIN	Finland	1	15-19	ANNUAL	FEMALE	PER_1000_POP	9.96	10.61	11.17	10.34	10.61	10.28	9.44	9.1	8.63	8.48	8.42	7.7	7.51	7.31	7.24		7.44	2014	7.24	Registration National Statistics (Eurostat)	C
2017.Q2.G.01	SP_DYN_ADKL	Adolescent birth rate per 1,000 adolescent women aged 15-19	248	19.80945969	60.1544901	ALA	Åland Islands	1	15-19	ANNUAL	FEMALE	PER_1000_POP																					
2017.Q2.G.01	SP_DYN_ADKL	Adolescent birth rate per 1,000 adolescent women aged 15-19	250	2.457288129	46.62660861	FRA	France	1	15-19	ANNUAL	FEMALE	PER_1000_POP	12.28	12.73	12.04	11.66	11.68	11.51	11.53	11.37	11.5	11.12	11.06	10.7	10.72	10.06	9.92		10.35	2014	9.92	Registration National Statistics (Eurostat)	C
2017.Q2.G.01	SP_DYN_ADKL	Adolescent birth rate per 1,000 adolescent women aged 15-19	254	-53.23619089	3.922673437	GUF	French Guiana	1	15-19	ANNUAL	FEMALE	PER_1000_POP	126.804001	116.299004	111.022003	103.156998		84.880898	87.169098	86.6381										2007	86.6381	Registration UNSD & WPP2015	CA
2017.Q2.G.01	SP_DYN_ADKL	Adolescent birth rate per 1,000 adolescent women aged 15-19	258	-149.4052367	-17.67709294	PYF	French Polynesia	1	15-19	ANNUAL	FEMALE	PER_1000_POP																					
2017.Q2.G.01	SP_DYN_ADKL	Adolescent birth rate per 1,000 adolescent women aged 15-19	260	69.64849091	-49.6068576	ATF	French Southern Territories	1	15-19	ANNUAL	FEMALE	PER_1000_POP																					
2017.Q2.G.01	SP_DYN_ADKL	Adolescent birth rate per 1,000 adolescent women aged 15-19	262	42.18274707	11.56004161	DJI	Djibouti	1	15-19	ANNUAL	FEMALE	PER_1000_POP																					
2017.Q2.G.01	SP_DYN_ADKL	Adolescent birth rate per 1,000 adolescent women aged 15-19	266	11.78727747	-0.60687619	GAB	Gabon	1	15-19	ANNUAL	FEMALE	PER_1000_POP																					
2017.Q2.G.01	SP_DYN_ADKL	Adolescent birth rate per 1,000 adolescent women aged 15-19	268	43.3713615	42.04813028	GEO	Georgia	1	15-19	ANNUAL	FEMALE	PER_1000_POP					48		36.560001	36.200001	43.639999	51.799999	48.369999				46.48		46.48	2014	46.48	Registration National Statistics (Eurostat)	C
2017.Q2.G.01	SP_DYN_ADKL	Adolescent birth rate per 1,000 adolescent women aged 15-19	270	-15.39944785	13.45295927	GMB	Gambia	1	15-19	ANNUAL	FEMALE	PER_1000_POP																					
2017.Q2.G.01	SP_DYN_ADKL	Adolescent birth rate per 1,000 adolescent women aged 15-19	275	35.25694122	31.94347933	PSE	State of Palestine	1	15-19	ANNUAL	FEMALE	PER_1000_POP				69.400002			59.799999				67				48		48	2014	48	State of Palestine 2014 MICS	C
2017.Q2.G.01	SP_DYN_ADKL	Adolescent birth rate per 1,000 adolescent women aged 15-19	276	10.3806066	51.08862743	DEU	Germany	1	15-19	ANNUAL	FEMALE	PER_1000_POP	12.94	12.94	12.31	11.57	10.89	10.57	10.1	9.91	9.75	9.08	8.94	8.33	8.04	7.76	7.79		7.98	2014	7.79	Registration National Statistics (Eurostat)	C
2017.Q2.G.01	SP_DYN_ADKL	Adolescent birth rate per 1,000 adolescent women aged 15-19	288	-1.205623522	7.964825185	GHA	Ghana	1	15-19	ANNUAL	FEMALE	PER_1000_POP	56.099998		74				84.108398	66				60	64	65			63	2013	65	Ghana 2014 PMA2020 Round 2	C
2017.Q2.G.01	SP_DYN_ADKL	Adolescent birth rate per 1,000 adolescent women aged 15-19	292	-5.347561686	36.13895036	GIB	Gibraltar	1	15-19	ANNUAL	FEMALE	PER_1000_POP																					
2017.Q2.G.01	SP_DYN_ADKL	Adolescent birth rate per 1,000 adolescent women aged 15-19	296	-157.5643005	1.768837732	KIR	Kiribati	1	15-19	ANNUAL	FEMALE	PER_1000_POP	42					39					49.900002							2010	49.900002	Kiribati 2010 Census	C
2017.Q2.G.01	SP_DYN_ADKL	Adolescent birth rate per 1,000 adolescent women aged 15-19	300	22.58307827	39.47301873	GRC	Greece	1	15-19	ANNUAL	FEMALE	PER_1000_POP		11.13	10.72	10.8	10.61	9.83	10.56	10.33	11.3	11.1	10.85	9.57	8.53	8.11	8.09		8.575	2014	8.09	Registration National Statistics (Eurostat)	C
2017.Q2.G.01	SP_DYN_ADKL	Adolescent birth rate per 1,000 adolescent women aged 15-19	304	-41.39371316	74.75625681	GRL	Greenland	1	15-19	ANNUAL	FEMALE	PER_1000_POP	79.608002	80.473999	69.474342	67.376106	61.563828	69.637627	56.885704	54.262882	53.23	62.137199	50.02729	39.733437	38.636002	39.063602	39.640083	36.394001	38.693425	2015	36.394001	Registration National Statistics	C
2017.Q2.G.01	SP_DYN_ADKL	Adolescent birth rate per 1,000 adolescent women aged 15-19	308	-61.68248568	12.11238395	GRD	Grenada	1	15-19	ANNUAL	FEMALE	PER_1000_POP	53.091301																	2000	53.091301	Registration UNSD & WPP2015	CA
2017.Q2.G.01	SP_DYN_ADKL	Adolescent birth rate per 1,000 adolescent women aged 15-19	312	-61.64762115	16.14416917	GLP	Guadeloupe	1	15-19	ANNUAL	FEMALE	PER_1000_POP	32.990101	32.131901	26.865499	25.48185	20.5													2004	20.5	Registration National Statistics	C
2017.Q2.G.01	SP_DYN_ADKL	Adolescent birth rate per 1,000 adolescent women aged 15-19	316	144.7029305	13.35485404	GUM	Guam	1	15-19	ANNUAL	FEMALE	PER_1000_POP		57.138283	54.678944	54.987617	53.715115						60.099998	62.099998	54.700001	54.099998			56.9666656666667	2013	54.099998	Registration National Statistics	C
2017.Q2.G.01	SP_DYN_ADKL	Adolescent birth rate per 1,000 adolescent women aged 15-19	320	-91.2312746	15.00273719	GTM	Guatemala	1	15-19	ANNUAL	FEMALE	PER_1000_POP	120	114		99.800003	96.083702		98	98			86.5	91		92			91.5	2013	92	Guatemala 2014-2015 Demographic and Health Survey	C
2017.Q2.G.01	SP_DYN_ADKL	Adolescent birth rate per 1,000 adolescent women aged 15-19	324	-11.28173419	11.00210343	GIN	Guinea	1	15-19	ANNUAL	FEMALE	PER_1000_POP																					
2017.Q2.G.01	SP_DYN_ADKL	Adolescent birth rate per 1,000 adolescent women aged 15-19	328	-58.97322037	4.788012784	GUY	Guyana	1	15-19	ANNUAL	FEMALE	PER_1000_POP																					
2017.Q2.G.01	SP_DYN_ADKL	Adolescent birth rate per 1,000 adolescent women aged 15-19	332	-72.33640958	18.40426539	HTI	Haiti	1	15-19	ANNUAL	FEMALE	PER_1000_POP				69	68					65	66							2010	66	Haiti 2012 Demographic and Health Survey	C
2017.Q2.G.01	SP_DYN_ADKL	Adolescent birth rate per 1,000 adolescent women aged 15-19	334	73.52633626	-53.09106147	HMD	Heard Island and McDonald Islands	1	15-19	ANNUAL	FEMALE	PER_1000_POP																					
2017.Q2.G.01	SP_DYN_ADKL	Adolescent birth rate per 1,000 adolescent women aged 15-19	336	12.45315803	41.90343751	VAT	Holy See	1	15-19	ANNUAL	FEMALE	PER_1000_POP																					
2017.Q2.G.01	SP_DYN_ADKL	Adolescent birth rate per 1,000 adolescent women aged 15-19	340	-86.59974381	14.82243161	HND	Honduras	1	15-19	ANNUAL	FEMALE	PER_1000_POP				108	102					99	101	97.638535	97.571991				97.605263	2012	97.571991	Registration National Statistics & WPP2015	CA
2017.Q2.G.01	SP_DYN_ADKL	Adolescent birth rate per 1,000 adolescent women aged 15-19	344	114.0266445	22.41749934	HKG	China, Hong Kong Special Administrative Region	1	15-19	ANNUAL	FEMALE	PER_1000_POP	5	4	4	4	4	3	3	3	3	3	3	3	3	3	3		3	2014	3	Registration National Statistics	C
2017.Q2.G.01	SP_DYN_ADKL	Adolescent birth rate per 1,000 adolescent women aged 15-19	348	19.41221519	47.1651448	HUN	Hungary	1	15-19	ANNUAL	FEMALE	PER_1000_POP																					
2017.Q2.G.01	SP_DYN_ADKL	Adolescent birth rate per 1,000 adolescent women aged 15-19	352	-19.02116966	64.79134763	ISL	Iceland	1	15-19	ANNUAL	FEMALE	PER_1000_POP	22.870001	19.610001	18.48	16.129999	12.48	14.19	13.64	14.11	14.48	14.6	13	10.96	11.42	7.35	7.64		9.3425	2014	7.64	Registration National Statistics (Eurostat)	C
2017.Q2.G.01	SP_DYN_ADKL	Adolescent birth rate per 1,000 adolescent women aged 15-19	356	79.3608464	22.34642074	IND	India	1	15-19	ANNUAL	FEMALE	PER_1000_POP																					
2017.Q2.G.01	SP_DYN_ADKL	Adolescent birth rate per 1,000 adolescent women aged 15-19	360	113.9174	-0.994582204	IDN	Indonesia	1	15-19	ANNUAL	FEMALE	PER_1000_POP	54	51				52	51			47	48							2010	48	Indonesia 2012 Demographic and Health Survey (Special)	C
2017.Q2.G.01	SP_DYN_ADKL	Adolescent birth rate per 1,000 adolescent women aged 15-19	364	54.19766348	32.74370885	IRN	Iran (Islamic Republic of)	1	15-19	ANNUAL	FEMALE	PER_1000_POP																					
2017.Q2.G.01	SP_DYN_ADKL	Adolescent birth rate per 1,000 adolescent women aged 15-19	368	43.76606267	33.05013795	IRQ	Iraq	1	15-19	ANNUAL	FEMALE	PER_1000_POP																					
2017.Q2.G.01	SP_DYN_ADKL	Adolescent birth rate per 1,000 adolescent women aged 15-19	372	-7.121425272	53.25274054	IRL	Ireland	1	15-19	ANNUAL	FEMALE	PER_1000_POP	19.58	19.9	19.49	19.110001	17.280001	16.76	16.219999	17.27	16.530001	15.69	14.6	12.39	12.01	10.26	9.01		10.9175	2014	9.01	Registration National Statistics (Eurostat)	C
2017.Q2.G.01	SP_DYN_ADKL	Adolescent birth rate per 1,000 adolescent women aged 15-19	376	34.62277992	31.06164552	ISR	Israel	1	15-19	ANNUAL	FEMALE	PER_1000_POP	17.200001	16.548769	15.896519	15.517889	15.335895	14.7	14.119185	13.858959	13.740898	13.39129	12.979184	12.542003	11.6	10.4	10.2		11.18550075	2014	10.2	Registration National Statistics	C
2017.Q2.G.01	SP_DYN_ADKL	Adolescent birth rate per 1,000 adolescent women aged 15-19	380	12.57022427	42.79917282	ITA	Italy	1	15-19	ANNUAL	FEMALE	PER_1000_POP	7.15	6.89	7	6.85	7.19	6.96	6.83	6.78	7.18	6.92	6.67	6.45	6.38	5.86	5.64		6.0825	2014	5.64	Registration National Statistics (Eurostat)	C
2017.Q2.G.01	SP_DYN_ADKL	Adolescent birth rate per 1,000 adolescent women aged 15-19	384	-5.552690016	7.62211586	CIV	Côte d'Ivoire	1	15-19	ANNUAL	FEMALE	PER_1000_POP	135.959	135.285004	134.279999	133.270004	132.417999	131.440002	130.274002	129.098007	128.091003	127.43	127.219002							2010	127.219002	UNPD estimates	E
2017.Q2.G.01	SP_DYN_ADKL	Adolescent birth rate per 1,000 adolescent women aged 15-19	388	-77.31068409	18.15616857	JAM	Jamaica	1	15-19	ANNUAL	FEMALE	PER_1000_POP																					
2017.Q2.G.01	SP_DYN_ADKL	Adolescent birth rate per 1,000 adolescent women aged 15-19	392	139.2716103	36.6554539	JPN	Japan	1	15-19	ANNUAL	FEMALE	PER_1000_POP						5.113235	5.056531	4.935458	5.096501	4.915965	4.565311	4.481445			4.404895		4.44317	2014	4.404895	Registration UNSD	C
2017.Q2.G.01	SP_DYN_ADKL	Adolescent birth rate per 1,000 adolescent women aged 15-19	398	66.65359159	48.01963494	KAZ	Kazakhstan	1	15-19	ANNUAL	FEMALE	PER_1000_POP	33	30	27	27	27	26	27	29	31	29	28	29	31	34	35	31	32	2015	31	Registration National Statistics	C
2017.Q2.G.01	SP_DYN_ADKL	Adolescent birth rate per 1,000 adolescent women aged 15-19	400	37.13024774	30.65365973	JOR	Jordan	1	15-19	ANNUAL	FEMALE	PER_1000_POP		28					28		32		27	26					26	2011	26	Jordan 2012 Demographic and Health Survey	C
2017.Q2.G.01	SP_DYN_ADKL	Adolescent birth rate per 1,000 adolescent women aged 15-19	404	37.86096816	0.534797278	KEN	Kenya	1	15-19	ANNUAL	FEMALE	PER_1000_POP																					
2017.Q2.G.01	SP_DYN_ADKL	Adolescent birth rate per 1,000 adolescent women aged 15-19	408	127.1803633	40.1462645	PRK	Democratic People's Republic of Korea	1	15-19	ANNUAL	FEMALE	PER_1000_POP																					
2017.Q2.G.01	SP_DYN_ADKL	Adolescent birth rate per 1,000 adolescent women aged 15-19	410	127.8610254	36.45201023	KOR	Republic of Korea	1	15-19	ANNUAL	FEMALE	PER_1000_POP	2.581973	2.259243	2.602123	2.321128	2.060116	1.820146	1.962404	2.171202	1.731565	1.751177	1.780947	1.812019	1.770721	1.721183	1.574558		1.71962025	2014	1.574558	Registration National Statistics & WPP2015	CA
2017.Q2.G.01	SP_DYN_ADKL	Adolescent birth rate per 1,000 adolescent women aged 15-19	414	47.49305029	29.53949468	KWT	Kuwait	1	15-19	ANNUAL	FEMALE	PER_1000_POP	17.806601		17.468201	18.3613	18.0896	17.5305	15.561	12.9503	11.2538	10	9.1	7.5	7.09463	6.552186	7.78231		7.2322815	2014	7.78231	Registration National Statistics & WPP2015	CA
2017.Q2.G.01	SP_DYN_ADKL	Adolescent birth rate per 1,000 adolescent women aged 15-19	417	74.52324839	41.46204516	KGZ	Kyrgyzstan	1	15-19	ANNUAL	FEMALE	PER_1000_POP	34.700001	31.5	30.9	28.5	27	26		28.23	28.709999	31.209999	34.139999	44	42.049999	65			50.3499996666667	2013	65	Kyrgyzstan 2014 Multiple Indicator Cluster Survey	C
2017.Q2.G.01	SP_DYN_ADKL	Adolescent birth rate per 1,000 adolescent women aged 15-19	418	101.9901968	20.27482773	LAO	Lao People's Democratic Republic	1	15-19	ANNUAL	FEMALE	PER_1000_POP																					
2017.Q2.G.01	SP_DYN_ADKL	Adolescent birth rate per 1,000 adolescent women aged 15-19	422	35.89391711	33.92152458	LBN	Lebanon	1	15-19	ANNUAL	FEMALE	PER_1000_POP		18	17															2002	17	Lebanon 2004 Family Health Survey	C
2017.Q2.G.01	SP_DYN_ADKL	Adolescent birth rate per 1,000 adolescent women aged 15-19	426	28.25362195	-29.58041814	LSO	Lesotho	1	15-19	ANNUAL	FEMALE	PER_1000_POP	94.400002		89	92					96		80			94			94	2013	94	Lesotho 2014 Demographic and Health Survey	C
2017.Q2.G.01	SP_DYN_ADKL	Adolescent birth rate per 1,000 adolescent women aged 15-19	428	26.42461876	56.64196636	LVA	Latvia	1	15-19	ANNUAL	FEMALE	PER_1000_POP	18.299999	17.299999	16.1	16.799999	16.299999	16.4	18.4	18.6	19.5	16.200001	13.6	14.6	15.3	15.3	15.4	18.1	15.74	2015	18.1	Registration National Statistics	C
2017.Q2.G.01	SP_DYN_ADKL	Adolescent birth rate per 1,000 adolescent women aged 15-19	430	-9.311879038	6.448381009	LBR	Liberia	1	15-19	ANNUAL	FEMALE	PER_1000_POP						141		177			151	149					149	2011	149	Liberia 2013 Demographic and Health Survey	C
2017.Q2.G.01	SP_DYN_ADKL	Adolescent birth rate per 1,000 adolescent women aged 15-19	434	18.0295985	27.04042819	LBY	Libya	1	15-19	ANNUAL	FEMALE	PER_1000_POP																					
2017.Q2.G.01	SP_DYN_ADKL	Adolescent birth rate per 1,000 adolescent women aged 15-19	438	9.552985019	47.14167005	LIE	Liechtenstein	1	15-19	ANNUAL	FEMALE	PER_1000_POP																					
2017.Q2.G.01	SP_DYN_ADKL	Adolescent birth rate per 1,000 adolescent women aged 15-19	440	23.90517807	55.33680309	LTU	Lithuania	1	15-19	ANNUAL	FEMALE	PER_1000_POP	24.700001	21.15	20.870001	21.030001	20.02	19.67	20.43	19.41	19.25	16.139999	13.24	14.05	14.52	14.21	13.57		14.0875	2014	13.57	Registration National Statistics (Eurostat)	C
2017.Q2.G.01	SP_DYN_ADKL	Adolescent birth rate per 1,000 adolescent women aged 15-19	442	6.092656563	49.77679538	LUX	Luxembourg	1	15-19	ANNUAL	FEMALE	PER_1000_POP																					
2017.Q2.G.01	SP_DYN_ADKL	Adolescent birth rate per 1,000 adolescent women aged 15-19	446	113.5665388	22.1237259	MAC	China, Macao Special Administrative Region	1	15-19	ANNUAL	FEMALE	PER_1000_POP																					
2017.Q2.G.01	SP_DYN_ADKL	Adolescent birth rate per 1,000 adolescent women aged 15-19	450	46.6982339	-19.38514785	MDG	Madagascar	1	15-19	ANNUAL	FEMALE	PER_1000_POP	148.899994	149	150					148				145					145	2011	145	Madagascar 2013 Malaria Indicators Surveys (MIS)	C
2017.Q2.G.01	SP_DYN_ADKL	Adolescent birth rate per 1,000 adolescent women aged 15-19	454	33.4884625	-13.40819859	MWI	Malawi	1	15-19	ANNUAL	FEMALE	PER_1000_POP	165.024994	164.537003	163.897003	163.076004	162.061005	160.884995	159.585007	158.197998	156.759995	155.307007	153.865997	152.440002	151.028				151.734001	2012	151.028	UNPD estimates	E
2017.Q2.G.01	SP_DYN_ADKL	Adolescent birth rate per 1,000 adolescent women aged 15-19	458	116.8346314	5.452415309	MYS	Malaysia	1	15-19	ANNUAL	FEMALE	PER_1000_POP		15.2496	13.2483	12.8779	12.9352	12.5265	11.6512	10.9895	12.8575	13.5		13.4552	12.7254				13.0903	2012	12.7254	Registration UNSD & WPP2015	CA
2017.Q2.G.01	SP_DYN_ADKL	Adolescent birth rate per 1,000 adolescent women aged 15-19	462	73.09672546	-0.614385021	MDV	Maldives	1	15-19	ANNUAL	FEMALE	PER_1000_POP																					
2017.Q2.G.01	SP_DYN_ADKL	Adolescent birth rate per 1,000 adolescent women aged 15-19	466	-3.522016039	17.35311254	MLI	Mali	1	15-19	ANNUAL	FEMALE	PER_1000_POP						188						172			174		173	2014	174	Mali 2015 Malaria Indicators Survey	C
2017.Q2.G.01	SP_DYN_ADKL	Adolescent birth rate per 1,000 adolescent women aged 15-19	470	14.44617519	35.89194275	MLT	Malta	1	15-19	ANNUAL	FEMALE	PER_1000_POP	24.030001	23.25	16.6	15.87	22.870001	21.799999	16.42	16.4	18.65	20.040001	18.870001	17.15	16.700001	13.13	12.88		14.96500025	2014	12.88	Registration National Statistics (Eurostat)	C
2017.Q2.G.01	SP_DYN_ADKL	Adolescent birth rate per 1,000 adolescent women aged 15-19	474	-60.91544135	14.56086108	MTQ	Martinique	1	15-19	ANNUAL	FEMALE	PER_1000_POP	32.31221	33.649483	30.514988	27.853785	20.93	18.983429	20.029064	20.073713										2007	20.073713	Registration National Statistics & WPP2015	CA
2017.Q2.G.01	SP_DYN_ADKL	Adolescent birth rate per 1,000 adolescent women aged 15-19	478	-10.33187259	20.26089546	MRT	Mauritania	1	15-19	ANNUAL	FEMALE	PER_1000_POP																					
2017.Q2.G.01	SP_DYN_ADKL	Adolescent birth rate per 1,000 adolescent women aged 15-19	480	57.568022	-20.28581998	MUS	Mauritius	1	15-19	ANNUAL	FEMALE	PER_1000_POP	39.969738		36.483948	36.543079		34.558708	33.319202	34.531727	33.153152	31.870872	30.071915		30.089808			23.143896	26.616852	2015	23.143896	Registration UNSD	C
2017.Q2.G.01	SP_DYN_ADKL	Adolescent birth rate per 1,000 adolescent women aged 15-19	484	-102.5148166	23.93378032	MEX	Mexico	1	15-19	ANNUAL	FEMALE	PER_1000_POP																					
2017.Q2.G.01	SP_DYN_ADKL	Adolescent birth rate per 1,000 adolescent women aged 15-19	492	7.424214814	43.73532918	MCO	Monaco	1	15-19	ANNUAL	FEMALE	PER_1000_POP																					
2017.Q2.G.01	SP_DYN_ADKL	Adolescent birth rate per 1,000 adolescent women aged 15-19	496	103.0728057	46.83892054	MNG	Mongolia	1	15-19	ANNUAL	FEMALE	PER_1000_POP																					
2017.Q2.G.01	SP_DYN_ADKL	Adolescent birth rate per 1,000 adolescent women aged 15-19	498	28.4650624	47.20236795	MDA	Republic of Moldova	1	15-19	ANNUAL	FEMALE	PER_1000_POP	36.34	33.57	30.209999	29.17	29.24	29.01	28.709999	26	26	27.02	26.74	25.709999	25.1	25.440001	26.73		25.745	2014	26.73	Registration National Statistics	C
2017.Q2.G.01	SP_DYN_ADKL	Adolescent birth rate per 1,000 adolescent women aged 15-19	499	19.25214024	42.78717043	MNE	Montenegro	1	15-19	ANNUAL	FEMALE	PER_1000_POP	22.909901			18.645599	17.4592	16.219999	16.25	17.559999	20.209999	22.780001	16.780001	14.26	13.31	11.97	11.16		12.675	2014	11.16	Registration National Statistics (Eurostat)	C
2017.Q2.G.01	SP_DYN_ADKL	Adolescent birth rate per 1,000 adolescent women aged 15-19	500	-62.19261223	16.73558313	MSR	Montserrat	1	15-19	ANNUAL	FEMALE	PER_1000_POP	66.699997	32	8.8	45.5	53.599998													2004	53.599998	Registration National Statistics	C
2017.Q2.G.01	SP_DYN_ADKL	Adolescent birth rate per 1,000 adolescent women aged 15-19	504	-6.281942841	31.8440131	MAR	Morocco	1	15-19	ANNUAL	FEMALE	PER_1000_POP																					
2017.Q2.G.01	SP_DYN_ADKL	Adolescent birth rate per 1,000 adolescent women aged 15-19	508	38.18479941	-14.27963886	MOZ	Mozambique	1	15-19	ANNUAL	FEMALE	PER_1000_POP			179					193			167							2010	167	Mozambique 2011 Demographic and Health Survey	C
2017.Q2.G.01	SP_DYN_ADKL	Adolescent birth rate per 1,000 adolescent women aged 15-19	512	57.87743482	21.98805614	OMN	Oman	1	15-19	ANNUAL	FEMALE	PER_1000_POP				10.9			11.256	11.6485	12.5243	14.1208	11.6941	10.5794	10.5674	13.466			11.5376	2013	13.466	Registration UNSD & WPP2015	CA
2017.Q2.G.01	SP_DYN_ADKL	Adolescent birth rate per 1,000 adolescent women aged 15-19	516	17.21907885	-22.13817068	NAM	Namibia	1	15-19	ANNUAL	FEMALE	PER_1000_POP		76.139999				78						67.812309	82				74.9061545	2012	82	Namibia 2013 Demographic and Health Survey	C
2017.Q2.G.01	SP_DYN_ADKL	Adolescent birth rate per 1,000 adolescent women aged 15-19	520	166.92313	-0.528742623	NRU	Nauru	1	15-19	ANNUAL	FEMALE	PER_1000_POP																					
2017.Q2.G.01	SP_DYN_ADKL	Adolescent birth rate per 1,000 adolescent women aged 15-19	524	83.94678863	28.25866332	NPL	Nepal	1	15-19	ANNUAL	FEMALE	PER_1000_POP																					
2017.Q2.G.01	SP_DYN_ADKL	Adolescent birth rate per 1,000 adolescent women aged 15-19	528	5.331480568	51.86728884	NLD	Netherlands	1	15-19	ANNUAL	FEMALE	PER_1000_POP	7.36	7.76	7.59	7.06	6.29	5.77	5.23	5.19	5.18	5.32	5.13	4.83	4.53	3.91	3.68		4.2375	2014	3.68	Registration National Statistics (Eurostat)	C
2017.Q2.G.01	SP_DYN_ADKL	Adolescent birth rate per 1,000 adolescent women aged 15-19	530	-68.30676179	12.22720635	ANT	Netherlands Antilles	1	15-19	ANNUAL	FEMALE	PER_1000_POP																					
2017.Q2.G.01	SP_DYN_ADKL	Adolescent birth rate per 1,000 adolescent women aged 15-19	531	-68.95033464	12.15058042	CUW	Curaçao	1	15-19	ANNUAL	FEMALE	PER_1000_POP		46.700001										34.900002					34.900002	2011	34.900002	Curaçao 2011 Census	C
2017.Q2.G.01	SP_DYN_ADKL	Adolescent birth rate per 1,000 adolescent women aged 15-19	533	-69.97050586	12.50878756	ABW	Aruba	1	15-19	ANNUAL	FEMALE	PER_1000_POP						41.700001	43.400002	42.200001	39.900002	42.900002	42.599998	42.599998	38.599998	36.400002	35.400002		38.25	2014	35.400002	Registration National Statistics	C
2017.Q2.G.01	SP_DYN_ADKL	Adolescent birth rate per 1,000 adolescent women aged 15-19	534	-63.06198692	18.03926508	SXM	Sint Maarten (Dutch part)	1	15-19	ANNUAL	FEMALE	PER_1000_POP																					
2017.Q2.G.01	SP_DYN_ADKL	Adolescent birth rate per 1,000 adolescent women aged 15-19	540	165.5067368	-21.41742531	NCL	New Caledonia	1	15-19	ANNUAL	FEMALE	PER_1000_POP	28.7153	26.296101	24.209999	20.3972		23.4562	22.380301	21.6299			23.200001		22.961599				22.961599	2012	22.961599	Registration UNSD & WPP2015	CA
2017.Q2.G.01	SP_DYN_ADKL	Adolescent birth rate per 1,000 adolescent women aged 15-19	548	167.0679779	-15.34445547	VUT	Vanuatu	1	15-19	ANNUAL	FEMALE	PER_1000_POP										65.599998		78					78	2011	78	Vanuatu 2013 Demographic and Health Survey – MICS	C
2017.Q2.G.01	SP_DYN_ADKL	Adolescent birth rate per 1,000 adolescent women aged 15-19	554	170.4755673	-43.98721568	NZL	New Zealand	1	15-19	ANNUAL	FEMALE	PER_1000_POP	27.937	26.951365	25.266697	25.862663	27.084742	27.216169	28.382437	31.673126	33.193562	29.599346	28.922161	25.56975	24.370052	21.461304	19.138851	18.954788	21.898949	2015	18.954788	Registration National Statistics & WPP2015	CA
2017.Q2.G.01	SP_DYN_ADKL	Adolescent birth rate per 1,000 adolescent women aged 15-19	558	-85.03060315	12.84210839	NIC	Nicaragua	1	15-19	ANNUAL	FEMALE	PER_1000_POP																					
2017.Q2.G.01	SP_DYN_ADKL	Adolescent birth rate per 1,000 adolescent women aged 15-19	562	9.400167877	17.42143036	NER	Niger	1	15-19	ANNUAL	FEMALE	PER_1000_POP	152.536285				199						206							2010	206	Niger 2012 Demographic and Health Survey	C
2017.Q2.G.01	SP_DYN_ADKL	Adolescent birth rate per 1,000 adolescent women aged 15-19	566	8.097363256	9.585789025	NGA	Nigeria	1	15-19	ANNUAL	FEMALE	PER_1000_POP	118	126						121		134	113	122			145		133.5	2014	145	Nigeria 2015 Malaria Indicators Survey	C
2017.Q2.G.01	SP_DYN_ADKL	Adolescent birth rate per 1,000 adolescent women aged 15-19	570	-169.8601693	-19.05000475	NIU	Niue	1	15-19	ANNUAL	FEMALE	PER_1000_POP																					
2017.Q2.G.01	SP_DYN_ADKL	Adolescent birth rate per 1,000 adolescent women aged 15-19	574	167.9515548	-29.03230018	NFK	Norfolk Island	1	15-19	ANNUAL	FEMALE	PER_1000_POP																					
2017.Q2.G.01	SP_DYN_ADKL	Adolescent birth rate per 1,000 adolescent women aged 15-19	578	11.47846389	61.34311134	NOR	Norway	1	15-19	ANNUAL	FEMALE	PER_1000_POP	11.74	11.04	10.06	9.06	8.16	8.05	8.72	9.09	9.3	9.51	8.43	7.1	6.04	5.65	5.02		5.9525	2014	5.02	Registration National Statistics (Eurostat)	C
2017.Q2.G.01	SP_DYN_ADKL	Adolescent birth rate per 1,000 adolescent women aged 15-19	580	145.7582114	15.19099517	MNP	Northern Mariana Islands	1	15-19	ANNUAL	FEMALE	PER_1000_POP																					
2017.Q2.G.01	SP_DYN_ADKL	Adolescent birth rate per 1,000 adolescent women aged 15-19	581	-162.4343752	5.874443968	UMI	US Minor Outlying Islands	1	15-19	ANNUAL	FEMALE	PER_1000_POP																					
2017.Q2.G.01	SP_DYN_ADKL	Adolescent birth rate per 1,000 adolescent women aged 15-19	583	158.225216	6.880670092	FSM	Micronesia, Federated States of	1	15-19	ANNUAL	FEMALE	PER_1000_POP	57.902737		42.325581	51.99115				50										2007	50	Micronesia (Federated States of) 2010 Census	C
2017.Q2.G.01	SP_DYN_ADKL	Adolescent birth rate per 1,000 adolescent women aged 15-19	584	171.0839119	7.110213497	MHL	Marshall Islands	1	15-19	ANNUAL	FEMALE	PER_1000_POP						127						82.199997					82.199997	2011	82.199997	Marshall Islands 2011 Census	C
2017.Q2.G.01	SP_DYN_ADKL	Adolescent birth rate per 1,000 adolescent women aged 15-19	585	134.5733878	7.502307591	PLW	Palau	1	15-19	ANNUAL	FEMALE	PER_1000_POP																					
2017.Q2.G.01	SP_DYN_ADKL	Adolescent birth rate per 1,000 adolescent women aged 15-19	586	68.80479684	29.36491634	PAK	Pakistan	1	15-19	ANNUAL	FEMALE	PER_1000_POP																					
2017.Q2.G.01	SP_DYN_ADKL	Adolescent birth rate per 1,000 adolescent women aged 15-19	591	-81.26616623	8.450965746	PAN	Panama	1	15-19	ANNUAL	FEMALE	PER_1000_POP																					
2017.Q2.G.01	SP_DYN_ADKL	Adolescent birth rate per 1,000 adolescent women aged 15-19	598	145.8587761	-6.756057077	PNG	Papua New Guinea	1	15-19	ANNUAL	FEMALE	PER_1000_POP																					
2017.Q2.G.01	SP_DYN_ADKL	Adolescent birth rate per 1,000 adolescent women aged 15-19	600	-60.54854225	-21.70216237	PRY	Paraguay	1	15-19	ANNUAL	FEMALE	PER_1000_POP		64	65				61.652359	63	61.839207									2008	61.839207	Registration UNSD	C
2017.Q2.G.01	SP_DYN_ADKL	Adolescent birth rate per 1,000 adolescent women aged 15-19	604	-71.82093277	-13.58939705	PER	Peru	1	15-19	ANNUAL	FEMALE	PER_1000_POP		59	61			64	63	69	72	62	67	68	65				66.5	2012	65	Peru 2014 Demographic and Health Survey (Continuous)	C
2017.Q2.G.01	SP_DYN_ADKL	Adolescent birth rate per 1,000 adolescent women aged 15-19	608	120.8601418	14.16591706	PHL	Philippines	1	15-19	ANNUAL	FEMALE	PER_1000_POP		55	53				53	54				59	57				58	2012	57	Philippines 2013 Demographic and Health Survey	C
2017.Q2.G.01	SP_DYN_ADKL	Adolescent birth rate per 1,000 adolescent women aged 15-19	612	-128.3225873	-24.37538456	PCN	Pitcairn	1	15-19	ANNUAL	FEMALE	PER_1000_POP																					
2017.Q2.G.01	SP_DYN_ADKL	Adolescent birth rate per 1,000 adolescent women aged 15-19	616	19.40660158	52.1226733	POL	Poland	1	15-19	ANNUAL	FEMALE	PER_1000_POP																					
2017.Q2.G.01	SP_DYN_ADKL	Adolescent birth rate per 1,000 adolescent women aged 15-19	620	-7.961599811	39.68509315	PRT	Portugal	1	15-19	ANNUAL	FEMALE	PER_1000_POP	21.559999	20.48	20.9	19.870001	19.450001	18.9	16.950001	16.790001	15.9	15.17	14.3	13.08	11.95	10.45	9.09		11.1425	2014	9.09	Registration National Statistics (Eurostat)	C
2017.Q2.G.01	SP_DYN_ADKL	Adolescent birth rate per 1,000 adolescent women aged 15-19	624	-14.40182514	12.11760394	GNB	Guinea-Bissau	1	15-19	ANNUAL	FEMALE	PER_1000_POP																					
2017.Q2.G.01	SP_DYN_ADKL	Adolescent birth rate per 1,000 adolescent women aged 15-19	626	125.9451052	-8.797497247	TLS	Timor-Leste	1	15-19	ANNUAL	FEMALE	PER_1000_POP		78.300003	75		59.200001			54	51		50							2010	50	Timor-Leste 2010 Census	C
2017.Q2.G.01	SP_DYN_ADKL	Adolescent birth rate per 1,000 adolescent women aged 15-19	630	-66.47591017	18.22753799	PRI	Puerto Rico	1	15-19	ANNUAL	FEMALE	PER_1000_POP	72.392601		61.932701	58.854198		60.0723	59.308899	56.794399	54.6101				45.7901	44.599998			45.195049	2013	44.599998	Registration National Statistics	C
2017.Q2.G.01	SP_DYN_ADKL	Adolescent birth rate per 1,000 adolescent women aged 15-19	634	51.19152467	25.28355379	QAT	Qatar	1	15-19	ANNUAL	FEMALE	PER_1000_POP	16.6968	17.0264	20.209299	18.2085	19.2199	17.5305	15.6594	14.3517	14.7235	15.8244	16.4		13.363				13.363	2012	13.363	Registration UNSD & WPP2015	CA
2017.Q2.G.01	SP_DYN_ADKL	Adolescent birth rate per 1,000 adolescent women aged 15-19	638	55.53171398	-21.13183266	REU	Réunion	1	15-19	ANNUAL	FEMALE	PER_1000_POP	39	40	40	36	36	37	44.42181	43.519421										2007	43.519421	Registration National Statistics & WPP2015	CA
2017.Q2.G.01	SP_DYN_ADKL	Adolescent birth rate per 1,000 adolescent women aged 15-19	642	24.98481009	45.83893563	ROU	Romania	1	15-19	ANNUAL	FEMALE	PER_1000_POP	38.959999	35.610001	32.990002	34.880001	36.080002	37.43	39.290001	39.369999	45.029999	45.84	39.950001	37.369999	37.049999	33.759998	35.299999		35.86999875	2014	35.299999	Registration National Statistics (Eurostat)	C
2017.Q2.G.01	SP_DYN_ADKL	Adolescent birth rate per 1,000 adolescent women aged 15-19	643	99.01404926	61.61899849	RUS	Russian Federation	1	15-19	ANNUAL	FEMALE	PER_1000_POP	27.4	27.299999	27.4	27.6	28.200001	27.4	28.200001	28.299999	29.299999	28.700001	27	26.700001	27.299999	26.6	26	24	26.12	2015	24	Registration National Statistics	C
2017.Q2.G.01	SP_DYN_ADKL	Adolescent birth rate per 1,000 adolescent women aged 15-19	646	29.92310194	-1.999842114	RWA	Rwanda	1	15-19	ANNUAL	FEMALE	PER_1000_POP																					
2017.Q2.G.01	SP_DYN_ADKL	Adolescent birth rate per 1,000 adolescent women aged 15-19	652	-62.83173536	17.89513362	BLM	Saint Barthélemy	1	15-19	ANNUAL	FEMALE	PER_1000_POP																					
2017.Q2.G.01	SP_DYN_ADKL	Adolescent birth rate per 1,000 adolescent women aged 15-19	654	-5.705752501	-15.96503946	SHN	Saint Helena	1	15-19	ANNUAL	FEMALE	PER_1000_POP																					
2017.Q2.G.01	SP_DYN_ADKL	Adolescent birth rate per 1,000 adolescent women aged 15-19	659	-62.76628613	17.33994219	KNA	Saint Kitts and Nevis	1	15-19	ANNUAL	FEMALE	PER_1000_POP	85.599998	74.099998						46.099998										2007	46.099998	Registration National Statistics	C
2017.Q2.G.01	SP_DYN_ADKL	Adolescent birth rate per 1,000 adolescent women aged 15-19	660	-63.05651612	18.21525315	AIA	Anguilla	1	15-19	ANNUAL	FEMALE	PER_1000_POP	59.299999						40.099998											2006	40.099998	Registration National Statistics	C
2017.Q2.G.01	SP_DYN_ADKL	Adolescent birth rate per 1,000 adolescent women aged 15-19	662	-60.96529553	13.89405601	LCA	Saint Lucia	1	15-19	ANNUAL	FEMALE	PER_1000_POP	51.400002	64.099998	51.355698		49.137833	42.107632												2005	42.107632	Registration UNSD	C
2017.Q2.G.01	SP_DYN_ADKL	Adolescent birth rate per 1,000 adolescent women aged 15-19	663	-63.04505461	18.0882685	MAF	Saint Martin (French Part)	1	15-19	ANNUAL	FEMALE	PER_1000_POP																					
2017.Q2.G.01	SP_DYN_ADKL	Adolescent birth rate per 1,000 adolescent women aged 15-19	666	-56.33682442	46.85812735	SPM	Saint Pierre and Miquelon	1	15-19	ANNUAL	FEMALE	PER_1000_POP																					
2017.Q2.G.01	SP_DYN_ADKL	Adolescent birth rate per 1,000 adolescent women aged 15-19	670	-61.19024321	13.24627968	VCT	Saint Vincent and the Grenadines	1	15-19	ANNUAL	FEMALE	PER_1000_POP	80.758865	72.356102	75.21273	71.659599	65.070267	63.018867			63.829788	70.027176				60.374321	63.725491		62.049906	2014	63.725491	Registration National Statistics & WPP2015	CA
2017.Q2.G.01	SP_DYN_ADKL	Adolescent birth rate per 1,000 adolescent women aged 15-19	674	12.46329038	43.93841766	SMR	San Marino	1	15-19	ANNUAL	FEMALE	PER_1000_POP																					
2017.Q2.G.01	SP_DYN_ADKL	Adolescent birth rate per 1,000 adolescent women aged 15-19	678	6.609772265	0.241554875	STP	Sao Tome and Principe	1	15-19	ANNUAL	FEMALE	PER_1000_POP		91						93							92		92	2014	92	Sao Tome and Principe 2014 Multiple Indicator Cluster Survey	C
2017.Q2.G.01	SP_DYN_ADKL	Adolescent birth rate per 1,000 adolescent women aged 15-19	682	44.54763347	24.12594211	SAU	Saudi Arabia	1	15-19	ANNUAL	FEMALE	PER_1000_POP	31				14.684855		7	7.37899										2007	7.37899	Saudi Arabia 2007 Demographic Survey	C
2017.Q2.G.01	SP_DYN_ADKL	Adolescent birth rate per 1,000 adolescent women aged 15-19	686	-14.46636926	14.35920905	SEN	Senegal	1	15-19	ANNUAL	FEMALE	PER_1000_POP																					
2017.Q2.G.01	SP_DYN_ADKL	Adolescent birth rate per 1,000 adolescent women aged 15-19	688	20.805876	44.03145697	SRB	Serbia	1	15-19	ANNUAL	FEMALE	PER_1000_POP																					
2017.Q2.G.01	SP_DYN_ADKL	Adolescent birth rate per 1,000 adolescent women aged 15-19	690	55.46561591	-4.678053059	SYC	Seychelles	1	15-19	ANNUAL	FEMALE	PER_1000_POP																					
2017.Q2.G.01	SP_DYN_ADKL	Adolescent birth rate per 1,000 adolescent women aged 15-19	694	-11.78306584	8.568604164	SLE	Sierra Leone	1	15-19	ANNUAL	FEMALE	PER_1000_POP																					
2017.Q2.G.01	SP_DYN_ADKL	Adolescent birth rate per 1,000 adolescent women aged 15-19	702	103.8107883	1.361009155	SGP	Singapore	1	15-19	ANNUAL	FEMALE	PER_1000_POP			8	6.7	6.6	7.2	6.6	6.1	6.1	5	4.8	4.7	4.3	3.8	3.3	2.7	3.76	2015	2.7	Registration National Statistics	C
2017.Q2.G.01	SP_DYN_ADKL	Adolescent birth rate per 1,000 adolescent women aged 15-19	703	19.48495604	48.70741446	SVK	Slovakia	1	15-19	ANNUAL	FEMALE	PER_1000_POP																					
2017.Q2.G.01	SP_DYN_ADKL	Adolescent birth rate per 1,000 adolescent women aged 15-19	704	105.802499	10.09643079	VNM	Viet Nam	1	15-19	ANNUAL	FEMALE	PER_1000_POP																					
2017.Q2.G.01	SP_DYN_ADKL	Adolescent birth rate per 1,000 adolescent women aged 15-19	705	14.82209486	46.11958061	SVN	Slovenia	1	15-19	ANNUAL	FEMALE	PER_1000_POP	7.54	6.7	5.95	5.78	5.3	6.09	4.74	5.12	5.13	5.43	4.94	5.16	4.49	4.65	4.99		4.8225	2014	4.99	Registration National Statistics (Eurostat)	C
2017.Q2.G.01	SP_DYN_ADKL	Adolescent birth rate per 1,000 adolescent women aged 15-19	706	46.20367477	4.406485729	SOM	Somalia	1	15-19	ANNUAL	FEMALE	PER_1000_POP																					
2017.Q2.G.01	SP_DYN_ADKL	Adolescent birth rate per 1,000 adolescent women aged 15-19	710	24.67184355	-29.99957544	ZAF	South Africa	1	15-19	ANNUAL	FEMALE	PER_1000_POP		66	55				54					70.647003				71	70.8235015	2015	71	South Africa 2016 Demographic and Health Survey (DHS)	C
2017.Q2.G.01	SP_DYN_ADKL	Adolescent birth rate per 1,000 adolescent women aged 15-19	716	29.86909584	-19.00075492	ZWE	Zimbabwe	1	15-19	ANNUAL	FEMALE	PER_1000_POP					99					115				120	110		115	2014	110	Zimbabwe 2015 Demographic and Health Survey	C
2017.Q2.G.01	SP_DYN_ADKL	Adolescent birth rate per 1,000 adolescent women aged 15-19	724	-3.554078296	40.39211472	ESP	Spain	1	15-19	ANNUAL	FEMALE	PER_1000_POP	8.81	9.64	9.86	10.56	10.74	11.35	12	12.83	13.28	11.83	10.61	9.5	8.99	8.38	8.08		8.7375	2014	8.08	Registration National Statistics (Eurostat)	C
2017.Q2.G.01	SP_DYN_ADKL	Adolescent birth rate per 1,000 adolescent women aged 15-19	728	30.32618773	7.290839152	SSD	South Sudan	1	15-19	ANNUAL	FEMALE	PER_1000_POP																					
2017.Q2.G.01	SP_DYN_ADKL	Adolescent birth rate per 1,000 adolescent women aged 15-19	732	-13.13515523	24.66265342	ESH	Western Sahara	1	15-19	ANNUAL	FEMALE	PER_1000_POP	43.799999	39.799999	38.900002	30.1	29													2004	29	Western Sahara 2004 Census	E
2017.Q2.G.01	SP_DYN_ADKL	Adolescent birth rate per 1,000 adolescent women aged 15-19	736	29.95650159	16.02643066	SDN	Sudan	1	15-19	ANNUAL	FEMALE	PER_1000_POP																					
2017.Q2.G.01	SP_DYN_ADKL	Adolescent birth rate per 1,000 adolescent women aged 15-19	740	-55.90626394	4.132603197	SUR	Suriname	1	15-19	ANNUAL	FEMALE	PER_1000_POP		72.8302	73.095001		69.800003			65.542656							59.511066		59.511066	2014	59.511066	Registration UNSD	C
2017.Q2.G.01	SP_DYN_ADKL	Adolescent birth rate per 1,000 adolescent women aged 15-19	744	13.38071013	78.82894131	SJM	Svalbard and Jan Mayen Islands	1	15-19	ANNUAL	FEMALE	PER_1000_POP																					
2017.Q2.G.01	SP_DYN_ADKL	Adolescent birth rate per 1,000 adolescent women aged 15-19	748	31.50149288	-26.56471011	SWZ	Swaziland	1	15-19	ANNUAL	FEMALE	PER_1000_POP	102.800003					111				88.63102				87			87	2013	87	Swaziland 2014 Multiple Indicator Cluster Survey	C
2017.Q2.G.01	SP_DYN_ADKL	Adolescent birth rate per 1,000 adolescent women aged 15-19	752	14.3775338	60.60103109	SWE	Sweden	1	15-19	ANNUAL	FEMALE	PER_1000_POP	7.03	6.6	6.62	5.99	5.81	5.89	5.93	5.9	5.92	5.88	5.9	5.87	5.33	5.31	5.01		5.38	2014	5.01	Registration National Statistics (Eurostat)	C
2017.Q2.G.01	SP_DYN_ADKL	Adolescent birth rate per 1,000 adolescent women aged 15-19	756	8.223158	46.96617097	CHE	Switzerland	1	15-19	ANNUAL	FEMALE	PER_1000_POP																					
2017.Q2.G.01	SP_DYN_ADKL	Adolescent birth rate per 1,000 adolescent women aged 15-19	760	38.50466565	35.01676176	SYR	Syrian Arab Republic (Syria)	1	15-19	ANNUAL	FEMALE	PER_1000_POP																					
2017.Q2.G.01	SP_DYN_ADKL	Adolescent birth rate per 1,000 adolescent women aged 15-19	762	69.294998	38.43069666	TJK	Tajikistan	1	15-19	ANNUAL	FEMALE	PER_1000_POP	37.299999		46.299999									54					54	2011	54	Tajikistan 2012 Demographic and Health Survey	C
2017.Q2.G.01	SP_DYN_ADKL	Adolescent birth rate per 1,000 adolescent women aged 15-19	764	101.0202951	15.13089239	THA	Thailand	1	15-19	ANNUAL	FEMALE	PER_1000_POP																					
2017.Q2.G.01	SP_DYN_ADKL	Adolescent birth rate per 1,000 adolescent women aged 15-19	768	0.97835765	8.532096072	TGO	Togo	1	15-19	ANNUAL	FEMALE	PER_1000_POP																					
2017.Q2.G.01	SP_DYN_ADKL	Adolescent birth rate per 1,000 adolescent women aged 15-19	772	-171.8154473	-9.214545558	TKL	Tokelau	1	15-19	ANNUAL	FEMALE	PER_1000_POP										29.799999								2009	29.799999	Tokelau 2011 Census	C
2017.Q2.G.01	SP_DYN_ADKL	Adolescent birth rate per 1,000 adolescent women aged 15-19	776	-175.1959991	-21.19511329	TON	Tonga	1	15-19	ANNUAL	FEMALE	PER_1000_POP																					
2017.Q2.G.01	SP_DYN_ADKL	Adolescent birth rate per 1,000 adolescent women aged 15-19	780	-61.29389504	10.41877263	TTO	Trinidad and Tobago	1	15-19	ANNUAL	FEMALE	PER_1000_POP	37.3424	37.130699	34.3106		35.176399	31.871201	35.507401			37.992649								2009	37.992649	Registration National Statistics & WPP2015	CA
2017.Q2.G.01	SP_DYN_ADKL	Adolescent birth rate per 1,000 adolescent women aged 15-19	784	53.98279159	23.43322219	ARE	United Arab Emirates	1	15-19	ANNUAL	FEMALE	PER_1000_POP	24.4	23.4	21.469723			34.799999	33.099998	33.900002	32.299999	34.200001								2009	34.200001	Registration National Statistics	C
2017.Q2.G.01	SP_DYN_ADKL	Adolescent birth rate per 1,000 adolescent women aged 15-19	788	9.572737411	34.11439971	TUN	Tunisia	1	15-19	ANNUAL	FEMALE	PER_1000_POP																					
2017.Q2.G.01	SP_DYN_ADKL	Adolescent birth rate per 1,000 adolescent women aged 15-19	792	35.42890329	38.9899684	TUR	Turkey	1	15-19	ANNUAL	FEMALE	PER_1000_POP																					
2017.Q2.G.01	SP_DYN_ADKL	Adolescent birth rate per 1,000 adolescent women aged 15-19	795	58.9787665	40.0912346	TKM	Turkmenistan	1	15-19	ANNUAL	FEMALE	PER_1000_POP	26.143534	24.127279	22.272264	22.16712	19.751326	20.555374	21.04068											2006	21.04068	Registration National Statistics (TransMonee)	C
2017.Q2.G.01	SP_DYN_ADKL	Adolescent birth rate per 1,000 adolescent women aged 15-19	796	-71.745121	21.80780585	TCA	Turks and Caicos Islands	1	15-19	ANNUAL	FEMALE	PER_1000_POP		41.400002																2001	41.400002	Registration National Statistics	C
2017.Q2.G.01	SP_DYN_ADKL	Adolescent birth rate per 1,000 adolescent women aged 15-19	798	178.6679611	-7.460048071	TUV	Tuvalu	1	15-19	ANNUAL	FEMALE	PER_1000_POP																					
2017.Q2.G.01	SP_DYN_ADKL	Adolescent birth rate per 1,000 adolescent women aged 15-19	800	32.39100438	1.279557331	UGA	Uganda	1	15-19	ANNUAL	FEMALE	PER_1000_POP			204			152			151		134			141			141	2013	141	Uganda 2014-2015 Malaria Indicators Survey	C
2017.Q2.G.01	SP_DYN_ADKL	Adolescent birth rate per 1,000 adolescent women aged 15-19	804	31.40270802	49.00735945	UKR	Ukraine	1	15-19	ANNUAL	FEMALE	PER_1000_POP	32.099998	29.200001	29.200001	29	29.6	28.6	24	30.09	31.82	31.200001	28.799999	34	28.48	27.200001	26.09		28.94250025	2014	26.09	Registration National Statistics (Eurostat)	C
2017.Q2.G.01	SP_DYN_ADKL	Adolescent birth rate per 1,000 adolescent women aged 15-19	807	21.7007909	41.60048068	MKD	Macedonia, Republic of	1	15-19	ANNUAL	FEMALE	PER_1000_POP																					
2017.Q2.G.01	SP_DYN_ADKL	Adolescent birth rate per 1,000 adolescent women aged 15-19	818	29.77468534	26.57438204	EGY	Egypt	1	15-19	ANNUAL	FEMALE	PER_1000_POP																					
2017.Q2.G.01	SP_DYN_ADKL	Adolescent birth rate per 1,000 adolescent women aged 15-19	826	-2.23830539	53.27691757	GBR	United Kingdom	1	15-19	ANNUAL	FEMALE	PER_1000_POP	28.940001	27.67	26.709999	26.610001	26.620001	26.120001	26.209999	25.74	25.559999	24.620001	23.200001	21.059999	19.74	17.26	15.52		18.39499975	2014	15.52	Registration National Statistics (Eurostat)	C
2017.Q2.G.01	SP_DYN_ADKL	Adolescent birth rate per 1,000 adolescent women aged 15-19	831	-2.200712402	49.71561166	GGY	Guernsey	1	15-19	ANNUAL	FEMALE	PER_1000_POP																					
2017.Q2.G.01	SP_DYN_ADKL	Adolescent birth rate per 1,000 adolescent women aged 15-19	832	-2.136773508	49.22353354	JEY	Jersey	1	15-19	ANNUAL	FEMALE	PER_1000_POP																					
2017.Q2.G.01	SP_DYN_ADKL	Adolescent birth rate per 1,000 adolescent women aged 15-19	833	-4.538190305	54.22880901	IMN	Isle of Man	1	15-19	ANNUAL	FEMALE	PER_1000_POP																					
2017.Q2.G.01	SP_DYN_ADKL	Adolescent birth rate per 1,000 adolescent women aged 15-19	834	34.80521182	-6.265332606	TZA	Tanzania, United Republic of	1	15-19	ANNUAL	FEMALE	PER_1000_POP	137.005875	137.592529	138.231003	138.277466	138.017883	136.867294	134.1474	130.128098	126.120338	123.443794	122.521637	123.057716	124.699242	127.118477	129.95018		126.20640375	2014	129.95018	UNPD estimates	E
2017.Q2.G.01	SP_DYN_ADKL	Adolescent birth rate per 1,000 adolescent women aged 15-19	840	-99.13830311	39.5277871	USA	United States of America	1	15-19	ANNUAL	FEMALE	PER_1000_POP	47.700001	45	42.599998	41.099998	40.5	39.700001	41.099998	41.5	40.200001	37.900002	34.200001	31.299999	29.4	26.6			29.0999996666667	2013	26.6	Registration National Statistics	C
2017.Q2.G.01	SP_DYN_ADKL	Adolescent birth rate per 1,000 adolescent women aged 15-19	850	-64.76960113	17.73297693	VIR	United States Virgin Islands	1	15-19	ANNUAL	FEMALE	PER_1000_POP		51.5				50	49.599998	51.5	51.099998	51.5	50.5	59.299999	42.799999				51.049999	2012	42.799999	Registration National Statistics	C
2017.Q2.G.01	SP_DYN_ADKL	Adolescent birth rate per 1,000 adolescent women aged 15-19	854	-1.742843829	12.27491081	BFA	Burkina Faso	1	15-19	ANNUAL	FEMALE	PER_1000_POP			119							130				132	122		127	2014	122	Burkina Faso 2016 PMA2020 Round 3	C
2017.Q2.G.01	SP_DYN_ADKL	Adolescent birth rate per 1,000 adolescent women aged 15-19	858	-56.01387025	-32.8002838	URY	Uruguay	1	15-19	ANNUAL	FEMALE	PER_1000_POP																					
2017.Q2.G.01	SP_DYN_ADKL	Adolescent birth rate per 1,000 adolescent women aged 15-19	860	63.11944558	41.77560518	UZB	Uzbekistan	1	15-19	ANNUAL	FEMALE	PER_1000_POP							25.5				29.536879							2010	29.536879	Registration National Statistics (TransMonee)	C
2017.Q2.G.01	SP_DYN_ADKL	Adolescent birth rate per 1,000 adolescent women aged 15-19	862	-66.15642084	7.121324748	VEN	Venezuela (Bolivarian Republic)	1	15-19	ANNUAL	FEMALE	PER_1000_POP	93.309998	92.910004	92.5	92.099998	91.699997	91.300003	90.900002	90.5	89.900002	89.400002	88.900002	95.239998	94.5				94.869999	2012	94.5	Registration National Statistics	C
2017.Q2.G.01	SP_DYN_ADKL	Adolescent birth rate per 1,000 adolescent women aged 15-19	876	-176.2034788	-13.28471201	WLF	Wallis and Futuna Islands	1	15-19	ANNUAL	FEMALE	PER_1000_POP																					
2017.Q2.G.01	SP_DYN_ADKL	Adolescent birth rate per 1,000 adolescent women aged 15-19	882	-172.4430749	-13.61541469	WSM	Samoa	1	15-19	ANNUAL	FEMALE	PER_1000_POP																					
2017.Q2.G.01	SP_DYN_ADKL	Adolescent birth rate per 1,000 adolescent women aged 15-19	887	45.22389143	15.22242099	YEM	Yemen	1	15-19	ANNUAL	FEMALE	PER_1000_POP	83					80							67				67	2012	67	Yemen 2013 Demographic and Health Survey	C
2017.Q2.G.01	SP_DYN_ADKL	Adolescent birth rate per 1,000 adolescent women aged 15-19	894	27.850329	-14.59701056	ZMB	Zambia	1	15-19	ANNUAL	FEMALE	PER_1000_POP	160						146				140.699997		141				141	2012	141	Zambia 2013-2014 Demographic and Health Survey	C
