series.release	series.code	series.description	geoAreaCode	X	Y	ISO3CD	geoAreaName	sliceId	Freq	Units	2010	2015	latest.year	latest.value	latest.source	latest.nature
2017.Q2.G.01	AG_LND_FRSTPRCT	Proportion of forest area within legally established protected areas	4	66.02688198	33.83160199	AFG	Afghanistan	1	ANNUAL	PERCENT						
2017.Q2.G.01	AG_LND_FRSTPRCT	Proportion of forest area within legally established protected areas	8	20.06660928	41.13897007	ALB	Albania	1	ANNUAL	PERCENT	21.011		2010	21.011	FAO estimates	E
2017.Q2.G.01	AG_LND_FRSTPRCT	Proportion of forest area within legally established protected areas	10	21.47585697	-80.40897662	ATA	Antarctica	1	ANNUAL	PERCENT						
2017.Q2.G.01	AG_LND_FRSTPRCT	Proportion of forest area within legally established protected areas	12	2.678164227	28.15940032	DZA	Algeria	1	ANNUAL	PERCENT	6.0838	6.0838	2015	6.0838	Official submission of country data to FAO Global Forest Resources Assessment	C
2017.Q2.G.01	AG_LND_FRSTPRCT	Proportion of forest area within legally established protected areas	16	-170.7187269	-14.30587306	ASM	American Samoa	1	ANNUAL	PERCENT	0	0	2015	0	FAO estimates	E
2017.Q2.G.01	AG_LND_FRSTPRCT	Proportion of forest area within legally established protected areas	20	1.576257417	42.54548611	AND	Andorra	1	ANNUAL	PERCENT						
2017.Q2.G.01	AG_LND_FRSTPRCT	Proportion of forest area within legally established protected areas	24	17.57817062	-12.33724746	AGO	Angola	1	ANNUAL	PERCENT	3.2183	3.2183	2015	3.2183	Official submission of country data to FAO Global Forest Resources Assessment	C
2017.Q2.G.01	AG_LND_FRSTPRCT	Proportion of forest area within legally established protected areas	28	-61.7999755	17.07761471	ATG	Antigua and Barbuda	1	ANNUAL	PERCENT						
2017.Q2.G.01	AG_LND_FRSTPRCT	Proportion of forest area within legally established protected areas	31	50.01064725	40.39229544	AZE	Azerbaijan	1	ANNUAL	PERCENT						
2017.Q2.G.01	AG_LND_FRSTPRCT	Proportion of forest area within legally established protected areas	32	-65.14563274	-35.19446255	ARG	Argentina	1	ANNUAL	PERCENT	4.2785	7.1407	2015	7.1407	Official submission of country data to FAO Global Forest Resources Assessment	C
2017.Q2.G.01	AG_LND_FRSTPRCT	Proportion of forest area within legally established protected areas	36	134.3499412	-25.57717202	AUS	Australia	1	ANNUAL	PERCENT	15.2392	17.1718	2015	17.1718	Official submission of country data to FAO Global Forest Resources Assessment	C
2017.Q2.G.01	AG_LND_FRSTPRCT	Proportion of forest area within legally established protected areas	40	14.14172472	47.58704857	AUT	Austria	1	ANNUAL	PERCENT	17.0328	17.0328	2015	17.0328	Official submission of country data to FAO Global Forest Resources Assessment	C
2017.Q2.G.01	AG_LND_FRSTPRCT	Proportion of forest area within legally established protected areas	44	-78.05111663	24.69546597	BHS	Bahamas	1	ANNUAL	PERCENT						
2017.Q2.G.01	AG_LND_FRSTPRCT	Proportion of forest area within legally established protected areas	48	50.5490754	26.04407747	BHR	Bahrain	1	ANNUAL	PERCENT						
2017.Q2.G.01	AG_LND_FRSTPRCT	Proportion of forest area within legally established protected areas	50	89.17660788	22.86961622	BGD	Bangladesh	1	ANNUAL	PERCENT	17.3548	18.9643	2015	18.9643	Official submission of country data to FAO Global Forest Resources Assessment	C
2017.Q2.G.01	AG_LND_FRSTPRCT	Proportion of forest area within legally established protected areas	51	44.93839317	40.29499741	ARM	Armenia	1	ANNUAL	PERCENT						
2017.Q2.G.01	AG_LND_FRSTPRCT	Proportion of forest area within legally established protected areas	52	-59.5346489	13.13648273	BRB	Barbados	1	ANNUAL	PERCENT						
2017.Q2.G.01	AG_LND_FRSTPRCT	Proportion of forest area within legally established protected areas	56	4.660976456	50.64104975	BEL	Belgium	1	ANNUAL	PERCENT	3.8484	3.8484	2015	3.8484	Official submission of country data to FAO Global Forest Resources Assessment	C
2017.Q2.G.01	AG_LND_FRSTPRCT	Proportion of forest area within legally established protected areas	60	-64.78155012	32.27881922	BMU	Bermuda	1	ANNUAL	PERCENT						
2017.Q2.G.01	AG_LND_FRSTPRCT	Proportion of forest area within legally established protected areas	64	90.45098484	27.39598568	BTN	Bhutan	1	ANNUAL	PERCENT	31.9661	32.2118	2015	32.2118	Official submission of country data to FAO Global Forest Resources Assessment	C
2017.Q2.G.01	AG_LND_FRSTPRCT	Proportion of forest area within legally established protected areas	68	-64.66224284	-16.71273412	BOL	Bolivia (Plurinational State of)	1	ANNUAL	PERCENT	19.5019	19.5019	2015	19.5019	Official submission of country data to FAO Global Forest Resources Assessment	C
2017.Q2.G.01	AG_LND_FRSTPRCT	Proportion of forest area within legally established protected areas	70	17.78584332	44.16845548	BIH	Bosnia and Herzegovina	1	ANNUAL	PERCENT						
2017.Q2.G.01	AG_LND_FRSTPRCT	Proportion of forest area within legally established protected areas	72	23.81380223	-22.18810073	BWA	Botswana	1	ANNUAL	PERCENT	104.714	100	2015	100	Official submission of country data to FAO Global Forest Resources Assessment	C
2017.Q2.G.01	AG_LND_FRSTPRCT	Proportion of forest area within legally established protected areas	74	3.410732868	-54.43295905	BVT	Bouvet Island	1	ANNUAL	PERCENT						
2017.Q2.G.01	AG_LND_FRSTPRCT	Proportion of forest area within legally established protected areas	76	-53.08432878	-10.77668561	BRA	Brazil	1	ANNUAL	PERCENT	41.4835	41.7854	2015	41.7854	Official submission of country data to FAO Global Forest Resources Assessment	C
2017.Q2.G.01	AG_LND_FRSTPRCT	Proportion of forest area within legally established protected areas	84	-88.70199554	17.19965901	BLZ	Belize	1	ANNUAL	PERCENT						
2017.Q2.G.01	AG_LND_FRSTPRCT	Proportion of forest area within legally established protected areas	86	72.38715553	-7.299281071	IOT	British Indian Ocean Territory	1	ANNUAL	PERCENT						
2017.Q2.G.01	AG_LND_FRSTPRCT	Proportion of forest area within legally established protected areas	90	160.1584117	-9.622391719	SLB	Solomon Islands	1	ANNUAL	PERCENT	0	0	2015	0	FAO estimates	E
2017.Q2.G.01	AG_LND_FRSTPRCT	Proportion of forest area within legally established protected areas	92	-64.63294223	18.42256578	VGB	British Virgin Islands	1	ANNUAL	PERCENT						
2017.Q2.G.01	AG_LND_FRSTPRCT	Proportion of forest area within legally established protected areas	96	114.6288563	4.49736984	BRN	Brunei Darussalam	1	ANNUAL	PERCENT	5	5	2015	5	FAO estimates	E
2017.Q2.G.01	AG_LND_FRSTPRCT	Proportion of forest area within legally established protected areas	100	25.23763153	42.75731323	BGR	Bulgaria	1	ANNUAL	PERCENT	14.9621		2010	14.9621	Official submission of country data to FAO Global Forest Resources Assessment	C
2017.Q2.G.01	AG_LND_FRSTPRCT	Proportion of forest area within legally established protected areas	104	96.51752295	21.19332882	MMR	Myanmar	1	ANNUAL	PERCENT	7.1657	15.3783	2015	15.3783	Official submission of country data to FAO Global Forest Resources Assessment	C
2017.Q2.G.01	AG_LND_FRSTPRCT	Proportion of forest area within legally established protected areas	108	29.89080992	-3.366387428	BDI	Burundi	1	ANNUAL	PERCENT	50.5833	56.3804	2015	56.3804	Official submission of country data to FAO Global Forest Resources Assessment	C
2017.Q2.G.01	AG_LND_FRSTPRCT	Proportion of forest area within legally established protected areas	112	28.04940161	53.54193075	BLR	Belarus	1	ANNUAL	PERCENT	13.992	15.8603	2015	15.8603	Official submission of country data to FAO Global Forest Resources Assessment	C
2017.Q2.G.01	AG_LND_FRSTPRCT	Proportion of forest area within legally established protected areas	116	104.922836	12.71163737	KHM	Cambodia	1	ANNUAL	PERCENT	32.6954	32.6954	2015	32.6954	Official submission of country data to FAO Global Forest Resources Assessment	C
2017.Q2.G.01	AG_LND_FRSTPRCT	Proportion of forest area within legally established protected areas	120	12.7419827	5.692387031	CMR	Cameroon	1	ANNUAL	PERCENT	48.3897	48.3897	2015	48.3897	Official submission of country data to FAO Global Forest Resources Assessment	C
2017.Q2.G.01	AG_LND_FRSTPRCT	Proportion of forest area within legally established protected areas	124	-101.6575058	57.72360191	CAN	Canada	1	ANNUAL	PERCENT	6.8932	6.8932	2015	6.8932	Official submission of country data to FAO Global Forest Resources Assessment	C
2017.Q2.G.01	AG_LND_FRSTPRCT	Proportion of forest area within legally established protected areas	132	-23.63544151	15.07791834	CPV	Cabo Verde	1	ANNUAL	PERCENT	3.8441	3.8441	2015	3.8441	Official submission of country data to FAO Global Forest Resources Assessment	C
2017.Q2.G.01	AG_LND_FRSTPRCT	Proportion of forest area within legally established protected areas	136	-81.16740559	19.32266656	CYM	Cayman Islands	1	ANNUAL	PERCENT						
2017.Q2.G.01	AG_LND_FRSTPRCT	Proportion of forest area within legally established protected areas	140	20.93559492	7.003720791	CAF	Central African Republic	1	ANNUAL	PERCENT	1.1141	1.1141	2015	1.1141	Official submission of country data to FAO Global Forest Resources Assessment	C
2017.Q2.G.01	AG_LND_FRSTPRCT	Proportion of forest area within legally established protected areas	144	80.70489654	7.614693343	LKA	Sri Lanka	1	ANNUAL	PERCENT						
2017.Q2.G.01	AG_LND_FRSTPRCT	Proportion of forest area within legally established protected areas	148	18.66618401	15.36279341	TCD	Chad	1	ANNUAL	PERCENT						
2017.Q2.G.01	AG_LND_FRSTPRCT	Proportion of forest area within legally established protected areas	152	-71.23029019	-35.2652885	CHL	Chile	1	ANNUAL	PERCENT	22.5092	20.8458	2015	20.8458	Official submission of country data to FAO Global Forest Resources Assessment	C
2017.Q2.G.01	AG_LND_FRSTPRCT	Proportion of forest area within legally established protected areas	156	104.1403375	32.30955217	CHN	China	1	ANNUAL	PERCENT	12.971	13.4873	2015	13.4873	Official submission of country data to FAO Global Forest Resources Assessment	C
2017.Q2.G.01	AG_LND_FRSTPRCT	Proportion of forest area within legally established protected areas	162	105.6426067	-10.4882473	CXR	Christmas Island	1	ANNUAL	PERCENT						
2017.Q2.G.01	AG_LND_FRSTPRCT	Proportion of forest area within legally established protected areas	166	96.82633757	-12.18600682	CCK	Cocos (Keeling) Islands	1	ANNUAL	PERCENT						
2017.Q2.G.01	AG_LND_FRSTPRCT	Proportion of forest area within legally established protected areas	170	-73.07446751	3.888209046	COL	Colombia	1	ANNUAL	PERCENT	16.9392	17.988	2015	17.988	Official submission of country data to FAO Global Forest Resources Assessment	C
2017.Q2.G.01	AG_LND_FRSTPRCT	Proportion of forest area within legally established protected areas	174	43.34234565	-11.66121732	COM	Comoros	1	ANNUAL	PERCENT	0	0	2015	0	FAO estimates	E
2017.Q2.G.01	AG_LND_FRSTPRCT	Proportion of forest area within legally established protected areas	175	45.14015057	-12.82217691	MYT	Mayotte	1	ANNUAL	PERCENT		31.4433	2015	31.4433	FAO estimates	E
2017.Q2.G.01	AG_LND_FRSTPRCT	Proportion of forest area within legally established protected areas	178	15.22052612	-0.840544119	COG	Congo	1	ANNUAL	PERCENT	4.4148	4.4148	2015	4.4148	Official submission of country data to FAO Global Forest Resources Assessment	C
2017.Q2.G.01	AG_LND_FRSTPRCT	Proportion of forest area within legally established protected areas	180	23.65496507	-2.877154732	COD	Democratic Republic of the Congo	1	ANNUAL	PERCENT	10.6811	15.9243	2015	15.9243	Official submission of country data to FAO Global Forest Resources Assessment	C
2017.Q2.G.01	AG_LND_FRSTPRCT	Proportion of forest area within legally established protected areas	184	-159.7711391	-21.22696458	COK	Cook Islands	1	ANNUAL	PERCENT						
2017.Q2.G.01	AG_LND_FRSTPRCT	Proportion of forest area within legally established protected areas	188	-84.19712782	9.970998683	CRI	Costa Rica	1	ANNUAL	PERCENT		49.1473	2015	49.1473	Official submission of country data to FAO Global Forest Resources Assessment	C
2017.Q2.G.01	AG_LND_FRSTPRCT	Proportion of forest area within legally established protected areas	191	17.95874553	45.45172212	HRV	Croatia	1	ANNUAL	PERCENT	2.8096	2.8096	2015	2.8096	Official submission of country data to FAO Global Forest Resources Assessment	C
2017.Q2.G.01	AG_LND_FRSTPRCT	Proportion of forest area within legally established protected areas	192	-79.54460144	22.10030366	CUB	Cuba	1	ANNUAL	PERCENT	18	20.25	2015	20.25	Official submission of country data to FAO Global Forest Resources Assessment	C
2017.Q2.G.01	AG_LND_FRSTPRCT	Proportion of forest area within legally established protected areas	196	33.22285964	35.05659437	CYP	Cyprus	1	ANNUAL	PERCENT	9.7481	9.7481	2015	9.7481	Official submission of country data to FAO Global Forest Resources Assessment	C
2017.Q2.G.01	AG_LND_FRSTPRCT	Proportion of forest area within legally established protected areas	203	15.33151382	49.73913871	CZE	Czechia	1	ANNUAL	PERCENT	27.5216	27.859	2015	27.859	Official submission of country data to FAO Global Forest Resources Assessment	C
2017.Q2.G.01	AG_LND_FRSTPRCT	Proportion of forest area within legally established protected areas	204	2.339933594	9.65401646	BEN	Benin	1	ANNUAL	PERCENT	58.5015	58.5015	2015	58.5015	Official submission of country data to FAO Global Forest Resources Assessment	C
2017.Q2.G.01	AG_LND_FRSTPRCT	Proportion of forest area within legally established protected areas	208	9.326571283	56.03829721	DNK	Denmark	1	ANNUAL	PERCENT	5.8804	5.8804	2015	5.8804	Official submission of country data to FAO Global Forest Resources Assessment	C
2017.Q2.G.01	AG_LND_FRSTPRCT	Proportion of forest area within legally established protected areas	212	-61.3493756	15.43391378	DMA	Dominica	1	ANNUAL	PERCENT						
2017.Q2.G.01	AG_LND_FRSTPRCT	Proportion of forest area within legally established protected areas	214	-70.49847576	18.89832088	DOM	Dominican Republic	1	ANNUAL	PERCENT						
2017.Q2.G.01	AG_LND_FRSTPRCT	Proportion of forest area within legally established protected areas	218	-78.37005241	-1.447785891	ECU	Ecuador	1	ANNUAL	PERCENT	25.6571	25.9333	2015	25.9333	Official submission of country data to FAO Global Forest Resources Assessment	C
2017.Q2.G.01	AG_LND_FRSTPRCT	Proportion of forest area within legally established protected areas	222	-88.86862995	13.73603564	SLV	El Salvador	1	ANNUAL	PERCENT	12.0755	12.0755	2015	12.0755	Official submission of country data to FAO Global Forest Resources Assessment	C
2017.Q2.G.01	AG_LND_FRSTPRCT	Proportion of forest area within legally established protected areas	226	10.46535826	1.565792376	GNQ	Equatorial Guinea	1	ANNUAL	PERCENT	17.4745	17.4745	2015	17.4745	Official submission of country data to FAO Global Forest Resources Assessment	C
2017.Q2.G.01	AG_LND_FRSTPRCT	Proportion of forest area within legally established protected areas	231	39.63505296	8.631223181	ETH	Ethiopia	1	ANNUAL	PERCENT						
2017.Q2.G.01	AG_LND_FRSTPRCT	Proportion of forest area within legally established protected areas	232	38.11074289	16.12894644	ERI	Eritrea	1	ANNUAL	PERCENT	3.6424	3.6424	2015	3.6424	FAO estimates	E
2017.Q2.G.01	AG_LND_FRSTPRCT	Proportion of forest area within legally established protected areas	233	25.84093481	58.68487172	EST	Estonia	1	ANNUAL	PERCENT	10.2151	10.7079	2015	10.7079	Official submission of country data to FAO Global Forest Resources Assessment	C
2017.Q2.G.01	AG_LND_FRSTPRCT	Proportion of forest area within legally established protected areas	234	-7.122044325	62.21228119	FRO	Faroe Islands	1	ANNUAL	PERCENT						
2017.Q2.G.01	AG_LND_FRSTPRCT	Proportion of forest area within legally established protected areas	238	-58.75246778	-51.74562601	FLK	Falkland Islands (Malvinas)	1	ANNUAL	PERCENT	0	0	2015	0	FAO estimates	E
2017.Q2.G.01	AG_LND_FRSTPRCT	Proportion of forest area within legally established protected areas	239	-36.90662765	-54.20736749	SGS	South Georgia and the South Sandwich Islands	1	ANNUAL	PERCENT						
2017.Q2.G.01	AG_LND_FRSTPRCT	Proportion of forest area within legally established protected areas	242	177.9660884	-17.83301566	FJI	Fiji	1	ANNUAL	PERCENT	5.5053	5.5053	2015	5.5053	Official submission of country data to FAO Global Forest Resources Assessment	C
2017.Q2.G.01	AG_LND_FRSTPRCT	Proportion of forest area within legally established protected areas	246	23.308447	61.91586738	FIN	Finland	1	ANNUAL	PERCENT	17.683	17.683	2015	17.683	Official submission of country data to FAO Global Forest Resources Assessment	C
2017.Q2.G.01	AG_LND_FRSTPRCT	Proportion of forest area within legally established protected areas	248	19.80945969	60.1544901	ALA	Åland Islands	1	ANNUAL	PERCENT						
2017.Q2.G.01	AG_LND_FRSTPRCT	Proportion of forest area within legally established protected areas	250	2.457288129	46.62660861	FRA	France	1	ANNUAL	PERCENT	2.8724		2010	2.8724	Official submission of country data to FAO Global Forest Resources Assessment	C
2017.Q2.G.01	AG_LND_FRSTPRCT	Proportion of forest area within legally established protected areas	254	-53.23619089	3.922673437	GUF	French Guiana	1	ANNUAL	PERCENT	29.7417	28.7946	2015	28.7946	Official submission of country data to FAO Global Forest Resources Assessment	C
2017.Q2.G.01	AG_LND_FRSTPRCT	Proportion of forest area within legally established protected areas	258	-149.4052367	-17.67709294	PYF	French Polynesia	1	ANNUAL	PERCENT	4.5161	4.5161	2015	4.5161	FAO estimates	E
2017.Q2.G.01	AG_LND_FRSTPRCT	Proportion of forest area within legally established protected areas	260	69.64849091	-49.6068576	ATF	French Southern Territories	1	ANNUAL	PERCENT						
2017.Q2.G.01	AG_LND_FRSTPRCT	Proportion of forest area within legally established protected areas	262	42.18274707	11.56004161	DJI	Djibouti	1	ANNUAL	PERCENT	0	0	2015	0	FAO estimates	E
2017.Q2.G.01	AG_LND_FRSTPRCT	Proportion of forest area within legally established protected areas	266	11.78727747	-0.60687619	GAB	Gabon	1	ANNUAL	PERCENT	14.9304	16.7696	2015	16.7696	Official submission of country data to FAO Global Forest Resources Assessment	C
2017.Q2.G.01	AG_LND_FRSTPRCT	Proportion of forest area within legally established protected areas	268	43.3713615	42.04813028	GEO	Georgia	1	ANNUAL	PERCENT	9.6974	9.6974	2015	9.6974	Official submission of country data to FAO Global Forest Resources Assessment	C
2017.Q2.G.01	AG_LND_FRSTPRCT	Proportion of forest area within legally established protected areas	270	-15.39944785	13.45295927	GMB	Gambia	1	ANNUAL	PERCENT	8.8115	8.9754	2015	8.9754	Official submission of country data to FAO Global Forest Resources Assessment	C
2017.Q2.G.01	AG_LND_FRSTPRCT	Proportion of forest area within legally established protected areas	275	35.25694122	31.94347933	PSE	State of Palestine	1	ANNUAL	PERCENT						
2017.Q2.G.01	AG_LND_FRSTPRCT	Proportion of forest area within legally established protected areas	276	10.3806066	51.08862743	DEU	Germany	1	ANNUAL	PERCENT	28.9517	28.9517	2015	28.9517	Official submission of country data to FAO Global Forest Resources Assessment	C
2017.Q2.G.01	AG_LND_FRSTPRCT	Proportion of forest area within legally established protected areas	288	-1.205623522	7.964825185	GHA	Ghana	1	ANNUAL	PERCENT	1.3923	1.3923	2015	1.3923	Official submission of country data to FAO Global Forest Resources Assessment	C
2017.Q2.G.01	AG_LND_FRSTPRCT	Proportion of forest area within legally established protected areas	292	-5.347561686	36.13895036	GIB	Gibraltar	1	ANNUAL	PERCENT	0	0	2015	0	FAO estimates	E
2017.Q2.G.01	AG_LND_FRSTPRCT	Proportion of forest area within legally established protected areas	296	-157.5643005	1.768837732	KIR	Kiribati	1	ANNUAL	PERCENT						
2017.Q2.G.01	AG_LND_FRSTPRCT	Proportion of forest area within legally established protected areas	300	22.58307827	39.47301873	GRC	Greece	1	ANNUAL	PERCENT	4.0454	4.0454	2015	4.0454	FAO estimates	E
2017.Q2.G.01	AG_LND_FRSTPRCT	Proportion of forest area within legally established protected areas	304	-41.39371316	74.75625681	GRL	Greenland	1	ANNUAL	PERCENT						
2017.Q2.G.01	AG_LND_FRSTPRCT	Proportion of forest area within legally established protected areas	308	-61.68248568	12.11238395	GRD	Grenada	1	ANNUAL	PERCENT	13.6551	13.6551	2015	13.6551	FAO estimates	E
2017.Q2.G.01	AG_LND_FRSTPRCT	Proportion of forest area within legally established protected areas	312	-61.64762115	16.14416917	GLP	Guadeloupe	1	ANNUAL	PERCENT	20.141	32.869	2015	32.869	Official submission of country data to FAO Global Forest Resources Assessment	C
2017.Q2.G.01	AG_LND_FRSTPRCT	Proportion of forest area within legally established protected areas	316	144.7029305	13.35485404	GUM	Guam	1	ANNUAL	PERCENT						
2017.Q2.G.01	AG_LND_FRSTPRCT	Proportion of forest area within legally established protected areas	320	-91.2312746	15.00273719	GTM	Guatemala	1	ANNUAL	PERCENT	54.6893	51.9774	2015	51.9774	Official submission of country data to FAO Global Forest Resources Assessment	C
2017.Q2.G.01	AG_LND_FRSTPRCT	Proportion of forest area within legally established protected areas	324	-11.28173419	11.00210343	GIN	Guinea	1	ANNUAL	PERCENT	3.8026	3.8026	2015	3.8026	Official submission of country data to FAO Global Forest Resources Assessment	C
2017.Q2.G.01	AG_LND_FRSTPRCT	Proportion of forest area within legally established protected areas	328	-58.97322037	4.788012784	GUY	Guyana	1	ANNUAL	PERCENT	11.376	11.376	2015	11.376	Official submission of country data to FAO Global Forest Resources Assessment	C
2017.Q2.G.01	AG_LND_FRSTPRCT	Proportion of forest area within legally established protected areas	332	-72.33640958	18.40426539	HTI	Haiti	1	ANNUAL	PERCENT	4.1237	4.1237	2015	4.1237	Official submission of country data to FAO Global Forest Resources Assessment	C
2017.Q2.G.01	AG_LND_FRSTPRCT	Proportion of forest area within legally established protected areas	334	73.52633626	-53.09106147	HMD	Heard Island and McDonald Islands	1	ANNUAL	PERCENT						
2017.Q2.G.01	AG_LND_FRSTPRCT	Proportion of forest area within legally established protected areas	336	12.45315803	41.90343751	VAT	Holy See	1	ANNUAL	PERCENT	0	0	2015	0	FAO estimates	E
2017.Q2.G.01	AG_LND_FRSTPRCT	Proportion of forest area within legally established protected areas	340	-86.59974381	14.82243161	HND	Honduras	1	ANNUAL	PERCENT	50.8493	50.8493	2015	50.8493	Official submission of country data to FAO Global Forest Resources Assessment	C
2017.Q2.G.01	AG_LND_FRSTPRCT	Proportion of forest area within legally established protected areas	344	114.0266445	22.41749934	HKG	China, Hong Kong Special Administrative Region	1	ANNUAL	PERCENT						
2017.Q2.G.01	AG_LND_FRSTPRCT	Proportion of forest area within legally established protected areas	348	19.41221519	47.1651448	HUN	Hungary	1	ANNUAL	PERCENT	42.146	42.291	2015	42.291	Official submission of country data to FAO Global Forest Resources Assessment	C
2017.Q2.G.01	AG_LND_FRSTPRCT	Proportion of forest area within legally established protected areas	352	-19.02116966	64.79134763	ISL	Iceland	1	ANNUAL	PERCENT	1.2195	1.2195	2015	1.2195	Official submission of country data to FAO Global Forest Resources Assessment	C
2017.Q2.G.01	AG_LND_FRSTPRCT	Proportion of forest area within legally established protected areas	356	79.3608464	22.34642074	IND	India	1	ANNUAL	PERCENT	22.8092	22.8092	2015	22.8092	Official submission of country data to FAO Global Forest Resources Assessment	C
2017.Q2.G.01	AG_LND_FRSTPRCT	Proportion of forest area within legally established protected areas	360	113.9174	-0.994582204	IDN	Indonesia	1	ANNUAL	PERCENT	35.393	35.3928	2015	35.3928	Official submission of country data to FAO Global Forest Resources Assessment	C
2017.Q2.G.01	AG_LND_FRSTPRCT	Proportion of forest area within legally established protected areas	364	54.19766348	32.74370885	IRN	Iran (Islamic Republic of)	1	ANNUAL	PERCENT	9.9981	9.9981	2015	9.9981	Official submission of country data to FAO Global Forest Resources Assessment	C
2017.Q2.G.01	AG_LND_FRSTPRCT	Proportion of forest area within legally established protected areas	368	43.76606267	33.05013795	IRQ	Iraq	1	ANNUAL	PERCENT						
2017.Q2.G.01	AG_LND_FRSTPRCT	Proportion of forest area within legally established protected areas	372	-7.121425272	53.25274054	IRL	Ireland	1	ANNUAL	PERCENT	0.8621	0.8621	2015	0.8621	Official submission of country data to FAO Global Forest Resources Assessment	C
2017.Q2.G.01	AG_LND_FRSTPRCT	Proportion of forest area within legally established protected areas	376	34.62277992	31.06164552	ISR	Israel	1	ANNUAL	PERCENT	16.9697	21.8182	2015	21.8182	Official submission of country data to FAO Global Forest Resources Assessment	C
2017.Q2.G.01	AG_LND_FRSTPRCT	Proportion of forest area within legally established protected areas	380	12.57022427	42.79917282	ITA	Italy	1	ANNUAL	PERCENT	35.1189	35.1189	2015	35.1189	Official submission of country data to FAO Global Forest Resources Assessment	C
2017.Q2.G.01	AG_LND_FRSTPRCT	Proportion of forest area within legally established protected areas	384	-5.552690016	7.62211586	CIV	Côte d'Ivoire	1	ANNUAL	PERCENT	7.7685	7.7685	2015	7.7685	FAO estimates	E
2017.Q2.G.01	AG_LND_FRSTPRCT	Proportion of forest area within legally established protected areas	388	-77.31068409	18.15616857	JAM	Jamaica	1	ANNUAL	PERCENT	35.3819	35.3819	2015	35.3819	Official submission of country data to FAO Global Forest Resources Assessment	C
2017.Q2.G.01	AG_LND_FRSTPRCT	Proportion of forest area within legally established protected areas	392	139.2716103	36.6554539	JPN	Japan	1	ANNUAL	PERCENT	16.4677		2010	16.4677	Official submission of country data to FAO Global Forest Resources Assessment	C
2017.Q2.G.01	AG_LND_FRSTPRCT	Proportion of forest area within legally established protected areas	398	66.65359159	48.01963494	KAZ	Kazakhstan	1	ANNUAL	PERCENT						
2017.Q2.G.01	AG_LND_FRSTPRCT	Proportion of forest area within legally established protected areas	400	37.13024774	30.65365973	JOR	Jordan	1	ANNUAL	PERCENT	35.4872	35.4872	2015	35.4872	FAO estimates	E
2017.Q2.G.01	AG_LND_FRSTPRCT	Proportion of forest area within legally established protected areas	404	37.86096816	0.534797278	KEN	Kenya	1	ANNUAL	PERCENT	11.8287	13.211	2015	13.211	Official submission of country data to FAO Global Forest Resources Assessment	C
2017.Q2.G.01	AG_LND_FRSTPRCT	Proportion of forest area within legally established protected areas	408	127.1803633	40.1462645	PRK	Democratic People's Republic of Korea	1	ANNUAL	PERCENT	22.4409	22.4409	2015	22.4409	FAO estimates	E
2017.Q2.G.01	AG_LND_FRSTPRCT	Proportion of forest area within legally established protected areas	410	127.8610254	36.45201023	KOR	Republic of Korea	1	ANNUAL	PERCENT	11.4166	11.3034	2015	11.3034	Official submission of country data to FAO Global Forest Resources Assessment	C
2017.Q2.G.01	AG_LND_FRSTPRCT	Proportion of forest area within legally established protected areas	414	47.49305029	29.53949468	KWT	Kuwait	1	ANNUAL	PERCENT						
2017.Q2.G.01	AG_LND_FRSTPRCT	Proportion of forest area within legally established protected areas	417	74.52324839	41.46204516	KGZ	Kyrgyzstan	1	ANNUAL	PERCENT	12.2841	12.2841	2015	12.2841	Official submission of country data to FAO Global Forest Resources Assessment	C
2017.Q2.G.01	AG_LND_FRSTPRCT	Proportion of forest area within legally established protected areas	418	101.9901968	20.27482773	LAO	Lao People's Democratic Republic	1	ANNUAL	PERCENT						
2017.Q2.G.01	AG_LND_FRSTPRCT	Proportion of forest area within legally established protected areas	422	35.89391711	33.92152458	LBN	Lebanon	1	ANNUAL	PERCENT	2.5492	2.5492	2015	2.5492	Official submission of country data to FAO Global Forest Resources Assessment	C
2017.Q2.G.01	AG_LND_FRSTPRCT	Proportion of forest area within legally established protected areas	426	28.25362195	-29.58041814	LSO	Lesotho	1	ANNUAL	PERCENT	2.0408	2.0408	2015	2.0408	Official submission of country data to FAO Global Forest Resources Assessment	C
2017.Q2.G.01	AG_LND_FRSTPRCT	Proportion of forest area within legally established protected areas	428	26.42461876	56.64196636	LVA	Latvia	1	ANNUAL	PERCENT	17.497	17.9052	2015	17.9052	Official submission of country data to FAO Global Forest Resources Assessment	C
2017.Q2.G.01	AG_LND_FRSTPRCT	Proportion of forest area within legally established protected areas	430	-9.311879038	6.448381009	LBR	Liberia	1	ANNUAL	PERCENT	4.738	4.738	2015	4.738	Official submission of country data to FAO Global Forest Resources Assessment	C
2017.Q2.G.01	AG_LND_FRSTPRCT	Proportion of forest area within legally established protected areas	434	18.0295985	27.04042819	LBY	Libya	1	ANNUAL	PERCENT						
2017.Q2.G.01	AG_LND_FRSTPRCT	Proportion of forest area within legally established protected areas	438	9.552985019	47.14167005	LIE	Liechtenstein	1	ANNUAL	PERCENT	60	60	2015	60	FAO estimates	E
2017.Q2.G.01	AG_LND_FRSTPRCT	Proportion of forest area within legally established protected areas	440	23.90517807	55.33680309	LTU	Lithuania	1	ANNUAL	PERCENT	20.8257	21.1009	2015	21.1009	Official submission of country data to FAO Global Forest Resources Assessment	C
2017.Q2.G.01	AG_LND_FRSTPRCT	Proportion of forest area within legally established protected areas	442	6.092656563	49.77679538	LUX	Luxembourg	1	ANNUAL	PERCENT						
2017.Q2.G.01	AG_LND_FRSTPRCT	Proportion of forest area within legally established protected areas	446	113.5665388	22.1237259	MAC	China, Macao Special Administrative Region	1	ANNUAL	PERCENT						
2017.Q2.G.01	AG_LND_FRSTPRCT	Proportion of forest area within legally established protected areas	450	46.6982339	-19.38514785	MDG	Madagascar	1	ANNUAL	PERCENT	38.0983	39.3891	2015	39.3891	Official submission of country data to FAO Global Forest Resources Assessment	C
2017.Q2.G.01	AG_LND_FRSTPRCT	Proportion of forest area within legally established protected areas	454	33.4884625	-13.40819859	MWI	Malawi	1	ANNUAL	PERCENT	24.0547	24.0547	2015	24.0547	Official submission of country data to FAO Global Forest Resources Assessment	C
2017.Q2.G.01	AG_LND_FRSTPRCT	Proportion of forest area within legally established protected areas	458	116.8346314	5.452415309	MYS	Malaysia	1	ANNUAL	PERCENT	21.9284	22.7123	2015	22.7123	Official submission of country data to FAO Global Forest Resources Assessment	C
2017.Q2.G.01	AG_LND_FRSTPRCT	Proportion of forest area within legally established protected areas	462	73.09672546	-0.614385021	MDV	Maldives	1	ANNUAL	PERCENT						
2017.Q2.G.01	AG_LND_FRSTPRCT	Proportion of forest area within legally established protected areas	466	-3.522016039	17.35311254	MLI	Mali	1	ANNUAL	PERCENT	82.7147	62.6392	2015	62.6392	Official submission of country data to FAO Global Forest Resources Assessment	C
2017.Q2.G.01	AG_LND_FRSTPRCT	Proportion of forest area within legally established protected areas	470	14.44617519	35.89194275	MLT	Malta	1	ANNUAL	PERCENT	100	100	2015	100	FAO estimates	E
2017.Q2.G.01	AG_LND_FRSTPRCT	Proportion of forest area within legally established protected areas	474	-60.91544135	14.56086108	MTQ	Martinique	1	ANNUAL	PERCENT	4.5361	14.0206	2015	14.0206	Official submission of country data to FAO Global Forest Resources Assessment	C
2017.Q2.G.01	AG_LND_FRSTPRCT	Proportion of forest area within legally established protected areas	478	-10.33187259	20.26089546	MRT	Mauritania	1	ANNUAL	PERCENT						
2017.Q2.G.01	AG_LND_FRSTPRCT	Proportion of forest area within legally established protected areas	480	57.568022	-20.28581998	MUS	Mauritius	1	ANNUAL	PERCENT	38.342	38.342	2015	38.342	Official submission of country data to FAO Global Forest Resources Assessment	C
2017.Q2.G.01	AG_LND_FRSTPRCT	Proportion of forest area within legally established protected areas	484	-102.5148166	23.93378032	MEX	Mexico	1	ANNUAL	PERCENT	12.1288	13.3259	2015	13.3259	Official submission of country data to FAO Global Forest Resources Assessment	C
2017.Q2.G.01	AG_LND_FRSTPRCT	Proportion of forest area within legally established protected areas	492	7.424214814	43.73532918	MCO	Monaco	1	ANNUAL	PERCENT	0	0	2015	0	FAO estimates	E
2017.Q2.G.01	AG_LND_FRSTPRCT	Proportion of forest area within legally established protected areas	496	103.0728057	46.83892054	MNG	Mongolia	1	ANNUAL	PERCENT	41.0426	40.2229	2015	40.2229	Official submission of country data to FAO Global Forest Resources Assessment	C
2017.Q2.G.01	AG_LND_FRSTPRCT	Proportion of forest area within legally established protected areas	498	28.4650624	47.20236795	MDA	Republic of Moldova	1	ANNUAL	PERCENT	15.6479	16.3814	2015	16.3814	FAO estimates	E
2017.Q2.G.01	AG_LND_FRSTPRCT	Proportion of forest area within legally established protected areas	499	19.25214024	42.78717043	MNE	Montenegro	1	ANNUAL	PERCENT	23.2805	23.2805	2015	23.2805	Official submission of country data to FAO Global Forest Resources Assessment	C
2017.Q2.G.01	AG_LND_FRSTPRCT	Proportion of forest area within legally established protected areas	500	-62.19261223	16.73558313	MSR	Montserrat	1	ANNUAL	PERCENT	46.4	46.4	2015	46.4	FAO estimates	E
2017.Q2.G.01	AG_LND_FRSTPRCT	Proportion of forest area within legally established protected areas	504	-6.281942841	31.8440131	MAR	Morocco	1	ANNUAL	PERCENT	6.6761	7.4574	2015	7.4574	Official submission of country data to FAO Global Forest Resources Assessment	C
2017.Q2.G.01	AG_LND_FRSTPRCT	Proportion of forest area within legally established protected areas	508	38.18479941	-14.27963886	MOZ	Mozambique	1	ANNUAL	PERCENT	10.9199	25	2015	25	Official submission of country data to FAO Global Forest Resources Assessment	C
2017.Q2.G.01	AG_LND_FRSTPRCT	Proportion of forest area within legally established protected areas	512	57.87743482	21.98805614	OMN	Oman	1	ANNUAL	PERCENT						
2017.Q2.G.01	AG_LND_FRSTPRCT	Proportion of forest area within legally established protected areas	516	17.21907885	-22.13817068	NAM	Namibia	1	ANNUAL	PERCENT	9.9581	9.9581	2015	9.9581	Official submission of country data to FAO Global Forest Resources Assessment	C
2017.Q2.G.01	AG_LND_FRSTPRCT	Proportion of forest area within legally established protected areas	520	166.92313	-0.528742623	NRU	Nauru	1	ANNUAL	PERCENT	0	0	2015	0	FAO estimates	E
2017.Q2.G.01	AG_LND_FRSTPRCT	Proportion of forest area within legally established protected areas	524	83.94678863	28.25866332	NPL	Nepal	1	ANNUAL	PERCENT	14.4664	16.2266	2015	16.2266	Official submission of country data to FAO Global Forest Resources Assessment	C
2017.Q2.G.01	AG_LND_FRSTPRCT	Proportion of forest area within legally established protected areas	528	5.331480568	51.86728884	NLD	Netherlands	1	ANNUAL	PERCENT	23.1383	23.9362	2015	23.9362	Official submission of country data to FAO Global Forest Resources Assessment	C
2017.Q2.G.01	AG_LND_FRSTPRCT	Proportion of forest area within legally established protected areas	530	-68.30676179	12.22720635	ANT	Netherlands Antilles	1	ANNUAL	PERCENT						
2017.Q2.G.01	AG_LND_FRSTPRCT	Proportion of forest area within legally established protected areas	531	-68.95033464	12.15058042	CUW	Curaçao	1	ANNUAL	PERCENT						
2017.Q2.G.01	AG_LND_FRSTPRCT	Proportion of forest area within legally established protected areas	533	-69.97050586	12.50878756	ABW	Aruba	1	ANNUAL	PERCENT						
2017.Q2.G.01	AG_LND_FRSTPRCT	Proportion of forest area within legally established protected areas	534	-63.06198692	18.03926508	SXM	Sint Maarten (Dutch part)	1	ANNUAL	PERCENT						
2017.Q2.G.01	AG_LND_FRSTPRCT	Proportion of forest area within legally established protected areas	540	165.5067368	-21.41742531	NCL	New Caledonia	1	ANNUAL	PERCENT						
2017.Q2.G.01	AG_LND_FRSTPRCT	Proportion of forest area within legally established protected areas	548	167.0679779	-15.34445547	VUT	Vanuatu	1	ANNUAL	PERCENT						
2017.Q2.G.01	AG_LND_FRSTPRCT	Proportion of forest area within legally established protected areas	554	170.4755673	-43.98721568	NZL	New Zealand	1	ANNUAL	PERCENT	35.5299	36.9582	2015	36.9582	Official submission of country data to FAO Global Forest Resources Assessment	C
2017.Q2.G.01	AG_LND_FRSTPRCT	Proportion of forest area within legally established protected areas	558	-85.03060315	12.84210839	NIC	Nicaragua	1	ANNUAL	PERCENT	31.8687	31.8687	2015	31.8687	Official submission of country data to FAO Global Forest Resources Assessment	C
2017.Q2.G.01	AG_LND_FRSTPRCT	Proportion of forest area within legally established protected areas	562	9.400167877	17.42143036	NER	Niger	1	ANNUAL	PERCENT	19.2644	19.2644	2015	19.2644	Official submission of country data to FAO Global Forest Resources Assessment	C
2017.Q2.G.01	AG_LND_FRSTPRCT	Proportion of forest area within legally established protected areas	566	8.097363256	9.585789025	NGA	Nigeria	1	ANNUAL	PERCENT	35.8787	35.8787	2015	35.8787	Official submission of country data to FAO Global Forest Resources Assessment	C
2017.Q2.G.01	AG_LND_FRSTPRCT	Proportion of forest area within legally established protected areas	570	-169.8601693	-19.05000475	NIU	Niue	1	ANNUAL	PERCENT						
2017.Q2.G.01	AG_LND_FRSTPRCT	Proportion of forest area within legally established protected areas	574	167.9515548	-29.03230018	NFK	Norfolk Island	1	ANNUAL	PERCENT						
2017.Q2.G.01	AG_LND_FRSTPRCT	Proportion of forest area within legally established protected areas	578	11.47846389	61.34311134	NOR	Norway	1	ANNUAL	PERCENT	3.5337	4.7804	2015	4.7804	Official submission of country data to FAO Global Forest Resources Assessment	C
2017.Q2.G.01	AG_LND_FRSTPRCT	Proportion of forest area within legally established protected areas	580	145.7582114	15.19099517	MNP	Northern Mariana Islands	1	ANNUAL	PERCENT						
2017.Q2.G.01	AG_LND_FRSTPRCT	Proportion of forest area within legally established protected areas	581	-162.4343752	5.874443968	UMI	US Minor Outlying Islands	1	ANNUAL	PERCENT						
2017.Q2.G.01	AG_LND_FRSTPRCT	Proportion of forest area within legally established protected areas	583	158.225216	6.880670092	FSM	Micronesia, Federated States of	1	ANNUAL	PERCENT						
2017.Q2.G.01	AG_LND_FRSTPRCT	Proportion of forest area within legally established protected areas	584	171.0839119	7.110213497	MHL	Marshall Islands	1	ANNUAL	PERCENT						
2017.Q2.G.01	AG_LND_FRSTPRCT	Proportion of forest area within legally established protected areas	585	134.5733878	7.502307591	PLW	Palau	1	ANNUAL	PERCENT						
2017.Q2.G.01	AG_LND_FRSTPRCT	Proportion of forest area within legally established protected areas	586	68.80479684	29.36491634	PAK	Pakistan	1	ANNUAL	PERCENT						
2017.Q2.G.01	AG_LND_FRSTPRCT	Proportion of forest area within legally established protected areas	591	-81.26616623	8.450965746	PAN	Panama	1	ANNUAL	PERCENT	43.6647	43.6647	2015	43.6647	Official submission of country data to FAO Global Forest Resources Assessment	C
2017.Q2.G.01	AG_LND_FRSTPRCT	Proportion of forest area within legally established protected areas	598	145.8587761	-6.756057077	PNG	Papua New Guinea	1	ANNUAL	PERCENT	0.9336	5.3518	2015	5.3518	Official submission of country data to FAO Global Forest Resources Assessment	C
2017.Q2.G.01	AG_LND_FRSTPRCT	Proportion of forest area within legally established protected areas	600	-60.54854225	-21.70216237	PRY	Paraguay	1	ANNUAL	PERCENT	12.2952	12.2952	2015	12.2952	Official submission of country data to FAO Global Forest Resources Assessment	C
2017.Q2.G.01	AG_LND_FRSTPRCT	Proportion of forest area within legally established protected areas	604	-71.82093277	-13.58939705	PER	Peru	1	ANNUAL	PERCENT	22.2229	25.4736	2015	25.4736	Official submission of country data to FAO Global Forest Resources Assessment	C
2017.Q2.G.01	AG_LND_FRSTPRCT	Proportion of forest area within legally established protected areas	608	120.8601418	14.16591706	PHL	Philippines	1	ANNUAL	PERCENT	20.0249	23.1965	2015	23.1965	Official submission of country data to FAO Global Forest Resources Assessment	C
2017.Q2.G.01	AG_LND_FRSTPRCT	Proportion of forest area within legally established protected areas	612	-128.3225873	-24.37538456	PCN	Pitcairn	1	ANNUAL	PERCENT						
2017.Q2.G.01	AG_LND_FRSTPRCT	Proportion of forest area within legally established protected areas	616	19.40660158	52.1226733	POL	Poland	1	ANNUAL	PERCENT	1.9502	1.9502	2015	1.9502	Official submission of country data to FAO Global Forest Resources Assessment	C
2017.Q2.G.01	AG_LND_FRSTPRCT	Proportion of forest area within legally established protected areas	620	-7.961599811	39.68509315	PRT	Portugal	1	ANNUAL	PERCENT	21.1424	21.1424	2015	21.1424	Official submission of country data to FAO Global Forest Resources Assessment	C
2017.Q2.G.01	AG_LND_FRSTPRCT	Proportion of forest area within legally established protected areas	624	-14.40182514	12.11760394	GNB	Guinea-Bissau	1	ANNUAL	PERCENT						
2017.Q2.G.01	AG_LND_FRSTPRCT	Proportion of forest area within legally established protected areas	626	125.9451052	-8.797497247	TLS	Timor-Leste	1	ANNUAL	PERCENT						
2017.Q2.G.01	AG_LND_FRSTPRCT	Proportion of forest area within legally established protected areas	630	-66.47591017	18.22753799	PRI	Puerto Rico	1	ANNUAL	PERCENT						
2017.Q2.G.01	AG_LND_FRSTPRCT	Proportion of forest area within legally established protected areas	634	51.19152467	25.28355379	QAT	Qatar	1	ANNUAL	PERCENT	0	0	2015	0	FAO estimates	E
2017.Q2.G.01	AG_LND_FRSTPRCT	Proportion of forest area within legally established protected areas	638	55.53171398	-21.13183266	REU	Réunion	1	ANNUAL	PERCENT	77.2727	77.2727	2015	77.2727	Official submission of country data to FAO Global Forest Resources Assessment	C
2017.Q2.G.01	AG_LND_FRSTPRCT	Proportion of forest area within legally established protected areas	642	24.98481009	45.83893563	ROU	Romania	1	ANNUAL	PERCENT	25.4482	37.9828	2015	37.9828	Official submission of country data to FAO Global Forest Resources Assessment	C
2017.Q2.G.01	AG_LND_FRSTPRCT	Proportion of forest area within legally established protected areas	643	99.01404926	61.61899849	RUS	Russian Federation	1	ANNUAL	PERCENT	2.1563	2.1679	2015	2.1679	Official submission of country data to FAO Global Forest Resources Assessment	C
2017.Q2.G.01	AG_LND_FRSTPRCT	Proportion of forest area within legally established protected areas	646	29.92310194	-1.999842114	RWA	Rwanda	1	ANNUAL	PERCENT	12.9167	12.9167	2015	12.9167	Official submission of country data to FAO Global Forest Resources Assessment	C
2017.Q2.G.01	AG_LND_FRSTPRCT	Proportion of forest area within legally established protected areas	652	-62.83173536	17.89513362	BLM	Saint Barthélemy	1	ANNUAL	PERCENT	0	0	2015	0	FAO estimates	E
2017.Q2.G.01	AG_LND_FRSTPRCT	Proportion of forest area within legally established protected areas	654	-5.705752501	-15.96503946	SHN	Saint Helena	1	ANNUAL	PERCENT						
2017.Q2.G.01	AG_LND_FRSTPRCT	Proportion of forest area within legally established protected areas	659	-62.76628613	17.33994219	KNA	Saint Kitts and Nevis	1	ANNUAL	PERCENT	100	100	2015	100	Official submission of country data to FAO Global Forest Resources Assessment	C
2017.Q2.G.01	AG_LND_FRSTPRCT	Proportion of forest area within legally established protected areas	660	-63.05651612	18.21525315	AIA	Anguilla	1	ANNUAL	PERCENT						
2017.Q2.G.01	AG_LND_FRSTPRCT	Proportion of forest area within legally established protected areas	662	-60.96529553	13.89405601	LCA	Saint Lucia	1	ANNUAL	PERCENT	11.8227	11.8227	2015	11.8227	Official submission of country data to FAO Global Forest Resources Assessment	C
2017.Q2.G.01	AG_LND_FRSTPRCT	Proportion of forest area within legally established protected areas	663	-63.04505461	18.0882685	MAF	Saint Martin (French Part)	1	ANNUAL	PERCENT		9.9301	2015	9.9301	Official submission of country data to FAO Global Forest Resources Assessment	C
2017.Q2.G.01	AG_LND_FRSTPRCT	Proportion of forest area within legally established protected areas	666	-56.33682442	46.85812735	SPM	Saint Pierre and Miquelon	1	ANNUAL	PERCENT	0	0	2015	0	Official submission of country data to FAO Global Forest Resources Assessment	C
2017.Q2.G.01	AG_LND_FRSTPRCT	Proportion of forest area within legally established protected areas	670	-61.19024321	13.24627968	VCT	Saint Vincent and the Grenadines	1	ANNUAL	PERCENT						
2017.Q2.G.01	AG_LND_FRSTPRCT	Proportion of forest area within legally established protected areas	674	12.46329038	43.93841766	SMR	San Marino	1	ANNUAL	PERCENT	0	0	2015	0	FAO estimates	E
2017.Q2.G.01	AG_LND_FRSTPRCT	Proportion of forest area within legally established protected areas	678	6.609772265	0.241554875	STP	Sao Tome and Principe	1	ANNUAL	PERCENT						
2017.Q2.G.01	AG_LND_FRSTPRCT	Proportion of forest area within legally established protected areas	682	44.54763347	24.12594211	SAU	Saudi Arabia	1	ANNUAL	PERCENT	0.3071	0.3071	2015	0.3071	FAO estimates	E
2017.Q2.G.01	AG_LND_FRSTPRCT	Proportion of forest area within legally established protected areas	686	-14.46636926	14.35920905	SEN	Senegal	1	ANNUAL	PERCENT	18.5181	18.0829	2015	18.0829	Official submission of country data to FAO Global Forest Resources Assessment	C
2017.Q2.G.01	AG_LND_FRSTPRCT	Proportion of forest area within legally established protected areas	688	20.805876	44.03145697	SRB	Serbia	1	ANNUAL	PERCENT	16.6176	18.4191	2015	18.4191	Official submission of country data to FAO Global Forest Resources Assessment	C
2017.Q2.G.01	AG_LND_FRSTPRCT	Proportion of forest area within legally established protected areas	690	55.46561591	-4.678053059	SYC	Seychelles	1	ANNUAL	PERCENT	49.1811	49.1811	2015	49.1811	Official submission of country data to FAO Global Forest Resources Assessment	C
2017.Q2.G.01	AG_LND_FRSTPRCT	Proportion of forest area within legally established protected areas	694	-11.78306584	8.568604164	SLE	Sierra Leone	1	ANNUAL	PERCENT	6.1432	7.9829	2015	7.9829	Official submission of country data to FAO Global Forest Resources Assessment	C
2017.Q2.G.01	AG_LND_FRSTPRCT	Proportion of forest area within legally established protected areas	702	103.8107883	1.361009155	SGP	Singapore	1	ANNUAL	PERCENT	20.4893	20.4893	2015	20.4893	Official submission of country data to FAO Global Forest Resources Assessment	C
2017.Q2.G.01	AG_LND_FRSTPRCT	Proportion of forest area within legally established protected areas	703	19.48495604	48.70741446	SVK	Slovakia	1	ANNUAL	PERCENT	56.9072	58.3505	2015	58.3505	Official submission of country data to FAO Global Forest Resources Assessment	C
2017.Q2.G.01	AG_LND_FRSTPRCT	Proportion of forest area within legally established protected areas	704	105.802499	10.09643079	VNM	Viet Nam	1	ANNUAL	PERCENT	13.5517	13.809	2015	13.809	Official submission of country data to FAO Global Forest Resources Assessment	C
2017.Q2.G.01	AG_LND_FRSTPRCT	Proportion of forest area within legally established protected areas	705	14.82209486	46.11958061	SVN	Slovenia	1	ANNUAL	PERCENT	19.3109	14.3429	2015	14.3429	Official submission of country data to FAO Global Forest Resources Assessment	C
2017.Q2.G.01	AG_LND_FRSTPRCT	Proportion of forest area within legally established protected areas	706	46.20367477	4.406485729	SOM	Somalia	1	ANNUAL	PERCENT	0	0	2015	0	Official submission of country data to FAO Global Forest Resources Assessment	C
2017.Q2.G.01	AG_LND_FRSTPRCT	Proportion of forest area within legally established protected areas	710	24.67184355	-29.99957544	ZAF	South Africa	1	ANNUAL	PERCENT	10.2478	10.2478	2015	10.2478	Official submission of country data to FAO Global Forest Resources Assessment	C
2017.Q2.G.01	AG_LND_FRSTPRCT	Proportion of forest area within legally established protected areas	716	29.86909584	-19.00075492	ZWE	Zimbabwe	1	ANNUAL	PERCENT	5.6962	5.6962	2015	5.6962	Official submission of country data to FAO Global Forest Resources Assessment	C
2017.Q2.G.01	AG_LND_FRSTPRCT	Proportion of forest area within legally established protected areas	724	-3.554078296	40.39211472	ESP	Spain	1	ANNUAL	PERCENT	18.8438	19.02	2015	19.02	Official submission of country data to FAO Global Forest Resources Assessment	C
2017.Q2.G.01	AG_LND_FRSTPRCT	Proportion of forest area within legally established protected areas	728	30.32618773	7.290839152	SSD	South Sudan	1	ANNUAL	PERCENT						
2017.Q2.G.01	AG_LND_FRSTPRCT	Proportion of forest area within legally established protected areas	732	-13.13515523	24.66265342	ESH	Western Sahara	1	ANNUAL	PERCENT						
2017.Q2.G.01	AG_LND_FRSTPRCT	Proportion of forest area within legally established protected areas	736	29.95650159	16.02643066	SDN	Sudan	1	ANNUAL	PERCENT						
2017.Q2.G.01	AG_LND_FRSTPRCT	Proportion of forest area within legally established protected areas	740	-55.90626394	4.132603197	SUR	Suriname	1	ANNUAL	PERCENT	12.3382	12.3291	2015	12.3291	Official submission of country data to FAO Global Forest Resources Assessment	C
2017.Q2.G.01	AG_LND_FRSTPRCT	Proportion of forest area within legally established protected areas	744	13.38071013	78.82894131	SJM	Svalbard and Jan Mayen Islands	1	ANNUAL	PERCENT	0	0	2015	0	Official submission of country data to FAO Global Forest Resources Assessment	C
2017.Q2.G.01	AG_LND_FRSTPRCT	Proportion of forest area within legally established protected areas	748	31.50149288	-26.56471011	SWZ	Swaziland	1	ANNUAL	PERCENT	7.7474	7.7474	2015	7.7474	Official submission of country data to FAO Global Forest Resources Assessment	C
2017.Q2.G.01	AG_LND_FRSTPRCT	Proportion of forest area within legally established protected areas	752	14.3775338	60.60103109	SWE	Sweden	1	ANNUAL	PERCENT	6.7182	7.1243	2015	7.1243	Official submission of country data to FAO Global Forest Resources Assessment	C
2017.Q2.G.01	AG_LND_FRSTPRCT	Proportion of forest area within legally established protected areas	756	8.223158	46.96617097	CHE	Switzerland	1	ANNUAL	PERCENT	4.6252	4.6252	2015	4.6252	Official submission of country data to FAO Global Forest Resources Assessment	C
2017.Q2.G.01	AG_LND_FRSTPRCT	Proportion of forest area within legally established protected areas	760	38.50466565	35.01676176	SYR	Syrian Arab Republic (Syria)	1	ANNUAL	PERCENT	20.3666		2010	20.3666	FAO estimates	E
2017.Q2.G.01	AG_LND_FRSTPRCT	Proportion of forest area within legally established protected areas	762	69.294998	38.43069666	TJK	Tajikistan	1	ANNUAL	PERCENT	10.6796	10.6796	2015	10.6796	Official submission of country data to FAO Global Forest Resources Assessment	C
2017.Q2.G.01	AG_LND_FRSTPRCT	Proportion of forest area within legally established protected areas	764	101.0202951	15.13089239	THA	Thailand	1	ANNUAL	PERCENT	57.4791	64.7844	2015	64.7844	Official submission of country data to FAO Global Forest Resources Assessment	C
2017.Q2.G.01	AG_LND_FRSTPRCT	Proportion of forest area within legally established protected areas	768	0.97835765	8.532096072	TGO	Togo	1	ANNUAL	PERCENT						
2017.Q2.G.01	AG_LND_FRSTPRCT	Proportion of forest area within legally established protected areas	772	-171.8154473	-9.214545558	TKL	Tokelau	1	ANNUAL	PERCENT	0	0	2015	0	FAO estimates	E
2017.Q2.G.01	AG_LND_FRSTPRCT	Proportion of forest area within legally established protected areas	776	-175.1959991	-21.19511329	TON	Tonga	1	ANNUAL	PERCENT		22.2222	2015	22.2222	Official submission of country data to FAO Global Forest Resources Assessment	C
2017.Q2.G.01	AG_LND_FRSTPRCT	Proportion of forest area within legally established protected areas	780	-61.29389504	10.41877263	TTO	Trinidad and Tobago	1	ANNUAL	PERCENT						
2017.Q2.G.01	AG_LND_FRSTPRCT	Proportion of forest area within legally established protected areas	784	53.98279159	23.43322219	ARE	United Arab Emirates	1	ANNUAL	PERCENT						
2017.Q2.G.01	AG_LND_FRSTPRCT	Proportion of forest area within legally established protected areas	788	9.572737411	34.11439971	TUN	Tunisia	1	ANNUAL	PERCENT	6.8204	7.2046	2015	7.2046	Official submission of country data to FAO Global Forest Resources Assessment	C
2017.Q2.G.01	AG_LND_FRSTPRCT	Proportion of forest area within legally established protected areas	792	35.42890329	38.9899684	TUR	Turkey	1	ANNUAL	PERCENT	5.1387	5.2838	2015	5.2838	Official submission of country data to FAO Global Forest Resources Assessment	C
2017.Q2.G.01	AG_LND_FRSTPRCT	Proportion of forest area within legally established protected areas	795	58.9787665	40.0912346	TKM	Turkmenistan	1	ANNUAL	PERCENT						
2017.Q2.G.01	AG_LND_FRSTPRCT	Proportion of forest area within legally established protected areas	796	-71.745121	21.80780585	TCA	Turks and Caicos Islands	1	ANNUAL	PERCENT						
2017.Q2.G.01	AG_LND_FRSTPRCT	Proportion of forest area within legally established protected areas	798	178.6679611	-7.460048071	TUV	Tuvalu	1	ANNUAL	PERCENT						
2017.Q2.G.01	AG_LND_FRSTPRCT	Proportion of forest area within legally established protected areas	800	32.39100438	1.279557331	UGA	Uganda	1	ANNUAL	PERCENT	35.195	35.195	2015	35.195	Official submission of country data to FAO Global Forest Resources Assessment	C
2017.Q2.G.01	AG_LND_FRSTPRCT	Proportion of forest area within legally established protected areas	804	31.40270802	49.00735945	UKR	Ukraine	1	ANNUAL	PERCENT	11.4011	11.7014	2015	11.7014	Official submission of country data to FAO Global Forest Resources Assessment	C
2017.Q2.G.01	AG_LND_FRSTPRCT	Proportion of forest area within legally established protected areas	807	21.7007909	41.60048068	MKD	Macedonia, Republic of	1	ANNUAL	PERCENT						
2017.Q2.G.01	AG_LND_FRSTPRCT	Proportion of forest area within legally established protected areas	818	29.77468534	26.57438204	EGY	Egypt	1	ANNUAL	PERCENT	26.8493	26.8493	2015	26.8493	Official submission of country data to FAO Global Forest Resources Assessment	C
2017.Q2.G.01	AG_LND_FRSTPRCT	Proportion of forest area within legally established protected areas	826	-2.23830539	53.27691757	GBR	United Kingdom	1	ANNUAL	PERCENT	9.2239		2010	9.2239	Official submission of country data to FAO Global Forest Resources Assessment	C
2017.Q2.G.01	AG_LND_FRSTPRCT	Proportion of forest area within legally established protected areas	831	-2.200712402	49.71561166	GGY	Guernsey	1	ANNUAL	PERCENT						
2017.Q2.G.01	AG_LND_FRSTPRCT	Proportion of forest area within legally established protected areas	832	-2.136773508	49.22353354	JEY	Jersey	1	ANNUAL	PERCENT						
2017.Q2.G.01	AG_LND_FRSTPRCT	Proportion of forest area within legally established protected areas	833	-4.538190305	54.22880901	IMN	Isle of Man	1	ANNUAL	PERCENT						
2017.Q2.G.01	AG_LND_FRSTPRCT	Proportion of forest area within legally established protected areas	834	34.80521182	-6.265332606	TZA	Tanzania, United Republic of	1	ANNUAL	PERCENT	4.3422	4.3422	2015	4.3422	Official submission of country data to FAO Global Forest Resources Assessment	C
2017.Q2.G.01	AG_LND_FRSTPRCT	Proportion of forest area within legally established protected areas	840	-99.13830311	39.5277871	USA	United States of America	1	ANNUAL	PERCENT	10.7657	10.5977	2015	10.5977	Official submission of country data to FAO Global Forest Resources Assessment	C
2017.Q2.G.01	AG_LND_FRSTPRCT	Proportion of forest area within legally established protected areas	850	-64.76960113	17.73297693	VIR	United States Virgin Islands	1	ANNUAL	PERCENT						
2017.Q2.G.01	AG_LND_FRSTPRCT	Proportion of forest area within legally established protected areas	854	-1.742843829	12.27491081	BFA	Burkina Faso	1	ANNUAL	PERCENT	18.5421	18.3738	2015	18.3738	Official submission of country data to FAO Global Forest Resources Assessment	C
2017.Q2.G.01	AG_LND_FRSTPRCT	Proportion of forest area within legally established protected areas	858	-56.01387025	-32.8002838	URY	Uruguay	1	ANNUAL	PERCENT	0.5637	1.7778	2015	1.7778	Official submission of country data to FAO Global Forest Resources Assessment	C
2017.Q2.G.01	AG_LND_FRSTPRCT	Proportion of forest area within legally established protected areas	860	63.11944558	41.77560518	UZB	Uzbekistan	1	ANNUAL	PERCENT	6.5219	6.5219	2015	6.5219	Official submission of country data to FAO Global Forest Resources Assessment	C
2017.Q2.G.01	AG_LND_FRSTPRCT	Proportion of forest area within legally established protected areas	862	-66.15642084	7.121324748	VEN	Venezuela (Bolivarian Republic)	1	ANNUAL	PERCENT	52.4174	51.5091	2015	51.5091	Official submission of country data to FAO Global Forest Resources Assessment	C
2017.Q2.G.01	AG_LND_FRSTPRCT	Proportion of forest area within legally established protected areas	876	-176.2034788	-13.28471201	WLF	Wallis and Futuna Islands	1	ANNUAL	PERCENT	0	3.4305	2015	3.4305	Official submission of country data to FAO Global Forest Resources Assessment	C
2017.Q2.G.01	AG_LND_FRSTPRCT	Proportion of forest area within legally established protected areas	882	-172.4430749	-13.61541469	WSM	Samoa	1	ANNUAL	PERCENT						
2017.Q2.G.01	AG_LND_FRSTPRCT	Proportion of forest area within legally established protected areas	887	45.22389143	15.22242099	YEM	Yemen	1	ANNUAL	PERCENT	5.6466	5.6466	2015	5.6466	FAO estimates	E
2017.Q2.G.01	AG_LND_FRSTPRCT	Proportion of forest area within legally established protected areas	894	27.850329	-14.59701056	ZMB	Zambia	1	ANNUAL	PERCENT	21.9595	21.9595	2015	21.9595	Official submission of country data to FAO Global Forest Resources Assessment	C
