series.release	series.code	series.description	geoAreaCode	X	Y	ISO3CD	geoAreaName	sliceId	Freq	Units	2000	2001	2002	2003	2004	2005	2006	2007	2008	2009	2010	2011	2012	2013	2014	last.5.years.mean	latest.year	latest.value	latest.source	latest.nature
2017.Q2.G.01	EN_ATM_CO2	Emissions of carbon dioxide	4	66.02688198	33.83160199	AFG	Afghanistan	1	ANNUAL	METONS																				
2017.Q2.G.01	EN_ATM_CO2	Emissions of carbon dioxide	8	20.06660928	41.13897007	ALB	Albania	1	ANNUAL	METONS	3.08	3.22	3.75	3.82	4.01	3.82	3.79	3.78	3.71	3.77	3.93	4.14	3.48	3.64	4.12	3.862	2014	4.12	IEA/OECD CO2 emissions from fuel combustion, 2016	C
2017.Q2.G.01	EN_ATM_CO2	Emissions of carbon dioxide	10	21.47585697	-80.40897662	ATA	Antarctica	1	ANNUAL	METONS																				
2017.Q2.G.01	EN_ATM_CO2	Emissions of carbon dioxide	12	2.678164227	28.15940032	DZA	Algeria	1	ANNUAL	METONS	61.49	63	68.13	71.96	73.35	77.45	80.73	84.85	88.1	94.41	95.77	102.11	110.67	113.88	122.93	109.072	2014	122.93	IEA/OECD CO2 emissions from fuel combustion, 2016	C
2017.Q2.G.01	EN_ATM_CO2	Emissions of carbon dioxide	16	-170.7187269	-14.30587306	ASM	American Samoa	1	ANNUAL	METONS																				
2017.Q2.G.01	EN_ATM_CO2	Emissions of carbon dioxide	20	1.576257417	42.54548611	AND	Andorra	1	ANNUAL	METONS																				
2017.Q2.G.01	EN_ATM_CO2	Emissions of carbon dioxide	24	17.57817062	-12.33724746	AGO	Angola	1	ANNUAL	METONS	4.63	5.03	5.5	7.06	7.4	6.15	8.25	9.64	11.81	13.87	15.13	16.08	15.97	18.08	19.3	16.912	2014	19.3	IEA/OECD CO2 emissions from fuel combustion, 2016	C
2017.Q2.G.01	EN_ATM_CO2	Emissions of carbon dioxide	28	-61.7999755	17.07761471	ATG	Antigua and Barbuda	1	ANNUAL	METONS																				
2017.Q2.G.01	EN_ATM_CO2	Emissions of carbon dioxide	31	50.01064725	40.39229544	AZE	Azerbaijan	1	ANNUAL	METONS	27.3	25.83	25.51	27.82	27.4	29.01	29.39	26.69	28.8	24.52	23.53	26.44	28.89	29.45	30.79	27.82	2014	30.79	IEA/OECD CO2 emissions from fuel combustion, 2016	C
2017.Q2.G.01	EN_ATM_CO2	Emissions of carbon dioxide	32	-65.14563274	-35.19446255	ARG	Argentina	1	ANNUAL	METONS	139.32	128.82	121.61	130.81	146.53	149.43	158.71	165.57	176.65	168.87	173.72	181.18	185.59	180.79	192.41	182.738	2014	192.41	IEA/OECD CO2 emissions from fuel combustion, 2016	C
2017.Q2.G.01	EN_ATM_CO2	Emissions of carbon dioxide	36	134.3499412	-25.57717202	AUS	Australia	1	ANNUAL	METONS	334.7	341.03	349.01	352.86	366.65	371.92	377.35	387.45	389.95	396.02	389.54	387.4	387.09	383.12	373.78	384.186	2014	373.78	IEA/OECD CO2 emissions from fuel combustion, 2016	C
2017.Q2.G.01	EN_ATM_CO2	Emissions of carbon dioxide	40	14.14172472	47.58704857	AUT	Austria	1	ANNUAL	METONS	61.87	66.24	67.55	72.86	73.96	74.55	71.88	69.48	69.63	63.68	68.67	66.78	63.9	64.23	60.78	64.872	2014	60.78	IEA/OECD CO2 emissions from fuel combustion, 2016	C
2017.Q2.G.01	EN_ATM_CO2	Emissions of carbon dioxide	44	-78.05111663	24.69546597	BHS	Bahamas	1	ANNUAL	METONS																				
2017.Q2.G.01	EN_ATM_CO2	Emissions of carbon dioxide	48	50.5490754	26.04407747	BHR	Bahrain	1	ANNUAL	METONS	15.84	16.35	17.19	17.9	17.78	20.56	22.35	22.86	24.61	24.47	25.54	25.57	26.09	28.28	29.69	27.034	2014	29.69	IEA/OECD CO2 emissions from fuel combustion, 2016	C
2017.Q2.G.01	EN_ATM_CO2	Emissions of carbon dioxide	50	89.17660788	22.86961622	BGD	Bangladesh	1	ANNUAL	METONS	20.94	24.84	26.54	27.79	29.73	31.95	35.19	37.3	40.87	44.03	49.85	53.28	57.3	59.6	62.27	56.46	2014	62.27	IEA/OECD CO2 emissions from fuel combustion, 2016	C
2017.Q2.G.01	EN_ATM_CO2	Emissions of carbon dioxide	51	44.93839317	40.29499741	ARM	Armenia	1	ANNUAL	METONS	3.42	3.46	2.91	3.27	3.46	4.13	4.15	4.8	5.27	4.27	4.05	4.67	5.44	5.24	5.22	4.924	2014	5.22	IEA/OECD CO2 emissions from fuel combustion, 2016	C
2017.Q2.G.01	EN_ATM_CO2	Emissions of carbon dioxide	52	-59.5346489	13.13648273	BRB	Barbados	1	ANNUAL	METONS																				
2017.Q2.G.01	EN_ATM_CO2	Emissions of carbon dioxide	56	4.660976456	50.64104975	BEL	Belgium	1	ANNUAL	METONS	113.95	114.66	107.5	112.33	111.06	107.28	104.13	99.74	103.76	96.53	105.35	93.62	91.98	93.4	87.36	94.342	2014	87.36	IEA/OECD CO2 emissions from fuel combustion, 2016	C
2017.Q2.G.01	EN_ATM_CO2	Emissions of carbon dioxide	60	-64.78155012	32.27881922	BMU	Bermuda	1	ANNUAL	METONS																				
2017.Q2.G.01	EN_ATM_CO2	Emissions of carbon dioxide	64	90.45098484	27.39598568	BTN	Bhutan	1	ANNUAL	METONS																				
2017.Q2.G.01	EN_ATM_CO2	Emissions of carbon dioxide	68	-64.66224284	-16.71273412	BOL	Bolivia (Plurinational State of)	1	ANNUAL	METONS	7.1	6.81	7.15	7.82	8.52	9.07	9.87	10.79	11.74	12.4	13.7	14.87	16.73	16.91	18.3	16.102	2014	18.3	IEA/OECD CO2 emissions from fuel combustion, 2016	C
2017.Q2.G.01	EN_ATM_CO2	Emissions of carbon dioxide	70	17.78584332	44.16845548	BIH	Bosnia and Herzegovina	1	ANNUAL	METONS	13.72	13.5	14.22	14.55	15.19	15.86	17.47	18.42	20.24	20.21	20.49	23.4	21.65	21.51	21.62	21.734	2014	21.62	IEA/OECD CO2 emissions from fuel combustion, 2016	C
2017.Q2.G.01	EN_ATM_CO2	Emissions of carbon dioxide	72	23.81380223	-22.18810073	BWA	Botswana	1	ANNUAL	METONS	4.03	3.87	4.03	3.91	3.97	4.28	4.09	4.32	4.39	4.71	3.27	3.84	4.89	5.24	6.88	4.824	2014	6.88	IEA/OECD CO2 emissions from fuel combustion, 2016	C
2017.Q2.G.01	EN_ATM_CO2	Emissions of carbon dioxide	74	3.410732868	-54.43295905	BVT	Bouvet Island	1	ANNUAL	METONS																				
2017.Q2.G.01	EN_ATM_CO2	Emissions of carbon dioxide	76	-53.08432878	-10.77668561	BRA	Brazil	1	ANNUAL	METONS	292.31	298.87	298.16	292.4	309.77	310.5	314.03	329.64	347.89	324.38	370.53	389.59	422.24	451.33	476.02	421.942	2014	476.02	IEA/OECD CO2 emissions from fuel combustion, 2016	C
2017.Q2.G.01	EN_ATM_CO2	Emissions of carbon dioxide	84	-88.70199554	17.19965901	BLZ	Belize	1	ANNUAL	METONS																				
2017.Q2.G.01	EN_ATM_CO2	Emissions of carbon dioxide	86	72.38715553	-7.299281071	IOT	British Indian Ocean Territory	1	ANNUAL	METONS																				
2017.Q2.G.01	EN_ATM_CO2	Emissions of carbon dioxide	90	160.1584117	-9.622391719	SLB	Solomon Islands	1	ANNUAL	METONS																				
2017.Q2.G.01	EN_ATM_CO2	Emissions of carbon dioxide	92	-64.63294223	18.42256578	VGB	British Virgin Islands	1	ANNUAL	METONS																				
2017.Q2.G.01	EN_ATM_CO2	Emissions of carbon dioxide	96	114.6288563	4.49736984	BRN	Brunei Darussalam	1	ANNUAL	METONS	4.42	4.31	4.36	5.25	4.92	4.82	7.21	6.84	7.22	7.43	6.86	7.01	6.97	6.85	6.7	6.878	2014	6.7	IEA/OECD CO2 emissions from fuel combustion, 2016	C
2017.Q2.G.01	EN_ATM_CO2	Emissions of carbon dioxide	100	25.23763153	42.75731323	BGR	Bulgaria	1	ANNUAL	METONS	42.19	45.03	42.49	46.73	45.8	46.5	47.65	50.99	48.53	42.4	44.4	49.21	44.45	39.34	42.13	43.906	2014	42.13	IEA/OECD CO2 emissions from fuel combustion, 2016	C
2017.Q2.G.01	EN_ATM_CO2	Emissions of carbon dioxide	104	96.51752295	21.19332882	MMR	Myanmar	1	ANNUAL	METONS	9.28	8.2	8.14	10.26	10	10.57	9.82	10.2	7.58	7.03	7.9	8.1	11.44	13.43	19.56	12.086	2014	19.56	IEA/OECD CO2 emissions from fuel combustion, 2016	C
2017.Q2.G.01	EN_ATM_CO2	Emissions of carbon dioxide	108	29.89080992	-3.366387428	BDI	Burundi	1	ANNUAL	METONS																				
2017.Q2.G.01	EN_ATM_CO2	Emissions of carbon dioxide	112	28.04940161	53.54193075	BLR	Belarus	1	ANNUAL	METONS	52.11	50.9	50.78	51.37	54.46	55.01	57.23	55.72	58.44	55.91	59.86	56.93	57.78	58.24	57.43	58.048	2014	57.43	IEA/OECD CO2 emissions from fuel combustion, 2016	C
2017.Q2.G.01	EN_ATM_CO2	Emissions of carbon dioxide	116	104.922836	12.71163737	KHM	Cambodia	1	ANNUAL	METONS	1.96	2.15	2.21	2.38	2.38	2.65	2.96	3.59	3.77	4.35	4.62	4.84	5.06	5.18	6.1	5.16	2014	6.1	IEA/OECD CO2 emissions from fuel combustion, 2016	C
2017.Q2.G.01	EN_ATM_CO2	Emissions of carbon dioxide	120	12.7419827	5.692387031	CMR	Cameroon	1	ANNUAL	METONS	2.79	2.71	2.9	2.98	3.01	2.93	3.11	4.12	4.27	4.81	5.05	5.07	5.34	5.85	6.04	5.47	2014	6.04	IEA/OECD CO2 emissions from fuel combustion, 2016	C
2017.Q2.G.01	EN_ATM_CO2	Emissions of carbon dioxide	124	-101.6575058	57.72360191	CAN	Canada	1	ANNUAL	METONS	516.17	508.49	514.35	534.16	526.09	535.08	524.12	556.24	542.85	513.67	525.85	535.83	537.2	549.67	554.8	540.67	2014	554.8	IEA/OECD CO2 emissions from fuel combustion, 2016	C
2017.Q2.G.01	EN_ATM_CO2	Emissions of carbon dioxide	132	-23.63544151	15.07791834	CPV	Cabo Verde	1	ANNUAL	METONS																				
2017.Q2.G.01	EN_ATM_CO2	Emissions of carbon dioxide	136	-81.16740559	19.32266656	CYM	Cayman Islands	1	ANNUAL	METONS																				
2017.Q2.G.01	EN_ATM_CO2	Emissions of carbon dioxide	140	20.93559492	7.003720791	CAF	Central African Republic	1	ANNUAL	METONS																				
2017.Q2.G.01	EN_ATM_CO2	Emissions of carbon dioxide	144	80.70489654	7.614693343	LKA	Sri Lanka	1	ANNUAL	METONS	10.52	10.4	10.97	11.95	12.31	13.39	11.78	12.93	12.12	11.56	12.4	14.67	16.06	13.74	16.74	14.722	2014	16.74	IEA/OECD CO2 emissions from fuel combustion, 2016	C
2017.Q2.G.01	EN_ATM_CO2	Emissions of carbon dioxide	148	18.66618401	15.36279341	TCD	Chad	1	ANNUAL	METONS																				
2017.Q2.G.01	EN_ATM_CO2	Emissions of carbon dioxide	152	-71.23029019	-35.2652885	CHL	Chile	1	ANNUAL	METONS	48.61	46.66	47.41	48.6	53.33	54.42	55.66	63.06	66.51	64.19	68.59	75.3	77.22	82.01	75.81	75.786	2014	75.81	IEA/OECD CO2 emissions from fuel combustion, 2016	C
2017.Q2.G.01	EN_ATM_CO2	Emissions of carbon dioxide	156	104.1403375	32.30955217	CHN	China	1	ANNUAL	METONS	3086.2	3242.7	3497.3	4052.62	4724.22	5358.09	5912.88	6468.57	6608.48	7026.21	7707.05	8465	8620.97	8979.83	9086.96	8571.962	2014	9086.96	IEA/OECD CO2 emissions from fuel combustion, 2016	C
2017.Q2.G.01	EN_ATM_CO2	Emissions of carbon dioxide	162	105.6426067	-10.4882473	CXR	Christmas Island	1	ANNUAL	METONS																				
2017.Q2.G.01	EN_ATM_CO2	Emissions of carbon dioxide	166	96.82633757	-12.18600682	CCK	Cocos (Keeling) Islands	1	ANNUAL	METONS																				
2017.Q2.G.01	EN_ATM_CO2	Emissions of carbon dioxide	170	-73.07446751	3.888209046	COL	Colombia	1	ANNUAL	METONS	54.17	54.63	52.51	51.84	51.97	53.57	53.65	54.76	55.62	59.03	60.21	65.39	65.21	70.87	72.5	66.836	2014	72.5	IEA/OECD CO2 emissions from fuel combustion, 2016	C
2017.Q2.G.01	EN_ATM_CO2	Emissions of carbon dioxide	174	43.34234565	-11.66121732	COM	Comoros	1	ANNUAL	METONS																				
2017.Q2.G.01	EN_ATM_CO2	Emissions of carbon dioxide	175	45.14015057	-12.82217691	MYT	Mayotte	1	ANNUAL	METONS																				
2017.Q2.G.01	EN_ATM_CO2	Emissions of carbon dioxide	178	15.22052612	-0.840544119	COG	Congo	1	ANNUAL	METONS	0.5	0.63	0.5	0.75	0.78	0.84	1.02	1.1	1.37	1.57	1.83	2.09	2.23	2.54	2.64	2.266	2014	2.64	IEA/OECD CO2 emissions from fuel combustion, 2016	C
2017.Q2.G.01	EN_ATM_CO2	Emissions of carbon dioxide	180	23.65496507	-2.877154732	COD	Democratic Republic of the Congo	1	ANNUAL	METONS	0.85	0.71	0.77	0.94	1.01	1.28	1.39	1.54	1.72	1.74	1.87	2.34	2.27	3.48	4.66	2.924	2014	4.66	IEA/OECD CO2 emissions from fuel combustion, 2016	C
2017.Q2.G.01	EN_ATM_CO2	Emissions of carbon dioxide	184	-159.7711391	-21.22696458	COK	Cook Islands	1	ANNUAL	METONS																				
2017.Q2.G.01	EN_ATM_CO2	Emissions of carbon dioxide	188	-84.19712782	9.970998683	CRI	Costa Rica	1	ANNUAL	METONS	4.5	4.91	5.02	5.32	5.31	5.44	5.97	6.67	6.68	6.36	6.61	6.76	6.84	7.13	7.17	6.902	2014	7.17	IEA/OECD CO2 emissions from fuel combustion, 2016	C
2017.Q2.G.01	EN_ATM_CO2	Emissions of carbon dioxide	191	17.95874553	45.45172212	HRV	Croatia	1	ANNUAL	METONS	16.78	17.75	18.85	20.18	19.6	19.91	19.97	21.22	20.16	19.06	18.24	17.95	16.41	15.9	15.14	16.728	2014	15.14	IEA/OECD CO2 emissions from fuel combustion, 2016	C
2017.Q2.G.01	EN_ATM_CO2	Emissions of carbon dioxide	192	-79.54460144	22.10030366	CUB	Cuba	1	ANNUAL	METONS	27.34	26.46	25.24	24.5	24.22	25.05	25.44	26.31	25.47	29.33	32.68	29.77	30.52	29.42	29.45	30.368	2014	29.45	IEA/OECD CO2 emissions from fuel combustion, 2016	C
2017.Q2.G.01	EN_ATM_CO2	Emissions of carbon dioxide	196	33.22285964	35.05659437	CYP	Cyprus	1	ANNUAL	METONS	6.3	6.19	6.34	7.02	6.91	7.05	7.11	7.42	7.58	7.5	7.26	7	6.51	5.62	5.76	6.43	2014	5.76	IEA/OECD CO2 emissions from fuel combustion, 2016	C
2017.Q2.G.01	EN_ATM_CO2	Emissions of carbon dioxide	203	15.33151382	49.73913871	CZE	Czechia	1	ANNUAL	METONS	121.33	121.19	117.22	121.38	121.9	118.46	118.94	121.23	115.93	109.09	111.44	110.42	105.67	101.17	96.55	105.05	2014	96.55	IEA/OECD CO2 emissions from fuel combustion, 2016	C
2017.Q2.G.01	EN_ATM_CO2	Emissions of carbon dioxide	204	2.339933594	9.65401646	BEN	Benin	1	ANNUAL	METONS	1.42	1.73	2.02	2.28	2.43	2.68	3.24	3.79	3.83	4.19	4.55	4.68	4.9	5.23	5.74	5.02	2014	5.74	IEA/OECD CO2 emissions from fuel combustion, 2016	C
2017.Q2.G.01	EN_ATM_CO2	Emissions of carbon dioxide	208	9.326571283	56.03829721	DNK	Denmark	1	ANNUAL	METONS	50.75	52.34	52.05	57.45	51.79	48.44	56.37	51.61	48.63	46.9	47.22	42.03	36.83	38.62	34.51	39.842	2014	34.51	IEA/OECD CO2 emissions from fuel combustion, 2016	C
2017.Q2.G.01	EN_ATM_CO2	Emissions of carbon dioxide	212	-61.3493756	15.43391378	DMA	Dominica	1	ANNUAL	METONS																				
2017.Q2.G.01	EN_ATM_CO2	Emissions of carbon dioxide	214	-70.49847576	18.89832088	DOM	Dominican Republic	1	ANNUAL	METONS	18.28	17.83	19.19	16.83	15.54	17.32	18.49	18.54	18.72	18.38	19.17	19.4	19.94	19.69	19.26	19.492	2014	19.26	IEA/OECD CO2 emissions from fuel combustion, 2016	C
2017.Q2.G.01	EN_ATM_CO2	Emissions of carbon dioxide	218	-78.37005241	-1.447785891	ECU	Ecuador	1	ANNUAL	METONS	18.13	19.28	19.8	19.59	22.21	23.92	25.42	26.09	26.15	28.77	32.05	32.84	34.19	35.87	38.73	34.736	2014	38.73	IEA/OECD CO2 emissions from fuel combustion, 2016	C
2017.Q2.G.01	EN_ATM_CO2	Emissions of carbon dioxide	222	-88.86862995	13.73603564	SLV	El Salvador	1	ANNUAL	METONS	5.17	5.51	5.53	5.91	5.93	6.25	6.52	6.92	6.14	6.09	5.82	6.01	6.02	5.73	5.88	5.892	2014	5.88	IEA/OECD CO2 emissions from fuel combustion, 2016	C
2017.Q2.G.01	EN_ATM_CO2	Emissions of carbon dioxide	226	10.46535826	1.565792376	GNQ	Equatorial Guinea	1	ANNUAL	METONS																				
2017.Q2.G.01	EN_ATM_CO2	Emissions of carbon dioxide	231	39.63505296	8.631223181	ETH	Ethiopia	1	ANNUAL	METONS	3.2	4.04	4.21	4.57	4.8	4.49	4.8	5.39	5.87	5.99	5.96	6.87	7.27	8.5	9.13	7.546	2014	9.13	IEA/OECD CO2 emissions from fuel combustion, 2016	C
2017.Q2.G.01	EN_ATM_CO2	Emissions of carbon dioxide	232	38.11074289	16.12894644	ERI	Eritrea	1	ANNUAL	METONS	0.61	0.67	0.66	0.67	0.66	0.58	0.5	0.49	0.43	0.45	0.48	0.51	0.55	0.55	0.56	0.53	2014	0.56	IEA/OECD CO2 emissions from fuel combustion, 2016	C
2017.Q2.G.01	EN_ATM_CO2	Emissions of carbon dioxide	233	25.84093481	58.68487172	EST	Estonia	1	ANNUAL	METONS	14.51	14.97	14.57	16.56	16.62	16.82	15.53	19.34	17.76	14.76	18.65	17.71	16.44	18.86	17.52	17.836	2014	17.52	IEA/OECD CO2 emissions from fuel combustion, 2016	C
2017.Q2.G.01	EN_ATM_CO2	Emissions of carbon dioxide	234	-7.122044325	62.21228119	FRO	Faroe Islands	1	ANNUAL	METONS																				
2017.Q2.G.01	EN_ATM_CO2	Emissions of carbon dioxide	238	-58.75246778	-51.74562601	FLK	Falkland Islands (Malvinas)	1	ANNUAL	METONS																				
2017.Q2.G.01	EN_ATM_CO2	Emissions of carbon dioxide	239	-36.90662765	-54.20736749	SGS	South Georgia and the South Sandwich Islands	1	ANNUAL	METONS																				
2017.Q2.G.01	EN_ATM_CO2	Emissions of carbon dioxide	242	177.9660884	-17.83301566	FJI	Fiji	1	ANNUAL	METONS																				
2017.Q2.G.01	EN_ATM_CO2	Emissions of carbon dioxide	246	23.308447	61.91586738	FIN	Finland	1	ANNUAL	METONS	54.55	60.51	62.87	71.14	67.04	54.8	66.3	64.31	55.9	53.5	61.85	54.44	48.76	49.36	45.25	51.932	2014	45.25	IEA/OECD CO2 emissions from fuel combustion, 2016	C
2017.Q2.G.01	EN_ATM_CO2	Emissions of carbon dioxide	248	19.80945969	60.1544901	ALA	Åland Islands	1	ANNUAL	METONS																				
2017.Q2.G.01	EN_ATM_CO2	Emissions of carbon dioxide	250	2.457288129	46.62660861	FRA	France	1	ANNUAL	METONS	364.55	368.08	362.4	368.15	368.95	370.42	360.93	352.86	349.14	333.41	340.08	310.45	311.7	317.13	285.68	313.008	2014	285.68	IEA/OECD CO2 emissions from fuel combustion, 2016	C
2017.Q2.G.01	EN_ATM_CO2	Emissions of carbon dioxide	254	-53.23619089	3.922673437	GUF	French Guiana	1	ANNUAL	METONS																				
2017.Q2.G.01	EN_ATM_CO2	Emissions of carbon dioxide	258	-149.4052367	-17.67709294	PYF	French Polynesia	1	ANNUAL	METONS																				
2017.Q2.G.01	EN_ATM_CO2	Emissions of carbon dioxide	260	69.64849091	-49.6068576	ATF	French Southern Territories	1	ANNUAL	METONS																				
2017.Q2.G.01	EN_ATM_CO2	Emissions of carbon dioxide	262	42.18274707	11.56004161	DJI	Djibouti	1	ANNUAL	METONS																				
2017.Q2.G.01	EN_ATM_CO2	Emissions of carbon dioxide	266	11.78727747	-0.60687619	GAB	Gabon	1	ANNUAL	METONS	1.46	1.48	1.38	1.39	1.43	1.73	1.8	1.94	2	2.06	2.66	2.99	3.17	3.39	3.49	3.14	2014	3.49	IEA/OECD CO2 emissions from fuel combustion, 2016	C
2017.Q2.G.01	EN_ATM_CO2	Emissions of carbon dioxide	268	43.3713615	42.04813028	GEO	Georgia	1	ANNUAL	METONS	4.63	3.38	2.82	3.02	3.2	4.06	4.52	5.45	4.67	5.29	4.99	5.95	6.61	6.69	7.72	6.392	2014	7.72	IEA/OECD CO2 emissions from fuel combustion, 2016	C
2017.Q2.G.01	EN_ATM_CO2	Emissions of carbon dioxide	270	-15.39944785	13.45295927	GMB	Gambia	1	ANNUAL	METONS																				
2017.Q2.G.01	EN_ATM_CO2	Emissions of carbon dioxide	275	35.25694122	31.94347933	PSE	State of Palestine	1	ANNUAL	METONS																				
2017.Q2.G.01	EN_ATM_CO2	Emissions of carbon dioxide	276	10.3806066	51.08862743	DEU	Germany	1	ANNUAL	METONS	812.4	831.57	818.01	820.84	804.78	786.76	799.25	766.82	775.27	720.31	758.87	731.31	744.78	763.86	723.27	744.418	2014	723.27	IEA/OECD CO2 emissions from fuel combustion, 2016	C
2017.Q2.G.01	EN_ATM_CO2	Emissions of carbon dioxide	288	-1.205623522	7.964825185	GHA	Ghana	1	ANNUAL	METONS	4.98	5.48	6.69	6.41	5.92	6.4	7.75	8.39	7.76	9.25	10.45	10.82	12.77	13.65	13.11	12.16	2014	13.11	IEA/OECD CO2 emissions from fuel combustion, 2016	C
2017.Q2.G.01	EN_ATM_CO2	Emissions of carbon dioxide	292	-5.347561686	36.13895036	GIB	Gibraltar	1	ANNUAL	METONS	0.34	0.35	0.36	0.36	0.39	0.41	0.42	0.42	0.43	0.47	0.47	0.46	0.47	0.5	0.54	0.488	2014	0.54	IEA/OECD CO2 emissions from fuel combustion, 2016	C
2017.Q2.G.01	EN_ATM_CO2	Emissions of carbon dioxide	296	-157.5643005	1.768837732	KIR	Kiribati	1	ANNUAL	METONS																				
2017.Q2.G.01	EN_ATM_CO2	Emissions of carbon dioxide	300	22.58307827	39.47301873	GRC	Greece	1	ANNUAL	METONS	87.98	90.1	90.34	93.9	93.54	95.21	94.15	97.96	94.4	90.21	83.42	82.17	77.04	68.89	65.88	75.48	2014	65.88	IEA/OECD CO2 emissions from fuel combustion, 2016	C
2017.Q2.G.01	EN_ATM_CO2	Emissions of carbon dioxide	304	-41.39371316	74.75625681	GRL	Greenland	1	ANNUAL	METONS																				
2017.Q2.G.01	EN_ATM_CO2	Emissions of carbon dioxide	308	-61.68248568	12.11238395	GRD	Grenada	1	ANNUAL	METONS																				
2017.Q2.G.01	EN_ATM_CO2	Emissions of carbon dioxide	312	-61.64762115	16.14416917	GLP	Guadeloupe	1	ANNUAL	METONS																				
2017.Q2.G.01	EN_ATM_CO2	Emissions of carbon dioxide	316	144.7029305	13.35485404	GUM	Guam	1	ANNUAL	METONS																				
2017.Q2.G.01	EN_ATM_CO2	Emissions of carbon dioxide	320	-91.2312746	15.00273719	GTM	Guatemala	1	ANNUAL	METONS	8.58	8.99	9.65	9.64	10.24	10.62	10.63	11.47	10.25	11.23	10.32	10.48	10.59	12.22	16.14	11.95	2014	16.14	IEA/OECD CO2 emissions from fuel combustion, 2016	C
2017.Q2.G.01	EN_ATM_CO2	Emissions of carbon dioxide	324	-11.28173419	11.00210343	GIN	Guinea	1	ANNUAL	METONS																				
2017.Q2.G.01	EN_ATM_CO2	Emissions of carbon dioxide	328	-58.97322037	4.788012784	GUY	Guyana	1	ANNUAL	METONS																				
2017.Q2.G.01	EN_ATM_CO2	Emissions of carbon dioxide	332	-72.33640958	18.40426539	HTI	Haiti	1	ANNUAL	METONS	1.38	1.51	1.73	1.64	1.89	1.98	2.02	2.32	2.32	2.24	2.09	2.14	2.08	2.17	2.76	2.248	2014	2.76	IEA/OECD CO2 emissions from fuel combustion, 2016	C
2017.Q2.G.01	EN_ATM_CO2	Emissions of carbon dioxide	334	73.52633626	-53.09106147	HMD	Heard Island and McDonald Islands	1	ANNUAL	METONS																				
2017.Q2.G.01	EN_ATM_CO2	Emissions of carbon dioxide	336	12.45315803	41.90343751	VAT	Holy See	1	ANNUAL	METONS																				
2017.Q2.G.01	EN_ATM_CO2	Emissions of carbon dioxide	340	-86.59974381	14.82243161	HND	Honduras	1	ANNUAL	METONS	4.49	5.29	5.62	6.24	7.03	7.16	6.4	8.12	7.88	7.4	7.34	8.38	8.35	8.45	8.75	8.254	2014	8.75	IEA/OECD CO2 emissions from fuel combustion, 2016	C
2017.Q2.G.01	EN_ATM_CO2	Emissions of carbon dioxide	344	114.0266445	22.41749934	HKG	China, Hong Kong Special Administrative Region	1	ANNUAL	METONS	40.34	41.44	40.12	42.81	40.91	41.33	42.32	44.03	42.85	46.24	41.99	45.64	45.09	46.05	47.94	45.342	2014	47.94	IEA/OECD CO2 emissions from fuel combustion, 2016	C
2017.Q2.G.01	EN_ATM_CO2	Emissions of carbon dioxide	348	19.41221519	47.1651448	HUN	Hungary	1	ANNUAL	METONS	53.29	54.93	54.18	56.78	55.07	54.72	54.16	52.52	51.75	46.87	47.57	45.75	42.18	40.58	40.28	43.272	2014	40.28	IEA/OECD CO2 emissions from fuel combustion, 2016	C
2017.Q2.G.01	EN_ATM_CO2	Emissions of carbon dioxide	352	-19.02116966	64.79134763	ISL	Iceland	1	ANNUAL	METONS	2.16	2.1	2.2	2.19	2.27	2.23	2.27	2.32	2.12	2.08	1.95	1.87	1.86	2.03	2.04	1.95	2014	2.04	IEA/OECD CO2 emissions from fuel combustion, 2016	C
2017.Q2.G.01	EN_ATM_CO2	Emissions of carbon dioxide	356	79.3608464	22.34642074	IND	India	1	ANNUAL	METONS	890.44	905.22	935.56	953.86	1028.27	1079.58	1150.72	1264.78	1345.47	1513.07	1594.26	1673.84	1790.76	1852.46	2019.67	1786.198	2014	2019.67	IEA/OECD CO2 emissions from fuel combustion, 2016	C
2017.Q2.G.01	EN_ATM_CO2	Emissions of carbon dioxide	360	113.9174	-0.994582204	IDN	Indonesia	1	ANNUAL	METONS	255.32	274.36	279.99	308.68	315.93	318.52	340.04	353.84	350.14	364.97	376.75	384.65	391.52	399.64	436.53	397.818	2014	436.53	IEA/OECD CO2 emissions from fuel combustion, 2016	C
2017.Q2.G.01	EN_ATM_CO2	Emissions of carbon dioxide	364	54.19766348	32.74370885	IRN	Iran (Islamic Republic of)	1	ANNUAL	METONS	312.16	327.25	342.95	357.28	385.75	417.65	449.12	479.92	487.19	504.12	498.45	507.64	512.18	535.28	556.09	521.928	2014	556.09	IEA/OECD CO2 emissions from fuel combustion, 2016	C
2017.Q2.G.01	EN_ATM_CO2	Emissions of carbon dioxide	368	43.76606267	33.05013795	IRQ	Iraq	1	ANNUAL	METONS	70.48	80.26	75.11	69.57	72.86	73.15	68.96	62.49	72.38	91.93	103.51	110.84	126.27	135.17	141.03	123.364	2014	141.03	IEA/OECD CO2 emissions from fuel combustion, 2016	C
2017.Q2.G.01	EN_ATM_CO2	Emissions of carbon dioxide	372	-7.121425272	53.25274054	IRL	Ireland	1	ANNUAL	METONS	40.83	42.96	42.08	41.97	42.38	44.24	45.21	44.45	44.04	39.48	39.33	35.22	35.69	34.41	33.86	35.702	2014	33.86	IEA/OECD CO2 emissions from fuel combustion, 2016	C
2017.Q2.G.01	EN_ATM_CO2	Emissions of carbon dioxide	376	34.62277992	31.06164552	ISR	Israel	1	ANNUAL	METONS	54.83	56.12	59.25	60.99	61.17	58.79	62	64.26	64.47	63.84	68.43	67.5	73.74	67.66	64.69	68.404	2014	64.69	IEA/OECD CO2 emissions from fuel combustion, 2016	C
2017.Q2.G.01	EN_ATM_CO2	Emissions of carbon dioxide	380	12.57022427	42.79917282	ITA	Italy	1	ANNUAL	METONS	420.31	420.06	427.06	445.13	454.88	456.31	449.06	441.34	428.74	383.61	391.89	384.01	366.58	337.44	319.71	359.926	2014	319.71	IEA/OECD CO2 emissions from fuel combustion, 2016	C
2017.Q2.G.01	EN_ATM_CO2	Emissions of carbon dioxide	384	-5.552690016	7.62211586	CIV	Côte d'Ivoire	1	ANNUAL	METONS	6.33	6.26	6.38	5.15	5.42	5.81	5.63	5.55	6.36	5.92	6.21	5.86	7.88	8.64	9.35	7.588	2014	9.35	IEA/OECD CO2 emissions from fuel combustion, 2016	C
2017.Q2.G.01	EN_ATM_CO2	Emissions of carbon dioxide	388	-77.31068409	18.15616857	JAM	Jamaica	1	ANNUAL	METONS	9.79	9.81	9.97	10.28	10.25	10.28	11.74	11.75	9.7	7.5	6.93	7.31	6.87	7.32	7.17	7.12	2014	7.17	IEA/OECD CO2 emissions from fuel combustion, 2016	C
2017.Q2.G.01	EN_ATM_CO2	Emissions of carbon dioxide	392	139.2716103	36.6554539	JPN	Japan	1	ANNUAL	METONS	1141.24	1130.86	1168.73	1175.85	1172.35	1177.67	1162.34	1206.44	1120.6	1059.94	1111.82	1165.72	1208.81	1229.6	1188.63	1180.916	2014	1188.63	IEA/OECD CO2 emissions from fuel combustion, 2016	C
2017.Q2.G.01	EN_ATM_CO2	Emissions of carbon dioxide	398	66.65359159	48.01963494	KAZ	Kazakhstan	1	ANNUAL	METONS	112	109.24	119.57	134.79	146.41	156.89	172.93	187.19	230.24	202.7	221.09	234.81	233.83	249.24	223.69	232.532	2014	223.69	IEA/OECD CO2 emissions from fuel combustion, 2016	C
2017.Q2.G.01	EN_ATM_CO2	Emissions of carbon dioxide	400	37.13024774	30.65365973	JOR	Jordan	1	ANNUAL	METONS	14.43	14.3	15.18	14.99	16.84	18.11	18.5	19.33	18.65	19.42	18.88	19.93	22.78	22.46	24.11	21.632	2014	24.11	IEA/OECD CO2 emissions from fuel combustion, 2016	C
2017.Q2.G.01	EN_ATM_CO2	Emissions of carbon dioxide	404	37.86096816	0.534797278	KEN	Kenya	1	ANNUAL	METONS	7.76	7.08	6.83	5.86	6.72	7.48	8.44	8.38	8.82	10.43	11.21	11.32	10.35	11.7	12.35	11.386	2014	12.35	IEA/OECD CO2 emissions from fuel combustion, 2016	C
2017.Q2.G.01	EN_ATM_CO2	Emissions of carbon dioxide	408	127.1803633	40.1462645	PRK	Democratic People's Republic of Korea	1	ANNUAL	METONS	69.96	72.31	69.07	70.53	72.09	75.33	76.53	63.27	70.38	69.89	65.55	46.09	47	33.26	37.8	45.94	2014	37.8	IEA/OECD CO2 emissions from fuel combustion, 2016	C
2017.Q2.G.01	EN_ATM_CO2	Emissions of carbon dioxide	410	127.8610254	36.45201023	KOR	Republic of Korea	1	ANNUAL	METONS	431.71	445.68	435.73	437.62	459.63	457.51	464.55	477.25	488.68	501.93	550.8	573.56	575.27	572.18	567.81	567.924	2014	567.81	IEA/OECD CO2 emissions from fuel combustion, 2016	C
2017.Q2.G.01	EN_ATM_CO2	Emissions of carbon dioxide	414	47.49305029	29.53949468	KWT	Kuwait	1	ANNUAL	METONS	46.29	50.22	52.22	53.38	56.22	64.74	67.29	67.49	71.57	78.42	76.97	81.48	86.02	84.1	86.08	82.93	2014	86.08	IEA/OECD CO2 emissions from fuel combustion, 2016	C
2017.Q2.G.01	EN_ATM_CO2	Emissions of carbon dioxide	417	74.52324839	41.46204516	KGZ	Kyrgyzstan	1	ANNUAL	METONS	4.45	3.76	4.74	5.26	5.19	4.89	4.88	5.96	7.01	6.52	6.04	7.21	9.57	8.88	8.36	8.012	2014	8.36	IEA/OECD CO2 emissions from fuel combustion, 2016	C
2017.Q2.G.01	EN_ATM_CO2	Emissions of carbon dioxide	418	101.9901968	20.27482773	LAO	Lao People's Democratic Republic	1	ANNUAL	METONS																				
2017.Q2.G.01	EN_ATM_CO2	Emissions of carbon dioxide	422	35.89391711	33.92152458	LBN	Lebanon	1	ANNUAL	METONS	13.99	15.15	15.1	15.05	15.19	14.46	13.66	12.01	15.77	19.27	18.2	18.5	21	20.64	22.37	20.142	2014	22.37	IEA/OECD CO2 emissions from fuel combustion, 2016	C
2017.Q2.G.01	EN_ATM_CO2	Emissions of carbon dioxide	426	28.25362195	-29.58041814	LSO	Lesotho	1	ANNUAL	METONS																				
2017.Q2.G.01	EN_ATM_CO2	Emissions of carbon dioxide	428	26.42461876	56.64196636	LVA	Latvia	1	ANNUAL	METONS	6.84	7.25	7.23	7.46	7.48	7.58	8.03	8.36	7.94	7.18	8.09	7.34	6.99	6.91	6.72	7.21	2014	6.72	IEA/OECD CO2 emissions from fuel combustion, 2016	C
2017.Q2.G.01	EN_ATM_CO2	Emissions of carbon dioxide	430	-9.311879038	6.448381009	LBR	Liberia	1	ANNUAL	METONS																				
2017.Q2.G.01	EN_ATM_CO2	Emissions of carbon dioxide	434	18.0295985	27.04042819	LBY	Libya	1	ANNUAL	METONS	36.76	37.78	39.81	41.51	42.41	42.98	41.78	38.78	42.01	45.18	48.05	34.37	44.23	48.19	47.9	44.548	2014	47.9	IEA/OECD CO2 emissions from fuel combustion, 2016	C
2017.Q2.G.01	EN_ATM_CO2	Emissions of carbon dioxide	438	9.552985019	47.14167005	LIE	Liechtenstein	1	ANNUAL	METONS																				
2017.Q2.G.01	EN_ATM_CO2	Emissions of carbon dioxide	440	23.90517807	55.33680309	LTU	Lithuania	1	ANNUAL	METONS	10.22	10.87	10.93	10.93	11.56	12.27	12.4	12.53	12.46	11.28	12.19	11.35	11.36	10.73	10.31	11.188	2014	10.31	IEA/OECD CO2 emissions from fuel combustion, 2016	C
2017.Q2.G.01	EN_ATM_CO2	Emissions of carbon dioxide	442	6.092656563	49.77679538	LUX	Luxembourg	1	ANNUAL	METONS	8.06	8.69	9.36	9.84	11.23	11.48	11.29	10.69	10.62	10.07	10.65	10.51	10.32	9.77	9.25	10.1	2014	9.25	IEA/OECD CO2 emissions from fuel combustion, 2016	C
2017.Q2.G.01	EN_ATM_CO2	Emissions of carbon dioxide	446	113.5665388	22.1237259	MAC	China, Macao Special Administrative Region	1	ANNUAL	METONS																				
2017.Q2.G.01	EN_ATM_CO2	Emissions of carbon dioxide	450	46.6982339	-19.38514785	MDG	Madagascar	1	ANNUAL	METONS																				
2017.Q2.G.01	EN_ATM_CO2	Emissions of carbon dioxide	454	33.4884625	-13.40819859	MWI	Malawi	1	ANNUAL	METONS																				
2017.Q2.G.01	EN_ATM_CO2	Emissions of carbon dioxide	458	116.8346314	5.452415309	MYS	Malaysia	1	ANNUAL	METONS	115.03	120.41	126.47	132.76	146.54	155.81	161.77	178.02	190.27	169.77	189.83	191.46	192.95	209.04	220.52	200.76	2014	220.52	IEA/OECD CO2 emissions from fuel combustion, 2016	C
2017.Q2.G.01	EN_ATM_CO2	Emissions of carbon dioxide	462	73.09672546	-0.614385021	MDV	Maldives	1	ANNUAL	METONS																				
2017.Q2.G.01	EN_ATM_CO2	Emissions of carbon dioxide	466	-3.522016039	17.35311254	MLI	Mali	1	ANNUAL	METONS																				
2017.Q2.G.01	EN_ATM_CO2	Emissions of carbon dioxide	470	14.44617519	35.89194275	MLT	Malta	1	ANNUAL	METONS	2.13	2.49	2.32	2.61	2.6	2.72	2.59	2.75	2.58	2.47	2.57	2.57	2.7	2.37	2.34	2.51	2014	2.34	IEA/OECD CO2 emissions from fuel combustion, 2016	C
2017.Q2.G.01	EN_ATM_CO2	Emissions of carbon dioxide	474	-60.91544135	14.56086108	MTQ	Martinique	1	ANNUAL	METONS																				
2017.Q2.G.01	EN_ATM_CO2	Emissions of carbon dioxide	478	-10.33187259	20.26089546	MRT	Mauritania	1	ANNUAL	METONS																				
2017.Q2.G.01	EN_ATM_CO2	Emissions of carbon dioxide	480	57.568022	-20.28581998	MUS	Mauritius	1	ANNUAL	METONS	2.43	2.56	2.61	2.75	2.77	2.96	3.3	3.39	3.47	3.42	3.66	3.64	3.73	3.83	3.96	3.764	2014	3.96	IEA/OECD CO2 emissions from fuel combustion, 2016	C
2017.Q2.G.01	EN_ATM_CO2	Emissions of carbon dioxide	484	-102.5148166	23.93378032	MEX	Mexico	1	ANNUAL	METONS	359.62	360.48	368	385.06	394.01	410.67	424.81	431.76	432.24	423.47	437.95	455.22	457.64	448.11	430.92	445.968	2014	430.92	IEA/OECD CO2 emissions from fuel combustion, 2016	C
2017.Q2.G.01	EN_ATM_CO2	Emissions of carbon dioxide	492	7.424214814	43.73532918	MCO	Monaco	1	ANNUAL	METONS																				
2017.Q2.G.01	EN_ATM_CO2	Emissions of carbon dioxide	496	103.0728057	46.83892054	MNG	Mongolia	1	ANNUAL	METONS	8.98	8.96	9.56	9.27	9.52	11	12.34	12.92	12.86	13.55	14.15	15.59	17.19	18.66	18.16	16.75	2014	18.16	IEA/OECD CO2 emissions from fuel combustion, 2016	C
2017.Q2.G.01	EN_ATM_CO2	Emissions of carbon dioxide	498	28.4650624	47.20236795	MDA	Republic of Moldova	1	ANNUAL	METONS	6.54	6.84	6.96	7.52	7.49	7.7	7.51	7.37	7.33	7.27	7.85	7.8	7.63	6.7	7.25	7.446	2014	7.25	IEA/OECD CO2 emissions from fuel combustion, 2016	C
2017.Q2.G.01	EN_ATM_CO2	Emissions of carbon dioxide	499	19.25214024	42.78717043	MNE	Montenegro	1	ANNUAL	METONS						1.98	2.25	2.11	2.71	1.72	2.52	2.54	2.34	2.27	2.22	2.378	2014	2.22	IEA/OECD CO2 emissions from fuel combustion, 2016	C
2017.Q2.G.01	EN_ATM_CO2	Emissions of carbon dioxide	500	-62.19261223	16.73558313	MSR	Montserrat	1	ANNUAL	METONS																				
2017.Q2.G.01	EN_ATM_CO2	Emissions of carbon dioxide	504	-6.281942841	31.8440131	MAR	Morocco	1	ANNUAL	METONS	29.54	32.19	33.33	33.06	36.29	38.89	40.18	40.96	42.75	42.72	45.95	50.26	51.75	50.47	53.11	50.308	2014	53.11	IEA/OECD CO2 emissions from fuel combustion, 2016	C
2017.Q2.G.01	EN_ATM_CO2	Emissions of carbon dioxide	508	38.18479941	-14.27963886	MOZ	Mozambique	1	ANNUAL	METONS	1.32	1.3	1.37	1.66	1.69	1.51	1.62	1.97	1.95	2.21	2.38	2.82	2.62	2.95	3.87	2.928	2014	3.87	IEA/OECD CO2 emissions from fuel combustion, 2016	C
2017.Q2.G.01	EN_ATM_CO2	Emissions of carbon dioxide	512	57.87743482	21.98805614	OMN	Oman	1	ANNUAL	METONS	20.41	23.01	24.67	25.46	25.2	24.66	32.43	36.39	35.61	38.5	42.36	48.75	54.33	56.48	59.9	52.364	2014	59.9	IEA/OECD CO2 emissions from fuel combustion, 2016	C
2017.Q2.G.01	EN_ATM_CO2	Emissions of carbon dioxide	516	17.21907885	-22.13817068	NAM	Namibia	1	ANNUAL	METONS	1.9	2.43	2.12	2.24	2.34	2.49	2.5	2.59	2.92	2.98	3.07	3.13	3.24	3.44	3.59	3.294	2014	3.59	IEA/OECD CO2 emissions from fuel combustion, 2016	C
2017.Q2.G.01	EN_ATM_CO2	Emissions of carbon dioxide	520	166.92313	-0.528742623	NRU	Nauru	1	ANNUAL	METONS																				
2017.Q2.G.01	EN_ATM_CO2	Emissions of carbon dioxide	524	83.94678863	28.25866332	NPL	Nepal	1	ANNUAL	METONS	3.1	3.35	2.67	2.9	2.7	3.07	2.5	2.58	2.88	3.43	4.12	4.4	4.97	4.86	5.93	4.856	2014	5.93	IEA/OECD CO2 emissions from fuel combustion, 2016	C
2017.Q2.G.01	EN_ATM_CO2	Emissions of carbon dioxide	528	5.331480568	51.86728884	NLD	Netherlands	1	ANNUAL	METONS	161.49	166.45	166.76	169.77	171.5	167.01	162.71	163.5	164.29	159.52	169.96	158.04	156.04	155.72	148.34	157.62	2014	148.34	IEA/OECD CO2 emissions from fuel combustion, 2016	C
2017.Q2.G.01	EN_ATM_CO2	Emissions of carbon dioxide	530	-68.30676179	12.22720635	ANT	Netherlands Antilles	1	ANNUAL	METONS																				
2017.Q2.G.01	EN_ATM_CO2	Emissions of carbon dioxide	531	-68.95033464	12.15058042	CUW	Curaçao	1	ANNUAL	METONS	5.61	5.68	5.43	5.44	5.68	5.99	5.89	6.4	6.33	5.93	4.38	5.5	4.54	4.41	4.75	4.716	2014	4.75	IEA/OECD CO2 emissions from fuel combustion, 2016	C
2017.Q2.G.01	EN_ATM_CO2	Emissions of carbon dioxide	533	-69.97050586	12.50878756	ABW	Aruba	1	ANNUAL	METONS																				
2017.Q2.G.01	EN_ATM_CO2	Emissions of carbon dioxide	534	-63.06198692	18.03926508	SXM	Sint Maarten (Dutch part)	1	ANNUAL	METONS																				
2017.Q2.G.01	EN_ATM_CO2	Emissions of carbon dioxide	540	165.5067368	-21.41742531	NCL	New Caledonia	1	ANNUAL	METONS																				
2017.Q2.G.01	EN_ATM_CO2	Emissions of carbon dioxide	548	167.0679779	-15.34445547	VUT	Vanuatu	1	ANNUAL	METONS																				
2017.Q2.G.01	EN_ATM_CO2	Emissions of carbon dioxide	554	170.4755673	-43.98721568	NZL	New Zealand	1	ANNUAL	METONS	28.97	31.17	31.08	32.97	32.43	33.7	33.76	32.61	33.45	30.46	30.35	29.65	31.21	30.96	31.24	30.682	2014	31.24	IEA/OECD CO2 emissions from fuel combustion, 2016	C
2017.Q2.G.01	EN_ATM_CO2	Emissions of carbon dioxide	558	-85.03060315	12.84210839	NIC	Nicaragua	1	ANNUAL	METONS	3.54	3.71	3.83	3.95	4.1	4.03	4.24	4.36	4.19	4.17	4.28	4.47	4.43	4.26	4.54	4.396	2014	4.54	IEA/OECD CO2 emissions from fuel combustion, 2016	C
2017.Q2.G.01	EN_ATM_CO2	Emissions of carbon dioxide	562	9.400167877	17.42143036	NER	Niger	1	ANNUAL	METONS	0.65	0.64	0.67	0.73	0.77	0.73	0.73	0.8	0.84	1.07	1.36	1.38	1.87	1.78	1.96	1.67	2014	1.96	IEA/OECD CO2 emissions from fuel combustion, 2016	C
2017.Q2.G.01	EN_ATM_CO2	Emissions of carbon dioxide	566	8.097363256	9.585789025	NGA	Nigeria	1	ANNUAL	METONS	43.76	49.41	51.06	54.05	54.33	56.4	50.8	47.58	52.76	43.86	55.77	60.73	63.28	61.81	60.16	60.35	2014	60.16	IEA/OECD CO2 emissions from fuel combustion, 2016	C
2017.Q2.G.01	EN_ATM_CO2	Emissions of carbon dioxide	570	-169.8601693	-19.05000475	NIU	Niue	1	ANNUAL	METONS																				
2017.Q2.G.01	EN_ATM_CO2	Emissions of carbon dioxide	574	167.9515548	-29.03230018	NFK	Norfolk Island	1	ANNUAL	METONS																				
2017.Q2.G.01	EN_ATM_CO2	Emissions of carbon dioxide	578	11.47846389	61.34311134	NOR	Norway	1	ANNUAL	METONS	31.87	32.88	32.5	35.06	35.58	34.49	35.45	36.03	35.3	35.67	37.58	36.19	35.42	35.1	35.31	35.92	2014	35.31	IEA/OECD CO2 emissions from fuel combustion, 2016	C
2017.Q2.G.01	EN_ATM_CO2	Emissions of carbon dioxide	580	145.7582114	15.19099517	MNP	Northern Mariana Islands	1	ANNUAL	METONS																				
2017.Q2.G.01	EN_ATM_CO2	Emissions of carbon dioxide	581	-162.4343752	5.874443968	UMI	US Minor Outlying Islands	1	ANNUAL	METONS																				
2017.Q2.G.01	EN_ATM_CO2	Emissions of carbon dioxide	583	158.225216	6.880670092	FSM	Micronesia, Federated States of	1	ANNUAL	METONS																				
2017.Q2.G.01	EN_ATM_CO2	Emissions of carbon dioxide	584	171.0839119	7.110213497	MHL	Marshall Islands	1	ANNUAL	METONS																				
2017.Q2.G.01	EN_ATM_CO2	Emissions of carbon dioxide	585	134.5733878	7.502307591	PLW	Palau	1	ANNUAL	METONS																				
2017.Q2.G.01	EN_ATM_CO2	Emissions of carbon dioxide	586	68.80479684	29.36491634	PAK	Pakistan	1	ANNUAL	METONS	95.96	97	99.39	102.27	114.6	116.75	126.31	137.84	132.06	135.39	131.36	132.62	134.23	135.14	137.43	134.156	2014	137.43	IEA/OECD CO2 emissions from fuel combustion, 2016	C
2017.Q2.G.01	EN_ATM_CO2	Emissions of carbon dioxide	591	-81.26616623	8.450965746	PAN	Panama	1	ANNUAL	METONS	4.88	5.87	5.1	5.2	5.29	6.77	7.15	6.9	6.53	8.01	8.84	9.5	9.76	9.87	10.59	9.712	2014	10.59	IEA/OECD CO2 emissions from fuel combustion, 2016	C
2017.Q2.G.01	EN_ATM_CO2	Emissions of carbon dioxide	598	145.8587761	-6.756057077	PNG	Papua New Guinea	1	ANNUAL	METONS																				
2017.Q2.G.01	EN_ATM_CO2	Emissions of carbon dioxide	600	-60.54854225	-21.70216237	PRY	Paraguay	1	ANNUAL	METONS	3.28	3.41	3.59	3.71	3.76	3.47	3.6	3.73	3.94	4.1	4.66	4.87	5.04	4.93	5.19	4.938	2014	5.19	IEA/OECD CO2 emissions from fuel combustion, 2016	C
2017.Q2.G.01	EN_ATM_CO2	Emissions of carbon dioxide	604	-71.82093277	-13.58939705	PER	Peru	1	ANNUAL	METONS	26.39	24.33	25.52	24.87	28.76	28.62	28.02	30.91	35.2	37.69	41.09	44.22	44	44.84	47.79	44.388	2014	47.79	IEA/OECD CO2 emissions from fuel combustion, 2016	C
2017.Q2.G.01	EN_ATM_CO2	Emissions of carbon dioxide	608	120.8601418	14.16591706	PHL	Philippines	1	ANNUAL	METONS	68.11	67.86	66.83	69.01	70.51	71.48	65.53	69	71.16	71.45	77.11	77.74	80.39	89.63	95.71	84.116	2014	95.71	IEA/OECD CO2 emissions from fuel combustion, 2016	C
2017.Q2.G.01	EN_ATM_CO2	Emissions of carbon dioxide	612	-128.3225873	-24.37538456	PCN	Pitcairn	1	ANNUAL	METONS																				
2017.Q2.G.01	EN_ATM_CO2	Emissions of carbon dioxide	616	19.40660158	52.1226733	POL	Poland	1	ANNUAL	METONS	289.66	288.71	282.67	293.2	296.85	296.44	308.32	306.54	301.72	291.59	307.58	303.22	296.59	292.08	279.04	295.702	2014	279.04	IEA/OECD CO2 emissions from fuel combustion, 2016	C
2017.Q2.G.01	EN_ATM_CO2	Emissions of carbon dioxide	620	-7.961599811	39.68509315	PRT	Portugal	1	ANNUAL	METONS	57.84	57.74	61.68	56.9	58.11	61.37	56.43	54.62	52.82	53.06	47.55	47.04	45.66	43.73	42.81	45.358	2014	42.81	IEA/OECD CO2 emissions from fuel combustion, 2016	C
2017.Q2.G.01	EN_ATM_CO2	Emissions of carbon dioxide	624	-14.40182514	12.11760394	GNB	Guinea-Bissau	1	ANNUAL	METONS																				
2017.Q2.G.01	EN_ATM_CO2	Emissions of carbon dioxide	626	125.9451052	-8.797497247	TLS	Timor-Leste	1	ANNUAL	METONS																				
2017.Q2.G.01	EN_ATM_CO2	Emissions of carbon dioxide	630	-66.47591017	18.22753799	PRI	Puerto Rico	1	ANNUAL	METONS																				
2017.Q2.G.01	EN_ATM_CO2	Emissions of carbon dioxide	634	51.19152467	25.28355379	QAT	Qatar	1	ANNUAL	METONS	21.25	22.47	26.55	27.85	30.86	33.2	38.45	43.21	46.58	50.32	57.1	62.71	70.84	72.79	77.61	68.21	2014	77.61	IEA/OECD CO2 emissions from fuel combustion, 2016	C
2017.Q2.G.01	EN_ATM_CO2	Emissions of carbon dioxide	638	55.53171398	-21.13183266	REU	Réunion	1	ANNUAL	METONS																				
2017.Q2.G.01	EN_ATM_CO2	Emissions of carbon dioxide	642	24.98481009	45.83893563	ROU	Romania	1	ANNUAL	METONS	86.24	91.36	90.92	97	93.76	92.66	95.32	92.48	91.25	77.47	74.76	80.9	78.61	69	68.16	74.286	2014	68.16	IEA/OECD CO2 emissions from fuel combustion, 2016	C
2017.Q2.G.01	EN_ATM_CO2	Emissions of carbon dioxide	643	99.01404926	61.61899849	RUS	Russian Federation	1	ANNUAL	METONS	1474.22	1474.48	1465.63	1493.69	1487.97	1481.66	1537.44	1533.44	1553.56	1440.39	1528.92	1604.4	1550.82	1534.64	1467.55	1537.266	2014	1467.55	IEA/OECD CO2 emissions from fuel combustion, 2016	C
2017.Q2.G.01	EN_ATM_CO2	Emissions of carbon dioxide	646	29.92310194	-1.999842114	RWA	Rwanda	1	ANNUAL	METONS																				
2017.Q2.G.01	EN_ATM_CO2	Emissions of carbon dioxide	652	-62.83173536	17.89513362	BLM	Saint Barthélemy	1	ANNUAL	METONS																				
2017.Q2.G.01	EN_ATM_CO2	Emissions of carbon dioxide	654	-5.705752501	-15.96503946	SHN	Saint Helena	1	ANNUAL	METONS																				
2017.Q2.G.01	EN_ATM_CO2	Emissions of carbon dioxide	659	-62.76628613	17.33994219	KNA	Saint Kitts and Nevis	1	ANNUAL	METONS																				
2017.Q2.G.01	EN_ATM_CO2	Emissions of carbon dioxide	660	-63.05651612	18.21525315	AIA	Anguilla	1	ANNUAL	METONS																				
2017.Q2.G.01	EN_ATM_CO2	Emissions of carbon dioxide	662	-60.96529553	13.89405601	LCA	Saint Lucia	1	ANNUAL	METONS																				
2017.Q2.G.01	EN_ATM_CO2	Emissions of carbon dioxide	663	-63.04505461	18.0882685	MAF	Saint Martin (French Part)	1	ANNUAL	METONS																				
2017.Q2.G.01	EN_ATM_CO2	Emissions of carbon dioxide	666	-56.33682442	46.85812735	SPM	Saint Pierre and Miquelon	1	ANNUAL	METONS																				
2017.Q2.G.01	EN_ATM_CO2	Emissions of carbon dioxide	670	-61.19024321	13.24627968	VCT	Saint Vincent and the Grenadines	1	ANNUAL	METONS																				
2017.Q2.G.01	EN_ATM_CO2	Emissions of carbon dioxide	674	12.46329038	43.93841766	SMR	San Marino	1	ANNUAL	METONS																				
2017.Q2.G.01	EN_ATM_CO2	Emissions of carbon dioxide	678	6.609772265	0.241554875	STP	Sao Tome and Principe	1	ANNUAL	METONS																				
2017.Q2.G.01	EN_ATM_CO2	Emissions of carbon dioxide	682	44.54763347	24.12594211	SAU	Saudi Arabia	1	ANNUAL	METONS	234.57	238.24	255.26	266.27	282.04	297.96	316.57	333.1	364.16	379.4	419.1	434.56	463.34	471.04	506.59	458.926	2014	506.59	IEA/OECD CO2 emissions from fuel combustion, 2016	C
2017.Q2.G.01	EN_ATM_CO2	Emissions of carbon dioxide	686	-14.46636926	14.35920905	SEN	Senegal	1	ANNUAL	METONS	3.52	3.83	3.92	3.81	4.44	4.62	4.44	4.98	5.22	5.37	5.46	5.79	5.67	6	6.28	5.84	2014	6.28	IEA/OECD CO2 emissions from fuel combustion, 2016	C
2017.Q2.G.01	EN_ATM_CO2	Emissions of carbon dioxide	688	20.805876	44.03145697	SRB	Serbia	1	ANNUAL	METONS	43	45.06	48.65	52.21	56.42	49.55	51.74	50.15	48.33	45.67	45.88	50.05	44.63	45.44	38.11	44.822	2014	38.11	IEA/OECD CO2 emissions from fuel combustion, 2016	C
2017.Q2.G.01	EN_ATM_CO2	Emissions of carbon dioxide	690	55.46561591	-4.678053059	SYC	Seychelles	1	ANNUAL	METONS																				
2017.Q2.G.01	EN_ATM_CO2	Emissions of carbon dioxide	694	-11.78306584	8.568604164	SLE	Sierra Leone	1	ANNUAL	METONS																				
2017.Q2.G.01	EN_ATM_CO2	Emissions of carbon dioxide	702	103.8107883	1.361009155	SGP	Singapore	1	ANNUAL	METONS	42.12	42.04	41.3	38.17	39.62	37.86	38.28	39.42	39.35	40.33	44.28	46.74	45.96	46.24	45.32	45.708	2014	45.32	IEA/OECD CO2 emissions from fuel combustion, 2016	C
2017.Q2.G.01	EN_ATM_CO2	Emissions of carbon dioxide	703	19.48495604	48.70741446	SVK	Slovakia	1	ANNUAL	METONS	36.88	37.36	36.89	37.4	36.21	37.25	36.47	35.69	35.42	32.6	34.56	32.85	31.24	31.78	29.33	31.952	2014	29.33	IEA/OECD CO2 emissions from fuel combustion, 2016	C
2017.Q2.G.01	EN_ATM_CO2	Emissions of carbon dioxide	704	105.802499	10.09643079	VNM	Viet Nam	1	ANNUAL	METONS	44.22	48.79	57.17	60.3	73.44	79.09	81.41	89.79	100.95	111.6	126.09	125.59	124.74	130.02	143.31	129.95	2014	143.31	IEA/OECD CO2 emissions from fuel combustion, 2016	C
2017.Q2.G.01	EN_ATM_CO2	Emissions of carbon dioxide	705	14.82209486	46.11958061	SVN	Slovenia	1	ANNUAL	METONS	14.06	14.88	15.09	14.97	15.24	15.45	15.81	15.76	16.8	15.12	15.45	15.43	14.87	14.22	12.76	14.546	2014	12.76	IEA/OECD CO2 emissions from fuel combustion, 2016	C
2017.Q2.G.01	EN_ATM_CO2	Emissions of carbon dioxide	706	46.20367477	4.406485729	SOM	Somalia	1	ANNUAL	METONS																				
2017.Q2.G.01	EN_ATM_CO2	Emissions of carbon dioxide	710	24.67184355	-29.99957544	ZAF	South Africa	1	ANNUAL	METONS	280.51	316.47	326.82	348.25	375.43	372.29	373.96	391.44	423.21	399.42	406.74	394.55	407.69	423.32	437.37	413.934	2014	437.37	IEA/OECD CO2 emissions from fuel combustion, 2016	C
2017.Q2.G.01	EN_ATM_CO2	Emissions of carbon dioxide	716	29.86909584	-19.00075492	ZWE	Zimbabwe	1	ANNUAL	METONS	13.29	13.57	12.24	10.01	9.57	10.27	9.56	9.62	7.45	7.18	9.23	11.07	11.44	11.76	11.49	10.998	2014	11.49	IEA/OECD CO2 emissions from fuel combustion, 2016	C
2017.Q2.G.01	EN_ATM_CO2	Emissions of carbon dioxide	724	-3.554078296	40.39211472	ESP	Spain	1	ANNUAL	METONS	278.53	279.72	297.16	302.55	319.2	333.63	324.96	337.78	309.69	276.01	261.98	264.8	260.44	235.09	231.99	250.86	2014	231.99	IEA/OECD CO2 emissions from fuel combustion, 2016	C
2017.Q2.G.01	EN_ATM_CO2	Emissions of carbon dioxide	728	30.32618773	7.290839152	SSD	South Sudan	1	ANNUAL	METONS													1.44	1.47	1.52	1.47666666666667	2014	1.52	IEA/OECD CO2 emissions from fuel combustion, 2016	C
2017.Q2.G.01	EN_ATM_CO2	Emissions of carbon dioxide	732	-13.13515523	24.66265342	ESH	Western Sahara	1	ANNUAL	METONS																				
2017.Q2.G.01	EN_ATM_CO2	Emissions of carbon dioxide	736	29.95650159	16.02643066	SDN	Sudan	1	ANNUAL	METONS																				
2017.Q2.G.01	EN_ATM_CO2	Emissions of carbon dioxide	740	-55.90626394	4.132603197	SUR	Suriname	1	ANNUAL	METONS	1.46	1.49	1.08	1.2	1.36	1.65	1.5	1.38	1.42	1.42	1.7	1.79	2.01	1.97	1.99	1.892	2014	1.99	IEA/OECD CO2 emissions from fuel combustion, 2016	C
2017.Q2.G.01	EN_ATM_CO2	Emissions of carbon dioxide	744	13.38071013	78.82894131	SJM	Svalbard and Jan Mayen Islands	1	ANNUAL	METONS																				
2017.Q2.G.01	EN_ATM_CO2	Emissions of carbon dioxide	748	31.50149288	-26.56471011	SWZ	Swaziland	1	ANNUAL	METONS																				
2017.Q2.G.01	EN_ATM_CO2	Emissions of carbon dioxide	752	14.3775338	60.60103109	SWE	Sweden	1	ANNUAL	METONS	51.97	51.15	52.73	53.98	52.29	49.09	46.61	44.97	42.94	40.71	46.04	42.42	39.34	37.66	37.42	40.576	2014	37.42	IEA/OECD CO2 emissions from fuel combustion, 2016	C
2017.Q2.G.01	EN_ATM_CO2	Emissions of carbon dioxide	756	8.223158	46.96617097	CHE	Switzerland	1	ANNUAL	METONS	41.94	43.37	41.83	43.17	43.46	43.9	43.48	41.53	43	41.7	43.1	39.1	40.52	41.55	37.74	40.402	2014	37.74	IEA/OECD CO2 emissions from fuel combustion, 2016	C
2017.Q2.G.01	EN_ATM_CO2	Emissions of carbon dioxide	760	38.50466565	35.01676176	SYR	Syrian Arab Republic (Syria)	1	ANNUAL	METONS	37.01	38.89	39.8	40.02	42.48	53.45	56.67	59.59	61.34	56.66	55.95	51.95	38.36	29.92	27.57	40.75	2014	27.57	IEA/OECD CO2 emissions from fuel combustion, 2016	C
2017.Q2.G.01	EN_ATM_CO2	Emissions of carbon dioxide	762	69.294998	38.43069666	TJK	Tajikistan	1	ANNUAL	METONS	2.18	2.12	2.08	2.09	2.5	2.35	2.55	3.11	2.95	2.31	2.3	2.42	2.84	3.53	4.66	3.15	2014	4.66	IEA/OECD CO2 emissions from fuel combustion, 2016	C
2017.Q2.G.01	EN_ATM_CO2	Emissions of carbon dioxide	764	101.0202951	15.13089239	THA	Thailand	1	ANNUAL	METONS	152.29	160	169.41	177.11	193.81	200.2	201.67	209.44	215.17	207.2	223.41	221.78	238.96	247.45	243.52	235.024	2014	243.52	IEA/OECD CO2 emissions from fuel combustion, 2016	C
2017.Q2.G.01	EN_ATM_CO2	Emissions of carbon dioxide	768	0.97835765	8.532096072	TGO	Togo	1	ANNUAL	METONS	0.95	0.78	0.85	1.09	1.03	0.96	0.89	0.89	1.1	2.28	2.08	1.89	1.62	1.67	1.72	1.796	2014	1.72	IEA/OECD CO2 emissions from fuel combustion, 2016	C
2017.Q2.G.01	EN_ATM_CO2	Emissions of carbon dioxide	772	-171.8154473	-9.214545558	TKL	Tokelau	1	ANNUAL	METONS																				
2017.Q2.G.01	EN_ATM_CO2	Emissions of carbon dioxide	776	-175.1959991	-21.19511329	TON	Tonga	1	ANNUAL	METONS																				
2017.Q2.G.01	EN_ATM_CO2	Emissions of carbon dioxide	780	-61.29389504	10.41877263	TTO	Trinidad and Tobago	1	ANNUAL	METONS	10.1	11.77	13.06	15.31	15.75	17.54	19.44	21.65	21.53	20.17	22.34	22.24	22.04	22.95	23.21	22.556	2014	23.21	IEA/OECD CO2 emissions from fuel combustion, 2016	C
2017.Q2.G.01	EN_ATM_CO2	Emissions of carbon dioxide	784	53.98279159	23.43322219	ARE	United Arab Emirates	1	ANNUAL	METONS	79.83	92.52	94.54	98.77	104.99	111.11	115.02	124.15	146.48	147	151.75	159.14	169.9	173.47	175.43	165.938	2014	175.43	IEA/OECD CO2 emissions from fuel combustion, 2016	C
2017.Q2.G.01	EN_ATM_CO2	Emissions of carbon dioxide	788	9.572737411	34.11439971	TUN	Tunisia	1	ANNUAL	METONS	17.63	18.5	18.52	18.33	19.04	19.47	20.16	20.97	21.05	21.13	23.29	22.24	23.47	23.65	25.01	23.532	2014	25.01	IEA/OECD CO2 emissions from fuel combustion, 2016	C
2017.Q2.G.01	EN_ATM_CO2	Emissions of carbon dioxide	792	35.42890329	38.9899684	TUR	Turkey	1	ANNUAL	METONS	201.24	182.57	192.63	202.85	207.08	216.19	239.52	265.47	264.9	256.67	265.38	284.79	302.67	284	307.11	288.79	2014	307.11	IEA/OECD CO2 emissions from fuel combustion, 2016	C
2017.Q2.G.01	EN_ATM_CO2	Emissions of carbon dioxide	795	58.9787665	40.0912346	TKM	Turkmenistan	1	ANNUAL	METONS	36.66	37.89	39.72	44.22	46.59	48.09	49.2	55.82	56.44	49.94	56.9	61.78	64.08	65.49	67	63.05	2014	67	IEA/OECD CO2 emissions from fuel combustion, 2016	C
2017.Q2.G.01	EN_ATM_CO2	Emissions of carbon dioxide	796	-71.745121	21.80780585	TCA	Turks and Caicos Islands	1	ANNUAL	METONS																				
2017.Q2.G.01	EN_ATM_CO2	Emissions of carbon dioxide	798	178.6679611	-7.460048071	TUV	Tuvalu	1	ANNUAL	METONS																				
2017.Q2.G.01	EN_ATM_CO2	Emissions of carbon dioxide	800	32.39100438	1.279557331	UGA	Uganda	1	ANNUAL	METONS																				
2017.Q2.G.01	EN_ATM_CO2	Emissions of carbon dioxide	804	31.40270802	49.00735945	UKR	Ukraine	1	ANNUAL	METONS	295	297.96	301	331.94	306.67	293.93	301.52	307.91	294.79	249.44	266.27	279.46	273.83	265.02	236.54	264.224	2014	236.54	IEA/OECD CO2 emissions from fuel combustion, 2016	C
2017.Q2.G.01	EN_ATM_CO2	Emissions of carbon dioxide	807	21.7007909	41.60048068	MKD	Macedonia, Republic of	1	ANNUAL	METONS	8.53	8.68	8.14	8.84	8.55	8.9	8.9	9.34	9.13	8.52	8.34	9.16	8.81	7.87	7.43	8.322	2014	7.43	IEA/OECD CO2 emissions from fuel combustion, 2016	C
2017.Q2.G.01	EN_ATM_CO2	Emissions of carbon dioxide	818	29.77468534	26.57438204	EGY	Egypt	1	ANNUAL	METONS	99.71	111.37	113.11	117.42	128.12	144.62	152.13	163.56	170.85	174.43	176.4	182.64	189.29	174.94	173.27	179.308	2014	173.27	IEA/OECD CO2 emissions from fuel combustion, 2016	C
2017.Q2.G.01	EN_ATM_CO2	Emissions of carbon dioxide	826	-2.23830539	53.27691757	GBR	United Kingdom	1	ANNUAL	METONS	521.15	535.54	519.88	532.26	532.66	531.15	532.53	521.35	508.02	459.32	476.81	438.48	462.12	449.74	407.84	446.998	2014	407.84	IEA/OECD CO2 emissions from fuel combustion, 2016	C
2017.Q2.G.01	EN_ATM_CO2	Emissions of carbon dioxide	831	-2.200712402	49.71561166	GGY	Guernsey	1	ANNUAL	METONS																				
2017.Q2.G.01	EN_ATM_CO2	Emissions of carbon dioxide	832	-2.136773508	49.22353354	JEY	Jersey	1	ANNUAL	METONS																				
2017.Q2.G.01	EN_ATM_CO2	Emissions of carbon dioxide	833	-4.538190305	54.22880901	IMN	Isle of Man	1	ANNUAL	METONS																				
2017.Q2.G.01	EN_ATM_CO2	Emissions of carbon dioxide	834	34.80521182	-6.265332606	TZA	Tanzania, United Republic of	1	ANNUAL	METONS	2.61	2.76	3.15	3.29	4.57	5.05	5.39	5.2	5.32	5.1	6.13	7.84	9.93	10.28	10.37	8.91	2014	10.37	IEA/OECD CO2 emissions from fuel combustion, 2016	C
2017.Q2.G.01	EN_ATM_CO2	Emissions of carbon dioxide	840	-99.13830311	39.5277871	USA	United States of America	1	ANNUAL	METONS	5642.64	5605.14	5535.85	5609.35	5687.8	5702.27	5601.66	5685.86	5511.62	5119.87	5347.05	5211.08	5031.25	5103.17	5176.21	5173.752	2014	5176.21	IEA/OECD CO2 emissions from fuel combustion, 2016	C
2017.Q2.G.01	EN_ATM_CO2	Emissions of carbon dioxide	850	-64.76960113	17.73297693	VIR	United States Virgin Islands	1	ANNUAL	METONS																				
2017.Q2.G.01	EN_ATM_CO2	Emissions of carbon dioxide	854	-1.742843829	12.27491081	BFA	Burkina Faso	1	ANNUAL	METONS																				
2017.Q2.G.01	EN_ATM_CO2	Emissions of carbon dioxide	858	-56.01387025	-32.8002838	URY	Uruguay	1	ANNUAL	METONS	5.09	4.54	4.15	4.07	5.2	5.15	6.08	5.57	7.47	7.45	5.96	7.22	8.18	7.11	6.27	6.948	2014	6.27	IEA/OECD CO2 emissions from fuel combustion, 2016	C
2017.Q2.G.01	EN_ATM_CO2	Emissions of carbon dioxide	860	63.11944558	41.77560518	UZB	Uzbekistan	1	ANNUAL	METONS	113.96	115.45	119.68	114.91	112.04	107.14	109.47	109.9	109.08	99.22	97.06	105.75	107.6	96.29	97.9	100.92	2014	97.9	IEA/OECD CO2 emissions from fuel combustion, 2016	C
2017.Q2.G.01	EN_ATM_CO2	Emissions of carbon dioxide	862	-66.15642084	7.121324748	VEN	Venezuela (Bolivarian Republic)	1	ANNUAL	METONS	116.18	123.31	122.69	122.36	127.59	137.13	133.24	129.75	159.38	160.46	171.47	151.3	168.75	155.96	154.99	160.494	2014	154.99	IEA/OECD CO2 emissions from fuel combustion, 2016	C
2017.Q2.G.01	EN_ATM_CO2	Emissions of carbon dioxide	876	-176.2034788	-13.28471201	WLF	Wallis and Futuna Islands	1	ANNUAL	METONS																				
2017.Q2.G.01	EN_ATM_CO2	Emissions of carbon dioxide	882	-172.4430749	-13.61541469	WSM	Samoa	1	ANNUAL	METONS																				
2017.Q2.G.01	EN_ATM_CO2	Emissions of carbon dioxide	887	45.22389143	15.22242099	YEM	Yemen	1	ANNUAL	METONS	13.34	14.51	14.56	16.84	17.84	18.83	18.89	20	21.25	23.46	22.37	19.22	17.42	23.88	21.34	20.846	2014	21.34	IEA/OECD CO2 emissions from fuel combustion, 2016	C
2017.Q2.G.01	EN_ATM_CO2	Emissions of carbon dioxide	894	27.850329	-14.59701056	ZMB	Zambia	1	ANNUAL	METONS	1.65	1.75	1.83	1.94	1.95	2.12	1.96	1.33	1.51	1.57	1.64	1.98	2.72	2.85	3.19	2.476	2014	3.19	IEA/OECD CO2 emissions from fuel combustion, 2016	C
