series.release	series.code	series.description	geoAreaCode	X	Y	ISO3CD	geoAreaName	sliceId	Freq	Units	2000	2005	2010	2015	2016	last.5.years.mean	latest.year	latest.value	latest.source	latest.nature
2017.Q2.G.01	ER_MRN_MARINT	Coverage of protected areas in relation to marine areas	4	66.02688198	33.83160199	AFG	Afghanistan	1	ANNUAL	KMSQ										
2017.Q2.G.01	ER_MRN_MARINT	Coverage of protected areas in relation to marine areas	8	20.06660928	41.13897007	ALB	Albania	1	ANNUAL	KMSQ					304	304	2016	304	Protected Planet: The World Database on Protected Areas (WDPA) [On-line], January, 2017, International Union for Conservation of Nature (IUCN) and United Nations Environment Programme's World Conservation Monitoring Centre (UNEP-WCMC).	
2017.Q2.G.01	ER_MRN_MARINT	Coverage of protected areas in relation to marine areas	10	21.47585697	-80.40897662	ATA	Antarctica	1	ANNUAL	KMSQ										
2017.Q2.G.01	ER_MRN_MARINT	Coverage of protected areas in relation to marine areas	12	2.678164227	28.15940032	DZA	Algeria	1	ANNUAL	KMSQ					110	110	2016	110	Protected Planet: The World Database on Protected Areas (WDPA) [On-line], January, 2017, International Union for Conservation of Nature (IUCN) and United Nations Environment Programme's World Conservation Monitoring Centre (UNEP-WCMC).	
2017.Q2.G.01	ER_MRN_MARINT	Coverage of protected areas in relation to marine areas	16	-170.7187269	-14.30587306	ASM	American Samoa	1	ANNUAL	KMSQ					35437	35437	2016	35437	Protected Planet: The World Database on Protected Areas (WDPA) [On-line], January, 2017, International Union for Conservation of Nature (IUCN) and United Nations Environment Programme's World Conservation Monitoring Centre (UNEP-WCMC).	
2017.Q2.G.01	ER_MRN_MARINT	Coverage of protected areas in relation to marine areas	20	1.576257417	42.54548611	AND	Andorra	1	ANNUAL	KMSQ										
2017.Q2.G.01	ER_MRN_MARINT	Coverage of protected areas in relation to marine areas	24	17.57817062	-12.33724746	AGO	Angola	1	ANNUAL	KMSQ					24	24	2016	24	Protected Planet: The World Database on Protected Areas (WDPA) [On-line], January, 2017, International Union for Conservation of Nature (IUCN) and United Nations Environment Programme's World Conservation Monitoring Centre (UNEP-WCMC).	
2017.Q2.G.01	ER_MRN_MARINT	Coverage of protected areas in relation to marine areas	28	-61.7999755	17.07761471	ATG	Antigua and Barbuda	1	ANNUAL	KMSQ					208	208	2016	208	Protected Planet: The World Database on Protected Areas (WDPA) [On-line], January, 2017, International Union for Conservation of Nature (IUCN) and United Nations Environment Programme's World Conservation Monitoring Centre (UNEP-WCMC).	
2017.Q2.G.01	ER_MRN_MARINT	Coverage of protected areas in relation to marine areas	31	50.01064725	40.39229544	AZE	Azerbaijan	1	ANNUAL	KMSQ					345	345	2016	345	Protected Planet: The World Database on Protected Areas (WDPA) [On-line], January, 2017, International Union for Conservation of Nature (IUCN) and United Nations Environment Programme's World Conservation Monitoring Centre (UNEP-WCMC).	
2017.Q2.G.01	ER_MRN_MARINT	Coverage of protected areas in relation to marine areas	32	-65.14563274	-35.19446255	ARG	Argentina	1	ANNUAL	KMSQ					43542	43542	2016	43542	Protected Planet: The World Database on Protected Areas (WDPA) [On-line], January, 2017, International Union for Conservation of Nature (IUCN) and United Nations Environment Programme's World Conservation Monitoring Centre (UNEP-WCMC).	
2017.Q2.G.01	ER_MRN_MARINT	Coverage of protected areas in relation to marine areas	36	134.3499412	-25.57717202	AUS	Australia	1	ANNUAL	KMSQ					3021418	3021418	2016	3021418	Protected Planet: The World Database on Protected Areas (WDPA) [On-line], January, 2017, International Union for Conservation of Nature (IUCN) and United Nations Environment Programme's World Conservation Monitoring Centre (UNEP-WCMC).	
2017.Q2.G.01	ER_MRN_MARINT	Coverage of protected areas in relation to marine areas	40	14.14172472	47.58704857	AUT	Austria	1	ANNUAL	KMSQ										
2017.Q2.G.01	ER_MRN_MARINT	Coverage of protected areas in relation to marine areas	44	-78.05111663	24.69546597	BHS	Bahamas	1	ANNUAL	KMSQ					3381	3381	2016	3381	Protected Planet: The World Database on Protected Areas (WDPA) [On-line], January, 2017, International Union for Conservation of Nature (IUCN) and United Nations Environment Programme's World Conservation Monitoring Centre (UNEP-WCMC).	
2017.Q2.G.01	ER_MRN_MARINT	Coverage of protected areas in relation to marine areas	48	50.5490754	26.04407747	BHR	Bahrain	1	ANNUAL	KMSQ					95	95	2016	95	Protected Planet: The World Database on Protected Areas (WDPA) [On-line], January, 2017, International Union for Conservation of Nature (IUCN) and United Nations Environment Programme's World Conservation Monitoring Centre (UNEP-WCMC).	
2017.Q2.G.01	ER_MRN_MARINT	Coverage of protected areas in relation to marine areas	50	89.17660788	22.86961622	BGD	Bangladesh	1	ANNUAL	KMSQ					4530	4530	2016	4530	Protected Planet: The World Database on Protected Areas (WDPA) [On-line], January, 2017, International Union for Conservation of Nature (IUCN) and United Nations Environment Programme's World Conservation Monitoring Centre (UNEP-WCMC).	
2017.Q2.G.01	ER_MRN_MARINT	Coverage of protected areas in relation to marine areas	51	44.93839317	40.29499741	ARM	Armenia	1	ANNUAL	KMSQ										
2017.Q2.G.01	ER_MRN_MARINT	Coverage of protected areas in relation to marine areas	52	-59.5346489	13.13648273	BRB	Barbados	1	ANNUAL	KMSQ					11	11	2016	11	Protected Planet: The World Database on Protected Areas (WDPA) [On-line], January, 2017, International Union for Conservation of Nature (IUCN) and United Nations Environment Programme's World Conservation Monitoring Centre (UNEP-WCMC).	
2017.Q2.G.01	ER_MRN_MARINT	Coverage of protected areas in relation to marine areas	56	4.660976456	50.64104975	BEL	Belgium	1	ANNUAL	KMSQ					1270	1270	2016	1270	Protected Planet: The World Database on Protected Areas (WDPA) [On-line], January, 2017, International Union for Conservation of Nature (IUCN) and United Nations Environment Programme's World Conservation Monitoring Centre (UNEP-WCMC).	
2017.Q2.G.01	ER_MRN_MARINT	Coverage of protected areas in relation to marine areas	60	-64.78155012	32.27881922	BMU	Bermuda	1	ANNUAL	KMSQ					149	149	2016	149	Protected Planet: The World Database on Protected Areas (WDPA) [On-line], January, 2017, International Union for Conservation of Nature (IUCN) and United Nations Environment Programme's World Conservation Monitoring Centre (UNEP-WCMC).	
2017.Q2.G.01	ER_MRN_MARINT	Coverage of protected areas in relation to marine areas	64	90.45098484	27.39598568	BTN	Bhutan	1	ANNUAL	KMSQ										
2017.Q2.G.01	ER_MRN_MARINT	Coverage of protected areas in relation to marine areas	68	-64.66224284	-16.71273412	BOL	Bolivia (Plurinational State of)	1	ANNUAL	KMSQ										
2017.Q2.G.01	ER_MRN_MARINT	Coverage of protected areas in relation to marine areas	70	17.78584332	44.16845548	BIH	Bosnia and Herzegovina	1	ANNUAL	KMSQ										
2017.Q2.G.01	ER_MRN_MARINT	Coverage of protected areas in relation to marine areas	72	23.81380223	-22.18810073	BWA	Botswana	1	ANNUAL	KMSQ										
2017.Q2.G.01	ER_MRN_MARINT	Coverage of protected areas in relation to marine areas	74	3.410732868	-54.43295905	BVT	Bouvet Island	1	ANNUAL	KMSQ										
2017.Q2.G.01	ER_MRN_MARINT	Coverage of protected areas in relation to marine areas	76	-53.08432878	-10.77668561	BRA	Brazil	1	ANNUAL	KMSQ					61881	61881	2016	61881	Protected Planet: The World Database on Protected Areas (WDPA) [On-line], January, 2017, International Union for Conservation of Nature (IUCN) and United Nations Environment Programme's World Conservation Monitoring Centre (UNEP-WCMC).	
2017.Q2.G.01	ER_MRN_MARINT	Coverage of protected areas in relation to marine areas	84	-88.70199554	17.19965901	BLZ	Belize	1	ANNUAL	KMSQ					3654	3654	2016	3654	Protected Planet: The World Database on Protected Areas (WDPA) [On-line], January, 2017, International Union for Conservation of Nature (IUCN) and United Nations Environment Programme's World Conservation Monitoring Centre (UNEP-WCMC).	
2017.Q2.G.01	ER_MRN_MARINT	Coverage of protected areas in relation to marine areas	86	72.38715553	-7.299281071	IOT	British Indian Ocean Territory	1	ANNUAL	KMSQ					642271	642271	2016	642271	Protected Planet: The World Database on Protected Areas (WDPA) [On-line], January, 2017, International Union for Conservation of Nature (IUCN) and United Nations Environment Programme's World Conservation Monitoring Centre (UNEP-WCMC).	
2017.Q2.G.01	ER_MRN_MARINT	Coverage of protected areas in relation to marine areas	90	160.1584117	-9.622391719	SLB	Solomon Islands	1	ANNUAL	KMSQ					1900	1900	2016	1900	Protected Planet: The World Database on Protected Areas (WDPA) [On-line], January, 2017, International Union for Conservation of Nature (IUCN) and United Nations Environment Programme's World Conservation Monitoring Centre (UNEP-WCMC).	
2017.Q2.G.01	ER_MRN_MARINT	Coverage of protected areas in relation to marine areas	92	-64.63294223	18.42256578	VGB	British Virgin Islands	1	ANNUAL	KMSQ					45	45	2016	45	Protected Planet: The World Database on Protected Areas (WDPA) [On-line], January, 2017, International Union for Conservation of Nature (IUCN) and United Nations Environment Programme's World Conservation Monitoring Centre (UNEP-WCMC).	
2017.Q2.G.01	ER_MRN_MARINT	Coverage of protected areas in relation to marine areas	96	114.6288563	4.49736984	BRN	Brunei Darussalam	1	ANNUAL	KMSQ					52	52	2016	52	Protected Planet: The World Database on Protected Areas (WDPA) [On-line], January, 2017, International Union for Conservation of Nature (IUCN) and United Nations Environment Programme's World Conservation Monitoring Centre (UNEP-WCMC).	
2017.Q2.G.01	ER_MRN_MARINT	Coverage of protected areas in relation to marine areas	100	25.23763153	42.75731323	BGR	Bulgaria	1	ANNUAL	KMSQ					2850	2850	2016	2850	Protected Planet: The World Database on Protected Areas (WDPA) [On-line], January, 2017, International Union for Conservation of Nature (IUCN) and United Nations Environment Programme's World Conservation Monitoring Centre (UNEP-WCMC).	
2017.Q2.G.01	ER_MRN_MARINT	Coverage of protected areas in relation to marine areas	104	96.51752295	21.19332882	MMR	Myanmar	1	ANNUAL	KMSQ					269	269	2016	269	Protected Planet: The World Database on Protected Areas (WDPA) [On-line], January, 2017, International Union for Conservation of Nature (IUCN) and United Nations Environment Programme's World Conservation Monitoring Centre (UNEP-WCMC).	
2017.Q2.G.01	ER_MRN_MARINT	Coverage of protected areas in relation to marine areas	108	29.89080992	-3.366387428	BDI	Burundi	1	ANNUAL	KMSQ										
2017.Q2.G.01	ER_MRN_MARINT	Coverage of protected areas in relation to marine areas	112	28.04940161	53.54193075	BLR	Belarus	1	ANNUAL	KMSQ										
2017.Q2.G.01	ER_MRN_MARINT	Coverage of protected areas in relation to marine areas	116	104.922836	12.71163737	KHM	Cambodia	1	ANNUAL	KMSQ					89	89	2016	89	Protected Planet: The World Database on Protected Areas (WDPA) [On-line], January, 2017, International Union for Conservation of Nature (IUCN) and United Nations Environment Programme's World Conservation Monitoring Centre (UNEP-WCMC).	
2017.Q2.G.01	ER_MRN_MARINT	Coverage of protected areas in relation to marine areas	120	12.7419827	5.692387031	CMR	Cameroon	1	ANNUAL	KMSQ					501	501	2016	501	Protected Planet: The World Database on Protected Areas (WDPA) [On-line], January, 2017, International Union for Conservation of Nature (IUCN) and United Nations Environment Programme's World Conservation Monitoring Centre (UNEP-WCMC).	
2017.Q2.G.01	ER_MRN_MARINT	Coverage of protected areas in relation to marine areas	124	-101.6575058	57.72360191	CAN	Canada	1	ANNUAL	KMSQ					49680	49680	2016	49680	Protected Planet: The World Database on Protected Areas (WDPA) [On-line], January, 2017, International Union for Conservation of Nature (IUCN) and United Nations Environment Programme's World Conservation Monitoring Centre (UNEP-WCMC).	
2017.Q2.G.01	ER_MRN_MARINT	Coverage of protected areas in relation to marine areas	132	-23.63544151	15.07791834	CPV	Cabo Verde	1	ANNUAL	KMSQ										
2017.Q2.G.01	ER_MRN_MARINT	Coverage of protected areas in relation to marine areas	136	-81.16740559	19.32266656	CYM	Cayman Islands	1	ANNUAL	KMSQ					93	93	2016	93	Protected Planet: The World Database on Protected Areas (WDPA) [On-line], January, 2017, International Union for Conservation of Nature (IUCN) and United Nations Environment Programme's World Conservation Monitoring Centre (UNEP-WCMC).	
2017.Q2.G.01	ER_MRN_MARINT	Coverage of protected areas in relation to marine areas	140	20.93559492	7.003720791	CAF	Central African Republic	1	ANNUAL	KMSQ										
2017.Q2.G.01	ER_MRN_MARINT	Coverage of protected areas in relation to marine areas	144	80.70489654	7.614693343	LKA	Sri Lanka	1	ANNUAL	KMSQ					399	399	2016	399	Protected Planet: The World Database on Protected Areas (WDPA) [On-line], January, 2017, International Union for Conservation of Nature (IUCN) and United Nations Environment Programme's World Conservation Monitoring Centre (UNEP-WCMC).	
2017.Q2.G.01	ER_MRN_MARINT	Coverage of protected areas in relation to marine areas	148	18.66618401	15.36279341	TCD	Chad	1	ANNUAL	KMSQ										
2017.Q2.G.01	ER_MRN_MARINT	Coverage of protected areas in relation to marine areas	152	-71.23029019	-35.2652885	CHL	Chile	1	ANNUAL	KMSQ					460646	460646	2016	460646	Protected Planet: The World Database on Protected Areas (WDPA) [On-line], January, 2017, International Union for Conservation of Nature (IUCN) and United Nations Environment Programme's World Conservation Monitoring Centre (UNEP-WCMC).	
2017.Q2.G.01	ER_MRN_MARINT	Coverage of protected areas in relation to marine areas	156	104.1403375	32.30955217	CHN	China	1	ANNUAL	KMSQ					33086	33086	2016	33086	Protected Planet: The World Database on Protected Areas (WDPA) [On-line], January, 2017, International Union for Conservation of Nature (IUCN) and United Nations Environment Programme's World Conservation Monitoring Centre (UNEP-WCMC).	
2017.Q2.G.01	ER_MRN_MARINT	Coverage of protected areas in relation to marine areas	162	105.6426067	-10.4882473	CXR	Christmas Island	1	ANNUAL	KMSQ										
2017.Q2.G.01	ER_MRN_MARINT	Coverage of protected areas in relation to marine areas	166	96.82633757	-12.18600682	CCK	Cocos (Keeling) Islands	1	ANNUAL	KMSQ					26	26	2016	26	Protected Planet: The World Database on Protected Areas (WDPA) [On-line], January, 2017, International Union for Conservation of Nature (IUCN) and United Nations Environment Programme's World Conservation Monitoring Centre (UNEP-WCMC).	
2017.Q2.G.01	ER_MRN_MARINT	Coverage of protected areas in relation to marine areas	170	-73.07446751	3.888209046	COL	Colombia	1	ANNUAL	KMSQ					15081	15081	2016	15081	Protected Planet: The World Database on Protected Areas (WDPA) [On-line], January, 2017, International Union for Conservation of Nature (IUCN) and United Nations Environment Programme's World Conservation Monitoring Centre (UNEP-WCMC).	
2017.Q2.G.01	ER_MRN_MARINT	Coverage of protected areas in relation to marine areas	174	43.34234565	-11.66121732	COM	Comoros	1	ANNUAL	KMSQ					38	38	2016	38	Protected Planet: The World Database on Protected Areas (WDPA) [On-line], January, 2017, International Union for Conservation of Nature (IUCN) and United Nations Environment Programme's World Conservation Monitoring Centre (UNEP-WCMC).	
2017.Q2.G.01	ER_MRN_MARINT	Coverage of protected areas in relation to marine areas	175	45.14015057	-12.82217691	MYT	Mayotte	1	ANNUAL	KMSQ					68770	68770	2016	68770	Protected Planet: The World Database on Protected Areas (WDPA) [On-line], January, 2017, International Union for Conservation of Nature (IUCN) and United Nations Environment Programme's World Conservation Monitoring Centre (UNEP-WCMC).	
2017.Q2.G.01	ER_MRN_MARINT	Coverage of protected areas in relation to marine areas	178	15.22052612	-0.840544119	COG	Congo	1	ANNUAL	KMSQ					1278	1278	2016	1278	Protected Planet: The World Database on Protected Areas (WDPA) [On-line], January, 2017, International Union for Conservation of Nature (IUCN) and United Nations Environment Programme's World Conservation Monitoring Centre (UNEP-WCMC).	
2017.Q2.G.01	ER_MRN_MARINT	Coverage of protected areas in relation to marine areas	180	23.65496507	-2.877154732	COD	Democratic Republic of the Congo	1	ANNUAL	KMSQ					31	31	2016	31	Protected Planet: The World Database on Protected Areas (WDPA) [On-line], January, 2017, International Union for Conservation of Nature (IUCN) and United Nations Environment Programme's World Conservation Monitoring Centre (UNEP-WCMC).	
2017.Q2.G.01	ER_MRN_MARINT	Coverage of protected areas in relation to marine areas	184	-159.7711391	-21.22696458	COK	Cook Islands	1	ANNUAL	KMSQ					15	15	2016	15	Protected Planet: The World Database on Protected Areas (WDPA) [On-line], January, 2017, International Union for Conservation of Nature (IUCN) and United Nations Environment Programme's World Conservation Monitoring Centre (UNEP-WCMC).	
2017.Q2.G.01	ER_MRN_MARINT	Coverage of protected areas in relation to marine areas	188	-84.19712782	9.970998683	CRI	Costa Rica	1	ANNUAL	KMSQ					4802	4802	2016	4802	Protected Planet: The World Database on Protected Areas (WDPA) [On-line], January, 2017, International Union for Conservation of Nature (IUCN) and United Nations Environment Programme's World Conservation Monitoring Centre (UNEP-WCMC).	
2017.Q2.G.01	ER_MRN_MARINT	Coverage of protected areas in relation to marine areas	191	17.95874553	45.45172212	HRV	Croatia	1	ANNUAL	KMSQ					4737	4737	2016	4737	Protected Planet: The World Database on Protected Areas (WDPA) [On-line], January, 2017, International Union for Conservation of Nature (IUCN) and United Nations Environment Programme's World Conservation Monitoring Centre (UNEP-WCMC).	
2017.Q2.G.01	ER_MRN_MARINT	Coverage of protected areas in relation to marine areas	192	-79.54460144	22.10030366	CUB	Cuba	1	ANNUAL	KMSQ					15818	15818	2016	15818	Protected Planet: The World Database on Protected Areas (WDPA) [On-line], January, 2017, International Union for Conservation of Nature (IUCN) and United Nations Environment Programme's World Conservation Monitoring Centre (UNEP-WCMC).	
2017.Q2.G.01	ER_MRN_MARINT	Coverage of protected areas in relation to marine areas	196	33.22285964	35.05659437	CYP	Cyprus	1	ANNUAL	KMSQ					121	121	2016	121	Protected Planet: The World Database on Protected Areas (WDPA) [On-line], January, 2017, International Union for Conservation of Nature (IUCN) and United Nations Environment Programme's World Conservation Monitoring Centre (UNEP-WCMC).	
2017.Q2.G.01	ER_MRN_MARINT	Coverage of protected areas in relation to marine areas	203	15.33151382	49.73913871	CZE	Czechia	1	ANNUAL	KMSQ										
2017.Q2.G.01	ER_MRN_MARINT	Coverage of protected areas in relation to marine areas	204	2.339933594	9.65401646	BEN	Benin	1	ANNUAL	KMSQ										
2017.Q2.G.01	ER_MRN_MARINT	Coverage of protected areas in relation to marine areas	208	9.326571283	56.03829721	DNK	Denmark	1	ANNUAL	KMSQ					17932	17932	2016	17932	Protected Planet: The World Database on Protected Areas (WDPA) [On-line], January, 2017, International Union for Conservation of Nature (IUCN) and United Nations Environment Programme's World Conservation Monitoring Centre (UNEP-WCMC).	
2017.Q2.G.01	ER_MRN_MARINT	Coverage of protected areas in relation to marine areas	212	-61.3493756	15.43391378	DMA	Dominica	1	ANNUAL	KMSQ					4	4	2016	4	Protected Planet: The World Database on Protected Areas (WDPA) [On-line], January, 2017, International Union for Conservation of Nature (IUCN) and United Nations Environment Programme's World Conservation Monitoring Centre (UNEP-WCMC).	
2017.Q2.G.01	ER_MRN_MARINT	Coverage of protected areas in relation to marine areas	214	-70.49847576	18.89832088	DOM	Dominican Republic	1	ANNUAL	KMSQ					24599	24599	2016	24599	Protected Planet: The World Database on Protected Areas (WDPA) [On-line], January, 2017, International Union for Conservation of Nature (IUCN) and United Nations Environment Programme's World Conservation Monitoring Centre (UNEP-WCMC).	
2017.Q2.G.01	ER_MRN_MARINT	Coverage of protected areas in relation to marine areas	218	-78.37005241	-1.447785891	ECU	Ecuador	1	ANNUAL	KMSQ					140934	140934	2016	140934	Protected Planet: The World Database on Protected Areas (WDPA) [On-line], January, 2017, International Union for Conservation of Nature (IUCN) and United Nations Environment Programme's World Conservation Monitoring Centre (UNEP-WCMC).	
2017.Q2.G.01	ER_MRN_MARINT	Coverage of protected areas in relation to marine areas	222	-88.86862995	13.73603564	SLV	El Salvador	1	ANNUAL	KMSQ					665	665	2016	665	Protected Planet: The World Database on Protected Areas (WDPA) [On-line], January, 2017, International Union for Conservation of Nature (IUCN) and United Nations Environment Programme's World Conservation Monitoring Centre (UNEP-WCMC).	
2017.Q2.G.01	ER_MRN_MARINT	Coverage of protected areas in relation to marine areas	226	10.46535826	1.565792376	GNQ	Equatorial Guinea	1	ANNUAL	KMSQ					730	730	2016	730	Protected Planet: The World Database on Protected Areas (WDPA) [On-line], January, 2017, International Union for Conservation of Nature (IUCN) and United Nations Environment Programme's World Conservation Monitoring Centre (UNEP-WCMC).	
2017.Q2.G.01	ER_MRN_MARINT	Coverage of protected areas in relation to marine areas	231	39.63505296	8.631223181	ETH	Ethiopia	1	ANNUAL	KMSQ										
2017.Q2.G.01	ER_MRN_MARINT	Coverage of protected areas in relation to marine areas	232	38.11074289	16.12894644	ERI	Eritrea	1	ANNUAL	KMSQ										
2017.Q2.G.01	ER_MRN_MARINT	Coverage of protected areas in relation to marine areas	233	25.84093481	58.68487172	EST	Estonia	1	ANNUAL	KMSQ					6770	6770	2016	6770	Protected Planet: The World Database on Protected Areas (WDPA) [On-line], January, 2017, International Union for Conservation of Nature (IUCN) and United Nations Environment Programme's World Conservation Monitoring Centre (UNEP-WCMC).	
2017.Q2.G.01	ER_MRN_MARINT	Coverage of protected areas in relation to marine areas	234	-7.122044325	62.21228119	FRO	Faroe Islands	1	ANNUAL	KMSQ					29	29	2016	29	Protected Planet: The World Database on Protected Areas (WDPA) [On-line], January, 2017, International Union for Conservation of Nature (IUCN) and United Nations Environment Programme's World Conservation Monitoring Centre (UNEP-WCMC).	
2017.Q2.G.01	ER_MRN_MARINT	Coverage of protected areas in relation to marine areas	238	-58.75246778	-51.74562601	FLK	Falkland Islands (Malvinas)	1	ANNUAL	KMSQ					52	52	2016	52	Protected Planet: The World Database on Protected Areas (WDPA) [On-line], January, 2017, International Union for Conservation of Nature (IUCN) and United Nations Environment Programme's World Conservation Monitoring Centre (UNEP-WCMC).	
2017.Q2.G.01	ER_MRN_MARINT	Coverage of protected areas in relation to marine areas	239	-36.90662765	-54.20736749	SGS	South Georgia and the South Sandwich Islands	1	ANNUAL	KMSQ					1065900	1065900	2016	1065900	Protected Planet: The World Database on Protected Areas (WDPA) [On-line], January, 2017, International Union for Conservation of Nature (IUCN) and United Nations Environment Programme's World Conservation Monitoring Centre (UNEP-WCMC).	
2017.Q2.G.01	ER_MRN_MARINT	Coverage of protected areas in relation to marine areas	242	177.9660884	-17.83301566	FJI	Fiji	1	ANNUAL	KMSQ					11953	11953	2016	11953	Protected Planet: The World Database on Protected Areas (WDPA) [On-line], January, 2017, International Union for Conservation of Nature (IUCN) and United Nations Environment Programme's World Conservation Monitoring Centre (UNEP-WCMC).	
2017.Q2.G.01	ER_MRN_MARINT	Coverage of protected areas in relation to marine areas	246	23.308447	61.91586738	FIN	Finland	1	ANNUAL	KMSQ					8845	8845	2016	8845	Protected Planet: The World Database on Protected Areas (WDPA) [On-line], January, 2017, International Union for Conservation of Nature (IUCN) and United Nations Environment Programme's World Conservation Monitoring Centre (UNEP-WCMC).	
2017.Q2.G.01	ER_MRN_MARINT	Coverage of protected areas in relation to marine areas	248	19.80945969	60.1544901	ALA	Åland Islands	1	ANNUAL	KMSQ										
2017.Q2.G.01	ER_MRN_MARINT	Coverage of protected areas in relation to marine areas	250	2.457288129	46.62660861	FRA	France	1	ANNUAL	KMSQ					89979	89979	2016	89979	Protected Planet: The World Database on Protected Areas (WDPA) [On-line], January, 2017, International Union for Conservation of Nature (IUCN) and United Nations Environment Programme's World Conservation Monitoring Centre (UNEP-WCMC).	
2017.Q2.G.01	ER_MRN_MARINT	Coverage of protected areas in relation to marine areas	254	-53.23619089	3.922673437	GUF	French Guiana	1	ANNUAL	KMSQ					1322	1322	2016	1322	Protected Planet: The World Database on Protected Areas (WDPA) [On-line], January, 2017, International Union for Conservation of Nature (IUCN) and United Nations Environment Programme's World Conservation Monitoring Centre (UNEP-WCMC).	
2017.Q2.G.01	ER_MRN_MARINT	Coverage of protected areas in relation to marine areas	258	-149.4052367	-17.67709294	PYF	French Polynesia	1	ANNUAL	KMSQ					207	207	2016	207	Protected Planet: The World Database on Protected Areas (WDPA) [On-line], January, 2017, International Union for Conservation of Nature (IUCN) and United Nations Environment Programme's World Conservation Monitoring Centre (UNEP-WCMC).	
2017.Q2.G.01	ER_MRN_MARINT	Coverage of protected areas in relation to marine areas	260	69.64849091	-49.6068576	ATF	French Southern Territories	1	ANNUAL	KMSQ					61554	61554	2016	61554	Protected Planet: The World Database on Protected Areas (WDPA) [On-line], January, 2017, International Union for Conservation of Nature (IUCN) and United Nations Environment Programme's World Conservation Monitoring Centre (UNEP-WCMC).	
2017.Q2.G.01	ER_MRN_MARINT	Coverage of protected areas in relation to marine areas	262	42.18274707	11.56004161	DJI	Djibouti	1	ANNUAL	KMSQ					38	38	2016	38	Protected Planet: The World Database on Protected Areas (WDPA) [On-line], January, 2017, International Union for Conservation of Nature (IUCN) and United Nations Environment Programme's World Conservation Monitoring Centre (UNEP-WCMC).	
2017.Q2.G.01	ER_MRN_MARINT	Coverage of protected areas in relation to marine areas	266	11.78727747	-0.60687619	GAB	Gabon	1	ANNUAL	KMSQ					1873	1873	2016	1873	Protected Planet: The World Database on Protected Areas (WDPA) [On-line], January, 2017, International Union for Conservation of Nature (IUCN) and United Nations Environment Programme's World Conservation Monitoring Centre (UNEP-WCMC).	
2017.Q2.G.01	ER_MRN_MARINT	Coverage of protected areas in relation to marine areas	268	43.3713615	42.04813028	GEO	Georgia	1	ANNUAL	KMSQ					153	153	2016	153	Protected Planet: The World Database on Protected Areas (WDPA) [On-line], January, 2017, International Union for Conservation of Nature (IUCN) and United Nations Environment Programme's World Conservation Monitoring Centre (UNEP-WCMC).	
2017.Q2.G.01	ER_MRN_MARINT	Coverage of protected areas in relation to marine areas	270	-15.39944785	13.45295927	GMB	Gambia	1	ANNUAL	KMSQ					16	16	2016	16	Protected Planet: The World Database on Protected Areas (WDPA) [On-line], January, 2017, International Union for Conservation of Nature (IUCN) and United Nations Environment Programme's World Conservation Monitoring Centre (UNEP-WCMC).	
2017.Q2.G.01	ER_MRN_MARINT	Coverage of protected areas in relation to marine areas	275	35.25694122	31.94347933	PSE	State of Palestine	1	ANNUAL	KMSQ										
2017.Q2.G.01	ER_MRN_MARINT	Coverage of protected areas in relation to marine areas	276	10.3806066	51.08862743	DEU	Germany	1	ANNUAL	KMSQ					25562	25562	2016	25562	Protected Planet: The World Database on Protected Areas (WDPA) [On-line], January, 2017, International Union for Conservation of Nature (IUCN) and United Nations Environment Programme's World Conservation Monitoring Centre (UNEP-WCMC).	
2017.Q2.G.01	ER_MRN_MARINT	Coverage of protected areas in relation to marine areas	288	-1.205623522	7.964825185	GHA	Ghana	1	ANNUAL	KMSQ					210	210	2016	210	Protected Planet: The World Database on Protected Areas (WDPA) [On-line], January, 2017, International Union for Conservation of Nature (IUCN) and United Nations Environment Programme's World Conservation Monitoring Centre (UNEP-WCMC).	
2017.Q2.G.01	ER_MRN_MARINT	Coverage of protected areas in relation to marine areas	292	-5.347561686	36.13895036	GIB	Gibraltar	1	ANNUAL	KMSQ					55	55	2016	55	Protected Planet: The World Database on Protected Areas (WDPA) [On-line], January, 2017, International Union for Conservation of Nature (IUCN) and United Nations Environment Programme's World Conservation Monitoring Centre (UNEP-WCMC).	
2017.Q2.G.01	ER_MRN_MARINT	Coverage of protected areas in relation to marine areas	296	-157.5643005	1.768837732	KIR	Kiribati	1	ANNUAL	KMSQ					408667	408667	2016	408667	Protected Planet: The World Database on Protected Areas (WDPA) [On-line], January, 2017, International Union for Conservation of Nature (IUCN) and United Nations Environment Programme's World Conservation Monitoring Centre (UNEP-WCMC).	
2017.Q2.G.01	ER_MRN_MARINT	Coverage of protected areas in relation to marine areas	300	22.58307827	39.47301873	GRC	Greece	1	ANNUAL	KMSQ					7201	7201	2016	7201	Protected Planet: The World Database on Protected Areas (WDPA) [On-line], January, 2017, International Union for Conservation of Nature (IUCN) and United Nations Environment Programme's World Conservation Monitoring Centre (UNEP-WCMC).	
2017.Q2.G.01	ER_MRN_MARINT	Coverage of protected areas in relation to marine areas	304	-41.39371316	74.75625681	GRL	Greenland	1	ANNUAL	KMSQ					102325	102325	2016	102325	Protected Planet: The World Database on Protected Areas (WDPA) [On-line], January, 2017, International Union for Conservation of Nature (IUCN) and United Nations Environment Programme's World Conservation Monitoring Centre (UNEP-WCMC).	
2017.Q2.G.01	ER_MRN_MARINT	Coverage of protected areas in relation to marine areas	308	-61.68248568	12.11238395	GRD	Grenada	1	ANNUAL	KMSQ					11	11	2016	11	Protected Planet: The World Database on Protected Areas (WDPA) [On-line], January, 2017, International Union for Conservation of Nature (IUCN) and United Nations Environment Programme's World Conservation Monitoring Centre (UNEP-WCMC).	
2017.Q2.G.01	ER_MRN_MARINT	Coverage of protected areas in relation to marine areas	312	-61.64762115	16.14416917	GLP	Guadeloupe	1	ANNUAL	KMSQ					90961	90961	2016	90961	Protected Planet: The World Database on Protected Areas (WDPA) [On-line], January, 2017, International Union for Conservation of Nature (IUCN) and United Nations Environment Programme's World Conservation Monitoring Centre (UNEP-WCMC).	
2017.Q2.G.01	ER_MRN_MARINT	Coverage of protected areas in relation to marine areas	316	144.7029305	13.35485404	GUM	Guam	1	ANNUAL	KMSQ					18	18	2016	18	Protected Planet: The World Database on Protected Areas (WDPA) [On-line], January, 2017, International Union for Conservation of Nature (IUCN) and United Nations Environment Programme's World Conservation Monitoring Centre (UNEP-WCMC).	
2017.Q2.G.01	ER_MRN_MARINT	Coverage of protected areas in relation to marine areas	320	-91.2312746	15.00273719	GTM	Guatemala	1	ANNUAL	KMSQ					956	956	2016	956	Protected Planet: The World Database on Protected Areas (WDPA) [On-line], January, 2017, International Union for Conservation of Nature (IUCN) and United Nations Environment Programme's World Conservation Monitoring Centre (UNEP-WCMC).	
2017.Q2.G.01	ER_MRN_MARINT	Coverage of protected areas in relation to marine areas	324	-11.28173419	11.00210343	GIN	Guinea	1	ANNUAL	KMSQ					583	583	2016	583	Protected Planet: The World Database on Protected Areas (WDPA) [On-line], January, 2017, International Union for Conservation of Nature (IUCN) and United Nations Environment Programme's World Conservation Monitoring Centre (UNEP-WCMC).	
2017.Q2.G.01	ER_MRN_MARINT	Coverage of protected areas in relation to marine areas	328	-58.97322037	4.788012784	GUY	Guyana	1	ANNUAL	KMSQ					17	17	2016	17	Protected Planet: The World Database on Protected Areas (WDPA) [On-line], January, 2017, International Union for Conservation of Nature (IUCN) and United Nations Environment Programme's World Conservation Monitoring Centre (UNEP-WCMC).	
2017.Q2.G.01	ER_MRN_MARINT	Coverage of protected areas in relation to marine areas	332	-72.33640958	18.40426539	HTI	Haiti	1	ANNUAL	KMSQ										
2017.Q2.G.01	ER_MRN_MARINT	Coverage of protected areas in relation to marine areas	334	73.52633626	-53.09106147	HMD	Heard Island and McDonald Islands	1	ANNUAL	KMSQ					64169	64169	2016	64169	Protected Planet: The World Database on Protected Areas (WDPA) [On-line], January, 2017, International Union for Conservation of Nature (IUCN) and United Nations Environment Programme's World Conservation Monitoring Centre (UNEP-WCMC).	
2017.Q2.G.01	ER_MRN_MARINT	Coverage of protected areas in relation to marine areas	336	12.45315803	41.90343751	VAT	Holy See	1	ANNUAL	KMSQ										
2017.Q2.G.01	ER_MRN_MARINT	Coverage of protected areas in relation to marine areas	340	-86.59974381	14.82243161	HND	Honduras	1	ANNUAL	KMSQ					9201	9201	2016	9201	Protected Planet: The World Database on Protected Areas (WDPA) [On-line], January, 2017, International Union for Conservation of Nature (IUCN) and United Nations Environment Programme's World Conservation Monitoring Centre (UNEP-WCMC).	
2017.Q2.G.01	ER_MRN_MARINT	Coverage of protected areas in relation to marine areas	344	114.0266445	22.41749934	HKG	China, Hong Kong Special Administrative Region	1	ANNUAL	KMSQ										
2017.Q2.G.01	ER_MRN_MARINT	Coverage of protected areas in relation to marine areas	348	19.41221519	47.1651448	HUN	Hungary	1	ANNUAL	KMSQ										
2017.Q2.G.01	ER_MRN_MARINT	Coverage of protected areas in relation to marine areas	352	-19.02116966	64.79134763	ISL	Iceland	1	ANNUAL	KMSQ					2863	2863	2016	2863	Protected Planet: The World Database on Protected Areas (WDPA) [On-line], January, 2017, International Union for Conservation of Nature (IUCN) and United Nations Environment Programme's World Conservation Monitoring Centre (UNEP-WCMC).	
2017.Q2.G.01	ER_MRN_MARINT	Coverage of protected areas in relation to marine areas	356	79.3608464	22.34642074	IND	India	1	ANNUAL	KMSQ					3928	3928	2016	3928	Protected Planet: The World Database on Protected Areas (WDPA) [On-line], January, 2017, International Union for Conservation of Nature (IUCN) and United Nations Environment Programme's World Conservation Monitoring Centre (UNEP-WCMC).	
2017.Q2.G.01	ER_MRN_MARINT	Coverage of protected areas in relation to marine areas	360	113.9174	-0.994582204	IDN	Indonesia	1	ANNUAL	KMSQ					171453	171453	2016	171453	Protected Planet: The World Database on Protected Areas (WDPA) [On-line], January, 2017, International Union for Conservation of Nature (IUCN) and United Nations Environment Programme's World Conservation Monitoring Centre (UNEP-WCMC).	
2017.Q2.G.01	ER_MRN_MARINT	Coverage of protected areas in relation to marine areas	364	54.19766348	32.74370885	IRN	Iran (Islamic Republic of)	1	ANNUAL	KMSQ					1809	1809	2016	1809	Protected Planet: The World Database on Protected Areas (WDPA) [On-line], January, 2017, International Union for Conservation of Nature (IUCN) and United Nations Environment Programme's World Conservation Monitoring Centre (UNEP-WCMC).	
2017.Q2.G.01	ER_MRN_MARINT	Coverage of protected areas in relation to marine areas	368	43.76606267	33.05013795	IRQ	Iraq	1	ANNUAL	KMSQ										
2017.Q2.G.01	ER_MRN_MARINT	Coverage of protected areas in relation to marine areas	372	-7.121425272	53.25274054	IRL	Ireland	1	ANNUAL	KMSQ					9946	9946	2016	9946	Protected Planet: The World Database on Protected Areas (WDPA) [On-line], January, 2017, International Union for Conservation of Nature (IUCN) and United Nations Environment Programme's World Conservation Monitoring Centre (UNEP-WCMC).	
2017.Q2.G.01	ER_MRN_MARINT	Coverage of protected areas in relation to marine areas	376	34.62277992	31.06164552	ISR	Israel	1	ANNUAL	KMSQ					9	9	2016	9	Protected Planet: The World Database on Protected Areas (WDPA) [On-line], January, 2017, International Union for Conservation of Nature (IUCN) and United Nations Environment Programme's World Conservation Monitoring Centre (UNEP-WCMC).	
2017.Q2.G.01	ER_MRN_MARINT	Coverage of protected areas in relation to marine areas	380	12.57022427	42.79917282	ITA	Italy	1	ANNUAL	KMSQ					47333	47333	2016	47333	Protected Planet: The World Database on Protected Areas (WDPA) [On-line], January, 2017, International Union for Conservation of Nature (IUCN) and United Nations Environment Programme's World Conservation Monitoring Centre (UNEP-WCMC).	
2017.Q2.G.01	ER_MRN_MARINT	Coverage of protected areas in relation to marine areas	384	-5.552690016	7.62211586	CIV	Côte d'Ivoire	1	ANNUAL	KMSQ					130	130	2016	130	Protected Planet: The World Database on Protected Areas (WDPA) [On-line], January, 2017, International Union for Conservation of Nature (IUCN) and United Nations Environment Programme's World Conservation Monitoring Centre (UNEP-WCMC).	
2017.Q2.G.01	ER_MRN_MARINT	Coverage of protected areas in relation to marine areas	388	-77.31068409	18.15616857	JAM	Jamaica	1	ANNUAL	KMSQ					1860	1860	2016	1860	Protected Planet: The World Database on Protected Areas (WDPA) [On-line], January, 2017, International Union for Conservation of Nature (IUCN) and United Nations Environment Programme's World Conservation Monitoring Centre (UNEP-WCMC).	
2017.Q2.G.01	ER_MRN_MARINT	Coverage of protected areas in relation to marine areas	392	139.2716103	36.6554539	JPN	Japan	1	ANNUAL	KMSQ					19940.1	19940.1	2016	19940.1	Protected Planet: The World Database on Protected Areas (WDPA) [On-line], January, 2017, International Union for Conservation of Nature (IUCN) and United Nations Environment Programme's World Conservation Monitoring Centre (UNEP-WCMC).	
2017.Q2.G.01	ER_MRN_MARINT	Coverage of protected areas in relation to marine areas	398	66.65359159	48.01963494	KAZ	Kazakhstan	1	ANNUAL	KMSQ					1250	1250	2016	1250	Protected Planet: The World Database on Protected Areas (WDPA) [On-line], January, 2017, International Union for Conservation of Nature (IUCN) and United Nations Environment Programme's World Conservation Monitoring Centre (UNEP-WCMC).	
2017.Q2.G.01	ER_MRN_MARINT	Coverage of protected areas in relation to marine areas	400	37.13024774	30.65365973	JOR	Jordan	1	ANNUAL	KMSQ					33	33	2016	33	Protected Planet: The World Database on Protected Areas (WDPA) [On-line], January, 2017, International Union for Conservation of Nature (IUCN) and United Nations Environment Programme's World Conservation Monitoring Centre (UNEP-WCMC).	
2017.Q2.G.01	ER_MRN_MARINT	Coverage of protected areas in relation to marine areas	404	37.86096816	0.534797278	KEN	Kenya	1	ANNUAL	KMSQ					904	904	2016	904	Protected Planet: The World Database on Protected Areas (WDPA) [On-line], January, 2017, International Union for Conservation of Nature (IUCN) and United Nations Environment Programme's World Conservation Monitoring Centre (UNEP-WCMC).	
2017.Q2.G.01	ER_MRN_MARINT	Coverage of protected areas in relation to marine areas	408	127.1803633	40.1462645	PRK	Democratic People's Republic of Korea	1	ANNUAL	KMSQ					26	26	2016	26	Protected Planet: The World Database on Protected Areas (WDPA) [On-line], January, 2017, International Union for Conservation of Nature (IUCN) and United Nations Environment Programme's World Conservation Monitoring Centre (UNEP-WCMC).	
2017.Q2.G.01	ER_MRN_MARINT	Coverage of protected areas in relation to marine areas	410	127.8610254	36.45201023	KOR	Republic of Korea	1	ANNUAL	KMSQ					5299	5299	2016	5299	Protected Planet: The World Database on Protected Areas (WDPA) [On-line], January, 2017, International Union for Conservation of Nature (IUCN) and United Nations Environment Programme's World Conservation Monitoring Centre (UNEP-WCMC).	
2017.Q2.G.01	ER_MRN_MARINT	Coverage of protected areas in relation to marine areas	414	47.49305029	29.53949468	KWT	Kuwait	1	ANNUAL	KMSQ					176	176	2016	176	Protected Planet: The World Database on Protected Areas (WDPA) [On-line], January, 2017, International Union for Conservation of Nature (IUCN) and United Nations Environment Programme's World Conservation Monitoring Centre (UNEP-WCMC).	
2017.Q2.G.01	ER_MRN_MARINT	Coverage of protected areas in relation to marine areas	417	74.52324839	41.46204516	KGZ	Kyrgyzstan	1	ANNUAL	KMSQ										
2017.Q2.G.01	ER_MRN_MARINT	Coverage of protected areas in relation to marine areas	418	101.9901968	20.27482773	LAO	Lao People's Democratic Republic	1	ANNUAL	KMSQ										
2017.Q2.G.01	ER_MRN_MARINT	Coverage of protected areas in relation to marine areas	422	35.89391711	33.92152458	LBN	Lebanon	1	ANNUAL	KMSQ					41	41	2016	41	Protected Planet: The World Database on Protected Areas (WDPA) [On-line], January, 2017, International Union for Conservation of Nature (IUCN) and United Nations Environment Programme's World Conservation Monitoring Centre (UNEP-WCMC).	
2017.Q2.G.01	ER_MRN_MARINT	Coverage of protected areas in relation to marine areas	426	28.25362195	-29.58041814	LSO	Lesotho	1	ANNUAL	KMSQ										
2017.Q2.G.01	ER_MRN_MARINT	Coverage of protected areas in relation to marine areas	428	26.42461876	56.64196636	LVA	Latvia	1	ANNUAL	KMSQ					4631	4631	2016	4631	Protected Planet: The World Database on Protected Areas (WDPA) [On-line], January, 2017, International Union for Conservation of Nature (IUCN) and United Nations Environment Programme's World Conservation Monitoring Centre (UNEP-WCMC).	
2017.Q2.G.01	ER_MRN_MARINT	Coverage of protected areas in relation to marine areas	430	-9.311879038	6.448381009	LBR	Liberia	1	ANNUAL	KMSQ					252	252	2016	252	Protected Planet: The World Database on Protected Areas (WDPA) [On-line], January, 2017, International Union for Conservation of Nature (IUCN) and United Nations Environment Programme's World Conservation Monitoring Centre (UNEP-WCMC).	
2017.Q2.G.01	ER_MRN_MARINT	Coverage of protected areas in relation to marine areas	434	18.0295985	27.04042819	LBY	Libya	1	ANNUAL	KMSQ					2278	2278	2016	2278	Protected Planet: The World Database on Protected Areas (WDPA) [On-line], January, 2017, International Union for Conservation of Nature (IUCN) and United Nations Environment Programme's World Conservation Monitoring Centre (UNEP-WCMC).	
2017.Q2.G.01	ER_MRN_MARINT	Coverage of protected areas in relation to marine areas	438	9.552985019	47.14167005	LIE	Liechtenstein	1	ANNUAL	KMSQ										
2017.Q2.G.01	ER_MRN_MARINT	Coverage of protected areas in relation to marine areas	440	23.90517807	55.33680309	LTU	Lithuania	1	ANNUAL	KMSQ					1318	1318	2016	1318	Protected Planet: The World Database on Protected Areas (WDPA) [On-line], January, 2017, International Union for Conservation of Nature (IUCN) and United Nations Environment Programme's World Conservation Monitoring Centre (UNEP-WCMC).	
2017.Q2.G.01	ER_MRN_MARINT	Coverage of protected areas in relation to marine areas	442	6.092656563	49.77679538	LUX	Luxembourg	1	ANNUAL	KMSQ										
2017.Q2.G.01	ER_MRN_MARINT	Coverage of protected areas in relation to marine areas	446	113.5665388	22.1237259	MAC	China, Macao Special Administrative Region	1	ANNUAL	KMSQ										
2017.Q2.G.01	ER_MRN_MARINT	Coverage of protected areas in relation to marine areas	450	46.6982339	-19.38514785	MDG	Madagascar	1	ANNUAL	KMSQ					4308	4308	2016	4308	Protected Planet: The World Database on Protected Areas (WDPA) [On-line], January, 2017, International Union for Conservation of Nature (IUCN) and United Nations Environment Programme's World Conservation Monitoring Centre (UNEP-WCMC).	
2017.Q2.G.01	ER_MRN_MARINT	Coverage of protected areas in relation to marine areas	454	33.4884625	-13.40819859	MWI	Malawi	1	ANNUAL	KMSQ										
2017.Q2.G.01	ER_MRN_MARINT	Coverage of protected areas in relation to marine areas	458	116.8346314	5.452415309	MYS	Malaysia	1	ANNUAL	KMSQ					6358	6358	2016	6358	Protected Planet: The World Database on Protected Areas (WDPA) [On-line], January, 2017, International Union for Conservation of Nature (IUCN) and United Nations Environment Programme's World Conservation Monitoring Centre (UNEP-WCMC).	
2017.Q2.G.01	ER_MRN_MARINT	Coverage of protected areas in relation to marine areas	462	73.09672546	-0.614385021	MDV	Maldives	1	ANNUAL	KMSQ					449	449	2016	449	Protected Planet: The World Database on Protected Areas (WDPA) [On-line], January, 2017, International Union for Conservation of Nature (IUCN) and United Nations Environment Programme's World Conservation Monitoring Centre (UNEP-WCMC).	
2017.Q2.G.01	ER_MRN_MARINT	Coverage of protected areas in relation to marine areas	466	-3.522016039	17.35311254	MLI	Mali	1	ANNUAL	KMSQ										
2017.Q2.G.01	ER_MRN_MARINT	Coverage of protected areas in relation to marine areas	470	14.44617519	35.89194275	MLT	Malta	1	ANNUAL	KMSQ					3489	3489	2016	3489	Protected Planet: The World Database on Protected Areas (WDPA) [On-line], January, 2017, International Union for Conservation of Nature (IUCN) and United Nations Environment Programme's World Conservation Monitoring Centre (UNEP-WCMC).	
2017.Q2.G.01	ER_MRN_MARINT	Coverage of protected areas in relation to marine areas	474	-60.91544135	14.56086108	MTQ	Martinique	1	ANNUAL	KMSQ					47576	47576	2016	47576	Protected Planet: The World Database on Protected Areas (WDPA) [On-line], January, 2017, International Union for Conservation of Nature (IUCN) and United Nations Environment Programme's World Conservation Monitoring Centre (UNEP-WCMC).	
2017.Q2.G.01	ER_MRN_MARINT	Coverage of protected areas in relation to marine areas	478	-10.33187259	20.26089546	MRT	Mauritania	1	ANNUAL	KMSQ					6488	6488	2016	6488	Protected Planet: The World Database on Protected Areas (WDPA) [On-line], January, 2017, International Union for Conservation of Nature (IUCN) and United Nations Environment Programme's World Conservation Monitoring Centre (UNEP-WCMC).	
2017.Q2.G.01	ER_MRN_MARINT	Coverage of protected areas in relation to marine areas	480	57.568022	-20.28581998	MUS	Mauritius	1	ANNUAL	KMSQ					50	50	2016	50	Protected Planet: The World Database on Protected Areas (WDPA) [On-line], January, 2017, International Union for Conservation of Nature (IUCN) and United Nations Environment Programme's World Conservation Monitoring Centre (UNEP-WCMC).	
2017.Q2.G.01	ER_MRN_MARINT	Coverage of protected areas in relation to marine areas	484	-102.5148166	23.93378032	MEX	Mexico	1	ANNUAL	KMSQ					73951	73951	2016	73951	Protected Planet: The World Database on Protected Areas (WDPA) [On-line], January, 2017, International Union for Conservation of Nature (IUCN) and United Nations Environment Programme's World Conservation Monitoring Centre (UNEP-WCMC).	
2017.Q2.G.01	ER_MRN_MARINT	Coverage of protected areas in relation to marine areas	492	7.424214814	43.73532918	MCO	Monaco	1	ANNUAL	KMSQ					284	284	2016	284	Protected Planet: The World Database on Protected Areas (WDPA) [On-line], January, 2017, International Union for Conservation of Nature (IUCN) and United Nations Environment Programme's World Conservation Monitoring Centre (UNEP-WCMC).	
2017.Q2.G.01	ER_MRN_MARINT	Coverage of protected areas in relation to marine areas	496	103.0728057	46.83892054	MNG	Mongolia	1	ANNUAL	KMSQ										
2017.Q2.G.01	ER_MRN_MARINT	Coverage of protected areas in relation to marine areas	498	28.4650624	47.20236795	MDA	Republic of Moldova	1	ANNUAL	KMSQ										
2017.Q2.G.01	ER_MRN_MARINT	Coverage of protected areas in relation to marine areas	499	19.25214024	42.78717043	MNE	Montenegro	1	ANNUAL	KMSQ										
2017.Q2.G.01	ER_MRN_MARINT	Coverage of protected areas in relation to marine areas	500	-62.19261223	16.73558313	MSR	Montserrat	1	ANNUAL	KMSQ										
2017.Q2.G.01	ER_MRN_MARINT	Coverage of protected areas in relation to marine areas	504	-6.281942841	31.8440131	MAR	Morocco	1	ANNUAL	KMSQ					1272	1272	2016	1272	Protected Planet: The World Database on Protected Areas (WDPA) [On-line], January, 2017, International Union for Conservation of Nature (IUCN) and United Nations Environment Programme's World Conservation Monitoring Centre (UNEP-WCMC).	
2017.Q2.G.01	ER_MRN_MARINT	Coverage of protected areas in relation to marine areas	508	38.18479941	-14.27963886	MOZ	Mozambique	1	ANNUAL	KMSQ					12821	12821	2016	12821	Protected Planet: The World Database on Protected Areas (WDPA) [On-line], January, 2017, International Union for Conservation of Nature (IUCN) and United Nations Environment Programme's World Conservation Monitoring Centre (UNEP-WCMC).	
2017.Q2.G.01	ER_MRN_MARINT	Coverage of protected areas in relation to marine areas	512	57.87743482	21.98805614	OMN	Oman	1	ANNUAL	KMSQ					664	664	2016	664	Protected Planet: The World Database on Protected Areas (WDPA) [On-line], January, 2017, International Union for Conservation of Nature (IUCN) and United Nations Environment Programme's World Conservation Monitoring Centre (UNEP-WCMC).	
2017.Q2.G.01	ER_MRN_MARINT	Coverage of protected areas in relation to marine areas	516	17.21907885	-22.13817068	NAM	Namibia	1	ANNUAL	KMSQ					9646	9646	2016	9646	Protected Planet: The World Database on Protected Areas (WDPA) [On-line], January, 2017, International Union for Conservation of Nature (IUCN) and United Nations Environment Programme's World Conservation Monitoring Centre (UNEP-WCMC).	
2017.Q2.G.01	ER_MRN_MARINT	Coverage of protected areas in relation to marine areas	520	166.92313	-0.528742623	NRU	Nauru	1	ANNUAL	KMSQ										
2017.Q2.G.01	ER_MRN_MARINT	Coverage of protected areas in relation to marine areas	524	83.94678863	28.25866332	NPL	Nepal	1	ANNUAL	KMSQ										
2017.Q2.G.01	ER_MRN_MARINT	Coverage of protected areas in relation to marine areas	528	5.331480568	51.86728884	NLD	Netherlands	1	ANNUAL	KMSQ					13798	13798	2016	13798	Protected Planet: The World Database on Protected Areas (WDPA) [On-line], January, 2017, International Union for Conservation of Nature (IUCN) and United Nations Environment Programme's World Conservation Monitoring Centre (UNEP-WCMC).	
2017.Q2.G.01	ER_MRN_MARINT	Coverage of protected areas in relation to marine areas	530	-68.30676179	12.22720635	ANT	Netherlands Antilles	1	ANNUAL	KMSQ										
2017.Q2.G.01	ER_MRN_MARINT	Coverage of protected areas in relation to marine areas	531	-68.95033464	12.15058042	CUW	Curaçao	1	ANNUAL	KMSQ					10	10	2016	10	Protected Planet: The World Database on Protected Areas (WDPA) [On-line], January, 2017, International Union for Conservation of Nature (IUCN) and United Nations Environment Programme's World Conservation Monitoring Centre (UNEP-WCMC).	
2017.Q2.G.01	ER_MRN_MARINT	Coverage of protected areas in relation to marine areas	533	-69.97050586	12.50878756	ABW	Aruba	1	ANNUAL	KMSQ										
2017.Q2.G.01	ER_MRN_MARINT	Coverage of protected areas in relation to marine areas	534	-63.06198692	18.03926508	SXM	Sint Maarten (Dutch part)	1	ANNUAL	KMSQ					27	27	2016	27	Protected Planet: The World Database on Protected Areas (WDPA) [On-line], January, 2017, International Union for Conservation of Nature (IUCN) and United Nations Environment Programme's World Conservation Monitoring Centre (UNEP-WCMC).	
2017.Q2.G.01	ER_MRN_MARINT	Coverage of protected areas in relation to marine areas	540	165.5067368	-21.41742531	NCL	New Caledonia	1	ANNUAL	KMSQ					1321612	1321612	2016	1321612	Protected Planet: The World Database on Protected Areas (WDPA) [On-line], January, 2017, International Union for Conservation of Nature (IUCN) and United Nations Environment Programme's World Conservation Monitoring Centre (UNEP-WCMC).	
2017.Q2.G.01	ER_MRN_MARINT	Coverage of protected areas in relation to marine areas	548	167.0679779	-15.34445547	VUT	Vanuatu	1	ANNUAL	KMSQ					48	48	2016	48	Protected Planet: The World Database on Protected Areas (WDPA) [On-line], January, 2017, International Union for Conservation of Nature (IUCN) and United Nations Environment Programme's World Conservation Monitoring Centre (UNEP-WCMC).	
2017.Q2.G.01	ER_MRN_MARINT	Coverage of protected areas in relation to marine areas	554	170.4755673	-43.98721568	NZL	New Zealand	1	ANNUAL	KMSQ					1246173	1246173	2016	1246173	Protected Planet: The World Database on Protected Areas (WDPA) [On-line], January, 2017, International Union for Conservation of Nature (IUCN) and United Nations Environment Programme's World Conservation Monitoring Centre (UNEP-WCMC).	
2017.Q2.G.01	ER_MRN_MARINT	Coverage of protected areas in relation to marine areas	558	-85.03060315	12.84210839	NIC	Nicaragua	1	ANNUAL	KMSQ					6563	6563	2016	6563	Protected Planet: The World Database on Protected Areas (WDPA) [On-line], January, 2017, International Union for Conservation of Nature (IUCN) and United Nations Environment Programme's World Conservation Monitoring Centre (UNEP-WCMC).	
2017.Q2.G.01	ER_MRN_MARINT	Coverage of protected areas in relation to marine areas	562	9.400167877	17.42143036	NER	Niger	1	ANNUAL	KMSQ										
2017.Q2.G.01	ER_MRN_MARINT	Coverage of protected areas in relation to marine areas	566	8.097363256	9.585789025	NGA	Nigeria	1	ANNUAL	KMSQ					31	31	2016	31	Protected Planet: The World Database on Protected Areas (WDPA) [On-line], January, 2017, International Union for Conservation of Nature (IUCN) and United Nations Environment Programme's World Conservation Monitoring Centre (UNEP-WCMC).	
2017.Q2.G.01	ER_MRN_MARINT	Coverage of protected areas in relation to marine areas	570	-169.8601693	-19.05000475	NIU	Niue	1	ANNUAL	KMSQ					36	36	2016	36	Protected Planet: The World Database on Protected Areas (WDPA) [On-line], January, 2017, International Union for Conservation of Nature (IUCN) and United Nations Environment Programme's World Conservation Monitoring Centre (UNEP-WCMC).	
2017.Q2.G.01	ER_MRN_MARINT	Coverage of protected areas in relation to marine areas	574	167.9515548	-29.03230018	NFK	Norfolk Island	1	ANNUAL	KMSQ					4	4	2016	4	Protected Planet: The World Database on Protected Areas (WDPA) [On-line], January, 2017, International Union for Conservation of Nature (IUCN) and United Nations Environment Programme's World Conservation Monitoring Centre (UNEP-WCMC).	
2017.Q2.G.01	ER_MRN_MARINT	Coverage of protected areas in relation to marine areas	578	11.47846389	61.34311134	NOR	Norway	1	ANNUAL	KMSQ					6916	6916	2016	6916	Protected Planet: The World Database on Protected Areas (WDPA) [On-line], January, 2017, International Union for Conservation of Nature (IUCN) and United Nations Environment Programme's World Conservation Monitoring Centre (UNEP-WCMC).	
2017.Q2.G.01	ER_MRN_MARINT	Coverage of protected areas in relation to marine areas	580	145.7582114	15.19099517	MNP	Northern Mariana Islands	1	ANNUAL	KMSQ					257075	257075	2016	257075	Protected Planet: The World Database on Protected Areas (WDPA) [On-line], January, 2017, International Union for Conservation of Nature (IUCN) and United Nations Environment Programme's World Conservation Monitoring Centre (UNEP-WCMC).	
2017.Q2.G.01	ER_MRN_MARINT	Coverage of protected areas in relation to marine areas	581	-162.4343752	5.874443968	UMI	US Minor Outlying Islands	1	ANNUAL	KMSQ					1279788	1279788	2016	1279788	Protected Planet: The World Database on Protected Areas (WDPA) [On-line], January, 2017, International Union for Conservation of Nature (IUCN) and United Nations Environment Programme's World Conservation Monitoring Centre (UNEP-WCMC).	
2017.Q2.G.01	ER_MRN_MARINT	Coverage of protected areas in relation to marine areas	583	158.225216	6.880670092	FSM	Micronesia, Federated States of	1	ANNUAL	KMSQ					529	529	2016	529	Protected Planet: The World Database on Protected Areas (WDPA) [On-line], January, 2017, International Union for Conservation of Nature (IUCN) and United Nations Environment Programme's World Conservation Monitoring Centre (UNEP-WCMC).	
2017.Q2.G.01	ER_MRN_MARINT	Coverage of protected areas in relation to marine areas	584	171.0839119	7.110213497	MHL	Marshall Islands	1	ANNUAL	KMSQ					5388	5388	2016	5388	Protected Planet: The World Database on Protected Areas (WDPA) [On-line], January, 2017, International Union for Conservation of Nature (IUCN) and United Nations Environment Programme's World Conservation Monitoring Centre (UNEP-WCMC).	
2017.Q2.G.01	ER_MRN_MARINT	Coverage of protected areas in relation to marine areas	585	134.5733878	7.502307591	PLW	Palau	1	ANNUAL	KMSQ					504677	504677	2016	504677	Protected Planet: The World Database on Protected Areas (WDPA) [On-line], January, 2017, International Union for Conservation of Nature (IUCN) and United Nations Environment Programme's World Conservation Monitoring Centre (UNEP-WCMC).	
2017.Q2.G.01	ER_MRN_MARINT	Coverage of protected areas in relation to marine areas	586	68.80479684	29.36491634	PAK	Pakistan	1	ANNUAL	KMSQ					1707	1707	2016	1707	Protected Planet: The World Database on Protected Areas (WDPA) [On-line], January, 2017, International Union for Conservation of Nature (IUCN) and United Nations Environment Programme's World Conservation Monitoring Centre (UNEP-WCMC).	
2017.Q2.G.01	ER_MRN_MARINT	Coverage of protected areas in relation to marine areas	591	-81.26616623	8.450965746	PAN	Panama	1	ANNUAL	KMSQ					5593	5593	2016	5593	Protected Planet: The World Database on Protected Areas (WDPA) [On-line], January, 2017, International Union for Conservation of Nature (IUCN) and United Nations Environment Programme's World Conservation Monitoring Centre (UNEP-WCMC).	
2017.Q2.G.01	ER_MRN_MARINT	Coverage of protected areas in relation to marine areas	598	145.8587761	-6.756057077	PNG	Papua New Guinea	1	ANNUAL	KMSQ					4586	4586	2016	4586	Protected Planet: The World Database on Protected Areas (WDPA) [On-line], January, 2017, International Union for Conservation of Nature (IUCN) and United Nations Environment Programme's World Conservation Monitoring Centre (UNEP-WCMC).	
2017.Q2.G.01	ER_MRN_MARINT	Coverage of protected areas in relation to marine areas	600	-60.54854225	-21.70216237	PRY	Paraguay	1	ANNUAL	KMSQ										
2017.Q2.G.01	ER_MRN_MARINT	Coverage of protected areas in relation to marine areas	604	-71.82093277	-13.58939705	PER	Peru	1	ANNUAL	KMSQ					4031	4031	2016	4031	Protected Planet: The World Database on Protected Areas (WDPA) [On-line], January, 2017, International Union for Conservation of Nature (IUCN) and United Nations Environment Programme's World Conservation Monitoring Centre (UNEP-WCMC).	
2017.Q2.G.01	ER_MRN_MARINT	Coverage of protected areas in relation to marine areas	608	120.8601418	14.16591706	PHL	Philippines	1	ANNUAL	KMSQ					21269	21269	2016	21269	Protected Planet: The World Database on Protected Areas (WDPA) [On-line], January, 2017, International Union for Conservation of Nature (IUCN) and United Nations Environment Programme's World Conservation Monitoring Centre (UNEP-WCMC).	
2017.Q2.G.01	ER_MRN_MARINT	Coverage of protected areas in relation to marine areas	612	-128.3225873	-24.37538456	PCN	Pitcairn	1	ANNUAL	KMSQ					845793	845793	2016	845793	Protected Planet: The World Database on Protected Areas (WDPA) [On-line], January, 2017, International Union for Conservation of Nature (IUCN) and United Nations Environment Programme's World Conservation Monitoring Centre (UNEP-WCMC).	
2017.Q2.G.01	ER_MRN_MARINT	Coverage of protected areas in relation to marine areas	616	19.40660158	52.1226733	POL	Poland	1	ANNUAL	KMSQ					7211	7211	2016	7211	Protected Planet: The World Database on Protected Areas (WDPA) [On-line], January, 2017, International Union for Conservation of Nature (IUCN) and United Nations Environment Programme's World Conservation Monitoring Centre (UNEP-WCMC).	
2017.Q2.G.01	ER_MRN_MARINT	Coverage of protected areas in relation to marine areas	620	-7.961599811	39.68509315	PRT	Portugal	1	ANNUAL	KMSQ					144081	144081	2016	144081	Protected Planet: The World Database on Protected Areas (WDPA) [On-line], January, 2017, International Union for Conservation of Nature (IUCN) and United Nations Environment Programme's World Conservation Monitoring Centre (UNEP-WCMC).	
2017.Q2.G.01	ER_MRN_MARINT	Coverage of protected areas in relation to marine areas	624	-14.40182514	12.11760394	GNB	Guinea-Bissau	1	ANNUAL	KMSQ					10661	10661	2016	10661	Protected Planet: The World Database on Protected Areas (WDPA) [On-line], January, 2017, International Union for Conservation of Nature (IUCN) and United Nations Environment Programme's World Conservation Monitoring Centre (UNEP-WCMC).	
2017.Q2.G.01	ER_MRN_MARINT	Coverage of protected areas in relation to marine areas	626	125.9451052	-8.797497247	TLS	Timor-Leste	1	ANNUAL	KMSQ					584	584	2016	584	Protected Planet: The World Database on Protected Areas (WDPA) [On-line], January, 2017, International Union for Conservation of Nature (IUCN) and United Nations Environment Programme's World Conservation Monitoring Centre (UNEP-WCMC).	
2017.Q2.G.01	ER_MRN_MARINT	Coverage of protected areas in relation to marine areas	630	-66.47591017	18.22753799	PRI	Puerto Rico	1	ANNUAL	KMSQ					3076	3076	2016	3076	Protected Planet: The World Database on Protected Areas (WDPA) [On-line], January, 2017, International Union for Conservation of Nature (IUCN) and United Nations Environment Programme's World Conservation Monitoring Centre (UNEP-WCMC).	
2017.Q2.G.01	ER_MRN_MARINT	Coverage of protected areas in relation to marine areas	634	51.19152467	25.28355379	QAT	Qatar	1	ANNUAL	KMSQ					58	58	2016	58	Protected Planet: The World Database on Protected Areas (WDPA) [On-line], January, 2017, International Union for Conservation of Nature (IUCN) and United Nations Environment Programme's World Conservation Monitoring Centre (UNEP-WCMC).	
2017.Q2.G.01	ER_MRN_MARINT	Coverage of protected areas in relation to marine areas	638	55.53171398	-21.13183266	REU	Réunion	1	ANNUAL	KMSQ					51	51	2016	51	Protected Planet: The World Database on Protected Areas (WDPA) [On-line], January, 2017, International Union for Conservation of Nature (IUCN) and United Nations Environment Programme's World Conservation Monitoring Centre (UNEP-WCMC).	
2017.Q2.G.01	ER_MRN_MARINT	Coverage of protected areas in relation to marine areas	642	24.98481009	45.83893563	ROU	Romania	1	ANNUAL	KMSQ					2505	2505	2016	2505	Protected Planet: The World Database on Protected Areas (WDPA) [On-line], January, 2017, International Union for Conservation of Nature (IUCN) and United Nations Environment Programme's World Conservation Monitoring Centre (UNEP-WCMC).	
2017.Q2.G.01	ER_MRN_MARINT	Coverage of protected areas in relation to marine areas	643	99.01404926	61.61899849	RUS	Russian Federation	1	ANNUAL	KMSQ					228247	228247	2016	228247	Protected Planet: The World Database on Protected Areas (WDPA) [On-line], January, 2017, International Union for Conservation of Nature (IUCN) and United Nations Environment Programme's World Conservation Monitoring Centre (UNEP-WCMC).	
2017.Q2.G.01	ER_MRN_MARINT	Coverage of protected areas in relation to marine areas	646	29.92310194	-1.999842114	RWA	Rwanda	1	ANNUAL	KMSQ										
2017.Q2.G.01	ER_MRN_MARINT	Coverage of protected areas in relation to marine areas	652	-62.83173536	17.89513362	BLM	Saint Barthélemy	1	ANNUAL	KMSQ					4246	4246	2016	4246	Protected Planet: The World Database on Protected Areas (WDPA) [On-line], January, 2017, International Union for Conservation of Nature (IUCN) and United Nations Environment Programme's World Conservation Monitoring Centre (UNEP-WCMC).	
2017.Q2.G.01	ER_MRN_MARINT	Coverage of protected areas in relation to marine areas	654	-5.705752501	-15.96503946	SHN	Saint Helena	1	ANNUAL	KMSQ					453613	453613	2016	453613	Protected Planet: The World Database on Protected Areas (WDPA) [On-line], January, 2017, International Union for Conservation of Nature (IUCN) and United Nations Environment Programme's World Conservation Monitoring Centre (UNEP-WCMC).	
2017.Q2.G.01	ER_MRN_MARINT	Coverage of protected areas in relation to marine areas	659	-62.76628613	17.33994219	KNA	Saint Kitts and Nevis	1	ANNUAL	KMSQ					17	17	2016	17	Protected Planet: The World Database on Protected Areas (WDPA) [On-line], January, 2017, International Union for Conservation of Nature (IUCN) and United Nations Environment Programme's World Conservation Monitoring Centre (UNEP-WCMC).	
2017.Q2.G.01	ER_MRN_MARINT	Coverage of protected areas in relation to marine areas	660	-63.05651612	18.21525315	AIA	Anguilla	1	ANNUAL	KMSQ					64	64	2016	64	Protected Planet: The World Database on Protected Areas (WDPA) [On-line], January, 2017, International Union for Conservation of Nature (IUCN) and United Nations Environment Programme's World Conservation Monitoring Centre (UNEP-WCMC).	
2017.Q2.G.01	ER_MRN_MARINT	Coverage of protected areas in relation to marine areas	662	-60.96529553	13.89405601	LCA	Saint Lucia	1	ANNUAL	KMSQ					34	34	2016	34	Protected Planet: The World Database on Protected Areas (WDPA) [On-line], January, 2017, International Union for Conservation of Nature (IUCN) and United Nations Environment Programme's World Conservation Monitoring Centre (UNEP-WCMC).	
2017.Q2.G.01	ER_MRN_MARINT	Coverage of protected areas in relation to marine areas	663	-63.04505461	18.0882685	MAF	Saint Martin (French Part)	1	ANNUAL	KMSQ					1032	1032	2016	1032	Protected Planet: The World Database on Protected Areas (WDPA) [On-line], January, 2017, International Union for Conservation of Nature (IUCN) and United Nations Environment Programme's World Conservation Monitoring Centre (UNEP-WCMC).	
2017.Q2.G.01	ER_MRN_MARINT	Coverage of protected areas in relation to marine areas	666	-56.33682442	46.85812735	SPM	Saint Pierre and Miquelon	1	ANNUAL	KMSQ					7	7	2016	7	Protected Planet: The World Database on Protected Areas (WDPA) [On-line], January, 2017, International Union for Conservation of Nature (IUCN) and United Nations Environment Programme's World Conservation Monitoring Centre (UNEP-WCMC).	
2017.Q2.G.01	ER_MRN_MARINT	Coverage of protected areas in relation to marine areas	670	-61.19024321	13.24627968	VCT	Saint Vincent and the Grenadines	1	ANNUAL	KMSQ					80	80	2016	80	Protected Planet: The World Database on Protected Areas (WDPA) [On-line], January, 2017, International Union for Conservation of Nature (IUCN) and United Nations Environment Programme's World Conservation Monitoring Centre (UNEP-WCMC).	
2017.Q2.G.01	ER_MRN_MARINT	Coverage of protected areas in relation to marine areas	674	12.46329038	43.93841766	SMR	San Marino	1	ANNUAL	KMSQ										
2017.Q2.G.01	ER_MRN_MARINT	Coverage of protected areas in relation to marine areas	678	6.609772265	0.241554875	STP	Sao Tome and Principe	1	ANNUAL	KMSQ					35	35	2016	35	Protected Planet: The World Database on Protected Areas (WDPA) [On-line], January, 2017, International Union for Conservation of Nature (IUCN) and United Nations Environment Programme's World Conservation Monitoring Centre (UNEP-WCMC).	
2017.Q2.G.01	ER_MRN_MARINT	Coverage of protected areas in relation to marine areas	682	44.54763347	24.12594211	SAU	Saudi Arabia	1	ANNUAL	KMSQ					3364	3364	2016	3364	Protected Planet: The World Database on Protected Areas (WDPA) [On-line], January, 2017, International Union for Conservation of Nature (IUCN) and United Nations Environment Programme's World Conservation Monitoring Centre (UNEP-WCMC).	
2017.Q2.G.01	ER_MRN_MARINT	Coverage of protected areas in relation to marine areas	686	-14.46636926	14.35920905	SEN	Senegal	1	ANNUAL	KMSQ					1747	1747	2016	1747	Protected Planet: The World Database on Protected Areas (WDPA) [On-line], January, 2017, International Union for Conservation of Nature (IUCN) and United Nations Environment Programme's World Conservation Monitoring Centre (UNEP-WCMC).	
2017.Q2.G.01	ER_MRN_MARINT	Coverage of protected areas in relation to marine areas	688	20.805876	44.03145697	SRB	Serbia	1	ANNUAL	KMSQ										
2017.Q2.G.01	ER_MRN_MARINT	Coverage of protected areas in relation to marine areas	690	55.46561591	-4.678053059	SYC	Seychelles	1	ANNUAL	KMSQ					484	484	2016	484	Protected Planet: The World Database on Protected Areas (WDPA) [On-line], January, 2017, International Union for Conservation of Nature (IUCN) and United Nations Environment Programme's World Conservation Monitoring Centre (UNEP-WCMC).	
2017.Q2.G.01	ER_MRN_MARINT	Coverage of protected areas in relation to marine areas	694	-11.78306584	8.568604164	SLE	Sierra Leone	1	ANNUAL	KMSQ					863	863	2016	863	Protected Planet: The World Database on Protected Areas (WDPA) [On-line], January, 2017, International Union for Conservation of Nature (IUCN) and United Nations Environment Programme's World Conservation Monitoring Centre (UNEP-WCMC).	
2017.Q2.G.01	ER_MRN_MARINT	Coverage of protected areas in relation to marine areas	702	103.8107883	1.361009155	SGP	Singapore	1	ANNUAL	KMSQ										
2017.Q2.G.01	ER_MRN_MARINT	Coverage of protected areas in relation to marine areas	703	19.48495604	48.70741446	SVK	Slovakia	1	ANNUAL	KMSQ										
2017.Q2.G.01	ER_MRN_MARINT	Coverage of protected areas in relation to marine areas	704	105.802499	10.09643079	VNM	Viet Nam	1	ANNUAL	KMSQ					3630	3630	2016	3630	Protected Planet: The World Database on Protected Areas (WDPA) [On-line], January, 2017, International Union for Conservation of Nature (IUCN) and United Nations Environment Programme's World Conservation Monitoring Centre (UNEP-WCMC).	
2017.Q2.G.01	ER_MRN_MARINT	Coverage of protected areas in relation to marine areas	705	14.82209486	46.11958061	SVN	Slovenia	1	ANNUAL	KMSQ					397	397	2016	397	Protected Planet: The World Database on Protected Areas (WDPA) [On-line], January, 2017, International Union for Conservation of Nature (IUCN) and United Nations Environment Programme's World Conservation Monitoring Centre (UNEP-WCMC).	
2017.Q2.G.01	ER_MRN_MARINT	Coverage of protected areas in relation to marine areas	706	46.20367477	4.406485729	SOM	Somalia	1	ANNUAL	KMSQ										
2017.Q2.G.01	ER_MRN_MARINT	Coverage of protected areas in relation to marine areas	710	24.67184355	-29.99957544	ZAF	South Africa	1	ANNUAL	KMSQ					186323	186323	2016	186323	Protected Planet: The World Database on Protected Areas (WDPA) [On-line], January, 2017, International Union for Conservation of Nature (IUCN) and United Nations Environment Programme's World Conservation Monitoring Centre (UNEP-WCMC).	
2017.Q2.G.01	ER_MRN_MARINT	Coverage of protected areas in relation to marine areas	716	29.86909584	-19.00075492	ZWE	Zimbabwe	1	ANNUAL	KMSQ										
2017.Q2.G.01	ER_MRN_MARINT	Coverage of protected areas in relation to marine areas	724	-3.554078296	40.39211472	ESP	Spain	1	ANNUAL	KMSQ					87798	87798	2016	87798	Protected Planet: The World Database on Protected Areas (WDPA) [On-line], January, 2017, International Union for Conservation of Nature (IUCN) and United Nations Environment Programme's World Conservation Monitoring Centre (UNEP-WCMC).	
2017.Q2.G.01	ER_MRN_MARINT	Coverage of protected areas in relation to marine areas	728	30.32618773	7.290839152	SSD	South Sudan	1	ANNUAL	KMSQ										
2017.Q2.G.01	ER_MRN_MARINT	Coverage of protected areas in relation to marine areas	732	-13.13515523	24.66265342	ESH	Western Sahara	1	ANNUAL	KMSQ					3710	3710	2016	3710	Protected Planet: The World Database on Protected Areas (WDPA) [On-line], January, 2017, International Union for Conservation of Nature (IUCN) and United Nations Environment Programme's World Conservation Monitoring Centre (UNEP-WCMC).	
2017.Q2.G.01	ER_MRN_MARINT	Coverage of protected areas in relation to marine areas	736	29.95650159	16.02643066	SDN	Sudan	1	ANNUAL	KMSQ										
2017.Q2.G.01	ER_MRN_MARINT	Coverage of protected areas in relation to marine areas	740	-55.90626394	4.132603197	SUR	Suriname	1	ANNUAL	KMSQ					1981	1981	2016	1981	Protected Planet: The World Database on Protected Areas (WDPA) [On-line], January, 2017, International Union for Conservation of Nature (IUCN) and United Nations Environment Programme's World Conservation Monitoring Centre (UNEP-WCMC).	
2017.Q2.G.01	ER_MRN_MARINT	Coverage of protected areas in relation to marine areas	744	13.38071013	78.82894131	SJM	Svalbard and Jan Mayen Islands	1	ANNUAL	KMSQ					82681	82681	2016	82681	Protected Planet: The World Database on Protected Areas (WDPA) [On-line], January, 2017, International Union for Conservation of Nature (IUCN) and United Nations Environment Programme's World Conservation Monitoring Centre (UNEP-WCMC).	
2017.Q2.G.01	ER_MRN_MARINT	Coverage of protected areas in relation to marine areas	748	31.50149288	-26.56471011	SWZ	Swaziland	1	ANNUAL	KMSQ										
2017.Q2.G.01	ER_MRN_MARINT	Coverage of protected areas in relation to marine areas	752	14.3775338	60.60103109	SWE	Sweden	1	ANNUAL	KMSQ					12715	12715	2016	12715	Protected Planet: The World Database on Protected Areas (WDPA) [On-line], January, 2017, International Union for Conservation of Nature (IUCN) and United Nations Environment Programme's World Conservation Monitoring Centre (UNEP-WCMC).	
2017.Q2.G.01	ER_MRN_MARINT	Coverage of protected areas in relation to marine areas	756	8.223158	46.96617097	CHE	Switzerland	1	ANNUAL	KMSQ										
2017.Q2.G.01	ER_MRN_MARINT	Coverage of protected areas in relation to marine areas	760	38.50466565	35.01676176	SYR	Syrian Arab Republic (Syria)	1	ANNUAL	KMSQ					25	25	2016	25	Protected Planet: The World Database on Protected Areas (WDPA) [On-line], January, 2017, International Union for Conservation of Nature (IUCN) and United Nations Environment Programme's World Conservation Monitoring Centre (UNEP-WCMC).	
2017.Q2.G.01	ER_MRN_MARINT	Coverage of protected areas in relation to marine areas	762	69.294998	38.43069666	TJK	Tajikistan	1	ANNUAL	KMSQ										
2017.Q2.G.01	ER_MRN_MARINT	Coverage of protected areas in relation to marine areas	764	101.0202951	15.13089239	THA	Thailand	1	ANNUAL	KMSQ					5774	5774	2016	5774	Protected Planet: The World Database on Protected Areas (WDPA) [On-line], January, 2017, International Union for Conservation of Nature (IUCN) and United Nations Environment Programme's World Conservation Monitoring Centre (UNEP-WCMC).	
2017.Q2.G.01	ER_MRN_MARINT	Coverage of protected areas in relation to marine areas	768	0.97835765	8.532096072	TGO	Togo	1	ANNUAL	KMSQ					31	31	2016	31	Protected Planet: The World Database on Protected Areas (WDPA) [On-line], January, 2017, International Union for Conservation of Nature (IUCN) and United Nations Environment Programme's World Conservation Monitoring Centre (UNEP-WCMC).	
2017.Q2.G.01	ER_MRN_MARINT	Coverage of protected areas in relation to marine areas	772	-171.8154473	-9.214545558	TKL	Tokelau	1	ANNUAL	KMSQ					10	10	2016	10	Protected Planet: The World Database on Protected Areas (WDPA) [On-line], January, 2017, International Union for Conservation of Nature (IUCN) and United Nations Environment Programme's World Conservation Monitoring Centre (UNEP-WCMC).	
2017.Q2.G.01	ER_MRN_MARINT	Coverage of protected areas in relation to marine areas	776	-175.1959991	-21.19511329	TON	Tonga	1	ANNUAL	KMSQ					10055	10055	2016	10055	Protected Planet: The World Database on Protected Areas (WDPA) [On-line], January, 2017, International Union for Conservation of Nature (IUCN) and United Nations Environment Programme's World Conservation Monitoring Centre (UNEP-WCMC).	
2017.Q2.G.01	ER_MRN_MARINT	Coverage of protected areas in relation to marine areas	780	-61.29389504	10.41877263	TTO	Trinidad and Tobago	1	ANNUAL	KMSQ					37	37	2016	37	Protected Planet: The World Database on Protected Areas (WDPA) [On-line], January, 2017, International Union for Conservation of Nature (IUCN) and United Nations Environment Programme's World Conservation Monitoring Centre (UNEP-WCMC).	
2017.Q2.G.01	ER_MRN_MARINT	Coverage of protected areas in relation to marine areas	784	53.98279159	23.43322219	ARE	United Arab Emirates	1	ANNUAL	KMSQ					2336	2336	2016	2336	Protected Planet: The World Database on Protected Areas (WDPA) [On-line], January, 2017, International Union for Conservation of Nature (IUCN) and United Nations Environment Programme's World Conservation Monitoring Centre (UNEP-WCMC).	
2017.Q2.G.01	ER_MRN_MARINT	Coverage of protected areas in relation to marine areas	788	9.572737411	34.11439971	TUN	Tunisia	1	ANNUAL	KMSQ					1044.43	1044.43	2016	1044.43	Protected Planet: The World Database on Protected Areas (WDPA) [On-line], January, 2017, International Union for Conservation of Nature (IUCN) and United Nations Environment Programme's World Conservation Monitoring Centre (UNEP-WCMC).	
2017.Q2.G.01	ER_MRN_MARINT	Coverage of protected areas in relation to marine areas	792	35.42890329	38.9899684	TUR	Turkey	1	ANNUAL	KMSQ					270	270	2016	270	Protected Planet: The World Database on Protected Areas (WDPA) [On-line], January, 2017, International Union for Conservation of Nature (IUCN) and United Nations Environment Programme's World Conservation Monitoring Centre (UNEP-WCMC).	
2017.Q2.G.01	ER_MRN_MARINT	Coverage of protected areas in relation to marine areas	795	58.9787665	40.0912346	TKM	Turkmenistan	1	ANNUAL	KMSQ					2332	2332	2016	2332	Protected Planet: The World Database on Protected Areas (WDPA) [On-line], January, 2017, International Union for Conservation of Nature (IUCN) and United Nations Environment Programme's World Conservation Monitoring Centre (UNEP-WCMC).	
2017.Q2.G.01	ER_MRN_MARINT	Coverage of protected areas in relation to marine areas	796	-71.745121	21.80780585	TCA	Turks and Caicos Islands	1	ANNUAL	KMSQ					150	150	2016	150	Protected Planet: The World Database on Protected Areas (WDPA) [On-line], January, 2017, International Union for Conservation of Nature (IUCN) and United Nations Environment Programme's World Conservation Monitoring Centre (UNEP-WCMC).	
2017.Q2.G.01	ER_MRN_MARINT	Coverage of protected areas in relation to marine areas	798	178.6679611	-7.460048071	TUV	Tuvalu	1	ANNUAL	KMSQ					62	62	2016	62	Protected Planet: The World Database on Protected Areas (WDPA) [On-line], January, 2017, International Union for Conservation of Nature (IUCN) and United Nations Environment Programme's World Conservation Monitoring Centre (UNEP-WCMC).	
2017.Q2.G.01	ER_MRN_MARINT	Coverage of protected areas in relation to marine areas	800	32.39100438	1.279557331	UGA	Uganda	1	ANNUAL	KMSQ										
2017.Q2.G.01	ER_MRN_MARINT	Coverage of protected areas in relation to marine areas	804	31.40270802	49.00735945	UKR	Ukraine	1	ANNUAL	KMSQ					4606	4606	2016	4606	Protected Planet: The World Database on Protected Areas (WDPA) [On-line], January, 2017, International Union for Conservation of Nature (IUCN) and United Nations Environment Programme's World Conservation Monitoring Centre (UNEP-WCMC).	
2017.Q2.G.01	ER_MRN_MARINT	Coverage of protected areas in relation to marine areas	807	21.7007909	41.60048068	MKD	Macedonia, Republic of	1	ANNUAL	KMSQ										
2017.Q2.G.01	ER_MRN_MARINT	Coverage of protected areas in relation to marine areas	818	29.77468534	26.57438204	EGY	Egypt	1	ANNUAL	KMSQ					11716	11716	2016	11716	Protected Planet: The World Database on Protected Areas (WDPA) [On-line], January, 2017, International Union for Conservation of Nature (IUCN) and United Nations Environment Programme's World Conservation Monitoring Centre (UNEP-WCMC).	
2017.Q2.G.01	ER_MRN_MARINT	Coverage of protected areas in relation to marine areas	826	-2.23830539	53.27691757	GBR	United Kingdom	1	ANNUAL	KMSQ					146384	146384	2016	146384	Protected Planet: The World Database on Protected Areas (WDPA) [On-line], January, 2017, International Union for Conservation of Nature (IUCN) and United Nations Environment Programme's World Conservation Monitoring Centre (UNEP-WCMC).	
2017.Q2.G.01	ER_MRN_MARINT	Coverage of protected areas in relation to marine areas	831	-2.200712402	49.71561166	GGY	Guernsey	1	ANNUAL	KMSQ					17	17	2016	17	Protected Planet: The World Database on Protected Areas (WDPA) [On-line], January, 2017, International Union for Conservation of Nature (IUCN) and United Nations Environment Programme's World Conservation Monitoring Centre (UNEP-WCMC).	
2017.Q2.G.01	ER_MRN_MARINT	Coverage of protected areas in relation to marine areas	832	-2.136773508	49.22353354	JEY	Jersey	1	ANNUAL	KMSQ					183	183	2016	183	Protected Planet: The World Database on Protected Areas (WDPA) [On-line], January, 2017, International Union for Conservation of Nature (IUCN) and United Nations Environment Programme's World Conservation Monitoring Centre (UNEP-WCMC).	
2017.Q2.G.01	ER_MRN_MARINT	Coverage of protected areas in relation to marine areas	833	-4.538190305	54.22880901	IMN	Isle of Man	1	ANNUAL	KMSQ					3	3	2016	3	Protected Planet: The World Database on Protected Areas (WDPA) [On-line], January, 2017, International Union for Conservation of Nature (IUCN) and United Nations Environment Programme's World Conservation Monitoring Centre (UNEP-WCMC).	
2017.Q2.G.01	ER_MRN_MARINT	Coverage of protected areas in relation to marine areas	834	34.80521182	-6.265332606	TZA	Tanzania, United Republic of	1	ANNUAL	KMSQ					6068	6068	2016	6068	Protected Planet: The World Database on Protected Areas (WDPA) [On-line], January, 2017, International Union for Conservation of Nature (IUCN) and United Nations Environment Programme's World Conservation Monitoring Centre (UNEP-WCMC).	
2017.Q2.G.01	ER_MRN_MARINT	Coverage of protected areas in relation to marine areas	840	-99.13830311	39.5277871	USA	United States of America	1	ANNUAL	KMSQ					3529636	3529636	2016	3529636	Protected Planet: The World Database on Protected Areas (WDPA) [On-line], January, 2017, International Union for Conservation of Nature (IUCN) and United Nations Environment Programme's World Conservation Monitoring Centre (UNEP-WCMC).	
2017.Q2.G.01	ER_MRN_MARINT	Coverage of protected areas in relation to marine areas	850	-64.76960113	17.73297693	VIR	United States Virgin Islands	1	ANNUAL	KMSQ					306	306	2016	306	Protected Planet: The World Database on Protected Areas (WDPA) [On-line], January, 2017, International Union for Conservation of Nature (IUCN) and United Nations Environment Programme's World Conservation Monitoring Centre (UNEP-WCMC).	
2017.Q2.G.01	ER_MRN_MARINT	Coverage of protected areas in relation to marine areas	854	-1.742843829	12.27491081	BFA	Burkina Faso	1	ANNUAL	KMSQ										
2017.Q2.G.01	ER_MRN_MARINT	Coverage of protected areas in relation to marine areas	858	-56.01387025	-32.8002838	URY	Uruguay	1	ANNUAL	KMSQ					932	932	2016	932	Protected Planet: The World Database on Protected Areas (WDPA) [On-line], January, 2017, International Union for Conservation of Nature (IUCN) and United Nations Environment Programme's World Conservation Monitoring Centre (UNEP-WCMC).	
2017.Q2.G.01	ER_MRN_MARINT	Coverage of protected areas in relation to marine areas	860	63.11944558	41.77560518	UZB	Uzbekistan	1	ANNUAL	KMSQ										
2017.Q2.G.01	ER_MRN_MARINT	Coverage of protected areas in relation to marine areas	862	-66.15642084	7.121324748	VEN	Venezuela (Bolivarian Republic)	1	ANNUAL	KMSQ					16500	16500	2016	16500	Protected Planet: The World Database on Protected Areas (WDPA) [On-line], January, 2017, International Union for Conservation of Nature (IUCN) and United Nations Environment Programme's World Conservation Monitoring Centre (UNEP-WCMC).	
2017.Q2.G.01	ER_MRN_MARINT	Coverage of protected areas in relation to marine areas	876	-176.2034788	-13.28471201	WLF	Wallis and Futuna Islands	1	ANNUAL	KMSQ										
2017.Q2.G.01	ER_MRN_MARINT	Coverage of protected areas in relation to marine areas	882	-172.4430749	-13.61541469	WSM	Samoa	1	ANNUAL	KMSQ					113	113	2016	113	Protected Planet: The World Database on Protected Areas (WDPA) [On-line], January, 2017, International Union for Conservation of Nature (IUCN) and United Nations Environment Programme's World Conservation Monitoring Centre (UNEP-WCMC).	
2017.Q2.G.01	ER_MRN_MARINT	Coverage of protected areas in relation to marine areas	887	45.22389143	15.22242099	YEM	Yemen	1	ANNUAL	KMSQ					2562	2562	2016	2562	Protected Planet: The World Database on Protected Areas (WDPA) [On-line], January, 2017, International Union for Conservation of Nature (IUCN) and United Nations Environment Programme's World Conservation Monitoring Centre (UNEP-WCMC).	
2017.Q2.G.01	ER_MRN_MARINT	Coverage of protected areas in relation to marine areas	894	27.850329	-14.59701056	ZMB	Zambia	1	ANNUAL	KMSQ										
