series.release	series.code	series.description	geoAreaCode	X	Y	ISO3CD	geoAreaName	sliceId	Age	Freq	Location	Sex	Units	Bounds	2010	2011	2013	2014	last.5.years.mean	latest.year	latest.value	latest.source	latest.nature
2017.Q2.G.01	SE_PRM_RUPIRDNG	Rural to urban parity index for achievement in reading by the end of primary	4	66.02688198	33.83160199	AFG	Afghanistan	1	ALLAGE	ANNUAL	ALLAREA	BOTHSEX	Ratio	MP									
2017.Q2.G.01	SE_PRM_RUPIRDNG	Rural to urban parity index for achievement in reading by the end of primary	8	20.06660928	41.13897007	ALB	Albania	1	ALLAGE	ANNUAL	ALLAREA	BOTHSEX	Ratio	MP									
2017.Q2.G.01	SE_PRM_RUPIRDNG	Rural to urban parity index for achievement in reading by the end of primary	10	21.47585697	-80.40897662	ATA	Antarctica	1	ALLAGE	ANNUAL	ALLAREA	BOTHSEX	Ratio	MP									
2017.Q2.G.01	SE_PRM_RUPIRDNG	Rural to urban parity index for achievement in reading by the end of primary	12	2.678164227	28.15940032	DZA	Algeria	1	ALLAGE	ANNUAL	ALLAREA	BOTHSEX	Ratio	MP									
2017.Q2.G.01	SE_PRM_RUPIRDNG	Rural to urban parity index for achievement in reading by the end of primary	16	-170.7187269	-14.30587306	ASM	American Samoa	1	ALLAGE	ANNUAL	ALLAREA	BOTHSEX	Ratio	MP									
2017.Q2.G.01	SE_PRM_RUPIRDNG	Rural to urban parity index for achievement in reading by the end of primary	20	1.576257417	42.54548611	AND	Andorra	1	ALLAGE	ANNUAL	ALLAREA	BOTHSEX	Ratio	MP									
2017.Q2.G.01	SE_PRM_RUPIRDNG	Rural to urban parity index for achievement in reading by the end of primary	24	17.57817062	-12.33724746	AGO	Angola	1	ALLAGE	ANNUAL	ALLAREA	BOTHSEX	Ratio	MP									
2017.Q2.G.01	SE_PRM_RUPIRDNG	Rural to urban parity index for achievement in reading by the end of primary	28	-61.7999755	17.07761471	ATG	Antigua and Barbuda	1	ALLAGE	ANNUAL	ALLAREA	BOTHSEX	Ratio	MP									
2017.Q2.G.01	SE_PRM_RUPIRDNG	Rural to urban parity index for achievement in reading by the end of primary	31	50.01064725	40.39229544	AZE	Azerbaijan	1	ALLAGE	ANNUAL	ALLAREA	BOTHSEX	Ratio	MP		0.865582			0.865582	2011	0.865582	Progress in International Reading Literacy Study (PIRLS)	C
2017.Q2.G.01	SE_PRM_RUPIRDNG	Rural to urban parity index for achievement in reading by the end of primary	32	-65.14563274	-35.19446255	ARG	Argentina	1	ALLAGE	ANNUAL	ALLAREA	BOTHSEX	Ratio	MP			0.831517		0.831517	2013	0.831517	Third Regional Comparative and Explanatory Study (TERCE)	C
2017.Q2.G.01	SE_PRM_RUPIRDNG	Rural to urban parity index for achievement in reading by the end of primary	36	134.3499412	-25.57717202	AUS	Australia	1	ALLAGE	ANNUAL	ALLAREA	BOTHSEX	Ratio	MP									
2017.Q2.G.01	SE_PRM_RUPIRDNG	Rural to urban parity index for achievement in reading by the end of primary	40	14.14172472	47.58704857	AUT	Austria	1	ALLAGE	ANNUAL	ALLAREA	BOTHSEX	Ratio	MP		1.024543			1.024543	2011	1.024543	Progress in International Reading Literacy Study (PIRLS)	C
2017.Q2.G.01	SE_PRM_RUPIRDNG	Rural to urban parity index for achievement in reading by the end of primary	44	-78.05111663	24.69546597	BHS	Bahamas	1	ALLAGE	ANNUAL	ALLAREA	BOTHSEX	Ratio	MP									
2017.Q2.G.01	SE_PRM_RUPIRDNG	Rural to urban parity index for achievement in reading by the end of primary	48	50.5490754	26.04407747	BHR	Bahrain	1	ALLAGE	ANNUAL	ALLAREA	BOTHSEX	Ratio	MP									
2017.Q2.G.01	SE_PRM_RUPIRDNG	Rural to urban parity index for achievement in reading by the end of primary	50	89.17660788	22.86961622	BGD	Bangladesh	1	ALLAGE	ANNUAL	ALLAREA	BOTHSEX	Ratio	MP									
2017.Q2.G.01	SE_PRM_RUPIRDNG	Rural to urban parity index for achievement in reading by the end of primary	51	44.93839317	40.29499741	ARM	Armenia	1	ALLAGE	ANNUAL	ALLAREA	BOTHSEX	Ratio	MP									
2017.Q2.G.01	SE_PRM_RUPIRDNG	Rural to urban parity index for achievement in reading by the end of primary	52	-59.5346489	13.13648273	BRB	Barbados	1	ALLAGE	ANNUAL	ALLAREA	BOTHSEX	Ratio	MP									
2017.Q2.G.01	SE_PRM_RUPIRDNG	Rural to urban parity index for achievement in reading by the end of primary	56	4.660976456	50.64104975	BEL	Belgium	1	ALLAGE	ANNUAL	ALLAREA	BOTHSEX	Ratio	MP									
2017.Q2.G.01	SE_PRM_RUPIRDNG	Rural to urban parity index for achievement in reading by the end of primary	60	-64.78155012	32.27881922	BMU	Bermuda	1	ALLAGE	ANNUAL	ALLAREA	BOTHSEX	Ratio	MP									
2017.Q2.G.01	SE_PRM_RUPIRDNG	Rural to urban parity index for achievement in reading by the end of primary	64	90.45098484	27.39598568	BTN	Bhutan	1	ALLAGE	ANNUAL	ALLAREA	BOTHSEX	Ratio	MP									
2017.Q2.G.01	SE_PRM_RUPIRDNG	Rural to urban parity index for achievement in reading by the end of primary	68	-64.66224284	-16.71273412	BOL	Bolivia (Plurinational State of)	1	ALLAGE	ANNUAL	ALLAREA	BOTHSEX	Ratio	MP									
2017.Q2.G.01	SE_PRM_RUPIRDNG	Rural to urban parity index for achievement in reading by the end of primary	70	17.78584332	44.16845548	BIH	Bosnia and Herzegovina	1	ALLAGE	ANNUAL	ALLAREA	BOTHSEX	Ratio	MP									
2017.Q2.G.01	SE_PRM_RUPIRDNG	Rural to urban parity index for achievement in reading by the end of primary	72	23.81380223	-22.18810073	BWA	Botswana	1	ALLAGE	ANNUAL	ALLAREA	BOTHSEX	Ratio	MP	0.936864	0.679581			0.8082225	2011	0.679581	Progress in International Reading Literacy Study (PIRLS)	C
2017.Q2.G.01	SE_PRM_RUPIRDNG	Rural to urban parity index for achievement in reading by the end of primary	74	3.410732868	-54.43295905	BVT	Bouvet Island	1	ALLAGE	ANNUAL	ALLAREA	BOTHSEX	Ratio	MP									
2017.Q2.G.01	SE_PRM_RUPIRDNG	Rural to urban parity index for achievement in reading by the end of primary	76	-53.08432878	-10.77668561	BRA	Brazil	1	ALLAGE	ANNUAL	ALLAREA	BOTHSEX	Ratio	MP			0.886284		0.886284	2013	0.886284	Third Regional Comparative and Explanatory Study (TERCE)	C
2017.Q2.G.01	SE_PRM_RUPIRDNG	Rural to urban parity index for achievement in reading by the end of primary	84	-88.70199554	17.19965901	BLZ	Belize	1	ALLAGE	ANNUAL	ALLAREA	BOTHSEX	Ratio	MP									
2017.Q2.G.01	SE_PRM_RUPIRDNG	Rural to urban parity index for achievement in reading by the end of primary	86	72.38715553	-7.299281071	IOT	British Indian Ocean Territory	1	ALLAGE	ANNUAL	ALLAREA	BOTHSEX	Ratio	MP									
2017.Q2.G.01	SE_PRM_RUPIRDNG	Rural to urban parity index for achievement in reading by the end of primary	90	160.1584117	-9.622391719	SLB	Solomon Islands	1	ALLAGE	ANNUAL	ALLAREA	BOTHSEX	Ratio	MP									
2017.Q2.G.01	SE_PRM_RUPIRDNG	Rural to urban parity index for achievement in reading by the end of primary	92	-64.63294223	18.42256578	VGB	British Virgin Islands	1	ALLAGE	ANNUAL	ALLAREA	BOTHSEX	Ratio	MP									
2017.Q2.G.01	SE_PRM_RUPIRDNG	Rural to urban parity index for achievement in reading by the end of primary	96	114.6288563	4.49736984	BRN	Brunei Darussalam	1	ALLAGE	ANNUAL	ALLAREA	BOTHSEX	Ratio	MP									
2017.Q2.G.01	SE_PRM_RUPIRDNG	Rural to urban parity index for achievement in reading by the end of primary	100	25.23763153	42.75731323	BGR	Bulgaria	1	ALLAGE	ANNUAL	ALLAREA	BOTHSEX	Ratio	MP		0.950985			0.950985	2011	0.950985	Progress in International Reading Literacy Study (PIRLS)	C
2017.Q2.G.01	SE_PRM_RUPIRDNG	Rural to urban parity index for achievement in reading by the end of primary	104	96.51752295	21.19332882	MMR	Myanmar	1	ALLAGE	ANNUAL	ALLAREA	BOTHSEX	Ratio	MP									
2017.Q2.G.01	SE_PRM_RUPIRDNG	Rural to urban parity index for achievement in reading by the end of primary	108	29.89080992	-3.366387428	BDI	Burundi	1	ALLAGE	ANNUAL	ALLAREA	BOTHSEX	Ratio	MP				0.861852	0.861852	2014	0.861852	CONFEMEN Programme for the Analysis of Education Systems (PASEC)	C
2017.Q2.G.01	SE_PRM_RUPIRDNG	Rural to urban parity index for achievement in reading by the end of primary	112	28.04940161	53.54193075	BLR	Belarus	1	ALLAGE	ANNUAL	ALLAREA	BOTHSEX	Ratio	MP									
2017.Q2.G.01	SE_PRM_RUPIRDNG	Rural to urban parity index for achievement in reading by the end of primary	116	104.922836	12.71163737	KHM	Cambodia	1	ALLAGE	ANNUAL	ALLAREA	BOTHSEX	Ratio	MP									
2017.Q2.G.01	SE_PRM_RUPIRDNG	Rural to urban parity index for achievement in reading by the end of primary	120	12.7419827	5.692387031	CMR	Cameroon	1	ALLAGE	ANNUAL	ALLAREA	BOTHSEX	Ratio	MP				0.376384	0.376384	2014	0.376384	CONFEMEN Programme for the Analysis of Education Systems (PASEC)	C
2017.Q2.G.01	SE_PRM_RUPIRDNG	Rural to urban parity index for achievement in reading by the end of primary	124	-101.6575058	57.72360191	CAN	Canada	1	ALLAGE	ANNUAL	ALLAREA	BOTHSEX	Ratio	MP									
2017.Q2.G.01	SE_PRM_RUPIRDNG	Rural to urban parity index for achievement in reading by the end of primary	132	-23.63544151	15.07791834	CPV	Cabo Verde	1	ALLAGE	ANNUAL	ALLAREA	BOTHSEX	Ratio	MP									
2017.Q2.G.01	SE_PRM_RUPIRDNG	Rural to urban parity index for achievement in reading by the end of primary	136	-81.16740559	19.32266656	CYM	Cayman Islands	1	ALLAGE	ANNUAL	ALLAREA	BOTHSEX	Ratio	MP									
2017.Q2.G.01	SE_PRM_RUPIRDNG	Rural to urban parity index for achievement in reading by the end of primary	140	20.93559492	7.003720791	CAF	Central African Republic	1	ALLAGE	ANNUAL	ALLAREA	BOTHSEX	Ratio	MP									
2017.Q2.G.01	SE_PRM_RUPIRDNG	Rural to urban parity index for achievement in reading by the end of primary	144	80.70489654	7.614693343	LKA	Sri Lanka	1	ALLAGE	ANNUAL	ALLAREA	BOTHSEX	Ratio	MP									
2017.Q2.G.01	SE_PRM_RUPIRDNG	Rural to urban parity index for achievement in reading by the end of primary	148	18.66618401	15.36279341	TCD	Chad	1	ALLAGE	ANNUAL	ALLAREA	BOTHSEX	Ratio	MP				0.54067	0.54067	2014	0.54067	CONFEMEN Programme for the Analysis of Education Systems (PASEC)	C
2017.Q2.G.01	SE_PRM_RUPIRDNG	Rural to urban parity index for achievement in reading by the end of primary	152	-71.23029019	-35.2652885	CHL	Chile	1	ALLAGE	ANNUAL	ALLAREA	BOTHSEX	Ratio	MP			0.97594		0.97594	2013	0.97594	Third Regional Comparative and Explanatory Study (TERCE)	C
2017.Q2.G.01	SE_PRM_RUPIRDNG	Rural to urban parity index for achievement in reading by the end of primary	156	104.1403375	32.30955217	CHN	China	1	ALLAGE	ANNUAL	ALLAREA	BOTHSEX	Ratio	MP									
2017.Q2.G.01	SE_PRM_RUPIRDNG	Rural to urban parity index for achievement in reading by the end of primary	162	105.6426067	-10.4882473	CXR	Christmas Island	1	ALLAGE	ANNUAL	ALLAREA	BOTHSEX	Ratio	MP									
2017.Q2.G.01	SE_PRM_RUPIRDNG	Rural to urban parity index for achievement in reading by the end of primary	166	96.82633757	-12.18600682	CCK	Cocos (Keeling) Islands	1	ALLAGE	ANNUAL	ALLAREA	BOTHSEX	Ratio	MP									
2017.Q2.G.01	SE_PRM_RUPIRDNG	Rural to urban parity index for achievement in reading by the end of primary	170	-73.07446751	3.888209046	COL	Colombia	1	ALLAGE	ANNUAL	ALLAREA	BOTHSEX	Ratio	MP		0.724326	0.92339		0.823858	2013	0.92339	Third Regional Comparative and Explanatory Study (TERCE)	C
2017.Q2.G.01	SE_PRM_RUPIRDNG	Rural to urban parity index for achievement in reading by the end of primary	174	43.34234565	-11.66121732	COM	Comoros	1	ALLAGE	ANNUAL	ALLAREA	BOTHSEX	Ratio	MP									
2017.Q2.G.01	SE_PRM_RUPIRDNG	Rural to urban parity index for achievement in reading by the end of primary	175	45.14015057	-12.82217691	MYT	Mayotte	1	ALLAGE	ANNUAL	ALLAREA	BOTHSEX	Ratio	MP									
2017.Q2.G.01	SE_PRM_RUPIRDNG	Rural to urban parity index for achievement in reading by the end of primary	178	15.22052612	-0.840544119	COG	Congo	1	ALLAGE	ANNUAL	ALLAREA	BOTHSEX	Ratio	MP				0.336879	0.336879	2014	0.336879	CONFEMEN Programme for the Analysis of Education Systems (PASEC)	C
2017.Q2.G.01	SE_PRM_RUPIRDNG	Rural to urban parity index for achievement in reading by the end of primary	180	23.65496507	-2.877154732	COD	Democratic Republic of the Congo	1	ALLAGE	ANNUAL	ALLAREA	BOTHSEX	Ratio	MP									
2017.Q2.G.01	SE_PRM_RUPIRDNG	Rural to urban parity index for achievement in reading by the end of primary	184	-159.7711391	-21.22696458	COK	Cook Islands	1	ALLAGE	ANNUAL	ALLAREA	BOTHSEX	Ratio	MP									
2017.Q2.G.01	SE_PRM_RUPIRDNG	Rural to urban parity index for achievement in reading by the end of primary	188	-84.19712782	9.970998683	CRI	Costa Rica	1	ALLAGE	ANNUAL	ALLAREA	BOTHSEX	Ratio	MP			0.89533		0.89533	2013	0.89533	Third Regional Comparative and Explanatory Study (TERCE)	C
2017.Q2.G.01	SE_PRM_RUPIRDNG	Rural to urban parity index for achievement in reading by the end of primary	191	17.95874553	45.45172212	HRV	Croatia	1	ALLAGE	ANNUAL	ALLAREA	BOTHSEX	Ratio	MP		0.993158			0.993158	2011	0.993158	Progress in International Reading Literacy Study (PIRLS)	C
2017.Q2.G.01	SE_PRM_RUPIRDNG	Rural to urban parity index for achievement in reading by the end of primary	192	-79.54460144	22.10030366	CUB	Cuba	1	ALLAGE	ANNUAL	ALLAREA	BOTHSEX	Ratio	MP									
2017.Q2.G.01	SE_PRM_RUPIRDNG	Rural to urban parity index for achievement in reading by the end of primary	196	33.22285964	35.05659437	CYP	Cyprus	1	ALLAGE	ANNUAL	ALLAREA	BOTHSEX	Ratio	MP									
2017.Q2.G.01	SE_PRM_RUPIRDNG	Rural to urban parity index for achievement in reading by the end of primary	203	15.33151382	49.73913871	CZE	Czechia	1	ALLAGE	ANNUAL	ALLAREA	BOTHSEX	Ratio	MP		1.004264			1.004264	2011	1.004264	Progress in International Reading Literacy Study (PIRLS)	C
2017.Q2.G.01	SE_PRM_RUPIRDNG	Rural to urban parity index for achievement in reading by the end of primary	204	2.339933594	9.65401646	BEN	Benin	1	ALLAGE	ANNUAL	ALLAREA	BOTHSEX	Ratio	MP				0.395129	0.395129	2014	0.395129	CONFEMEN Programme for the Analysis of Education Systems (PASEC)	C
2017.Q2.G.01	SE_PRM_RUPIRDNG	Rural to urban parity index for achievement in reading by the end of primary	208	9.326571283	56.03829721	DNK	Denmark	1	ALLAGE	ANNUAL	ALLAREA	BOTHSEX	Ratio	MP									
2017.Q2.G.01	SE_PRM_RUPIRDNG	Rural to urban parity index for achievement in reading by the end of primary	212	-61.3493756	15.43391378	DMA	Dominica	1	ALLAGE	ANNUAL	ALLAREA	BOTHSEX	Ratio	MP									
2017.Q2.G.01	SE_PRM_RUPIRDNG	Rural to urban parity index for achievement in reading by the end of primary	214	-70.49847576	18.89832088	DOM	Dominican Republic	1	ALLAGE	ANNUAL	ALLAREA	BOTHSEX	Ratio	MP			0.765648		0.765648	2013	0.765648	Third Regional Comparative and Explanatory Study (TERCE)	C
2017.Q2.G.01	SE_PRM_RUPIRDNG	Rural to urban parity index for achievement in reading by the end of primary	218	-78.37005241	-1.447785891	ECU	Ecuador	1	ALLAGE	ANNUAL	ALLAREA	BOTHSEX	Ratio	MP			0.917265		0.917265	2013	0.917265	Third Regional Comparative and Explanatory Study (TERCE)	C
2017.Q2.G.01	SE_PRM_RUPIRDNG	Rural to urban parity index for achievement in reading by the end of primary	222	-88.86862995	13.73603564	SLV	El Salvador	1	ALLAGE	ANNUAL	ALLAREA	BOTHSEX	Ratio	MP									
2017.Q2.G.01	SE_PRM_RUPIRDNG	Rural to urban parity index for achievement in reading by the end of primary	226	10.46535826	1.565792376	GNQ	Equatorial Guinea	1	ALLAGE	ANNUAL	ALLAREA	BOTHSEX	Ratio	MP									
2017.Q2.G.01	SE_PRM_RUPIRDNG	Rural to urban parity index for achievement in reading by the end of primary	231	39.63505296	8.631223181	ETH	Ethiopia	1	ALLAGE	ANNUAL	ALLAREA	BOTHSEX	Ratio	MP									
2017.Q2.G.01	SE_PRM_RUPIRDNG	Rural to urban parity index for achievement in reading by the end of primary	232	38.11074289	16.12894644	ERI	Eritrea	1	ALLAGE	ANNUAL	ALLAREA	BOTHSEX	Ratio	MP									
2017.Q2.G.01	SE_PRM_RUPIRDNG	Rural to urban parity index for achievement in reading by the end of primary	233	25.84093481	58.68487172	EST	Estonia	1	ALLAGE	ANNUAL	ALLAREA	BOTHSEX	Ratio	MP									
2017.Q2.G.01	SE_PRM_RUPIRDNG	Rural to urban parity index for achievement in reading by the end of primary	234	-7.122044325	62.21228119	FRO	Faroe Islands	1	ALLAGE	ANNUAL	ALLAREA	BOTHSEX	Ratio	MP									
2017.Q2.G.01	SE_PRM_RUPIRDNG	Rural to urban parity index for achievement in reading by the end of primary	238	-58.75246778	-51.74562601	FLK	Falkland Islands (Malvinas)	1	ALLAGE	ANNUAL	ALLAREA	BOTHSEX	Ratio	MP									
2017.Q2.G.01	SE_PRM_RUPIRDNG	Rural to urban parity index for achievement in reading by the end of primary	239	-36.90662765	-54.20736749	SGS	South Georgia and the South Sandwich Islands	1	ALLAGE	ANNUAL	ALLAREA	BOTHSEX	Ratio	MP									
2017.Q2.G.01	SE_PRM_RUPIRDNG	Rural to urban parity index for achievement in reading by the end of primary	242	177.9660884	-17.83301566	FJI	Fiji	1	ALLAGE	ANNUAL	ALLAREA	BOTHSEX	Ratio	MP									
2017.Q2.G.01	SE_PRM_RUPIRDNG	Rural to urban parity index for achievement in reading by the end of primary	246	23.308447	61.91586738	FIN	Finland	1	ALLAGE	ANNUAL	ALLAREA	BOTHSEX	Ratio	MP									
2017.Q2.G.01	SE_PRM_RUPIRDNG	Rural to urban parity index for achievement in reading by the end of primary	248	19.80945969	60.1544901	ALA	Åland Islands	1	ALLAGE	ANNUAL	ALLAREA	BOTHSEX	Ratio	MP									
2017.Q2.G.01	SE_PRM_RUPIRDNG	Rural to urban parity index for achievement in reading by the end of primary	250	2.457288129	46.62660861	FRA	France	1	ALLAGE	ANNUAL	ALLAREA	BOTHSEX	Ratio	MP									
2017.Q2.G.01	SE_PRM_RUPIRDNG	Rural to urban parity index for achievement in reading by the end of primary	254	-53.23619089	3.922673437	GUF	French Guiana	1	ALLAGE	ANNUAL	ALLAREA	BOTHSEX	Ratio	MP									
2017.Q2.G.01	SE_PRM_RUPIRDNG	Rural to urban parity index for achievement in reading by the end of primary	258	-149.4052367	-17.67709294	PYF	French Polynesia	1	ALLAGE	ANNUAL	ALLAREA	BOTHSEX	Ratio	MP									
2017.Q2.G.01	SE_PRM_RUPIRDNG	Rural to urban parity index for achievement in reading by the end of primary	260	69.64849091	-49.6068576	ATF	French Southern Territories	1	ALLAGE	ANNUAL	ALLAREA	BOTHSEX	Ratio	MP									
2017.Q2.G.01	SE_PRM_RUPIRDNG	Rural to urban parity index for achievement in reading by the end of primary	262	42.18274707	11.56004161	DJI	Djibouti	1	ALLAGE	ANNUAL	ALLAREA	BOTHSEX	Ratio	MP									
2017.Q2.G.01	SE_PRM_RUPIRDNG	Rural to urban parity index for achievement in reading by the end of primary	266	11.78727747	-0.60687619	GAB	Gabon	1	ALLAGE	ANNUAL	ALLAREA	BOTHSEX	Ratio	MP									
2017.Q2.G.01	SE_PRM_RUPIRDNG	Rural to urban parity index for achievement in reading by the end of primary	268	43.3713615	42.04813028	GEO	Georgia	1	ALLAGE	ANNUAL	ALLAREA	BOTHSEX	Ratio	MP									
2017.Q2.G.01	SE_PRM_RUPIRDNG	Rural to urban parity index for achievement in reading by the end of primary	270	-15.39944785	13.45295927	GMB	Gambia	1	ALLAGE	ANNUAL	ALLAREA	BOTHSEX	Ratio	MP									
2017.Q2.G.01	SE_PRM_RUPIRDNG	Rural to urban parity index for achievement in reading by the end of primary	275	35.25694122	31.94347933	PSE	State of Palestine	1	ALLAGE	ANNUAL	ALLAREA	BOTHSEX	Ratio	MP									
2017.Q2.G.01	SE_PRM_RUPIRDNG	Rural to urban parity index for achievement in reading by the end of primary	276	10.3806066	51.08862743	DEU	Germany	1	ALLAGE	ANNUAL	ALLAREA	BOTHSEX	Ratio	MP		1.017108			1.017108	2011	1.017108	Progress in International Reading Literacy Study (PIRLS)	C
2017.Q2.G.01	SE_PRM_RUPIRDNG	Rural to urban parity index for achievement in reading by the end of primary	288	-1.205623522	7.964825185	GHA	Ghana	1	ALLAGE	ANNUAL	ALLAREA	BOTHSEX	Ratio	MP									
2017.Q2.G.01	SE_PRM_RUPIRDNG	Rural to urban parity index for achievement in reading by the end of primary	292	-5.347561686	36.13895036	GIB	Gibraltar	1	ALLAGE	ANNUAL	ALLAREA	BOTHSEX	Ratio	MP									
2017.Q2.G.01	SE_PRM_RUPIRDNG	Rural to urban parity index for achievement in reading by the end of primary	296	-157.5643005	1.768837732	KIR	Kiribati	1	ALLAGE	ANNUAL	ALLAREA	BOTHSEX	Ratio	MP									
2017.Q2.G.01	SE_PRM_RUPIRDNG	Rural to urban parity index for achievement in reading by the end of primary	300	22.58307827	39.47301873	GRC	Greece	1	ALLAGE	ANNUAL	ALLAREA	BOTHSEX	Ratio	MP									
2017.Q2.G.01	SE_PRM_RUPIRDNG	Rural to urban parity index for achievement in reading by the end of primary	304	-41.39371316	74.75625681	GRL	Greenland	1	ALLAGE	ANNUAL	ALLAREA	BOTHSEX	Ratio	MP									
2017.Q2.G.01	SE_PRM_RUPIRDNG	Rural to urban parity index for achievement in reading by the end of primary	308	-61.68248568	12.11238395	GRD	Grenada	1	ALLAGE	ANNUAL	ALLAREA	BOTHSEX	Ratio	MP									
2017.Q2.G.01	SE_PRM_RUPIRDNG	Rural to urban parity index for achievement in reading by the end of primary	312	-61.64762115	16.14416917	GLP	Guadeloupe	1	ALLAGE	ANNUAL	ALLAREA	BOTHSEX	Ratio	MP									
2017.Q2.G.01	SE_PRM_RUPIRDNG	Rural to urban parity index for achievement in reading by the end of primary	316	144.7029305	13.35485404	GUM	Guam	1	ALLAGE	ANNUAL	ALLAREA	BOTHSEX	Ratio	MP									
2017.Q2.G.01	SE_PRM_RUPIRDNG	Rural to urban parity index for achievement in reading by the end of primary	320	-91.2312746	15.00273719	GTM	Guatemala	1	ALLAGE	ANNUAL	ALLAREA	BOTHSEX	Ratio	MP			0.802965		0.802965	2013	0.802965	Third Regional Comparative and Explanatory Study (TERCE)	C
2017.Q2.G.01	SE_PRM_RUPIRDNG	Rural to urban parity index for achievement in reading by the end of primary	324	-11.28173419	11.00210343	GIN	Guinea	1	ALLAGE	ANNUAL	ALLAREA	BOTHSEX	Ratio	MP									
2017.Q2.G.01	SE_PRM_RUPIRDNG	Rural to urban parity index for achievement in reading by the end of primary	328	-58.97322037	4.788012784	GUY	Guyana	1	ALLAGE	ANNUAL	ALLAREA	BOTHSEX	Ratio	MP									
2017.Q2.G.01	SE_PRM_RUPIRDNG	Rural to urban parity index for achievement in reading by the end of primary	332	-72.33640958	18.40426539	HTI	Haiti	1	ALLAGE	ANNUAL	ALLAREA	BOTHSEX	Ratio	MP									
2017.Q2.G.01	SE_PRM_RUPIRDNG	Rural to urban parity index for achievement in reading by the end of primary	334	73.52633626	-53.09106147	HMD	Heard Island and McDonald Islands	1	ALLAGE	ANNUAL	ALLAREA	BOTHSEX	Ratio	MP									
2017.Q2.G.01	SE_PRM_RUPIRDNG	Rural to urban parity index for achievement in reading by the end of primary	336	12.45315803	41.90343751	VAT	Holy See	1	ALLAGE	ANNUAL	ALLAREA	BOTHSEX	Ratio	MP									
2017.Q2.G.01	SE_PRM_RUPIRDNG	Rural to urban parity index for achievement in reading by the end of primary	340	-86.59974381	14.82243161	HND	Honduras	1	ALLAGE	ANNUAL	ALLAREA	BOTHSEX	Ratio	MP		0.786478	0.854248		0.820363	2013	0.854248	Third Regional Comparative and Explanatory Study (TERCE)	C
2017.Q2.G.01	SE_PRM_RUPIRDNG	Rural to urban parity index for achievement in reading by the end of primary	344	114.0266445	22.41749934	HKG	China, Hong Kong Special Administrative Region	1	ALLAGE	ANNUAL	ALLAREA	BOTHSEX	Ratio	MP									
2017.Q2.G.01	SE_PRM_RUPIRDNG	Rural to urban parity index for achievement in reading by the end of primary	348	19.41221519	47.1651448	HUN	Hungary	1	ALLAGE	ANNUAL	ALLAREA	BOTHSEX	Ratio	MP		0.920761			0.920761	2011	0.920761	Progress in International Reading Literacy Study (PIRLS)	C
2017.Q2.G.01	SE_PRM_RUPIRDNG	Rural to urban parity index for achievement in reading by the end of primary	352	-19.02116966	64.79134763	ISL	Iceland	1	ALLAGE	ANNUAL	ALLAREA	BOTHSEX	Ratio	MP									
2017.Q2.G.01	SE_PRM_RUPIRDNG	Rural to urban parity index for achievement in reading by the end of primary	356	79.3608464	22.34642074	IND	India	1	ALLAGE	ANNUAL	ALLAREA	BOTHSEX	Ratio	MP									
2017.Q2.G.01	SE_PRM_RUPIRDNG	Rural to urban parity index for achievement in reading by the end of primary	360	113.9174	-0.994582204	IDN	Indonesia	1	ALLAGE	ANNUAL	ALLAREA	BOTHSEX	Ratio	MP									
2017.Q2.G.01	SE_PRM_RUPIRDNG	Rural to urban parity index for achievement in reading by the end of primary	364	54.19766348	32.74370885	IRN	Iran (Islamic Republic of)	1	ALLAGE	ANNUAL	ALLAREA	BOTHSEX	Ratio	MP									
2017.Q2.G.01	SE_PRM_RUPIRDNG	Rural to urban parity index for achievement in reading by the end of primary	368	43.76606267	33.05013795	IRQ	Iraq	1	ALLAGE	ANNUAL	ALLAREA	BOTHSEX	Ratio	MP									
2017.Q2.G.01	SE_PRM_RUPIRDNG	Rural to urban parity index for achievement in reading by the end of primary	372	-7.121425272	53.25274054	IRL	Ireland	1	ALLAGE	ANNUAL	ALLAREA	BOTHSEX	Ratio	MP									
2017.Q2.G.01	SE_PRM_RUPIRDNG	Rural to urban parity index for achievement in reading by the end of primary	376	34.62277992	31.06164552	ISR	Israel	1	ALLAGE	ANNUAL	ALLAREA	BOTHSEX	Ratio	MP									
2017.Q2.G.01	SE_PRM_RUPIRDNG	Rural to urban parity index for achievement in reading by the end of primary	380	12.57022427	42.79917282	ITA	Italy	1	ALLAGE	ANNUAL	ALLAREA	BOTHSEX	Ratio	MP		0.992407			0.992407	2011	0.992407	Progress in International Reading Literacy Study (PIRLS)	C
2017.Q2.G.01	SE_PRM_RUPIRDNG	Rural to urban parity index for achievement in reading by the end of primary	384	-5.552690016	7.62211586	CIV	Côte d'Ivoire	1	ALLAGE	ANNUAL	ALLAREA	BOTHSEX	Ratio	MP				0.465961	0.465961	2014	0.465961	CONFEMEN Programme for the Analysis of Education Systems (PASEC)	C
2017.Q2.G.01	SE_PRM_RUPIRDNG	Rural to urban parity index for achievement in reading by the end of primary	388	-77.31068409	18.15616857	JAM	Jamaica	1	ALLAGE	ANNUAL	ALLAREA	BOTHSEX	Ratio	MP									
2017.Q2.G.01	SE_PRM_RUPIRDNG	Rural to urban parity index for achievement in reading by the end of primary	392	139.2716103	36.6554539	JPN	Japan	1	ALLAGE	ANNUAL	ALLAREA	BOTHSEX	Ratio	MP									
2017.Q2.G.01	SE_PRM_RUPIRDNG	Rural to urban parity index for achievement in reading by the end of primary	398	66.65359159	48.01963494	KAZ	Kazakhstan	1	ALLAGE	ANNUAL	ALLAREA	BOTHSEX	Ratio	MP									
2017.Q2.G.01	SE_PRM_RUPIRDNG	Rural to urban parity index for achievement in reading by the end of primary	400	37.13024774	30.65365973	JOR	Jordan	1	ALLAGE	ANNUAL	ALLAREA	BOTHSEX	Ratio	MP									
2017.Q2.G.01	SE_PRM_RUPIRDNG	Rural to urban parity index for achievement in reading by the end of primary	404	37.86096816	0.534797278	KEN	Kenya	1	ALLAGE	ANNUAL	ALLAREA	BOTHSEX	Ratio	MP	0.952593				0.952593	2010	0.952593	Southern and Eastern Africa Consortium for Monitoring Educational Quality (SACMEQ)	C
2017.Q2.G.01	SE_PRM_RUPIRDNG	Rural to urban parity index for achievement in reading by the end of primary	408	127.1803633	40.1462645	PRK	Democratic People's Republic of Korea	1	ALLAGE	ANNUAL	ALLAREA	BOTHSEX	Ratio	MP									
2017.Q2.G.01	SE_PRM_RUPIRDNG	Rural to urban parity index for achievement in reading by the end of primary	410	127.8610254	36.45201023	KOR	Republic of Korea	1	ALLAGE	ANNUAL	ALLAREA	BOTHSEX	Ratio	MP									
2017.Q2.G.01	SE_PRM_RUPIRDNG	Rural to urban parity index for achievement in reading by the end of primary	414	47.49305029	29.53949468	KWT	Kuwait	1	ALLAGE	ANNUAL	ALLAREA	BOTHSEX	Ratio	MP		1.054211			1.054211	2011	1.054211	Progress in International Reading Literacy Study (PIRLS)	C
2017.Q2.G.01	SE_PRM_RUPIRDNG	Rural to urban parity index for achievement in reading by the end of primary	417	74.52324839	41.46204516	KGZ	Kyrgyzstan	1	ALLAGE	ANNUAL	ALLAREA	BOTHSEX	Ratio	MP									
2017.Q2.G.01	SE_PRM_RUPIRDNG	Rural to urban parity index for achievement in reading by the end of primary	418	101.9901968	20.27482773	LAO	Lao People's Democratic Republic	1	ALLAGE	ANNUAL	ALLAREA	BOTHSEX	Ratio	MP									
2017.Q2.G.01	SE_PRM_RUPIRDNG	Rural to urban parity index for achievement in reading by the end of primary	422	35.89391711	33.92152458	LBN	Lebanon	1	ALLAGE	ANNUAL	ALLAREA	BOTHSEX	Ratio	MP									
2017.Q2.G.01	SE_PRM_RUPIRDNG	Rural to urban parity index for achievement in reading by the end of primary	426	28.25362195	-29.58041814	LSO	Lesotho	1	ALLAGE	ANNUAL	ALLAREA	BOTHSEX	Ratio	MP	0.871081				0.871081	2010	0.871081	Southern and Eastern Africa Consortium for Monitoring Educational Quality (SACMEQ)	C
2017.Q2.G.01	SE_PRM_RUPIRDNG	Rural to urban parity index for achievement in reading by the end of primary	428	26.42461876	56.64196636	LVA	Latvia	1	ALLAGE	ANNUAL	ALLAREA	BOTHSEX	Ratio	MP									
2017.Q2.G.01	SE_PRM_RUPIRDNG	Rural to urban parity index for achievement in reading by the end of primary	430	-9.311879038	6.448381009	LBR	Liberia	1	ALLAGE	ANNUAL	ALLAREA	BOTHSEX	Ratio	MP									
2017.Q2.G.01	SE_PRM_RUPIRDNG	Rural to urban parity index for achievement in reading by the end of primary	434	18.0295985	27.04042819	LBY	Libya	1	ALLAGE	ANNUAL	ALLAREA	BOTHSEX	Ratio	MP									
2017.Q2.G.01	SE_PRM_RUPIRDNG	Rural to urban parity index for achievement in reading by the end of primary	438	9.552985019	47.14167005	LIE	Liechtenstein	1	ALLAGE	ANNUAL	ALLAREA	BOTHSEX	Ratio	MP									
2017.Q2.G.01	SE_PRM_RUPIRDNG	Rural to urban parity index for achievement in reading by the end of primary	440	23.90517807	55.33680309	LTU	Lithuania	1	ALLAGE	ANNUAL	ALLAREA	BOTHSEX	Ratio	MP		0.954692			0.954692	2011	0.954692	Progress in International Reading Literacy Study (PIRLS)	C
2017.Q2.G.01	SE_PRM_RUPIRDNG	Rural to urban parity index for achievement in reading by the end of primary	442	6.092656563	49.77679538	LUX	Luxembourg	1	ALLAGE	ANNUAL	ALLAREA	BOTHSEX	Ratio	MP									
2017.Q2.G.01	SE_PRM_RUPIRDNG	Rural to urban parity index for achievement in reading by the end of primary	446	113.5665388	22.1237259	MAC	China, Macao Special Administrative Region	1	ALLAGE	ANNUAL	ALLAREA	BOTHSEX	Ratio	MP									
2017.Q2.G.01	SE_PRM_RUPIRDNG	Rural to urban parity index for achievement in reading by the end of primary	450	46.6982339	-19.38514785	MDG	Madagascar	1	ALLAGE	ANNUAL	ALLAREA	BOTHSEX	Ratio	MP									
2017.Q2.G.01	SE_PRM_RUPIRDNG	Rural to urban parity index for achievement in reading by the end of primary	454	33.4884625	-13.40819859	MWI	Malawi	1	ALLAGE	ANNUAL	ALLAREA	BOTHSEX	Ratio	MP	0.779938				0.779938	2010	0.779938	Southern and Eastern Africa Consortium for Monitoring Educational Quality (SACMEQ)	C
2017.Q2.G.01	SE_PRM_RUPIRDNG	Rural to urban parity index for achievement in reading by the end of primary	458	116.8346314	5.452415309	MYS	Malaysia	1	ALLAGE	ANNUAL	ALLAREA	BOTHSEX	Ratio	MP									
2017.Q2.G.01	SE_PRM_RUPIRDNG	Rural to urban parity index for achievement in reading by the end of primary	462	73.09672546	-0.614385021	MDV	Maldives	1	ALLAGE	ANNUAL	ALLAREA	BOTHSEX	Ratio	MP									
2017.Q2.G.01	SE_PRM_RUPIRDNG	Rural to urban parity index for achievement in reading by the end of primary	466	-3.522016039	17.35311254	MLI	Mali	1	ALLAGE	ANNUAL	ALLAREA	BOTHSEX	Ratio	MP									
2017.Q2.G.01	SE_PRM_RUPIRDNG	Rural to urban parity index for achievement in reading by the end of primary	470	14.44617519	35.89194275	MLT	Malta	1	ALLAGE	ANNUAL	ALLAREA	BOTHSEX	Ratio	MP									
2017.Q2.G.01	SE_PRM_RUPIRDNG	Rural to urban parity index for achievement in reading by the end of primary	474	-60.91544135	14.56086108	MTQ	Martinique	1	ALLAGE	ANNUAL	ALLAREA	BOTHSEX	Ratio	MP									
2017.Q2.G.01	SE_PRM_RUPIRDNG	Rural to urban parity index for achievement in reading by the end of primary	478	-10.33187259	20.26089546	MRT	Mauritania	1	ALLAGE	ANNUAL	ALLAREA	BOTHSEX	Ratio	MP									
2017.Q2.G.01	SE_PRM_RUPIRDNG	Rural to urban parity index for achievement in reading by the end of primary	480	57.568022	-20.28581998	MUS	Mauritius	1	ALLAGE	ANNUAL	ALLAREA	BOTHSEX	Ratio	MP									
2017.Q2.G.01	SE_PRM_RUPIRDNG	Rural to urban parity index for achievement in reading by the end of primary	484	-102.5148166	23.93378032	MEX	Mexico	1	ALLAGE	ANNUAL	ALLAREA	BOTHSEX	Ratio	MP			0.85604		0.85604	2013	0.85604	Third Regional Comparative and Explanatory Study (TERCE)	C
2017.Q2.G.01	SE_PRM_RUPIRDNG	Rural to urban parity index for achievement in reading by the end of primary	492	7.424214814	43.73532918	MCO	Monaco	1	ALLAGE	ANNUAL	ALLAREA	BOTHSEX	Ratio	MP									
2017.Q2.G.01	SE_PRM_RUPIRDNG	Rural to urban parity index for achievement in reading by the end of primary	496	103.0728057	46.83892054	MNG	Mongolia	1	ALLAGE	ANNUAL	ALLAREA	BOTHSEX	Ratio	MP									
2017.Q2.G.01	SE_PRM_RUPIRDNG	Rural to urban parity index for achievement in reading by the end of primary	498	28.4650624	47.20236795	MDA	Republic of Moldova	1	ALLAGE	ANNUAL	ALLAREA	BOTHSEX	Ratio	MP									
2017.Q2.G.01	SE_PRM_RUPIRDNG	Rural to urban parity index for achievement in reading by the end of primary	499	19.25214024	42.78717043	MNE	Montenegro	1	ALLAGE	ANNUAL	ALLAREA	BOTHSEX	Ratio	MP									
2017.Q2.G.01	SE_PRM_RUPIRDNG	Rural to urban parity index for achievement in reading by the end of primary	500	-62.19261223	16.73558313	MSR	Montserrat	1	ALLAGE	ANNUAL	ALLAREA	BOTHSEX	Ratio	MP									
2017.Q2.G.01	SE_PRM_RUPIRDNG	Rural to urban parity index for achievement in reading by the end of primary	504	-6.281942841	31.8440131	MAR	Morocco	1	ALLAGE	ANNUAL	ALLAREA	BOTHSEX	Ratio	MP									
2017.Q2.G.01	SE_PRM_RUPIRDNG	Rural to urban parity index for achievement in reading by the end of primary	508	38.18479941	-14.27963886	MOZ	Mozambique	1	ALLAGE	ANNUAL	ALLAREA	BOTHSEX	Ratio	MP	0.906808				0.906808	2010	0.906808	Southern and Eastern Africa Consortium for Monitoring Educational Quality (SACMEQ)	C
2017.Q2.G.01	SE_PRM_RUPIRDNG	Rural to urban parity index for achievement in reading by the end of primary	512	57.87743482	21.98805614	OMN	Oman	1	ALLAGE	ANNUAL	ALLAREA	BOTHSEX	Ratio	MP									
2017.Q2.G.01	SE_PRM_RUPIRDNG	Rural to urban parity index for achievement in reading by the end of primary	516	17.21907885	-22.13817068	NAM	Namibia	1	ALLAGE	ANNUAL	ALLAREA	BOTHSEX	Ratio	MP	0.877309				0.877309	2010	0.877309	Southern and Eastern Africa Consortium for Monitoring Educational Quality (SACMEQ)	C
2017.Q2.G.01	SE_PRM_RUPIRDNG	Rural to urban parity index for achievement in reading by the end of primary	520	166.92313	-0.528742623	NRU	Nauru	1	ALLAGE	ANNUAL	ALLAREA	BOTHSEX	Ratio	MP									
2017.Q2.G.01	SE_PRM_RUPIRDNG	Rural to urban parity index for achievement in reading by the end of primary	524	83.94678863	28.25866332	NPL	Nepal	1	ALLAGE	ANNUAL	ALLAREA	BOTHSEX	Ratio	MP									
2017.Q2.G.01	SE_PRM_RUPIRDNG	Rural to urban parity index for achievement in reading by the end of primary	528	5.331480568	51.86728884	NLD	Netherlands	1	ALLAGE	ANNUAL	ALLAREA	BOTHSEX	Ratio	MP									
2017.Q2.G.01	SE_PRM_RUPIRDNG	Rural to urban parity index for achievement in reading by the end of primary	530	-68.30676179	12.22720635	ANT	Netherlands Antilles	1	ALLAGE	ANNUAL	ALLAREA	BOTHSEX	Ratio	MP									
2017.Q2.G.01	SE_PRM_RUPIRDNG	Rural to urban parity index for achievement in reading by the end of primary	531	-68.95033464	12.15058042	CUW	Curaçao	1	ALLAGE	ANNUAL	ALLAREA	BOTHSEX	Ratio	MP									
2017.Q2.G.01	SE_PRM_RUPIRDNG	Rural to urban parity index for achievement in reading by the end of primary	533	-69.97050586	12.50878756	ABW	Aruba	1	ALLAGE	ANNUAL	ALLAREA	BOTHSEX	Ratio	MP									
2017.Q2.G.01	SE_PRM_RUPIRDNG	Rural to urban parity index for achievement in reading by the end of primary	534	-63.06198692	18.03926508	SXM	Sint Maarten (Dutch part)	1	ALLAGE	ANNUAL	ALLAREA	BOTHSEX	Ratio	MP									
2017.Q2.G.01	SE_PRM_RUPIRDNG	Rural to urban parity index for achievement in reading by the end of primary	540	165.5067368	-21.41742531	NCL	New Caledonia	1	ALLAGE	ANNUAL	ALLAREA	BOTHSEX	Ratio	MP									
2017.Q2.G.01	SE_PRM_RUPIRDNG	Rural to urban parity index for achievement in reading by the end of primary	548	167.0679779	-15.34445547	VUT	Vanuatu	1	ALLAGE	ANNUAL	ALLAREA	BOTHSEX	Ratio	MP									
2017.Q2.G.01	SE_PRM_RUPIRDNG	Rural to urban parity index for achievement in reading by the end of primary	554	170.4755673	-43.98721568	NZL	New Zealand	1	ALLAGE	ANNUAL	ALLAREA	BOTHSEX	Ratio	MP									
2017.Q2.G.01	SE_PRM_RUPIRDNG	Rural to urban parity index for achievement in reading by the end of primary	558	-85.03060315	12.84210839	NIC	Nicaragua	1	ALLAGE	ANNUAL	ALLAREA	BOTHSEX	Ratio	MP			0.813709		0.813709	2013	0.813709	Third Regional Comparative and Explanatory Study (TERCE)	C
2017.Q2.G.01	SE_PRM_RUPIRDNG	Rural to urban parity index for achievement in reading by the end of primary	562	9.400167877	17.42143036	NER	Niger	1	ALLAGE	ANNUAL	ALLAREA	BOTHSEX	Ratio	MP				0.168	0.168	2014	0.168	CONFEMEN Programme for the Analysis of Education Systems (PASEC)	C
2017.Q2.G.01	SE_PRM_RUPIRDNG	Rural to urban parity index for achievement in reading by the end of primary	566	8.097363256	9.585789025	NGA	Nigeria	1	ALLAGE	ANNUAL	ALLAREA	BOTHSEX	Ratio	MP									
2017.Q2.G.01	SE_PRM_RUPIRDNG	Rural to urban parity index for achievement in reading by the end of primary	570	-169.8601693	-19.05000475	NIU	Niue	1	ALLAGE	ANNUAL	ALLAREA	BOTHSEX	Ratio	MP									
2017.Q2.G.01	SE_PRM_RUPIRDNG	Rural to urban parity index for achievement in reading by the end of primary	574	167.9515548	-29.03230018	NFK	Norfolk Island	1	ALLAGE	ANNUAL	ALLAREA	BOTHSEX	Ratio	MP									
2017.Q2.G.01	SE_PRM_RUPIRDNG	Rural to urban parity index for achievement in reading by the end of primary	578	11.47846389	61.34311134	NOR	Norway	1	ALLAGE	ANNUAL	ALLAREA	BOTHSEX	Ratio	MP									
2017.Q2.G.01	SE_PRM_RUPIRDNG	Rural to urban parity index for achievement in reading by the end of primary	580	145.7582114	15.19099517	MNP	Northern Mariana Islands	1	ALLAGE	ANNUAL	ALLAREA	BOTHSEX	Ratio	MP									
2017.Q2.G.01	SE_PRM_RUPIRDNG	Rural to urban parity index for achievement in reading by the end of primary	581	-162.4343752	5.874443968	UMI	US Minor Outlying Islands	1	ALLAGE	ANNUAL	ALLAREA	BOTHSEX	Ratio	MP									
2017.Q2.G.01	SE_PRM_RUPIRDNG	Rural to urban parity index for achievement in reading by the end of primary	583	158.225216	6.880670092	FSM	Micronesia, Federated States of	1	ALLAGE	ANNUAL	ALLAREA	BOTHSEX	Ratio	MP									
2017.Q2.G.01	SE_PRM_RUPIRDNG	Rural to urban parity index for achievement in reading by the end of primary	584	171.0839119	7.110213497	MHL	Marshall Islands	1	ALLAGE	ANNUAL	ALLAREA	BOTHSEX	Ratio	MP									
2017.Q2.G.01	SE_PRM_RUPIRDNG	Rural to urban parity index for achievement in reading by the end of primary	585	134.5733878	7.502307591	PLW	Palau	1	ALLAGE	ANNUAL	ALLAREA	BOTHSEX	Ratio	MP									
2017.Q2.G.01	SE_PRM_RUPIRDNG	Rural to urban parity index for achievement in reading by the end of primary	586	68.80479684	29.36491634	PAK	Pakistan	1	ALLAGE	ANNUAL	ALLAREA	BOTHSEX	Ratio	MP									
2017.Q2.G.01	SE_PRM_RUPIRDNG	Rural to urban parity index for achievement in reading by the end of primary	591	-81.26616623	8.450965746	PAN	Panama	1	ALLAGE	ANNUAL	ALLAREA	BOTHSEX	Ratio	MP			0.739652		0.739652	2013	0.739652	Third Regional Comparative and Explanatory Study (TERCE)	C
2017.Q2.G.01	SE_PRM_RUPIRDNG	Rural to urban parity index for achievement in reading by the end of primary	598	145.8587761	-6.756057077	PNG	Papua New Guinea	1	ALLAGE	ANNUAL	ALLAREA	BOTHSEX	Ratio	MP									
2017.Q2.G.01	SE_PRM_RUPIRDNG	Rural to urban parity index for achievement in reading by the end of primary	600	-60.54854225	-21.70216237	PRY	Paraguay	1	ALLAGE	ANNUAL	ALLAREA	BOTHSEX	Ratio	MP			0.603137		0.603137	2013	0.603137	Third Regional Comparative and Explanatory Study (TERCE)	C
2017.Q2.G.01	SE_PRM_RUPIRDNG	Rural to urban parity index for achievement in reading by the end of primary	604	-71.82093277	-13.58939705	PER	Peru	1	ALLAGE	ANNUAL	ALLAREA	BOTHSEX	Ratio	MP			0.538405		0.538405	2013	0.538405	Third Regional Comparative and Explanatory Study (TERCE)	C
2017.Q2.G.01	SE_PRM_RUPIRDNG	Rural to urban parity index for achievement in reading by the end of primary	608	120.8601418	14.16591706	PHL	Philippines	1	ALLAGE	ANNUAL	ALLAREA	BOTHSEX	Ratio	MP									
2017.Q2.G.01	SE_PRM_RUPIRDNG	Rural to urban parity index for achievement in reading by the end of primary	612	-128.3225873	-24.37538456	PCN	Pitcairn	1	ALLAGE	ANNUAL	ALLAREA	BOTHSEX	Ratio	MP									
2017.Q2.G.01	SE_PRM_RUPIRDNG	Rural to urban parity index for achievement in reading by the end of primary	616	19.40660158	52.1226733	POL	Poland	1	ALLAGE	ANNUAL	ALLAREA	BOTHSEX	Ratio	MP									
2017.Q2.G.01	SE_PRM_RUPIRDNG	Rural to urban parity index for achievement in reading by the end of primary	620	-7.961599811	39.68509315	PRT	Portugal	1	ALLAGE	ANNUAL	ALLAREA	BOTHSEX	Ratio	MP									
2017.Q2.G.01	SE_PRM_RUPIRDNG	Rural to urban parity index for achievement in reading by the end of primary	624	-14.40182514	12.11760394	GNB	Guinea-Bissau	1	ALLAGE	ANNUAL	ALLAREA	BOTHSEX	Ratio	MP									
2017.Q2.G.01	SE_PRM_RUPIRDNG	Rural to urban parity index for achievement in reading by the end of primary	626	125.9451052	-8.797497247	TLS	Timor-Leste	1	ALLAGE	ANNUAL	ALLAREA	BOTHSEX	Ratio	MP									
2017.Q2.G.01	SE_PRM_RUPIRDNG	Rural to urban parity index for achievement in reading by the end of primary	630	-66.47591017	18.22753799	PRI	Puerto Rico	1	ALLAGE	ANNUAL	ALLAREA	BOTHSEX	Ratio	MP									
2017.Q2.G.01	SE_PRM_RUPIRDNG	Rural to urban parity index for achievement in reading by the end of primary	634	51.19152467	25.28355379	QAT	Qatar	1	ALLAGE	ANNUAL	ALLAREA	BOTHSEX	Ratio	MP									
2017.Q2.G.01	SE_PRM_RUPIRDNG	Rural to urban parity index for achievement in reading by the end of primary	638	55.53171398	-21.13183266	REU	Réunion	1	ALLAGE	ANNUAL	ALLAREA	BOTHSEX	Ratio	MP									
2017.Q2.G.01	SE_PRM_RUPIRDNG	Rural to urban parity index for achievement in reading by the end of primary	642	24.98481009	45.83893563	ROU	Romania	1	ALLAGE	ANNUAL	ALLAREA	BOTHSEX	Ratio	MP		0.844787			0.844787	2011	0.844787	Progress in International Reading Literacy Study (PIRLS)	C
2017.Q2.G.01	SE_PRM_RUPIRDNG	Rural to urban parity index for achievement in reading by the end of primary	643	99.01404926	61.61899849	RUS	Russian Federation	1	ALLAGE	ANNUAL	ALLAREA	BOTHSEX	Ratio	MP		0.991924			0.991924	2011	0.991924	Progress in International Reading Literacy Study (PIRLS)	C
2017.Q2.G.01	SE_PRM_RUPIRDNG	Rural to urban parity index for achievement in reading by the end of primary	646	29.92310194	-1.999842114	RWA	Rwanda	1	ALLAGE	ANNUAL	ALLAREA	BOTHSEX	Ratio	MP									
2017.Q2.G.01	SE_PRM_RUPIRDNG	Rural to urban parity index for achievement in reading by the end of primary	652	-62.83173536	17.89513362	BLM	Saint Barthélemy	1	ALLAGE	ANNUAL	ALLAREA	BOTHSEX	Ratio	MP									
2017.Q2.G.01	SE_PRM_RUPIRDNG	Rural to urban parity index for achievement in reading by the end of primary	654	-5.705752501	-15.96503946	SHN	Saint Helena	1	ALLAGE	ANNUAL	ALLAREA	BOTHSEX	Ratio	MP									
2017.Q2.G.01	SE_PRM_RUPIRDNG	Rural to urban parity index for achievement in reading by the end of primary	659	-62.76628613	17.33994219	KNA	Saint Kitts and Nevis	1	ALLAGE	ANNUAL	ALLAREA	BOTHSEX	Ratio	MP									
2017.Q2.G.01	SE_PRM_RUPIRDNG	Rural to urban parity index for achievement in reading by the end of primary	660	-63.05651612	18.21525315	AIA	Anguilla	1	ALLAGE	ANNUAL	ALLAREA	BOTHSEX	Ratio	MP									
2017.Q2.G.01	SE_PRM_RUPIRDNG	Rural to urban parity index for achievement in reading by the end of primary	662	-60.96529553	13.89405601	LCA	Saint Lucia	1	ALLAGE	ANNUAL	ALLAREA	BOTHSEX	Ratio	MP									
2017.Q2.G.01	SE_PRM_RUPIRDNG	Rural to urban parity index for achievement in reading by the end of primary	663	-63.04505461	18.0882685	MAF	Saint Martin (French Part)	1	ALLAGE	ANNUAL	ALLAREA	BOTHSEX	Ratio	MP									
2017.Q2.G.01	SE_PRM_RUPIRDNG	Rural to urban parity index for achievement in reading by the end of primary	666	-56.33682442	46.85812735	SPM	Saint Pierre and Miquelon	1	ALLAGE	ANNUAL	ALLAREA	BOTHSEX	Ratio	MP									
2017.Q2.G.01	SE_PRM_RUPIRDNG	Rural to urban parity index for achievement in reading by the end of primary	670	-61.19024321	13.24627968	VCT	Saint Vincent and the Grenadines	1	ALLAGE	ANNUAL	ALLAREA	BOTHSEX	Ratio	MP									
2017.Q2.G.01	SE_PRM_RUPIRDNG	Rural to urban parity index for achievement in reading by the end of primary	674	12.46329038	43.93841766	SMR	San Marino	1	ALLAGE	ANNUAL	ALLAREA	BOTHSEX	Ratio	MP									
2017.Q2.G.01	SE_PRM_RUPIRDNG	Rural to urban parity index for achievement in reading by the end of primary	678	6.609772265	0.241554875	STP	Sao Tome and Principe	1	ALLAGE	ANNUAL	ALLAREA	BOTHSEX	Ratio	MP									
2017.Q2.G.01	SE_PRM_RUPIRDNG	Rural to urban parity index for achievement in reading by the end of primary	682	44.54763347	24.12594211	SAU	Saudi Arabia	1	ALLAGE	ANNUAL	ALLAREA	BOTHSEX	Ratio	MP									
2017.Q2.G.01	SE_PRM_RUPIRDNG	Rural to urban parity index for achievement in reading by the end of primary	686	-14.46636926	14.35920905	SEN	Senegal	1	ALLAGE	ANNUAL	ALLAREA	BOTHSEX	Ratio	MP				0.581333	0.581333	2014	0.581333	CONFEMEN Programme for the Analysis of Education Systems (PASEC)	C
2017.Q2.G.01	SE_PRM_RUPIRDNG	Rural to urban parity index for achievement in reading by the end of primary	688	20.805876	44.03145697	SRB	Serbia	1	ALLAGE	ANNUAL	ALLAREA	BOTHSEX	Ratio	MP									
2017.Q2.G.01	SE_PRM_RUPIRDNG	Rural to urban parity index for achievement in reading by the end of primary	690	55.46561591	-4.678053059	SYC	Seychelles	1	ALLAGE	ANNUAL	ALLAREA	BOTHSEX	Ratio	MP	0.992007				0.992007	2010	0.992007	Southern and Eastern Africa Consortium for Monitoring Educational Quality (SACMEQ)	C
2017.Q2.G.01	SE_PRM_RUPIRDNG	Rural to urban parity index for achievement in reading by the end of primary	694	-11.78306584	8.568604164	SLE	Sierra Leone	1	ALLAGE	ANNUAL	ALLAREA	BOTHSEX	Ratio	MP									
2017.Q2.G.01	SE_PRM_RUPIRDNG	Rural to urban parity index for achievement in reading by the end of primary	702	103.8107883	1.361009155	SGP	Singapore	1	ALLAGE	ANNUAL	ALLAREA	BOTHSEX	Ratio	MP									
2017.Q2.G.01	SE_PRM_RUPIRDNG	Rural to urban parity index for achievement in reading by the end of primary	703	19.48495604	48.70741446	SVK	Slovakia	1	ALLAGE	ANNUAL	ALLAREA	BOTHSEX	Ratio	MP		0.949008			0.949008	2011	0.949008	Progress in International Reading Literacy Study (PIRLS)	C
2017.Q2.G.01	SE_PRM_RUPIRDNG	Rural to urban parity index for achievement in reading by the end of primary	704	105.802499	10.09643079	VNM	Viet Nam	1	ALLAGE	ANNUAL	ALLAREA	BOTHSEX	Ratio	MP									
2017.Q2.G.01	SE_PRM_RUPIRDNG	Rural to urban parity index for achievement in reading by the end of primary	705	14.82209486	46.11958061	SVN	Slovenia	1	ALLAGE	ANNUAL	ALLAREA	BOTHSEX	Ratio	MP									
2017.Q2.G.01	SE_PRM_RUPIRDNG	Rural to urban parity index for achievement in reading by the end of primary	706	46.20367477	4.406485729	SOM	Somalia	1	ALLAGE	ANNUAL	ALLAREA	BOTHSEX	Ratio	MP									
2017.Q2.G.01	SE_PRM_RUPIRDNG	Rural to urban parity index for achievement in reading by the end of primary	710	24.67184355	-29.99957544	ZAF	South Africa	1	ALLAGE	ANNUAL	ALLAREA	BOTHSEX	Ratio	MP	0.672813				0.672813	2010	0.672813	Southern and Eastern Africa Consortium for Monitoring Educational Quality (SACMEQ)	C
2017.Q2.G.01	SE_PRM_RUPIRDNG	Rural to urban parity index for achievement in reading by the end of primary	716	29.86909584	-19.00075492	ZWE	Zimbabwe	1	ALLAGE	ANNUAL	ALLAREA	BOTHSEX	Ratio	MP	0.798699				0.798699	2010	0.798699	Southern and Eastern Africa Consortium for Monitoring Educational Quality (SACMEQ)	C
2017.Q2.G.01	SE_PRM_RUPIRDNG	Rural to urban parity index for achievement in reading by the end of primary	724	-3.554078296	40.39211472	ESP	Spain	1	ALLAGE	ANNUAL	ALLAREA	BOTHSEX	Ratio	MP									
2017.Q2.G.01	SE_PRM_RUPIRDNG	Rural to urban parity index for achievement in reading by the end of primary	728	30.32618773	7.290839152	SSD	South Sudan	1	ALLAGE	ANNUAL	ALLAREA	BOTHSEX	Ratio	MP									
2017.Q2.G.01	SE_PRM_RUPIRDNG	Rural to urban parity index for achievement in reading by the end of primary	732	-13.13515523	24.66265342	ESH	Western Sahara	1	ALLAGE	ANNUAL	ALLAREA	BOTHSEX	Ratio	MP									
2017.Q2.G.01	SE_PRM_RUPIRDNG	Rural to urban parity index for achievement in reading by the end of primary	736	29.95650159	16.02643066	SDN	Sudan	1	ALLAGE	ANNUAL	ALLAREA	BOTHSEX	Ratio	MP									
2017.Q2.G.01	SE_PRM_RUPIRDNG	Rural to urban parity index for achievement in reading by the end of primary	740	-55.90626394	4.132603197	SUR	Suriname	1	ALLAGE	ANNUAL	ALLAREA	BOTHSEX	Ratio	MP									
2017.Q2.G.01	SE_PRM_RUPIRDNG	Rural to urban parity index for achievement in reading by the end of primary	744	13.38071013	78.82894131	SJM	Svalbard and Jan Mayen Islands	1	ALLAGE	ANNUAL	ALLAREA	BOTHSEX	Ratio	MP									
2017.Q2.G.01	SE_PRM_RUPIRDNG	Rural to urban parity index for achievement in reading by the end of primary	748	31.50149288	-26.56471011	SWZ	Swaziland	1	ALLAGE	ANNUAL	ALLAREA	BOTHSEX	Ratio	MP	0.991307				0.991307	2010	0.991307	Southern and Eastern Africa Consortium for Monitoring Educational Quality (SACMEQ)	C
2017.Q2.G.01	SE_PRM_RUPIRDNG	Rural to urban parity index for achievement in reading by the end of primary	752	14.3775338	60.60103109	SWE	Sweden	1	ALLAGE	ANNUAL	ALLAREA	BOTHSEX	Ratio	MP									
2017.Q2.G.01	SE_PRM_RUPIRDNG	Rural to urban parity index for achievement in reading by the end of primary	756	8.223158	46.96617097	CHE	Switzerland	1	ALLAGE	ANNUAL	ALLAREA	BOTHSEX	Ratio	MP									
2017.Q2.G.01	SE_PRM_RUPIRDNG	Rural to urban parity index for achievement in reading by the end of primary	760	38.50466565	35.01676176	SYR	Syrian Arab Republic (Syria)	1	ALLAGE	ANNUAL	ALLAREA	BOTHSEX	Ratio	MP									
2017.Q2.G.01	SE_PRM_RUPIRDNG	Rural to urban parity index for achievement in reading by the end of primary	762	69.294998	38.43069666	TJK	Tajikistan	1	ALLAGE	ANNUAL	ALLAREA	BOTHSEX	Ratio	MP									
2017.Q2.G.01	SE_PRM_RUPIRDNG	Rural to urban parity index for achievement in reading by the end of primary	764	101.0202951	15.13089239	THA	Thailand	1	ALLAGE	ANNUAL	ALLAREA	BOTHSEX	Ratio	MP									
2017.Q2.G.01	SE_PRM_RUPIRDNG	Rural to urban parity index for achievement in reading by the end of primary	768	0.97835765	8.532096072	TGO	Togo	1	ALLAGE	ANNUAL	ALLAREA	BOTHSEX	Ratio	MP				0.379254	0.379254	2014	0.379254	CONFEMEN Programme for the Analysis of Education Systems (PASEC)	C
2017.Q2.G.01	SE_PRM_RUPIRDNG	Rural to urban parity index for achievement in reading by the end of primary	772	-171.8154473	-9.214545558	TKL	Tokelau	1	ALLAGE	ANNUAL	ALLAREA	BOTHSEX	Ratio	MP									
2017.Q2.G.01	SE_PRM_RUPIRDNG	Rural to urban parity index for achievement in reading by the end of primary	776	-175.1959991	-21.19511329	TON	Tonga	1	ALLAGE	ANNUAL	ALLAREA	BOTHSEX	Ratio	MP									
2017.Q2.G.01	SE_PRM_RUPIRDNG	Rural to urban parity index for achievement in reading by the end of primary	780	-61.29389504	10.41877263	TTO	Trinidad and Tobago	1	ALLAGE	ANNUAL	ALLAREA	BOTHSEX	Ratio	MP									
2017.Q2.G.01	SE_PRM_RUPIRDNG	Rural to urban parity index for achievement in reading by the end of primary	784	53.98279159	23.43322219	ARE	United Arab Emirates	1	ALLAGE	ANNUAL	ALLAREA	BOTHSEX	Ratio	MP		0.78764			0.78764	2011	0.78764	Progress in International Reading Literacy Study (PIRLS)	C
2017.Q2.G.01	SE_PRM_RUPIRDNG	Rural to urban parity index for achievement in reading by the end of primary	788	9.572737411	34.11439971	TUN	Tunisia	1	ALLAGE	ANNUAL	ALLAREA	BOTHSEX	Ratio	MP									
2017.Q2.G.01	SE_PRM_RUPIRDNG	Rural to urban parity index for achievement in reading by the end of primary	792	35.42890329	38.9899684	TUR	Turkey	1	ALLAGE	ANNUAL	ALLAREA	BOTHSEX	Ratio	MP									
2017.Q2.G.01	SE_PRM_RUPIRDNG	Rural to urban parity index for achievement in reading by the end of primary	795	58.9787665	40.0912346	TKM	Turkmenistan	1	ALLAGE	ANNUAL	ALLAREA	BOTHSEX	Ratio	MP									
2017.Q2.G.01	SE_PRM_RUPIRDNG	Rural to urban parity index for achievement in reading by the end of primary	796	-71.745121	21.80780585	TCA	Turks and Caicos Islands	1	ALLAGE	ANNUAL	ALLAREA	BOTHSEX	Ratio	MP									
2017.Q2.G.01	SE_PRM_RUPIRDNG	Rural to urban parity index for achievement in reading by the end of primary	798	178.6679611	-7.460048071	TUV	Tuvalu	1	ALLAGE	ANNUAL	ALLAREA	BOTHSEX	Ratio	MP									
2017.Q2.G.01	SE_PRM_RUPIRDNG	Rural to urban parity index for achievement in reading by the end of primary	800	32.39100438	1.279557331	UGA	Uganda	1	ALLAGE	ANNUAL	ALLAREA	BOTHSEX	Ratio	MP	0.820792				0.820792	2010	0.820792	Southern and Eastern Africa Consortium for Monitoring Educational Quality (SACMEQ)	C
2017.Q2.G.01	SE_PRM_RUPIRDNG	Rural to urban parity index for achievement in reading by the end of primary	804	31.40270802	49.00735945	UKR	Ukraine	1	ALLAGE	ANNUAL	ALLAREA	BOTHSEX	Ratio	MP									
2017.Q2.G.01	SE_PRM_RUPIRDNG	Rural to urban parity index for achievement in reading by the end of primary	807	21.7007909	41.60048068	MKD	Macedonia, Republic of	1	ALLAGE	ANNUAL	ALLAREA	BOTHSEX	Ratio	MP									
2017.Q2.G.01	SE_PRM_RUPIRDNG	Rural to urban parity index for achievement in reading by the end of primary	818	29.77468534	26.57438204	EGY	Egypt	1	ALLAGE	ANNUAL	ALLAREA	BOTHSEX	Ratio	MP									
2017.Q2.G.01	SE_PRM_RUPIRDNG	Rural to urban parity index for achievement in reading by the end of primary	826	-2.23830539	53.27691757	GBR	United Kingdom	1	ALLAGE	ANNUAL	ALLAREA	BOTHSEX	Ratio	MP									
2017.Q2.G.01	SE_PRM_RUPIRDNG	Rural to urban parity index for achievement in reading by the end of primary	831	-2.200712402	49.71561166	GGY	Guernsey	1	ALLAGE	ANNUAL	ALLAREA	BOTHSEX	Ratio	MP									
2017.Q2.G.01	SE_PRM_RUPIRDNG	Rural to urban parity index for achievement in reading by the end of primary	832	-2.136773508	49.22353354	JEY	Jersey	1	ALLAGE	ANNUAL	ALLAREA	BOTHSEX	Ratio	MP									
2017.Q2.G.01	SE_PRM_RUPIRDNG	Rural to urban parity index for achievement in reading by the end of primary	833	-4.538190305	54.22880901	IMN	Isle of Man	1	ALLAGE	ANNUAL	ALLAREA	BOTHSEX	Ratio	MP									
2017.Q2.G.01	SE_PRM_RUPIRDNG	Rural to urban parity index for achievement in reading by the end of primary	834	34.80521182	-6.265332606	TZA	Tanzania, United Republic of	1	ALLAGE	ANNUAL	ALLAREA	BOTHSEX	Ratio	MP	0.967948				0.967948	2010	0.967948	Southern and Eastern Africa Consortium for Monitoring Educational Quality (SACMEQ)	C
2017.Q2.G.01	SE_PRM_RUPIRDNG	Rural to urban parity index for achievement in reading by the end of primary	840	-99.13830311	39.5277871	USA	United States of America	1	ALLAGE	ANNUAL	ALLAREA	BOTHSEX	Ratio	MP									
2017.Q2.G.01	SE_PRM_RUPIRDNG	Rural to urban parity index for achievement in reading by the end of primary	850	-64.76960113	17.73297693	VIR	United States Virgin Islands	1	ALLAGE	ANNUAL	ALLAREA	BOTHSEX	Ratio	MP									
2017.Q2.G.01	SE_PRM_RUPIRDNG	Rural to urban parity index for achievement in reading by the end of primary	854	-1.742843829	12.27491081	BFA	Burkina Faso	1	ALLAGE	ANNUAL	ALLAREA	BOTHSEX	Ratio	MP				0.635724	0.635724	2014	0.635724	CONFEMEN Programme for the Analysis of Education Systems (PASEC)	C
2017.Q2.G.01	SE_PRM_RUPIRDNG	Rural to urban parity index for achievement in reading by the end of primary	858	-56.01387025	-32.8002838	URY	Uruguay	1	ALLAGE	ANNUAL	ALLAREA	BOTHSEX	Ratio	MP			1.006203		1.006203	2013	1.006203	Third Regional Comparative and Explanatory Study (TERCE)	C
2017.Q2.G.01	SE_PRM_RUPIRDNG	Rural to urban parity index for achievement in reading by the end of primary	860	63.11944558	41.77560518	UZB	Uzbekistan	1	ALLAGE	ANNUAL	ALLAREA	BOTHSEX	Ratio	MP									
2017.Q2.G.01	SE_PRM_RUPIRDNG	Rural to urban parity index for achievement in reading by the end of primary	862	-66.15642084	7.121324748	VEN	Venezuela (Bolivarian Republic)	1	ALLAGE	ANNUAL	ALLAREA	BOTHSEX	Ratio	MP									
2017.Q2.G.01	SE_PRM_RUPIRDNG	Rural to urban parity index for achievement in reading by the end of primary	876	-176.2034788	-13.28471201	WLF	Wallis and Futuna Islands	1	ALLAGE	ANNUAL	ALLAREA	BOTHSEX	Ratio	MP									
2017.Q2.G.01	SE_PRM_RUPIRDNG	Rural to urban parity index for achievement in reading by the end of primary	882	-172.4430749	-13.61541469	WSM	Samoa	1	ALLAGE	ANNUAL	ALLAREA	BOTHSEX	Ratio	MP									
2017.Q2.G.01	SE_PRM_RUPIRDNG	Rural to urban parity index for achievement in reading by the end of primary	887	45.22389143	15.22242099	YEM	Yemen	1	ALLAGE	ANNUAL	ALLAREA	BOTHSEX	Ratio	MP									
2017.Q2.G.01	SE_PRM_RUPIRDNG	Rural to urban parity index for achievement in reading by the end of primary	894	27.850329	-14.59701056	ZMB	Zambia	1	ALLAGE	ANNUAL	ALLAREA	BOTHSEX	Ratio	MP	0.80605				0.80605	2010	0.80605	Southern and Eastern Africa Consortium for Monitoring Educational Quality (SACMEQ)	C
