series.release	series.code	series.description	geoAreaCode	X	Y	ISO3CD	geoAreaName	sliceId	Age	Freq	Location	Sex	Units	Bounds	2009	2010	2011	2012	2013	2014	2016	last.5.years.mean	latest.year	latest.value	latest.source	latest.nature
2017.Q2.G.01	SE_SEC_CMPTR	Proportion of schools with access to computers for pedagogical purposes, secondary combined level	4	66.02688198	33.83160199	AFG	Afghanistan	1	ALLAGE	ANNUAL	ALLAREA	BOTHSEX	PERCENT	MP												
2017.Q2.G.01	SE_SEC_CMPTR	Proportion of schools with access to computers for pedagogical purposes, secondary combined level	8	20.06660928	41.13897007	ALB	Albania	1	ALLAGE	ANNUAL	ALLAREA	BOTHSEX	PERCENT	MP												
2017.Q2.G.01	SE_SEC_CMPTR	Proportion of schools with access to computers for pedagogical purposes, secondary combined level	10	21.47585697	-80.40897662	ATA	Antarctica	1	ALLAGE	ANNUAL	ALLAREA	BOTHSEX	PERCENT	MP												
2017.Q2.G.01	SE_SEC_CMPTR	Proportion of schools with access to computers for pedagogical purposes, secondary combined level	12	2.678164227	28.15940032	DZA	Algeria	1	ALLAGE	ANNUAL	ALLAREA	BOTHSEX	PERCENT	MP												
2017.Q2.G.01	SE_SEC_CMPTR	Proportion of schools with access to computers for pedagogical purposes, secondary combined level	16	-170.7187269	-14.30587306	ASM	American Samoa	1	ALLAGE	ANNUAL	ALLAREA	BOTHSEX	PERCENT	MP												
2017.Q2.G.01	SE_SEC_CMPTR	Proportion of schools with access to computers for pedagogical purposes, secondary combined level	20	1.576257417	42.54548611	AND	Andorra	1	ALLAGE	ANNUAL	ALLAREA	BOTHSEX	PERCENT	MP												
2017.Q2.G.01	SE_SEC_CMPTR	Proportion of schools with access to computers for pedagogical purposes, secondary combined level	24	17.57817062	-12.33724746	AGO	Angola	1	ALLAGE	ANNUAL	ALLAREA	BOTHSEX	PERCENT	MP												
2017.Q2.G.01	SE_SEC_CMPTR	Proportion of schools with access to computers for pedagogical purposes, secondary combined level	28	-61.7999755	17.07761471	ATG	Antigua and Barbuda	1	ALLAGE	ANNUAL	ALLAREA	BOTHSEX	PERCENT	MP												
2017.Q2.G.01	SE_SEC_CMPTR	Proportion of schools with access to computers for pedagogical purposes, secondary combined level	31	50.01064725	40.39229544	AZE	Azerbaijan	1	ALLAGE	ANNUAL	ALLAREA	BOTHSEX	PERCENT	MP												
2017.Q2.G.01	SE_SEC_CMPTR	Proportion of schools with access to computers for pedagogical purposes, secondary combined level	32	-65.14563274	-35.19446255	ARG	Argentina	1	ALLAGE	ANNUAL	ALLAREA	BOTHSEX	PERCENT	MP	62.67579								2009	62.67579	UNESCO Institute for Statistics Education Data Release May 2017	C
2017.Q2.G.01	SE_SEC_CMPTR	Proportion of schools with access to computers for pedagogical purposes, secondary combined level	36	134.3499412	-25.57717202	AUS	Australia	1	ALLAGE	ANNUAL	ALLAREA	BOTHSEX	PERCENT	MP												
2017.Q2.G.01	SE_SEC_CMPTR	Proportion of schools with access to computers for pedagogical purposes, secondary combined level	40	14.14172472	47.58704857	AUT	Austria	1	ALLAGE	ANNUAL	ALLAREA	BOTHSEX	PERCENT	MP												
2017.Q2.G.01	SE_SEC_CMPTR	Proportion of schools with access to computers for pedagogical purposes, secondary combined level	44	-78.05111663	24.69546597	BHS	Bahamas	1	ALLAGE	ANNUAL	ALLAREA	BOTHSEX	PERCENT	MP												
2017.Q2.G.01	SE_SEC_CMPTR	Proportion of schools with access to computers for pedagogical purposes, secondary combined level	48	50.5490754	26.04407747	BHR	Bahrain	1	ALLAGE	ANNUAL	ALLAREA	BOTHSEX	PERCENT	MP												
2017.Q2.G.01	SE_SEC_CMPTR	Proportion of schools with access to computers for pedagogical purposes, secondary combined level	50	89.17660788	22.86961622	BGD	Bangladesh	1	ALLAGE	ANNUAL	ALLAREA	BOTHSEX	PERCENT	MP												
2017.Q2.G.01	SE_SEC_CMPTR	Proportion of schools with access to computers for pedagogical purposes, secondary combined level	51	44.93839317	40.29499741	ARM	Armenia	1	ALLAGE	ANNUAL	ALLAREA	BOTHSEX	PERCENT	MP				100				100	2012	100	UNESCO Institute for Statistics Education Data Release May 2017	C
2017.Q2.G.01	SE_SEC_CMPTR	Proportion of schools with access to computers for pedagogical purposes, secondary combined level	52	-59.5346489	13.13648273	BRB	Barbados	1	ALLAGE	ANNUAL	ALLAREA	BOTHSEX	PERCENT	MP	100								2009	100	UNESCO Institute for Statistics Education Data Release May 2017	C
2017.Q2.G.01	SE_SEC_CMPTR	Proportion of schools with access to computers for pedagogical purposes, secondary combined level	56	4.660976456	50.64104975	BEL	Belgium	1	ALLAGE	ANNUAL	ALLAREA	BOTHSEX	PERCENT	MP												
2017.Q2.G.01	SE_SEC_CMPTR	Proportion of schools with access to computers for pedagogical purposes, secondary combined level	60	-64.78155012	32.27881922	BMU	Bermuda	1	ALLAGE	ANNUAL	ALLAREA	BOTHSEX	PERCENT	MP												
2017.Q2.G.01	SE_SEC_CMPTR	Proportion of schools with access to computers for pedagogical purposes, secondary combined level	64	90.45098484	27.39598568	BTN	Bhutan	1	ALLAGE	ANNUAL	ALLAREA	BOTHSEX	PERCENT	MP				65.57377				65.57377	2012	65.57377	UNESCO Institute for Statistics Education Data Release May 2017	C
2017.Q2.G.01	SE_SEC_CMPTR	Proportion of schools with access to computers for pedagogical purposes, secondary combined level	68	-64.66224284	-16.71273412	BOL	Bolivia (Plurinational State of)	1	ALLAGE	ANNUAL	ALLAREA	BOTHSEX	PERCENT	MP												
2017.Q2.G.01	SE_SEC_CMPTR	Proportion of schools with access to computers for pedagogical purposes, secondary combined level	70	17.78584332	44.16845548	BIH	Bosnia and Herzegovina	1	ALLAGE	ANNUAL	ALLAREA	BOTHSEX	PERCENT	MP												
2017.Q2.G.01	SE_SEC_CMPTR	Proportion of schools with access to computers for pedagogical purposes, secondary combined level	72	23.81380223	-22.18810073	BWA	Botswana	1	ALLAGE	ANNUAL	ALLAREA	BOTHSEX	PERCENT	MP				100				100	2012	100	UNESCO Institute for Statistics Education Data Release May 2017	C
2017.Q2.G.01	SE_SEC_CMPTR	Proportion of schools with access to computers for pedagogical purposes, secondary combined level	74	3.410732868	-54.43295905	BVT	Bouvet Island	1	ALLAGE	ANNUAL	ALLAREA	BOTHSEX	PERCENT	MP												
2017.Q2.G.01	SE_SEC_CMPTR	Proportion of schools with access to computers for pedagogical purposes, secondary combined level	76	-53.08432878	-10.77668561	BRA	Brazil	1	ALLAGE	ANNUAL	ALLAREA	BOTHSEX	PERCENT	MP		77.519171							2010	77.519171	UNESCO Institute for Statistics Education Data Release May 2017	C
2017.Q2.G.01	SE_SEC_CMPTR	Proportion of schools with access to computers for pedagogical purposes, secondary combined level	84	-88.70199554	17.19965901	BLZ	Belize	1	ALLAGE	ANNUAL	ALLAREA	BOTHSEX	PERCENT	MP												
2017.Q2.G.01	SE_SEC_CMPTR	Proportion of schools with access to computers for pedagogical purposes, secondary combined level	86	72.38715553	-7.299281071	IOT	British Indian Ocean Territory	1	ALLAGE	ANNUAL	ALLAREA	BOTHSEX	PERCENT	MP												
2017.Q2.G.01	SE_SEC_CMPTR	Proportion of schools with access to computers for pedagogical purposes, secondary combined level	90	160.1584117	-9.622391719	SLB	Solomon Islands	1	ALLAGE	ANNUAL	ALLAREA	BOTHSEX	PERCENT	MP												
2017.Q2.G.01	SE_SEC_CMPTR	Proportion of schools with access to computers for pedagogical purposes, secondary combined level	92	-64.63294223	18.42256578	VGB	British Virgin Islands	1	ALLAGE	ANNUAL	ALLAREA	BOTHSEX	PERCENT	MP		100							2010	100	UNESCO Institute for Statistics Education Data Release May 2017	C
2017.Q2.G.01	SE_SEC_CMPTR	Proportion of schools with access to computers for pedagogical purposes, secondary combined level	96	114.6288563	4.49736984	BRN	Brunei Darussalam	1	ALLAGE	ANNUAL	ALLAREA	BOTHSEX	PERCENT	MP	100								2009	100	UNESCO Institute for Statistics Education Data Release May 2017	E
2017.Q2.G.01	SE_SEC_CMPTR	Proportion of schools with access to computers for pedagogical purposes, secondary combined level	100	25.23763153	42.75731323	BGR	Bulgaria	1	ALLAGE	ANNUAL	ALLAREA	BOTHSEX	PERCENT	MP												
2017.Q2.G.01	SE_SEC_CMPTR	Proportion of schools with access to computers for pedagogical purposes, secondary combined level	104	96.51752295	21.19332882	MMR	Myanmar	1	ALLAGE	ANNUAL	ALLAREA	BOTHSEX	PERCENT	MP				15.24049				15.24049	2012	15.24049	UNESCO Institute for Statistics Education Data Release May 2017	C
2017.Q2.G.01	SE_SEC_CMPTR	Proportion of schools with access to computers for pedagogical purposes, secondary combined level	108	29.89080992	-3.366387428	BDI	Burundi	1	ALLAGE	ANNUAL	ALLAREA	BOTHSEX	PERCENT	MP												
2017.Q2.G.01	SE_SEC_CMPTR	Proportion of schools with access to computers for pedagogical purposes, secondary combined level	112	28.04940161	53.54193075	BLR	Belarus	1	ALLAGE	ANNUAL	ALLAREA	BOTHSEX	PERCENT	MP												
2017.Q2.G.01	SE_SEC_CMPTR	Proportion of schools with access to computers for pedagogical purposes, secondary combined level	116	104.922836	12.71163737	KHM	Cambodia	1	ALLAGE	ANNUAL	ALLAREA	BOTHSEX	PERCENT	MP												
2017.Q2.G.01	SE_SEC_CMPTR	Proportion of schools with access to computers for pedagogical purposes, secondary combined level	120	12.7419827	5.692387031	CMR	Cameroon	1	ALLAGE	ANNUAL	ALLAREA	BOTHSEX	PERCENT	MP					33.027965			33.027965	2013	33.027965	UNESCO Institute for Statistics Education Data Release May 2017	E
2017.Q2.G.01	SE_SEC_CMPTR	Proportion of schools with access to computers for pedagogical purposes, secondary combined level	124	-101.6575058	57.72360191	CAN	Canada	1	ALLAGE	ANNUAL	ALLAREA	BOTHSEX	PERCENT	MP												
2017.Q2.G.01	SE_SEC_CMPTR	Proportion of schools with access to computers for pedagogical purposes, secondary combined level	132	-23.63544151	15.07791834	CPV	Cabo Verde	1	ALLAGE	ANNUAL	ALLAREA	BOTHSEX	PERCENT	MP												
2017.Q2.G.01	SE_SEC_CMPTR	Proportion of schools with access to computers for pedagogical purposes, secondary combined level	136	-81.16740559	19.32266656	CYM	Cayman Islands	1	ALLAGE	ANNUAL	ALLAREA	BOTHSEX	PERCENT	MP		100							2010	100	UNESCO Institute for Statistics Education Data Release May 2017	C
2017.Q2.G.01	SE_SEC_CMPTR	Proportion of schools with access to computers for pedagogical purposes, secondary combined level	140	20.93559492	7.003720791	CAF	Central African Republic	1	ALLAGE	ANNUAL	ALLAREA	BOTHSEX	PERCENT	MP												
2017.Q2.G.01	SE_SEC_CMPTR	Proportion of schools with access to computers for pedagogical purposes, secondary combined level	144	80.70489654	7.614693343	LKA	Sri Lanka	1	ALLAGE	ANNUAL	ALLAREA	BOTHSEX	PERCENT	MP												
2017.Q2.G.01	SE_SEC_CMPTR	Proportion of schools with access to computers for pedagogical purposes, secondary combined level	148	18.66618401	15.36279341	TCD	Chad	1	ALLAGE	ANNUAL	ALLAREA	BOTHSEX	PERCENT	MP												
2017.Q2.G.01	SE_SEC_CMPTR	Proportion of schools with access to computers for pedagogical purposes, secondary combined level	152	-71.23029019	-35.2652885	CHL	Chile	1	ALLAGE	ANNUAL	ALLAREA	BOTHSEX	PERCENT	MP												
2017.Q2.G.01	SE_SEC_CMPTR	Proportion of schools with access to computers for pedagogical purposes, secondary combined level	156	104.1403375	32.30955217	CHN	China	1	ALLAGE	ANNUAL	ALLAREA	BOTHSEX	PERCENT	MP												
2017.Q2.G.01	SE_SEC_CMPTR	Proportion of schools with access to computers for pedagogical purposes, secondary combined level	162	105.6426067	-10.4882473	CXR	Christmas Island	1	ALLAGE	ANNUAL	ALLAREA	BOTHSEX	PERCENT	MP												
2017.Q2.G.01	SE_SEC_CMPTR	Proportion of schools with access to computers for pedagogical purposes, secondary combined level	166	96.82633757	-12.18600682	CCK	Cocos (Keeling) Islands	1	ALLAGE	ANNUAL	ALLAREA	BOTHSEX	PERCENT	MP												
2017.Q2.G.01	SE_SEC_CMPTR	Proportion of schools with access to computers for pedagogical purposes, secondary combined level	170	-73.07446751	3.888209046	COL	Colombia	1	ALLAGE	ANNUAL	ALLAREA	BOTHSEX	PERCENT	MP												
2017.Q2.G.01	SE_SEC_CMPTR	Proportion of schools with access to computers for pedagogical purposes, secondary combined level	174	43.34234565	-11.66121732	COM	Comoros	1	ALLAGE	ANNUAL	ALLAREA	BOTHSEX	PERCENT	MP												
2017.Q2.G.01	SE_SEC_CMPTR	Proportion of schools with access to computers for pedagogical purposes, secondary combined level	175	45.14015057	-12.82217691	MYT	Mayotte	1	ALLAGE	ANNUAL	ALLAREA	BOTHSEX	PERCENT	MP												
2017.Q2.G.01	SE_SEC_CMPTR	Proportion of schools with access to computers for pedagogical purposes, secondary combined level	178	15.22052612	-0.840544119	COG	Congo	1	ALLAGE	ANNUAL	ALLAREA	BOTHSEX	PERCENT	MP												
2017.Q2.G.01	SE_SEC_CMPTR	Proportion of schools with access to computers for pedagogical purposes, secondary combined level	180	23.65496507	-2.877154732	COD	Democratic Republic of the Congo	1	ALLAGE	ANNUAL	ALLAREA	BOTHSEX	PERCENT	MP												
2017.Q2.G.01	SE_SEC_CMPTR	Proportion of schools with access to computers for pedagogical purposes, secondary combined level	184	-159.7711391	-21.22696458	COK	Cook Islands	1	ALLAGE	ANNUAL	ALLAREA	BOTHSEX	PERCENT	MP												
2017.Q2.G.01	SE_SEC_CMPTR	Proportion of schools with access to computers for pedagogical purposes, secondary combined level	188	-84.19712782	9.970998683	CRI	Costa Rica	1	ALLAGE	ANNUAL	ALLAREA	BOTHSEX	PERCENT	MP												
2017.Q2.G.01	SE_SEC_CMPTR	Proportion of schools with access to computers for pedagogical purposes, secondary combined level	191	17.95874553	45.45172212	HRV	Croatia	1	ALLAGE	ANNUAL	ALLAREA	BOTHSEX	PERCENT	MP												
2017.Q2.G.01	SE_SEC_CMPTR	Proportion of schools with access to computers for pedagogical purposes, secondary combined level	192	-79.54460144	22.10030366	CUB	Cuba	1	ALLAGE	ANNUAL	ALLAREA	BOTHSEX	PERCENT	MP		100							2010	100	UNESCO Institute for Statistics Education Data Release May 2017	C
2017.Q2.G.01	SE_SEC_CMPTR	Proportion of schools with access to computers for pedagogical purposes, secondary combined level	196	33.22285964	35.05659437	CYP	Cyprus	1	ALLAGE	ANNUAL	ALLAREA	BOTHSEX	PERCENT	MP												
2017.Q2.G.01	SE_SEC_CMPTR	Proportion of schools with access to computers for pedagogical purposes, secondary combined level	203	15.33151382	49.73913871	CZE	Czechia	1	ALLAGE	ANNUAL	ALLAREA	BOTHSEX	PERCENT	MP												
2017.Q2.G.01	SE_SEC_CMPTR	Proportion of schools with access to computers for pedagogical purposes, secondary combined level	204	2.339933594	9.65401646	BEN	Benin	1	ALLAGE	ANNUAL	ALLAREA	BOTHSEX	PERCENT	MP												
2017.Q2.G.01	SE_SEC_CMPTR	Proportion of schools with access to computers for pedagogical purposes, secondary combined level	208	9.326571283	56.03829721	DNK	Denmark	1	ALLAGE	ANNUAL	ALLAREA	BOTHSEX	PERCENT	MP												
2017.Q2.G.01	SE_SEC_CMPTR	Proportion of schools with access to computers for pedagogical purposes, secondary combined level	212	-61.3493756	15.43391378	DMA	Dominica	1	ALLAGE	ANNUAL	ALLAREA	BOTHSEX	PERCENT	MP		93.333333							2010	93.333333	UNESCO Institute for Statistics Education Data Release May 2017	C
2017.Q2.G.01	SE_SEC_CMPTR	Proportion of schools with access to computers for pedagogical purposes, secondary combined level	214	-70.49847576	18.89832088	DOM	Dominican Republic	1	ALLAGE	ANNUAL	ALLAREA	BOTHSEX	PERCENT	MP												
2017.Q2.G.01	SE_SEC_CMPTR	Proportion of schools with access to computers for pedagogical purposes, secondary combined level	218	-78.37005241	-1.447785891	ECU	Ecuador	1	ALLAGE	ANNUAL	ALLAREA	BOTHSEX	PERCENT	MP		89.670505							2010	89.670505	UNESCO Institute for Statistics Education Data Release May 2017	C
2017.Q2.G.01	SE_SEC_CMPTR	Proportion of schools with access to computers for pedagogical purposes, secondary combined level	222	-88.86862995	13.73603564	SLV	El Salvador	1	ALLAGE	ANNUAL	ALLAREA	BOTHSEX	PERCENT	MP		84.114903							2010	84.114903	UNESCO Institute for Statistics Education Data Release May 2017	C
2017.Q2.G.01	SE_SEC_CMPTR	Proportion of schools with access to computers for pedagogical purposes, secondary combined level	226	10.46535826	1.565792376	GNQ	Equatorial Guinea	1	ALLAGE	ANNUAL	ALLAREA	BOTHSEX	PERCENT	MP												
2017.Q2.G.01	SE_SEC_CMPTR	Proportion of schools with access to computers for pedagogical purposes, secondary combined level	231	39.63505296	8.631223181	ETH	Ethiopia	1	ALLAGE	ANNUAL	ALLAREA	BOTHSEX	PERCENT	MP												
2017.Q2.G.01	SE_SEC_CMPTR	Proportion of schools with access to computers for pedagogical purposes, secondary combined level	232	38.11074289	16.12894644	ERI	Eritrea	1	ALLAGE	ANNUAL	ALLAREA	BOTHSEX	PERCENT	MP												
2017.Q2.G.01	SE_SEC_CMPTR	Proportion of schools with access to computers for pedagogical purposes, secondary combined level	233	25.84093481	58.68487172	EST	Estonia	1	ALLAGE	ANNUAL	ALLAREA	BOTHSEX	PERCENT	MP												
2017.Q2.G.01	SE_SEC_CMPTR	Proportion of schools with access to computers for pedagogical purposes, secondary combined level	234	-7.122044325	62.21228119	FRO	Faroe Islands	1	ALLAGE	ANNUAL	ALLAREA	BOTHSEX	PERCENT	MP												
2017.Q2.G.01	SE_SEC_CMPTR	Proportion of schools with access to computers for pedagogical purposes, secondary combined level	238	-58.75246778	-51.74562601	FLK	Falkland Islands (Malvinas)	1	ALLAGE	ANNUAL	ALLAREA	BOTHSEX	PERCENT	MP												
2017.Q2.G.01	SE_SEC_CMPTR	Proportion of schools with access to computers for pedagogical purposes, secondary combined level	239	-36.90662765	-54.20736749	SGS	South Georgia and the South Sandwich Islands	1	ALLAGE	ANNUAL	ALLAREA	BOTHSEX	PERCENT	MP												
2017.Q2.G.01	SE_SEC_CMPTR	Proportion of schools with access to computers for pedagogical purposes, secondary combined level	242	177.9660884	-17.83301566	FJI	Fiji	1	ALLAGE	ANNUAL	ALLAREA	BOTHSEX	PERCENT	MP												
2017.Q2.G.01	SE_SEC_CMPTR	Proportion of schools with access to computers for pedagogical purposes, secondary combined level	246	23.308447	61.91586738	FIN	Finland	1	ALLAGE	ANNUAL	ALLAREA	BOTHSEX	PERCENT	MP												
2017.Q2.G.01	SE_SEC_CMPTR	Proportion of schools with access to computers for pedagogical purposes, secondary combined level	248	19.80945969	60.1544901	ALA	Åland Islands	1	ALLAGE	ANNUAL	ALLAREA	BOTHSEX	PERCENT	MP												
2017.Q2.G.01	SE_SEC_CMPTR	Proportion of schools with access to computers for pedagogical purposes, secondary combined level	250	2.457288129	46.62660861	FRA	France	1	ALLAGE	ANNUAL	ALLAREA	BOTHSEX	PERCENT	MP												
2017.Q2.G.01	SE_SEC_CMPTR	Proportion of schools with access to computers for pedagogical purposes, secondary combined level	254	-53.23619089	3.922673437	GUF	French Guiana	1	ALLAGE	ANNUAL	ALLAREA	BOTHSEX	PERCENT	MP												
2017.Q2.G.01	SE_SEC_CMPTR	Proportion of schools with access to computers for pedagogical purposes, secondary combined level	258	-149.4052367	-17.67709294	PYF	French Polynesia	1	ALLAGE	ANNUAL	ALLAREA	BOTHSEX	PERCENT	MP												
2017.Q2.G.01	SE_SEC_CMPTR	Proportion of schools with access to computers for pedagogical purposes, secondary combined level	260	69.64849091	-49.6068576	ATF	French Southern Territories	1	ALLAGE	ANNUAL	ALLAREA	BOTHSEX	PERCENT	MP												
2017.Q2.G.01	SE_SEC_CMPTR	Proportion of schools with access to computers for pedagogical purposes, secondary combined level	262	42.18274707	11.56004161	DJI	Djibouti	1	ALLAGE	ANNUAL	ALLAREA	BOTHSEX	PERCENT	MP												
2017.Q2.G.01	SE_SEC_CMPTR	Proportion of schools with access to computers for pedagogical purposes, secondary combined level	266	11.78727747	-0.60687619	GAB	Gabon	1	ALLAGE	ANNUAL	ALLAREA	BOTHSEX	PERCENT	MP												
2017.Q2.G.01	SE_SEC_CMPTR	Proportion of schools with access to computers for pedagogical purposes, secondary combined level	268	43.3713615	42.04813028	GEO	Georgia	1	ALLAGE	ANNUAL	ALLAREA	BOTHSEX	PERCENT	MP				100				100	2012	100	UNESCO Institute for Statistics Education Data Release May 2017	C
2017.Q2.G.01	SE_SEC_CMPTR	Proportion of schools with access to computers for pedagogical purposes, secondary combined level	270	-15.39944785	13.45295927	GMB	Gambia	1	ALLAGE	ANNUAL	ALLAREA	BOTHSEX	PERCENT	MP						41.6122		41.6122	2014	41.6122	UNESCO Institute for Statistics Education Data Release May 2017	E
2017.Q2.G.01	SE_SEC_CMPTR	Proportion of schools with access to computers for pedagogical purposes, secondary combined level	275	35.25694122	31.94347933	PSE	State of Palestine	1	ALLAGE	ANNUAL	ALLAREA	BOTHSEX	PERCENT	MP				75.893933				75.893933	2012	75.893933	UNESCO Institute for Statistics Education Data Release May 2017	C
2017.Q2.G.01	SE_SEC_CMPTR	Proportion of schools with access to computers for pedagogical purposes, secondary combined level	276	10.3806066	51.08862743	DEU	Germany	1	ALLAGE	ANNUAL	ALLAREA	BOTHSEX	PERCENT	MP												
2017.Q2.G.01	SE_SEC_CMPTR	Proportion of schools with access to computers for pedagogical purposes, secondary combined level	288	-1.205623522	7.964825185	GHA	Ghana	1	ALLAGE	ANNUAL	ALLAREA	BOTHSEX	PERCENT	MP												
2017.Q2.G.01	SE_SEC_CMPTR	Proportion of schools with access to computers for pedagogical purposes, secondary combined level	292	-5.347561686	36.13895036	GIB	Gibraltar	1	ALLAGE	ANNUAL	ALLAREA	BOTHSEX	PERCENT	MP												
2017.Q2.G.01	SE_SEC_CMPTR	Proportion of schools with access to computers for pedagogical purposes, secondary combined level	296	-157.5643005	1.768837732	KIR	Kiribati	1	ALLAGE	ANNUAL	ALLAREA	BOTHSEX	PERCENT	MP												
2017.Q2.G.01	SE_SEC_CMPTR	Proportion of schools with access to computers for pedagogical purposes, secondary combined level	300	22.58307827	39.47301873	GRC	Greece	1	ALLAGE	ANNUAL	ALLAREA	BOTHSEX	PERCENT	MP												
2017.Q2.G.01	SE_SEC_CMPTR	Proportion of schools with access to computers for pedagogical purposes, secondary combined level	304	-41.39371316	74.75625681	GRL	Greenland	1	ALLAGE	ANNUAL	ALLAREA	BOTHSEX	PERCENT	MP												
2017.Q2.G.01	SE_SEC_CMPTR	Proportion of schools with access to computers for pedagogical purposes, secondary combined level	308	-61.68248568	12.11238395	GRD	Grenada	1	ALLAGE	ANNUAL	ALLAREA	BOTHSEX	PERCENT	MP		100							2010	100	UNESCO Institute for Statistics Education Data Release May 2017	C
2017.Q2.G.01	SE_SEC_CMPTR	Proportion of schools with access to computers for pedagogical purposes, secondary combined level	312	-61.64762115	16.14416917	GLP	Guadeloupe	1	ALLAGE	ANNUAL	ALLAREA	BOTHSEX	PERCENT	MP												
2017.Q2.G.01	SE_SEC_CMPTR	Proportion of schools with access to computers for pedagogical purposes, secondary combined level	316	144.7029305	13.35485404	GUM	Guam	1	ALLAGE	ANNUAL	ALLAREA	BOTHSEX	PERCENT	MP												
2017.Q2.G.01	SE_SEC_CMPTR	Proportion of schools with access to computers for pedagogical purposes, secondary combined level	320	-91.2312746	15.00273719	GTM	Guatemala	1	ALLAGE	ANNUAL	ALLAREA	BOTHSEX	PERCENT	MP												
2017.Q2.G.01	SE_SEC_CMPTR	Proportion of schools with access to computers for pedagogical purposes, secondary combined level	324	-11.28173419	11.00210343	GIN	Guinea	1	ALLAGE	ANNUAL	ALLAREA	BOTHSEX	PERCENT	MP												
2017.Q2.G.01	SE_SEC_CMPTR	Proportion of schools with access to computers for pedagogical purposes, secondary combined level	328	-58.97322037	4.788012784	GUY	Guyana	1	ALLAGE	ANNUAL	ALLAREA	BOTHSEX	PERCENT	MP												
2017.Q2.G.01	SE_SEC_CMPTR	Proportion of schools with access to computers for pedagogical purposes, secondary combined level	332	-72.33640958	18.40426539	HTI	Haiti	1	ALLAGE	ANNUAL	ALLAREA	BOTHSEX	PERCENT	MP												
2017.Q2.G.01	SE_SEC_CMPTR	Proportion of schools with access to computers for pedagogical purposes, secondary combined level	334	73.52633626	-53.09106147	HMD	Heard Island and McDonald Islands	1	ALLAGE	ANNUAL	ALLAREA	BOTHSEX	PERCENT	MP												
2017.Q2.G.01	SE_SEC_CMPTR	Proportion of schools with access to computers for pedagogical purposes, secondary combined level	336	12.45315803	41.90343751	VAT	Holy See	1	ALLAGE	ANNUAL	ALLAREA	BOTHSEX	PERCENT	MP												
2017.Q2.G.01	SE_SEC_CMPTR	Proportion of schools with access to computers for pedagogical purposes, secondary combined level	340	-86.59974381	14.82243161	HND	Honduras	1	ALLAGE	ANNUAL	ALLAREA	BOTHSEX	PERCENT	MP												
2017.Q2.G.01	SE_SEC_CMPTR	Proportion of schools with access to computers for pedagogical purposes, secondary combined level	344	114.0266445	22.41749934	HKG	China, Hong Kong Special Administrative Region	1	ALLAGE	ANNUAL	ALLAREA	BOTHSEX	PERCENT	MP				100				100	2012	100	UNESCO Institute for Statistics Education Data Release May 2017	C
2017.Q2.G.01	SE_SEC_CMPTR	Proportion of schools with access to computers for pedagogical purposes, secondary combined level	348	19.41221519	47.1651448	HUN	Hungary	1	ALLAGE	ANNUAL	ALLAREA	BOTHSEX	PERCENT	MP												
2017.Q2.G.01	SE_SEC_CMPTR	Proportion of schools with access to computers for pedagogical purposes, secondary combined level	352	-19.02116966	64.79134763	ISL	Iceland	1	ALLAGE	ANNUAL	ALLAREA	BOTHSEX	PERCENT	MP												
2017.Q2.G.01	SE_SEC_CMPTR	Proportion of schools with access to computers for pedagogical purposes, secondary combined level	356	79.3608464	22.34642074	IND	India	1	ALLAGE	ANNUAL	ALLAREA	BOTHSEX	PERCENT	MP												
2017.Q2.G.01	SE_SEC_CMPTR	Proportion of schools with access to computers for pedagogical purposes, secondary combined level	360	113.9174	-0.994582204	IDN	Indonesia	1	ALLAGE	ANNUAL	ALLAREA	BOTHSEX	PERCENT	MP												
2017.Q2.G.01	SE_SEC_CMPTR	Proportion of schools with access to computers for pedagogical purposes, secondary combined level	364	54.19766348	32.74370885	IRN	Iran (Islamic Republic of)	1	ALLAGE	ANNUAL	ALLAREA	BOTHSEX	PERCENT	MP				76.22202				76.22202	2012	76.22202	UNESCO Institute for Statistics Education Data Release May 2017	C
2017.Q2.G.01	SE_SEC_CMPTR	Proportion of schools with access to computers for pedagogical purposes, secondary combined level	368	43.76606267	33.05013795	IRQ	Iraq	1	ALLAGE	ANNUAL	ALLAREA	BOTHSEX	PERCENT	MP												
2017.Q2.G.01	SE_SEC_CMPTR	Proportion of schools with access to computers for pedagogical purposes, secondary combined level	372	-7.121425272	53.25274054	IRL	Ireland	1	ALLAGE	ANNUAL	ALLAREA	BOTHSEX	PERCENT	MP												
2017.Q2.G.01	SE_SEC_CMPTR	Proportion of schools with access to computers for pedagogical purposes, secondary combined level	376	34.62277992	31.06164552	ISR	Israel	1	ALLAGE	ANNUAL	ALLAREA	BOTHSEX	PERCENT	MP												
2017.Q2.G.01	SE_SEC_CMPTR	Proportion of schools with access to computers for pedagogical purposes, secondary combined level	380	12.57022427	42.79917282	ITA	Italy	1	ALLAGE	ANNUAL	ALLAREA	BOTHSEX	PERCENT	MP												
2017.Q2.G.01	SE_SEC_CMPTR	Proportion of schools with access to computers for pedagogical purposes, secondary combined level	384	-5.552690016	7.62211586	CIV	Côte d'Ivoire	1	ALLAGE	ANNUAL	ALLAREA	BOTHSEX	PERCENT	MP												
2017.Q2.G.01	SE_SEC_CMPTR	Proportion of schools with access to computers for pedagogical purposes, secondary combined level	388	-77.31068409	18.15616857	JAM	Jamaica	1	ALLAGE	ANNUAL	ALLAREA	BOTHSEX	PERCENT	MP												
2017.Q2.G.01	SE_SEC_CMPTR	Proportion of schools with access to computers for pedagogical purposes, secondary combined level	392	139.2716103	36.6554539	JPN	Japan	1	ALLAGE	ANNUAL	ALLAREA	BOTHSEX	PERCENT	MP												
2017.Q2.G.01	SE_SEC_CMPTR	Proportion of schools with access to computers for pedagogical purposes, secondary combined level	398	66.65359159	48.01963494	KAZ	Kazakhstan	1	ALLAGE	ANNUAL	ALLAREA	BOTHSEX	PERCENT	MP				100				100	2012	100	UNESCO Institute for Statistics Education Data Release May 2017	E
2017.Q2.G.01	SE_SEC_CMPTR	Proportion of schools with access to computers for pedagogical purposes, secondary combined level	400	37.13024774	30.65365973	JOR	Jordan	1	ALLAGE	ANNUAL	ALLAREA	BOTHSEX	PERCENT	MP			96.500457						2011	96.500457	UNESCO Institute for Statistics Education Data Release May 2017	C
2017.Q2.G.01	SE_SEC_CMPTR	Proportion of schools with access to computers for pedagogical purposes, secondary combined level	404	37.86096816	0.534797278	KEN	Kenya	1	ALLAGE	ANNUAL	ALLAREA	BOTHSEX	PERCENT	MP												
2017.Q2.G.01	SE_SEC_CMPTR	Proportion of schools with access to computers for pedagogical purposes, secondary combined level	408	127.1803633	40.1462645	PRK	Democratic People's Republic of Korea	1	ALLAGE	ANNUAL	ALLAREA	BOTHSEX	PERCENT	MP												
2017.Q2.G.01	SE_SEC_CMPTR	Proportion of schools with access to computers for pedagogical purposes, secondary combined level	410	127.8610254	36.45201023	KOR	Republic of Korea	1	ALLAGE	ANNUAL	ALLAREA	BOTHSEX	PERCENT	MP				100				100	2012	100	UNESCO Institute for Statistics Education Data Release May 2017	E
2017.Q2.G.01	SE_SEC_CMPTR	Proportion of schools with access to computers for pedagogical purposes, secondary combined level	414	47.49305029	29.53949468	KWT	Kuwait	1	ALLAGE	ANNUAL	ALLAREA	BOTHSEX	PERCENT	MP												
2017.Q2.G.01	SE_SEC_CMPTR	Proportion of schools with access to computers for pedagogical purposes, secondary combined level	417	74.52324839	41.46204516	KGZ	Kyrgyzstan	1	ALLAGE	ANNUAL	ALLAREA	BOTHSEX	PERCENT	MP												
2017.Q2.G.01	SE_SEC_CMPTR	Proportion of schools with access to computers for pedagogical purposes, secondary combined level	418	101.9901968	20.27482773	LAO	Lao People's Democratic Republic	1	ALLAGE	ANNUAL	ALLAREA	BOTHSEX	PERCENT	MP												
2017.Q2.G.01	SE_SEC_CMPTR	Proportion of schools with access to computers for pedagogical purposes, secondary combined level	422	35.89391711	33.92152458	LBN	Lebanon	1	ALLAGE	ANNUAL	ALLAREA	BOTHSEX	PERCENT	MP												
2017.Q2.G.01	SE_SEC_CMPTR	Proportion of schools with access to computers for pedagogical purposes, secondary combined level	426	28.25362195	-29.58041814	LSO	Lesotho	1	ALLAGE	ANNUAL	ALLAREA	BOTHSEX	PERCENT	MP					47.337278			47.337278	2013	47.337278	UNESCO Institute for Statistics Education Data Release May 2017	E
2017.Q2.G.01	SE_SEC_CMPTR	Proportion of schools with access to computers for pedagogical purposes, secondary combined level	428	26.42461876	56.64196636	LVA	Latvia	1	ALLAGE	ANNUAL	ALLAREA	BOTHSEX	PERCENT	MP												
2017.Q2.G.01	SE_SEC_CMPTR	Proportion of schools with access to computers for pedagogical purposes, secondary combined level	430	-9.311879038	6.448381009	LBR	Liberia	1	ALLAGE	ANNUAL	ALLAREA	BOTHSEX	PERCENT	MP												
2017.Q2.G.01	SE_SEC_CMPTR	Proportion of schools with access to computers for pedagogical purposes, secondary combined level	434	18.0295985	27.04042819	LBY	Libya	1	ALLAGE	ANNUAL	ALLAREA	BOTHSEX	PERCENT	MP												
2017.Q2.G.01	SE_SEC_CMPTR	Proportion of schools with access to computers for pedagogical purposes, secondary combined level	438	9.552985019	47.14167005	LIE	Liechtenstein	1	ALLAGE	ANNUAL	ALLAREA	BOTHSEX	PERCENT	MP												
2017.Q2.G.01	SE_SEC_CMPTR	Proportion of schools with access to computers for pedagogical purposes, secondary combined level	440	23.90517807	55.33680309	LTU	Lithuania	1	ALLAGE	ANNUAL	ALLAREA	BOTHSEX	PERCENT	MP												
2017.Q2.G.01	SE_SEC_CMPTR	Proportion of schools with access to computers for pedagogical purposes, secondary combined level	442	6.092656563	49.77679538	LUX	Luxembourg	1	ALLAGE	ANNUAL	ALLAREA	BOTHSEX	PERCENT	MP												
2017.Q2.G.01	SE_SEC_CMPTR	Proportion of schools with access to computers for pedagogical purposes, secondary combined level	446	113.5665388	22.1237259	MAC	China, Macao Special Administrative Region	1	ALLAGE	ANNUAL	ALLAREA	BOTHSEX	PERCENT	MP												
2017.Q2.G.01	SE_SEC_CMPTR	Proportion of schools with access to computers for pedagogical purposes, secondary combined level	450	46.6982339	-19.38514785	MDG	Madagascar	1	ALLAGE	ANNUAL	ALLAREA	BOTHSEX	PERCENT	MP					3.046595			3.046595	2013	3.046595	UNESCO Institute for Statistics Education Data Release May 2017	E
2017.Q2.G.01	SE_SEC_CMPTR	Proportion of schools with access to computers for pedagogical purposes, secondary combined level	454	33.4884625	-13.40819859	MWI	Malawi	1	ALLAGE	ANNUAL	ALLAREA	BOTHSEX	PERCENT	MP												
2017.Q2.G.01	SE_SEC_CMPTR	Proportion of schools with access to computers for pedagogical purposes, secondary combined level	458	116.8346314	5.452415309	MYS	Malaysia	1	ALLAGE	ANNUAL	ALLAREA	BOTHSEX	PERCENT	MP			100						2011	100	UNESCO Institute for Statistics Education Data Release May 2017	C
2017.Q2.G.01	SE_SEC_CMPTR	Proportion of schools with access to computers for pedagogical purposes, secondary combined level	462	73.09672546	-0.614385021	MDV	Maldives	1	ALLAGE	ANNUAL	ALLAREA	BOTHSEX	PERCENT	MP												
2017.Q2.G.01	SE_SEC_CMPTR	Proportion of schools with access to computers for pedagogical purposes, secondary combined level	466	-3.522016039	17.35311254	MLI	Mali	1	ALLAGE	ANNUAL	ALLAREA	BOTHSEX	PERCENT	MP												
2017.Q2.G.01	SE_SEC_CMPTR	Proportion of schools with access to computers for pedagogical purposes, secondary combined level	470	14.44617519	35.89194275	MLT	Malta	1	ALLAGE	ANNUAL	ALLAREA	BOTHSEX	PERCENT	MP												
2017.Q2.G.01	SE_SEC_CMPTR	Proportion of schools with access to computers for pedagogical purposes, secondary combined level	474	-60.91544135	14.56086108	MTQ	Martinique	1	ALLAGE	ANNUAL	ALLAREA	BOTHSEX	PERCENT	MP												
2017.Q2.G.01	SE_SEC_CMPTR	Proportion of schools with access to computers for pedagogical purposes, secondary combined level	478	-10.33187259	20.26089546	MRT	Mauritania	1	ALLAGE	ANNUAL	ALLAREA	BOTHSEX	PERCENT	MP												
2017.Q2.G.01	SE_SEC_CMPTR	Proportion of schools with access to computers for pedagogical purposes, secondary combined level	480	57.568022	-20.28581998	MUS	Mauritius	1	ALLAGE	ANNUAL	ALLAREA	BOTHSEX	PERCENT	MP						97.740113		97.740113	2014	97.740113	UNESCO Institute for Statistics Education Data Release May 2017	C
2017.Q2.G.01	SE_SEC_CMPTR	Proportion of schools with access to computers for pedagogical purposes, secondary combined level	484	-102.5148166	23.93378032	MEX	Mexico	1	ALLAGE	ANNUAL	ALLAREA	BOTHSEX	PERCENT	MP												
2017.Q2.G.01	SE_SEC_CMPTR	Proportion of schools with access to computers for pedagogical purposes, secondary combined level	492	7.424214814	43.73532918	MCO	Monaco	1	ALLAGE	ANNUAL	ALLAREA	BOTHSEX	PERCENT	MP												
2017.Q2.G.01	SE_SEC_CMPTR	Proportion of schools with access to computers for pedagogical purposes, secondary combined level	496	103.0728057	46.83892054	MNG	Mongolia	1	ALLAGE	ANNUAL	ALLAREA	BOTHSEX	PERCENT	MP				100				100	2012	100	UNESCO Institute for Statistics Education Data Release May 2017	C
2017.Q2.G.01	SE_SEC_CMPTR	Proportion of schools with access to computers for pedagogical purposes, secondary combined level	498	28.4650624	47.20236795	MDA	Republic of Moldova	1	ALLAGE	ANNUAL	ALLAREA	BOTHSEX	PERCENT	MP												
2017.Q2.G.01	SE_SEC_CMPTR	Proportion of schools with access to computers for pedagogical purposes, secondary combined level	499	19.25214024	42.78717043	MNE	Montenegro	1	ALLAGE	ANNUAL	ALLAREA	BOTHSEX	PERCENT	MP												
2017.Q2.G.01	SE_SEC_CMPTR	Proportion of schools with access to computers for pedagogical purposes, secondary combined level	500	-62.19261223	16.73558313	MSR	Montserrat	1	ALLAGE	ANNUAL	ALLAREA	BOTHSEX	PERCENT	MP		100							2010	100	UNESCO Institute for Statistics Education Data Release May 2017	C
2017.Q2.G.01	SE_SEC_CMPTR	Proportion of schools with access to computers for pedagogical purposes, secondary combined level	504	-6.281942841	31.8440131	MAR	Morocco	1	ALLAGE	ANNUAL	ALLAREA	BOTHSEX	PERCENT	MP												
2017.Q2.G.01	SE_SEC_CMPTR	Proportion of schools with access to computers for pedagogical purposes, secondary combined level	508	38.18479941	-14.27963886	MOZ	Mozambique	1	ALLAGE	ANNUAL	ALLAREA	BOTHSEX	PERCENT	MP												
2017.Q2.G.01	SE_SEC_CMPTR	Proportion of schools with access to computers for pedagogical purposes, secondary combined level	512	57.87743482	21.98805614	OMN	Oman	1	ALLAGE	ANNUAL	ALLAREA	BOTHSEX	PERCENT	MP			100						2011	100	UNESCO Institute for Statistics Education Data Release May 2017	C
2017.Q2.G.01	SE_SEC_CMPTR	Proportion of schools with access to computers for pedagogical purposes, secondary combined level	516	17.21907885	-22.13817068	NAM	Namibia	1	ALLAGE	ANNUAL	ALLAREA	BOTHSEX	PERCENT	MP												
2017.Q2.G.01	SE_SEC_CMPTR	Proportion of schools with access to computers for pedagogical purposes, secondary combined level	520	166.92313	-0.528742623	NRU	Nauru	1	ALLAGE	ANNUAL	ALLAREA	BOTHSEX	PERCENT	MP												
2017.Q2.G.01	SE_SEC_CMPTR	Proportion of schools with access to computers for pedagogical purposes, secondary combined level	524	83.94678863	28.25866332	NPL	Nepal	1	ALLAGE	ANNUAL	ALLAREA	BOTHSEX	PERCENT	MP			3.859426						2011	3.859426	UNESCO Institute for Statistics Education Data Release May 2017	C
2017.Q2.G.01	SE_SEC_CMPTR	Proportion of schools with access to computers for pedagogical purposes, secondary combined level	528	5.331480568	51.86728884	NLD	Netherlands	1	ALLAGE	ANNUAL	ALLAREA	BOTHSEX	PERCENT	MP												
2017.Q2.G.01	SE_SEC_CMPTR	Proportion of schools with access to computers for pedagogical purposes, secondary combined level	530	-68.30676179	12.22720635	ANT	Netherlands Antilles	1	ALLAGE	ANNUAL	ALLAREA	BOTHSEX	PERCENT	MP												
2017.Q2.G.01	SE_SEC_CMPTR	Proportion of schools with access to computers for pedagogical purposes, secondary combined level	531	-68.95033464	12.15058042	CUW	Curaçao	1	ALLAGE	ANNUAL	ALLAREA	BOTHSEX	PERCENT	MP												
2017.Q2.G.01	SE_SEC_CMPTR	Proportion of schools with access to computers for pedagogical purposes, secondary combined level	533	-69.97050586	12.50878756	ABW	Aruba	1	ALLAGE	ANNUAL	ALLAREA	BOTHSEX	PERCENT	MP		100							2010	100	UNESCO Institute for Statistics Education Data Release May 2017	C
2017.Q2.G.01	SE_SEC_CMPTR	Proportion of schools with access to computers for pedagogical purposes, secondary combined level	534	-63.06198692	18.03926508	SXM	Sint Maarten (Dutch part)	1	ALLAGE	ANNUAL	ALLAREA	BOTHSEX	PERCENT	MP		100							2010	100	UNESCO Institute for Statistics Education Data Release May 2017	C
2017.Q2.G.01	SE_SEC_CMPTR	Proportion of schools with access to computers for pedagogical purposes, secondary combined level	540	165.5067368	-21.41742531	NCL	New Caledonia	1	ALLAGE	ANNUAL	ALLAREA	BOTHSEX	PERCENT	MP												
2017.Q2.G.01	SE_SEC_CMPTR	Proportion of schools with access to computers for pedagogical purposes, secondary combined level	548	167.0679779	-15.34445547	VUT	Vanuatu	1	ALLAGE	ANNUAL	ALLAREA	BOTHSEX	PERCENT	MP												
2017.Q2.G.01	SE_SEC_CMPTR	Proportion of schools with access to computers for pedagogical purposes, secondary combined level	554	170.4755673	-43.98721568	NZL	New Zealand	1	ALLAGE	ANNUAL	ALLAREA	BOTHSEX	PERCENT	MP												
2017.Q2.G.01	SE_SEC_CMPTR	Proportion of schools with access to computers for pedagogical purposes, secondary combined level	558	-85.03060315	12.84210839	NIC	Nicaragua	1	ALLAGE	ANNUAL	ALLAREA	BOTHSEX	PERCENT	MP												
2017.Q2.G.01	SE_SEC_CMPTR	Proportion of schools with access to computers for pedagogical purposes, secondary combined level	562	9.400167877	17.42143036	NER	Niger	1	ALLAGE	ANNUAL	ALLAREA	BOTHSEX	PERCENT	MP					9.170306			9.170306	2013	9.170306	UNESCO Institute for Statistics Education Data Release May 2017	C
2017.Q2.G.01	SE_SEC_CMPTR	Proportion of schools with access to computers for pedagogical purposes, secondary combined level	566	8.097363256	9.585789025	NGA	Nigeria	1	ALLAGE	ANNUAL	ALLAREA	BOTHSEX	PERCENT	MP												
2017.Q2.G.01	SE_SEC_CMPTR	Proportion of schools with access to computers for pedagogical purposes, secondary combined level	570	-169.8601693	-19.05000475	NIU	Niue	1	ALLAGE	ANNUAL	ALLAREA	BOTHSEX	PERCENT	MP												
2017.Q2.G.01	SE_SEC_CMPTR	Proportion of schools with access to computers for pedagogical purposes, secondary combined level	574	167.9515548	-29.03230018	NFK	Norfolk Island	1	ALLAGE	ANNUAL	ALLAREA	BOTHSEX	PERCENT	MP												
2017.Q2.G.01	SE_SEC_CMPTR	Proportion of schools with access to computers for pedagogical purposes, secondary combined level	578	11.47846389	61.34311134	NOR	Norway	1	ALLAGE	ANNUAL	ALLAREA	BOTHSEX	PERCENT	MP												
2017.Q2.G.01	SE_SEC_CMPTR	Proportion of schools with access to computers for pedagogical purposes, secondary combined level	580	145.7582114	15.19099517	MNP	Northern Mariana Islands	1	ALLAGE	ANNUAL	ALLAREA	BOTHSEX	PERCENT	MP												
2017.Q2.G.01	SE_SEC_CMPTR	Proportion of schools with access to computers for pedagogical purposes, secondary combined level	581	-162.4343752	5.874443968	UMI	US Minor Outlying Islands	1	ALLAGE	ANNUAL	ALLAREA	BOTHSEX	PERCENT	MP												
2017.Q2.G.01	SE_SEC_CMPTR	Proportion of schools with access to computers for pedagogical purposes, secondary combined level	583	158.225216	6.880670092	FSM	Micronesia, Federated States of	1	ALLAGE	ANNUAL	ALLAREA	BOTHSEX	PERCENT	MP												
2017.Q2.G.01	SE_SEC_CMPTR	Proportion of schools with access to computers for pedagogical purposes, secondary combined level	584	171.0839119	7.110213497	MHL	Marshall Islands	1	ALLAGE	ANNUAL	ALLAREA	BOTHSEX	PERCENT	MP												
2017.Q2.G.01	SE_SEC_CMPTR	Proportion of schools with access to computers for pedagogical purposes, secondary combined level	585	134.5733878	7.502307591	PLW	Palau	1	ALLAGE	ANNUAL	ALLAREA	BOTHSEX	PERCENT	MP												
2017.Q2.G.01	SE_SEC_CMPTR	Proportion of schools with access to computers for pedagogical purposes, secondary combined level	586	68.80479684	29.36491634	PAK	Pakistan	1	ALLAGE	ANNUAL	ALLAREA	BOTHSEX	PERCENT	MP												
2017.Q2.G.01	SE_SEC_CMPTR	Proportion of schools with access to computers for pedagogical purposes, secondary combined level	591	-81.26616623	8.450965746	PAN	Panama	1	ALLAGE	ANNUAL	ALLAREA	BOTHSEX	PERCENT	MP												
2017.Q2.G.01	SE_SEC_CMPTR	Proportion of schools with access to computers for pedagogical purposes, secondary combined level	598	145.8587761	-6.756057077	PNG	Papua New Guinea	1	ALLAGE	ANNUAL	ALLAREA	BOTHSEX	PERCENT	MP												
2017.Q2.G.01	SE_SEC_CMPTR	Proportion of schools with access to computers for pedagogical purposes, secondary combined level	600	-60.54854225	-21.70216237	PRY	Paraguay	1	ALLAGE	ANNUAL	ALLAREA	BOTHSEX	PERCENT	MP		28.278617							2010	28.278617	UNESCO Institute for Statistics Education Data Release May 2017	CA
2017.Q2.G.01	SE_SEC_CMPTR	Proportion of schools with access to computers for pedagogical purposes, secondary combined level	604	-71.82093277	-13.58939705	PER	Peru	1	ALLAGE	ANNUAL	ALLAREA	BOTHSEX	PERCENT	MP												
2017.Q2.G.01	SE_SEC_CMPTR	Proportion of schools with access to computers for pedagogical purposes, secondary combined level	608	120.8601418	14.16591706	PHL	Philippines	1	ALLAGE	ANNUAL	ALLAREA	BOTHSEX	PERCENT	MP												
2017.Q2.G.01	SE_SEC_CMPTR	Proportion of schools with access to computers for pedagogical purposes, secondary combined level	612	-128.3225873	-24.37538456	PCN	Pitcairn	1	ALLAGE	ANNUAL	ALLAREA	BOTHSEX	PERCENT	MP												
2017.Q2.G.01	SE_SEC_CMPTR	Proportion of schools with access to computers for pedagogical purposes, secondary combined level	616	19.40660158	52.1226733	POL	Poland	1	ALLAGE	ANNUAL	ALLAREA	BOTHSEX	PERCENT	MP												
2017.Q2.G.01	SE_SEC_CMPTR	Proportion of schools with access to computers for pedagogical purposes, secondary combined level	620	-7.961599811	39.68509315	PRT	Portugal	1	ALLAGE	ANNUAL	ALLAREA	BOTHSEX	PERCENT	MP												
2017.Q2.G.01	SE_SEC_CMPTR	Proportion of schools with access to computers for pedagogical purposes, secondary combined level	624	-14.40182514	12.11760394	GNB	Guinea-Bissau	1	ALLAGE	ANNUAL	ALLAREA	BOTHSEX	PERCENT	MP												
2017.Q2.G.01	SE_SEC_CMPTR	Proportion of schools with access to computers for pedagogical purposes, secondary combined level	626	125.9451052	-8.797497247	TLS	Timor-Leste	1	ALLAGE	ANNUAL	ALLAREA	BOTHSEX	PERCENT	MP												
2017.Q2.G.01	SE_SEC_CMPTR	Proportion of schools with access to computers for pedagogical purposes, secondary combined level	630	-66.47591017	18.22753799	PRI	Puerto Rico	1	ALLAGE	ANNUAL	ALLAREA	BOTHSEX	PERCENT	MP												
2017.Q2.G.01	SE_SEC_CMPTR	Proportion of schools with access to computers for pedagogical purposes, secondary combined level	634	51.19152467	25.28355379	QAT	Qatar	1	ALLAGE	ANNUAL	ALLAREA	BOTHSEX	PERCENT	MP			100						2011	100	UNESCO Institute for Statistics Education Data Release May 2017	C
2017.Q2.G.01	SE_SEC_CMPTR	Proportion of schools with access to computers for pedagogical purposes, secondary combined level	638	55.53171398	-21.13183266	REU	Réunion	1	ALLAGE	ANNUAL	ALLAREA	BOTHSEX	PERCENT	MP												
2017.Q2.G.01	SE_SEC_CMPTR	Proportion of schools with access to computers for pedagogical purposes, secondary combined level	642	24.98481009	45.83893563	ROU	Romania	1	ALLAGE	ANNUAL	ALLAREA	BOTHSEX	PERCENT	MP												
2017.Q2.G.01	SE_SEC_CMPTR	Proportion of schools with access to computers for pedagogical purposes, secondary combined level	643	99.01404926	61.61899849	RUS	Russian Federation	1	ALLAGE	ANNUAL	ALLAREA	BOTHSEX	PERCENT	MP												
2017.Q2.G.01	SE_SEC_CMPTR	Proportion of schools with access to computers for pedagogical purposes, secondary combined level	646	29.92310194	-1.999842114	RWA	Rwanda	1	ALLAGE	ANNUAL	ALLAREA	BOTHSEX	PERCENT	MP				64				64	2012	64	UNESCO Institute for Statistics Education Data Release May 2017	CA
2017.Q2.G.01	SE_SEC_CMPTR	Proportion of schools with access to computers for pedagogical purposes, secondary combined level	652	-62.83173536	17.89513362	BLM	Saint Barthélemy	1	ALLAGE	ANNUAL	ALLAREA	BOTHSEX	PERCENT	MP												
2017.Q2.G.01	SE_SEC_CMPTR	Proportion of schools with access to computers for pedagogical purposes, secondary combined level	654	-5.705752501	-15.96503946	SHN	Saint Helena	1	ALLAGE	ANNUAL	ALLAREA	BOTHSEX	PERCENT	MP												
2017.Q2.G.01	SE_SEC_CMPTR	Proportion of schools with access to computers for pedagogical purposes, secondary combined level	659	-62.76628613	17.33994219	KNA	Saint Kitts and Nevis	1	ALLAGE	ANNUAL	ALLAREA	BOTHSEX	PERCENT	MP		100							2010	100	UNESCO Institute for Statistics Education Data Release May 2017	C
2017.Q2.G.01	SE_SEC_CMPTR	Proportion of schools with access to computers for pedagogical purposes, secondary combined level	660	-63.05651612	18.21525315	AIA	Anguilla	1	ALLAGE	ANNUAL	ALLAREA	BOTHSEX	PERCENT	MP		100							2010	100	UNESCO Institute for Statistics Education Data Release May 2017	C
2017.Q2.G.01	SE_SEC_CMPTR	Proportion of schools with access to computers for pedagogical purposes, secondary combined level	662	-60.96529553	13.89405601	LCA	Saint Lucia	1	ALLAGE	ANNUAL	ALLAREA	BOTHSEX	PERCENT	MP		100							2010	100	UNESCO Institute for Statistics Education Data Release May 2017	C
2017.Q2.G.01	SE_SEC_CMPTR	Proportion of schools with access to computers for pedagogical purposes, secondary combined level	663	-63.04505461	18.0882685	MAF	Saint Martin (French Part)	1	ALLAGE	ANNUAL	ALLAREA	BOTHSEX	PERCENT	MP												
2017.Q2.G.01	SE_SEC_CMPTR	Proportion of schools with access to computers for pedagogical purposes, secondary combined level	666	-56.33682442	46.85812735	SPM	Saint Pierre and Miquelon	1	ALLAGE	ANNUAL	ALLAREA	BOTHSEX	PERCENT	MP												
2017.Q2.G.01	SE_SEC_CMPTR	Proportion of schools with access to computers for pedagogical purposes, secondary combined level	670	-61.19024321	13.24627968	VCT	Saint Vincent and the Grenadines	1	ALLAGE	ANNUAL	ALLAREA	BOTHSEX	PERCENT	MP		100							2010	100	UNESCO Institute for Statistics Education Data Release May 2017	C
2017.Q2.G.01	SE_SEC_CMPTR	Proportion of schools with access to computers for pedagogical purposes, secondary combined level	674	12.46329038	43.93841766	SMR	San Marino	1	ALLAGE	ANNUAL	ALLAREA	BOTHSEX	PERCENT	MP												
2017.Q2.G.01	SE_SEC_CMPTR	Proportion of schools with access to computers for pedagogical purposes, secondary combined level	678	6.609772265	0.241554875	STP	Sao Tome and Principe	1	ALLAGE	ANNUAL	ALLAREA	BOTHSEX	PERCENT	MP					70.588235			70.588235	2013	70.588235	UNESCO Institute for Statistics Education Data Release May 2017	C
2017.Q2.G.01	SE_SEC_CMPTR	Proportion of schools with access to computers for pedagogical purposes, secondary combined level	682	44.54763347	24.12594211	SAU	Saudi Arabia	1	ALLAGE	ANNUAL	ALLAREA	BOTHSEX	PERCENT	MP												
2017.Q2.G.01	SE_SEC_CMPTR	Proportion of schools with access to computers for pedagogical purposes, secondary combined level	686	-14.46636926	14.35920905	SEN	Senegal	1	ALLAGE	ANNUAL	ALLAREA	BOTHSEX	PERCENT	MP												
2017.Q2.G.01	SE_SEC_CMPTR	Proportion of schools with access to computers for pedagogical purposes, secondary combined level	688	20.805876	44.03145697	SRB	Serbia	1	ALLAGE	ANNUAL	ALLAREA	BOTHSEX	PERCENT	MP												
2017.Q2.G.01	SE_SEC_CMPTR	Proportion of schools with access to computers for pedagogical purposes, secondary combined level	690	55.46561591	-4.678053059	SYC	Seychelles	1	ALLAGE	ANNUAL	ALLAREA	BOTHSEX	PERCENT	MP												
2017.Q2.G.01	SE_SEC_CMPTR	Proportion of schools with access to computers for pedagogical purposes, secondary combined level	694	-11.78306584	8.568604164	SLE	Sierra Leone	1	ALLAGE	ANNUAL	ALLAREA	BOTHSEX	PERCENT	MP												
2017.Q2.G.01	SE_SEC_CMPTR	Proportion of schools with access to computers for pedagogical purposes, secondary combined level	702	103.8107883	1.361009155	SGP	Singapore	1	ALLAGE	ANNUAL	ALLAREA	BOTHSEX	PERCENT	MP			100						2011	100	UNESCO Institute for Statistics Education Data Release May 2017	C
2017.Q2.G.01	SE_SEC_CMPTR	Proportion of schools with access to computers for pedagogical purposes, secondary combined level	703	19.48495604	48.70741446	SVK	Slovakia	1	ALLAGE	ANNUAL	ALLAREA	BOTHSEX	PERCENT	MP												
2017.Q2.G.01	SE_SEC_CMPTR	Proportion of schools with access to computers for pedagogical purposes, secondary combined level	704	105.802499	10.09643079	VNM	Viet Nam	1	ALLAGE	ANNUAL	ALLAREA	BOTHSEX	PERCENT	MP												
2017.Q2.G.01	SE_SEC_CMPTR	Proportion of schools with access to computers for pedagogical purposes, secondary combined level	705	14.82209486	46.11958061	SVN	Slovenia	1	ALLAGE	ANNUAL	ALLAREA	BOTHSEX	PERCENT	MP												
2017.Q2.G.01	SE_SEC_CMPTR	Proportion of schools with access to computers for pedagogical purposes, secondary combined level	706	46.20367477	4.406485729	SOM	Somalia	1	ALLAGE	ANNUAL	ALLAREA	BOTHSEX	PERCENT	MP												
2017.Q2.G.01	SE_SEC_CMPTR	Proportion of schools with access to computers for pedagogical purposes, secondary combined level	710	24.67184355	-29.99957544	ZAF	South Africa	1	ALLAGE	ANNUAL	ALLAREA	BOTHSEX	PERCENT	MP			38.841906						2011	38.841906	UNESCO Institute for Statistics Education Data Release May 2017	C
2017.Q2.G.01	SE_SEC_CMPTR	Proportion of schools with access to computers for pedagogical purposes, secondary combined level	716	29.86909584	-19.00075492	ZWE	Zimbabwe	1	ALLAGE	ANNUAL	ALLAREA	BOTHSEX	PERCENT	MP												
2017.Q2.G.01	SE_SEC_CMPTR	Proportion of schools with access to computers for pedagogical purposes, secondary combined level	724	-3.554078296	40.39211472	ESP	Spain	1	ALLAGE	ANNUAL	ALLAREA	BOTHSEX	PERCENT	MP												
2017.Q2.G.01	SE_SEC_CMPTR	Proportion of schools with access to computers for pedagogical purposes, secondary combined level	728	30.32618773	7.290839152	SSD	South Sudan	1	ALLAGE	ANNUAL	ALLAREA	BOTHSEX	PERCENT	MP												
2017.Q2.G.01	SE_SEC_CMPTR	Proportion of schools with access to computers for pedagogical purposes, secondary combined level	732	-13.13515523	24.66265342	ESH	Western Sahara	1	ALLAGE	ANNUAL	ALLAREA	BOTHSEX	PERCENT	MP												
2017.Q2.G.01	SE_SEC_CMPTR	Proportion of schools with access to computers for pedagogical purposes, secondary combined level	736	29.95650159	16.02643066	SDN	Sudan	1	ALLAGE	ANNUAL	ALLAREA	BOTHSEX	PERCENT	MP												
2017.Q2.G.01	SE_SEC_CMPTR	Proportion of schools with access to computers for pedagogical purposes, secondary combined level	740	-55.90626394	4.132603197	SUR	Suriname	1	ALLAGE	ANNUAL	ALLAREA	BOTHSEX	PERCENT	MP												
2017.Q2.G.01	SE_SEC_CMPTR	Proportion of schools with access to computers for pedagogical purposes, secondary combined level	744	13.38071013	78.82894131	SJM	Svalbard and Jan Mayen Islands	1	ALLAGE	ANNUAL	ALLAREA	BOTHSEX	PERCENT	MP												
2017.Q2.G.01	SE_SEC_CMPTR	Proportion of schools with access to computers for pedagogical purposes, secondary combined level	748	31.50149288	-26.56471011	SWZ	Swaziland	1	ALLAGE	ANNUAL	ALLAREA	BOTHSEX	PERCENT	MP												
2017.Q2.G.01	SE_SEC_CMPTR	Proportion of schools with access to computers for pedagogical purposes, secondary combined level	752	14.3775338	60.60103109	SWE	Sweden	1	ALLAGE	ANNUAL	ALLAREA	BOTHSEX	PERCENT	MP												
2017.Q2.G.01	SE_SEC_CMPTR	Proportion of schools with access to computers for pedagogical purposes, secondary combined level	756	8.223158	46.96617097	CHE	Switzerland	1	ALLAGE	ANNUAL	ALLAREA	BOTHSEX	PERCENT	MP												
2017.Q2.G.01	SE_SEC_CMPTR	Proportion of schools with access to computers for pedagogical purposes, secondary combined level	760	38.50466565	35.01676176	SYR	Syrian Arab Republic (Syria)	1	ALLAGE	ANNUAL	ALLAREA	BOTHSEX	PERCENT	MP												
2017.Q2.G.01	SE_SEC_CMPTR	Proportion of schools with access to computers for pedagogical purposes, secondary combined level	762	69.294998	38.43069666	TJK	Tajikistan	1	ALLAGE	ANNUAL	ALLAREA	BOTHSEX	PERCENT	MP												
2017.Q2.G.01	SE_SEC_CMPTR	Proportion of schools with access to computers for pedagogical purposes, secondary combined level	764	101.0202951	15.13089239	THA	Thailand	1	ALLAGE	ANNUAL	ALLAREA	BOTHSEX	PERCENT	MP				96.702608				96.702608	2012	96.702608	UNESCO Institute for Statistics Education Data Release May 2017	CA
2017.Q2.G.01	SE_SEC_CMPTR	Proportion of schools with access to computers for pedagogical purposes, secondary combined level	768	0.97835765	8.532096072	TGO	Togo	1	ALLAGE	ANNUAL	ALLAREA	BOTHSEX	PERCENT	MP												
2017.Q2.G.01	SE_SEC_CMPTR	Proportion of schools with access to computers for pedagogical purposes, secondary combined level	772	-171.8154473	-9.214545558	TKL	Tokelau	1	ALLAGE	ANNUAL	ALLAREA	BOTHSEX	PERCENT	MP												
2017.Q2.G.01	SE_SEC_CMPTR	Proportion of schools with access to computers for pedagogical purposes, secondary combined level	776	-175.1959991	-21.19511329	TON	Tonga	1	ALLAGE	ANNUAL	ALLAREA	BOTHSEX	PERCENT	MP												
2017.Q2.G.01	SE_SEC_CMPTR	Proportion of schools with access to computers for pedagogical purposes, secondary combined level	780	-61.29389504	10.41877263	TTO	Trinidad and Tobago	1	ALLAGE	ANNUAL	ALLAREA	BOTHSEX	PERCENT	MP	100								2009	100	UNESCO Institute for Statistics Education Data Release May 2017	C
2017.Q2.G.01	SE_SEC_CMPTR	Proportion of schools with access to computers for pedagogical purposes, secondary combined level	784	53.98279159	23.43322219	ARE	United Arab Emirates	1	ALLAGE	ANNUAL	ALLAREA	BOTHSEX	PERCENT	MP												
2017.Q2.G.01	SE_SEC_CMPTR	Proportion of schools with access to computers for pedagogical purposes, secondary combined level	788	9.572737411	34.11439971	TUN	Tunisia	1	ALLAGE	ANNUAL	ALLAREA	BOTHSEX	PERCENT	MP												
2017.Q2.G.01	SE_SEC_CMPTR	Proportion of schools with access to computers for pedagogical purposes, secondary combined level	792	35.42890329	38.9899684	TUR	Turkey	1	ALLAGE	ANNUAL	ALLAREA	BOTHSEX	PERCENT	MP												
2017.Q2.G.01	SE_SEC_CMPTR	Proportion of schools with access to computers for pedagogical purposes, secondary combined level	795	58.9787665	40.0912346	TKM	Turkmenistan	1	ALLAGE	ANNUAL	ALLAREA	BOTHSEX	PERCENT	MP												
2017.Q2.G.01	SE_SEC_CMPTR	Proportion of schools with access to computers for pedagogical purposes, secondary combined level	796	-71.745121	21.80780585	TCA	Turks and Caicos Islands	1	ALLAGE	ANNUAL	ALLAREA	BOTHSEX	PERCENT	MP		100							2010	100	UNESCO Institute for Statistics Education Data Release May 2017	C
2017.Q2.G.01	SE_SEC_CMPTR	Proportion of schools with access to computers for pedagogical purposes, secondary combined level	798	178.6679611	-7.460048071	TUV	Tuvalu	1	ALLAGE	ANNUAL	ALLAREA	BOTHSEX	PERCENT	MP												
2017.Q2.G.01	SE_SEC_CMPTR	Proportion of schools with access to computers for pedagogical purposes, secondary combined level	800	32.39100438	1.279557331	UGA	Uganda	1	ALLAGE	ANNUAL	ALLAREA	BOTHSEX	PERCENT	MP												
2017.Q2.G.01	SE_SEC_CMPTR	Proportion of schools with access to computers for pedagogical purposes, secondary combined level	804	31.40270802	49.00735945	UKR	Ukraine	1	ALLAGE	ANNUAL	ALLAREA	BOTHSEX	PERCENT	MP												
2017.Q2.G.01	SE_SEC_CMPTR	Proportion of schools with access to computers for pedagogical purposes, secondary combined level	807	21.7007909	41.60048068	MKD	Macedonia, Republic of	1	ALLAGE	ANNUAL	ALLAREA	BOTHSEX	PERCENT	MP												
2017.Q2.G.01	SE_SEC_CMPTR	Proportion of schools with access to computers for pedagogical purposes, secondary combined level	818	29.77468534	26.57438204	EGY	Egypt	1	ALLAGE	ANNUAL	ALLAREA	BOTHSEX	PERCENT	MP		95.728197					91.680019	91.680019	2016	91.680019	UNESCO Institute for Statistics Education Data Release May 2017	C
2017.Q2.G.01	SE_SEC_CMPTR	Proportion of schools with access to computers for pedagogical purposes, secondary combined level	826	-2.23830539	53.27691757	GBR	United Kingdom	1	ALLAGE	ANNUAL	ALLAREA	BOTHSEX	PERCENT	MP												
2017.Q2.G.01	SE_SEC_CMPTR	Proportion of schools with access to computers for pedagogical purposes, secondary combined level	831	-2.200712402	49.71561166	GGY	Guernsey	1	ALLAGE	ANNUAL	ALLAREA	BOTHSEX	PERCENT	MP												
2017.Q2.G.01	SE_SEC_CMPTR	Proportion of schools with access to computers for pedagogical purposes, secondary combined level	832	-2.136773508	49.22353354	JEY	Jersey	1	ALLAGE	ANNUAL	ALLAREA	BOTHSEX	PERCENT	MP												
2017.Q2.G.01	SE_SEC_CMPTR	Proportion of schools with access to computers for pedagogical purposes, secondary combined level	833	-4.538190305	54.22880901	IMN	Isle of Man	1	ALLAGE	ANNUAL	ALLAREA	BOTHSEX	PERCENT	MP												
2017.Q2.G.01	SE_SEC_CMPTR	Proportion of schools with access to computers for pedagogical purposes, secondary combined level	834	34.80521182	-6.265332606	TZA	Tanzania, United Republic of	1	ALLAGE	ANNUAL	ALLAREA	BOTHSEX	PERCENT	MP												
2017.Q2.G.01	SE_SEC_CMPTR	Proportion of schools with access to computers for pedagogical purposes, secondary combined level	840	-99.13830311	39.5277871	USA	United States of America	1	ALLAGE	ANNUAL	ALLAREA	BOTHSEX	PERCENT	MP												
2017.Q2.G.01	SE_SEC_CMPTR	Proportion of schools with access to computers for pedagogical purposes, secondary combined level	850	-64.76960113	17.73297693	VIR	United States Virgin Islands	1	ALLAGE	ANNUAL	ALLAREA	BOTHSEX	PERCENT	MP												
2017.Q2.G.01	SE_SEC_CMPTR	Proportion of schools with access to computers for pedagogical purposes, secondary combined level	854	-1.742843829	12.27491081	BFA	Burkina Faso	1	ALLAGE	ANNUAL	ALLAREA	BOTHSEX	PERCENT	MP												
2017.Q2.G.01	SE_SEC_CMPTR	Proportion of schools with access to computers for pedagogical purposes, secondary combined level	858	-56.01387025	-32.8002838	URY	Uruguay	1	ALLAGE	ANNUAL	ALLAREA	BOTHSEX	PERCENT	MP	100								2009	100	UNESCO Institute for Statistics Education Data Release May 2017	CA
2017.Q2.G.01	SE_SEC_CMPTR	Proportion of schools with access to computers for pedagogical purposes, secondary combined level	860	63.11944558	41.77560518	UZB	Uzbekistan	1	ALLAGE	ANNUAL	ALLAREA	BOTHSEX	PERCENT	MP												
2017.Q2.G.01	SE_SEC_CMPTR	Proportion of schools with access to computers for pedagogical purposes, secondary combined level	862	-66.15642084	7.121324748	VEN	Venezuela (Bolivarian Republic)	1	ALLAGE	ANNUAL	ALLAREA	BOTHSEX	PERCENT	MP		27.057603							2010	27.057603	UNESCO Institute for Statistics Education Data Release May 2017	C
2017.Q2.G.01	SE_SEC_CMPTR	Proportion of schools with access to computers for pedagogical purposes, secondary combined level	876	-176.2034788	-13.28471201	WLF	Wallis and Futuna Islands	1	ALLAGE	ANNUAL	ALLAREA	BOTHSEX	PERCENT	MP												
2017.Q2.G.01	SE_SEC_CMPTR	Proportion of schools with access to computers for pedagogical purposes, secondary combined level	882	-172.4430749	-13.61541469	WSM	Samoa	1	ALLAGE	ANNUAL	ALLAREA	BOTHSEX	PERCENT	MP												
2017.Q2.G.01	SE_SEC_CMPTR	Proportion of schools with access to computers for pedagogical purposes, secondary combined level	887	45.22389143	15.22242099	YEM	Yemen	1	ALLAGE	ANNUAL	ALLAREA	BOTHSEX	PERCENT	MP												
2017.Q2.G.01	SE_SEC_CMPTR	Proportion of schools with access to computers for pedagogical purposes, secondary combined level	894	27.850329	-14.59701056	ZMB	Zambia	1	ALLAGE	ANNUAL	ALLAREA	BOTHSEX	PERCENT	MP				14.550336				14.550336	2012	14.550336	UNESCO Institute for Statistics Education Data Release May 2017	C
