series.release	series.code	series.description	geoAreaCode	X	Y	ISO3CD	geoAreaName	sliceId	Freq	Units	2000	2001	2002	2003	2004	2005	2006	2007	2008	2009	2010	2011	2012	2013	last.5.years.mean	latest.year	latest.value	latest.source	latest.nature
2017.Q2.G.01	VC_DSR_GDPLS	Direct economic loss attributed to disasters, total (millions of current United States dollars)	4	66.02688198	33.83160199	AFG	Afghanistan	1	ANNUAL	CU_USD																			
2017.Q2.G.01	VC_DSR_GDPLS	Direct economic loss attributed to disasters, total (millions of current United States dollars)	8	20.06660928	41.13897007	ALB	Albania	1	ANNUAL	CU_USD	2626785.849896	2115707.36993	2871936.65177	6136031.075261	13600652.545725	13164768.023826	2339358.552537	2402664.744989	2288530.948117	7593802.311302	15967770.613387	5379691.137086	4698856.164011	1011418.461761	6930307.7375094	2013	1011418.461761	UNISDR (2015). Global Assessment Report on Disaster Risk Reduction 2015, Geneva, Switzerland: United Nations Office for Disaster Risk Reduction	E
2017.Q2.G.01	VC_DSR_GDPLS	Direct economic loss attributed to disasters, total (millions of current United States dollars)	10	21.47585697	-80.40897662	ATA	Antarctica	1	ANNUAL	CU_USD																			
2017.Q2.G.01	VC_DSR_GDPLS	Direct economic loss attributed to disasters, total (millions of current United States dollars)	12	2.678164227	28.15940032	DZA	Algeria	1	ANNUAL	CU_USD																			
2017.Q2.G.01	VC_DSR_GDPLS	Direct economic loss attributed to disasters, total (millions of current United States dollars)	16	-170.7187269	-14.30587306	ASM	American Samoa	1	ANNUAL	CU_USD																			
2017.Q2.G.01	VC_DSR_GDPLS	Direct economic loss attributed to disasters, total (millions of current United States dollars)	20	1.576257417	42.54548611	AND	Andorra	1	ANNUAL	CU_USD																			
2017.Q2.G.01	VC_DSR_GDPLS	Direct economic loss attributed to disasters, total (millions of current United States dollars)	24	17.57817062	-12.33724746	AGO	Angola	1	ANNUAL	CU_USD																			
2017.Q2.G.01	VC_DSR_GDPLS	Direct economic loss attributed to disasters, total (millions of current United States dollars)	28	-61.7999755	17.07761471	ATG	Antigua and Barbuda	1	ANNUAL	CU_USD									10938727.11549	28562.120265	11113407.950269		182253.529312	171372.721591	2873899.08035925	2013	171372.721591	UNISDR (2015). Global Assessment Report on Disaster Risk Reduction 2015, Geneva, Switzerland: United Nations Office for Disaster Risk Reduction	E
2017.Q2.G.01	VC_DSR_GDPLS	Direct economic loss attributed to disasters, total (millions of current United States dollars)	31	50.01064725	40.39229544	AZE	Azerbaijan	1	ANNUAL	CU_USD																			
2017.Q2.G.01	VC_DSR_GDPLS	Direct economic loss attributed to disasters, total (millions of current United States dollars)	32	-65.14563274	-35.19446255	ARG	Argentina	1	ANNUAL	CU_USD	506907261.36099	1138335601.86982	1330034748.83862	46491465.661067	1108642666.40324	1006379897.37853	473707315.263135	484872030.403802	123047357.360962	397243463.510325					397243463.510325	2009	397243463.510325	UNISDR (2015). Global Assessment Report on Disaster Risk Reduction 2015, Geneva, Switzerland: United Nations Office for Disaster Risk Reduction	E
2017.Q2.G.01	VC_DSR_GDPLS	Direct economic loss attributed to disasters, total (millions of current United States dollars)	36	134.3499412	-25.57717202	AUS	Australia	1	ANNUAL	CU_USD																			
2017.Q2.G.01	VC_DSR_GDPLS	Direct economic loss attributed to disasters, total (millions of current United States dollars)	40	14.14172472	47.58704857	AUT	Austria	1	ANNUAL	CU_USD																			
2017.Q2.G.01	VC_DSR_GDPLS	Direct economic loss attributed to disasters, total (millions of current United States dollars)	44	-78.05111663	24.69546597	BHS	Bahamas	1	ANNUAL	CU_USD																			
2017.Q2.G.01	VC_DSR_GDPLS	Direct economic loss attributed to disasters, total (millions of current United States dollars)	48	50.5490754	26.04407747	BHR	Bahrain	1	ANNUAL	CU_USD																			
2017.Q2.G.01	VC_DSR_GDPLS	Direct economic loss attributed to disasters, total (millions of current United States dollars)	50	89.17660788	22.86961622	BGD	Bangladesh	1	ANNUAL	CU_USD																			
2017.Q2.G.01	VC_DSR_GDPLS	Direct economic loss attributed to disasters, total (millions of current United States dollars)	51	44.93839317	40.29499741	ARM	Armenia	1	ANNUAL	CU_USD																			
2017.Q2.G.01	VC_DSR_GDPLS	Direct economic loss attributed to disasters, total (millions of current United States dollars)	52	-59.5346489	13.13648273	BRB	Barbados	1	ANNUAL	CU_USD																			
2017.Q2.G.01	VC_DSR_GDPLS	Direct economic loss attributed to disasters, total (millions of current United States dollars)	56	4.660976456	50.64104975	BEL	Belgium	1	ANNUAL	CU_USD																			
2017.Q2.G.01	VC_DSR_GDPLS	Direct economic loss attributed to disasters, total (millions of current United States dollars)	60	-64.78155012	32.27881922	BMU	Bermuda	1	ANNUAL	CU_USD																			
2017.Q2.G.01	VC_DSR_GDPLS	Direct economic loss attributed to disasters, total (millions of current United States dollars)	64	90.45098484	27.39598568	BTN	Bhutan	1	ANNUAL	CU_USD										39214389.016303	1160657.703608	50534884.439929	165452.813054	3952207.42161	19005518.2789008	2013	3952207.42161	UNISDR (2015). Global Assessment Report on Disaster Risk Reduction 2015, Geneva, Switzerland: United Nations Office for Disaster Risk Reduction	E
2017.Q2.G.01	VC_DSR_GDPLS	Direct economic loss attributed to disasters, total (millions of current United States dollars)	68	-64.66224284	-16.71273412	BOL	Bolivia (Plurinational State of)	1	ANNUAL	CU_USD	1914940.973598	6392659.321309	953894.015638	8723317.836374	36519338.802067	89719432.753092	37773447.433571	22015628.777622	99720608.137244	79123607.625557	1283702783.7165	729126796.865429	74246593.401705	37658263.596087	440771609.041056	2013	37658263.596087	UNISDR (2015). Global Assessment Report on Disaster Risk Reduction 2015, Geneva, Switzerland: United Nations Office for Disaster Risk Reduction	E
2017.Q2.G.01	VC_DSR_GDPLS	Direct economic loss attributed to disasters, total (millions of current United States dollars)	70	17.78584332	44.16845548	BIH	Bosnia and Herzegovina	1	ANNUAL	CU_USD																			
2017.Q2.G.01	VC_DSR_GDPLS	Direct economic loss attributed to disasters, total (millions of current United States dollars)	72	23.81380223	-22.18810073	BWA	Botswana	1	ANNUAL	CU_USD																			
2017.Q2.G.01	VC_DSR_GDPLS	Direct economic loss attributed to disasters, total (millions of current United States dollars)	74	3.410732868	-54.43295905	BVT	Bouvet Island	1	ANNUAL	CU_USD																			
2017.Q2.G.01	VC_DSR_GDPLS	Direct economic loss attributed to disasters, total (millions of current United States dollars)	76	-53.08432878	-10.77668561	BRA	Brazil	1	ANNUAL	CU_USD																			
2017.Q2.G.01	VC_DSR_GDPLS	Direct economic loss attributed to disasters, total (millions of current United States dollars)	84	-88.70199554	17.19965901	BLZ	Belize	1	ANNUAL	CU_USD	77754428.276971	52496.992075	271.942187						1679620386.44837		8519555.292515				8519555.292515	2010	8519555.292515	UNISDR (2015). Global Assessment Report on Disaster Risk Reduction 2015, Geneva, Switzerland: United Nations Office for Disaster Risk Reduction	E
2017.Q2.G.01	VC_DSR_GDPLS	Direct economic loss attributed to disasters, total (millions of current United States dollars)	86	72.38715553	-7.299281071	IOT	British Indian Ocean Territory	1	ANNUAL	CU_USD																			
2017.Q2.G.01	VC_DSR_GDPLS	Direct economic loss attributed to disasters, total (millions of current United States dollars)	90	160.1584117	-9.622391719	SLB	Solomon Islands	1	ANNUAL	CU_USD			1422867.006905	852994.251589				50135251.353508		345553.415963	4513972.984151	103085.262745	797337.889074	8829276.952542	2917845.300895	2013	8829276.952542	UNISDR (2015). Global Assessment Report on Disaster Risk Reduction 2015, Geneva, Switzerland: United Nations Office for Disaster Risk Reduction	E
2017.Q2.G.01	VC_DSR_GDPLS	Direct economic loss attributed to disasters, total (millions of current United States dollars)	92	-64.63294223	18.42256578	VGB	British Virgin Islands	1	ANNUAL	CU_USD																			
2017.Q2.G.01	VC_DSR_GDPLS	Direct economic loss attributed to disasters, total (millions of current United States dollars)	96	114.6288563	4.49736984	BRN	Brunei Darussalam	1	ANNUAL	CU_USD																			
2017.Q2.G.01	VC_DSR_GDPLS	Direct economic loss attributed to disasters, total (millions of current United States dollars)	100	25.23763153	42.75731323	BGR	Bulgaria	1	ANNUAL	CU_USD																			
2017.Q2.G.01	VC_DSR_GDPLS	Direct economic loss attributed to disasters, total (millions of current United States dollars)	104	96.51752295	21.19332882	MMR	Myanmar	1	ANNUAL	CU_USD																			
2017.Q2.G.01	VC_DSR_GDPLS	Direct economic loss attributed to disasters, total (millions of current United States dollars)	108	29.89080992	-3.366387428	BDI	Burundi	1	ANNUAL	CU_USD																			
2017.Q2.G.01	VC_DSR_GDPLS	Direct economic loss attributed to disasters, total (millions of current United States dollars)	112	28.04940161	53.54193075	BLR	Belarus	1	ANNUAL	CU_USD																			
2017.Q2.G.01	VC_DSR_GDPLS	Direct economic loss attributed to disasters, total (millions of current United States dollars)	116	104.922836	12.71163737	KHM	Cambodia	1	ANNUAL	CU_USD	236732471.774546	21966916.802583	47566740.722175	19762597.287186	147635486.594378	28011308.302638	44238615.126926	44456014.968167	46913830.781834	919208438.406985	102779143.14238	285114615.312447	23420169.147034	54196469.708399	276943767.143449	2013	54196469.708399	UNISDR (2015). Global Assessment Report on Disaster Risk Reduction 2015, Geneva, Switzerland: United Nations Office for Disaster Risk Reduction	E
2017.Q2.G.01	VC_DSR_GDPLS	Direct economic loss attributed to disasters, total (millions of current United States dollars)	120	12.7419827	5.692387031	CMR	Cameroon	1	ANNUAL	CU_USD																			
2017.Q2.G.01	VC_DSR_GDPLS	Direct economic loss attributed to disasters, total (millions of current United States dollars)	124	-101.6575058	57.72360191	CAN	Canada	1	ANNUAL	CU_USD																			
2017.Q2.G.01	VC_DSR_GDPLS	Direct economic loss attributed to disasters, total (millions of current United States dollars)	132	-23.63544151	15.07791834	CPV	Cabo Verde	1	ANNUAL	CU_USD																			
2017.Q2.G.01	VC_DSR_GDPLS	Direct economic loss attributed to disasters, total (millions of current United States dollars)	136	-81.16740559	19.32266656	CYM	Cayman Islands	1	ANNUAL	CU_USD																			
2017.Q2.G.01	VC_DSR_GDPLS	Direct economic loss attributed to disasters, total (millions of current United States dollars)	140	20.93559492	7.003720791	CAF	Central African Republic	1	ANNUAL	CU_USD																			
2017.Q2.G.01	VC_DSR_GDPLS	Direct economic loss attributed to disasters, total (millions of current United States dollars)	144	80.70489654	7.614693343	LKA	Sri Lanka	1	ANNUAL	CU_USD	503059276.917987	14458717.649605	16608387.52804	166595230.380683	1439493523.21856	59172612.066133	89643897.238536	55245374.458133	50564801.211318	40349113.381943	63559460.508319	375320032.619476	147332162.885347	55274836.101832	136367121.099383	2013	55274836.101832	UNISDR (2015). Global Assessment Report on Disaster Risk Reduction 2015, Geneva, Switzerland: United Nations Office for Disaster Risk Reduction	E
2017.Q2.G.01	VC_DSR_GDPLS	Direct economic loss attributed to disasters, total (millions of current United States dollars)	148	18.66618401	15.36279341	TCD	Chad	1	ANNUAL	CU_USD																			
2017.Q2.G.01	VC_DSR_GDPLS	Direct economic loss attributed to disasters, total (millions of current United States dollars)	152	-71.23029019	-35.2652885	CHL	Chile	1	ANNUAL	CU_USD	53828019.872235	463313359.602632	302008224.933085	46345392.765302	74728203.972648	253614846.655959	79593539.763846	160882456.895924	1826491308.16183	100649514.539817	22406164648.2909	295213725.790772	127086196.94268	81770675.269394	4602176952.16671	2013	81770675.269394	UNISDR (2015). Global Assessment Report on Disaster Risk Reduction 2015, Geneva, Switzerland: United Nations Office for Disaster Risk Reduction	E
2017.Q2.G.01	VC_DSR_GDPLS	Direct economic loss attributed to disasters, total (millions of current United States dollars)	156	104.1403375	32.30955217	CHN	China	1	ANNUAL	CU_USD																			
2017.Q2.G.01	VC_DSR_GDPLS	Direct economic loss attributed to disasters, total (millions of current United States dollars)	162	105.6426067	-10.4882473	CXR	Christmas Island	1	ANNUAL	CU_USD																			
2017.Q2.G.01	VC_DSR_GDPLS	Direct economic loss attributed to disasters, total (millions of current United States dollars)	166	96.82633757	-12.18600682	CCK	Cocos (Keeling) Islands	1	ANNUAL	CU_USD																			
2017.Q2.G.01	VC_DSR_GDPLS	Direct economic loss attributed to disasters, total (millions of current United States dollars)	170	-73.07446751	3.888209046	COL	Colombia	1	ANNUAL	CU_USD	172441754.415393	153083700.772842	125498961.138123	175091980.647792	327409033.521257	675199755.652037	333279407.10759	484462010.454416	1044906209.66071	433716300.695846	1964369878.85666	1969058860.26621	707006928.067918	467528545.008276	1108336102.57898	2013	467528545.008276	UNISDR (2015). Global Assessment Report on Disaster Risk Reduction 2015, Geneva, Switzerland: United Nations Office for Disaster Risk Reduction	E
2017.Q2.G.01	VC_DSR_GDPLS	Direct economic loss attributed to disasters, total (millions of current United States dollars)	174	43.34234565	-11.66121732	COM	Comoros	1	ANNUAL	CU_USD												2856886.341757	3496857.168313	258109.780877	2203951.09698233	2013	258109.780877	UNISDR (2015). Global Assessment Report on Disaster Risk Reduction 2015, Geneva, Switzerland: United Nations Office for Disaster Risk Reduction	E
2017.Q2.G.01	VC_DSR_GDPLS	Direct economic loss attributed to disasters, total (millions of current United States dollars)	175	45.14015057	-12.82217691	MYT	Mayotte	1	ANNUAL	CU_USD																			
2017.Q2.G.01	VC_DSR_GDPLS	Direct economic loss attributed to disasters, total (millions of current United States dollars)	178	15.22052612	-0.840544119	COG	Congo	1	ANNUAL	CU_USD																			
2017.Q2.G.01	VC_DSR_GDPLS	Direct economic loss attributed to disasters, total (millions of current United States dollars)	180	23.65496507	-2.877154732	COD	Democratic Republic of the Congo	1	ANNUAL	CU_USD																			
2017.Q2.G.01	VC_DSR_GDPLS	Direct economic loss attributed to disasters, total (millions of current United States dollars)	184	-159.7711391	-21.22696458	COK	Cook Islands	1	ANNUAL	CU_USD																			
2017.Q2.G.01	VC_DSR_GDPLS	Direct economic loss attributed to disasters, total (millions of current United States dollars)	188	-84.19712782	9.970998683	CRI	Costa Rica	1	ANNUAL	CU_USD	10065728.092643	11286684.935449	29049989.02099	11091258.537332	21718097.729736	18979974.651619	7617524.835925	54116846.66271	24950363.614011	35102431.762714	51216236.928383	14501290.041212	43644384.871079	8370462.65444	30566961.2515656	2013	8370462.65444	UNISDR (2015). Global Assessment Report on Disaster Risk Reduction 2015, Geneva, Switzerland: United Nations Office for Disaster Risk Reduction	E
2017.Q2.G.01	VC_DSR_GDPLS	Direct economic loss attributed to disasters, total (millions of current United States dollars)	191	17.95874553	45.45172212	HRV	Croatia	1	ANNUAL	CU_USD																			
2017.Q2.G.01	VC_DSR_GDPLS	Direct economic loss attributed to disasters, total (millions of current United States dollars)	192	-79.54460144	22.10030366	CUB	Cuba	1	ANNUAL	CU_USD																			
2017.Q2.G.01	VC_DSR_GDPLS	Direct economic loss attributed to disasters, total (millions of current United States dollars)	196	33.22285964	35.05659437	CYP	Cyprus	1	ANNUAL	CU_USD																			
2017.Q2.G.01	VC_DSR_GDPLS	Direct economic loss attributed to disasters, total (millions of current United States dollars)	203	15.33151382	49.73913871	CZE	Czechia	1	ANNUAL	CU_USD																			
2017.Q2.G.01	VC_DSR_GDPLS	Direct economic loss attributed to disasters, total (millions of current United States dollars)	204	2.339933594	9.65401646	BEN	Benin	1	ANNUAL	CU_USD																			
2017.Q2.G.01	VC_DSR_GDPLS	Direct economic loss attributed to disasters, total (millions of current United States dollars)	208	9.326571283	56.03829721	DNK	Denmark	1	ANNUAL	CU_USD																			
2017.Q2.G.01	VC_DSR_GDPLS	Direct economic loss attributed to disasters, total (millions of current United States dollars)	212	-61.3493756	15.43391378	DMA	Dominica	1	ANNUAL	CU_USD								12052533.833949		24496.364044	180223.249753	936985.924688	77863.442855		304892.245335	2012	77863.442855	UNISDR (2015). Global Assessment Report on Disaster Risk Reduction 2015, Geneva, Switzerland: United Nations Office for Disaster Risk Reduction	E
2017.Q2.G.01	VC_DSR_GDPLS	Direct economic loss attributed to disasters, total (millions of current United States dollars)	214	-70.49847576	18.89832088	DOM	Dominican Republic	1	ANNUAL	CU_USD																			
2017.Q2.G.01	VC_DSR_GDPLS	Direct economic loss attributed to disasters, total (millions of current United States dollars)	218	-78.37005241	-1.447785891	ECU	Ecuador	1	ANNUAL	CU_USD	12132879.962057	130162985.253988	524814704.168882	6693447.884943	20438639.739981	15565669.643457	26639596.048728	33211271.087792	84838841.605129	15870377.745074	5750474.028889	629434213.760767	126701168.742041	44365913.60156	164424429.575666	2013	44365913.60156	UNISDR (2015). Global Assessment Report on Disaster Risk Reduction 2015, Geneva, Switzerland: United Nations Office for Disaster Risk Reduction	E
2017.Q2.G.01	VC_DSR_GDPLS	Direct economic loss attributed to disasters, total (millions of current United States dollars)	222	-88.86862995	13.73603564	SLV	El Salvador	1	ANNUAL	CU_USD	9091008.292697	3709042687.19001	81531.090617	7904334.708279	5582686.307566	29706809.961754	36703248.56537	23347663.048179	43464910.095086	17054360.550602	35521884.333218	69508465.798033	1035421.444425	74475.515467	24638921.528349	2013	74475.515467	UNISDR (2015). Global Assessment Report on Disaster Risk Reduction 2015, Geneva, Switzerland: United Nations Office for Disaster Risk Reduction	E
2017.Q2.G.01	VC_DSR_GDPLS	Direct economic loss attributed to disasters, total (millions of current United States dollars)	226	10.46535826	1.565792376	GNQ	Equatorial Guinea	1	ANNUAL	CU_USD																			
2017.Q2.G.01	VC_DSR_GDPLS	Direct economic loss attributed to disasters, total (millions of current United States dollars)	231	39.63505296	8.631223181	ETH	Ethiopia	1	ANNUAL	CU_USD	82501634.346575	51327135.460054	13604740.403846	42208609.579012	37027834.137366	201747209.159587	309507933.450751	58425941.290578	40700692.12115	2666315.246101	29348299.38898		13130664.077298	7217852.497505	13090782.802471	2013	7217852.497505	UNISDR (2015). Global Assessment Report on Disaster Risk Reduction 2015, Geneva, Switzerland: United Nations Office for Disaster Risk Reduction	E
2017.Q2.G.01	VC_DSR_GDPLS	Direct economic loss attributed to disasters, total (millions of current United States dollars)	232	38.11074289	16.12894644	ERI	Eritrea	1	ANNUAL	CU_USD																			
2017.Q2.G.01	VC_DSR_GDPLS	Direct economic loss attributed to disasters, total (millions of current United States dollars)	233	25.84093481	58.68487172	EST	Estonia	1	ANNUAL	CU_USD																			
2017.Q2.G.01	VC_DSR_GDPLS	Direct economic loss attributed to disasters, total (millions of current United States dollars)	234	-7.122044325	62.21228119	FRO	Faroe Islands	1	ANNUAL	CU_USD																			
2017.Q2.G.01	VC_DSR_GDPLS	Direct economic loss attributed to disasters, total (millions of current United States dollars)	238	-58.75246778	-51.74562601	FLK	Falkland Islands (Malvinas)	1	ANNUAL	CU_USD																			
2017.Q2.G.01	VC_DSR_GDPLS	Direct economic loss attributed to disasters, total (millions of current United States dollars)	239	-36.90662765	-54.20736749	SGS	South Georgia and the South Sandwich Islands	1	ANNUAL	CU_USD																			
2017.Q2.G.01	VC_DSR_GDPLS	Direct economic loss attributed to disasters, total (millions of current United States dollars)	242	177.9660884	-17.83301566	FJI	Fiji	1	ANNUAL	CU_USD	236658.782923		44925.057097	83802078.38293	4011165.812262		60167.487184	67387.585646	824695.691001	15163009.003511	17979649.636881	868016.281773	82230521.003544		29060298.9814273	2012	82230521.003544	UNISDR (2015). Global Assessment Report on Disaster Risk Reduction 2015, Geneva, Switzerland: United Nations Office for Disaster Risk Reduction	E
2017.Q2.G.01	VC_DSR_GDPLS	Direct economic loss attributed to disasters, total (millions of current United States dollars)	246	23.308447	61.91586738	FIN	Finland	1	ANNUAL	CU_USD																			
2017.Q2.G.01	VC_DSR_GDPLS	Direct economic loss attributed to disasters, total (millions of current United States dollars)	248	19.80945969	60.1544901	ALA	Åland Islands	1	ANNUAL	CU_USD																			
2017.Q2.G.01	VC_DSR_GDPLS	Direct economic loss attributed to disasters, total (millions of current United States dollars)	250	2.457288129	46.62660861	FRA	France	1	ANNUAL	CU_USD																			
2017.Q2.G.01	VC_DSR_GDPLS	Direct economic loss attributed to disasters, total (millions of current United States dollars)	254	-53.23619089	3.922673437	GUF	French Guiana	1	ANNUAL	CU_USD																			
2017.Q2.G.01	VC_DSR_GDPLS	Direct economic loss attributed to disasters, total (millions of current United States dollars)	258	-149.4052367	-17.67709294	PYF	French Polynesia	1	ANNUAL	CU_USD																			
2017.Q2.G.01	VC_DSR_GDPLS	Direct economic loss attributed to disasters, total (millions of current United States dollars)	260	69.64849091	-49.6068576	ATF	French Southern Territories	1	ANNUAL	CU_USD																			
2017.Q2.G.01	VC_DSR_GDPLS	Direct economic loss attributed to disasters, total (millions of current United States dollars)	262	42.18274707	11.56004161	DJI	Djibouti	1	ANNUAL	CU_USD	473.443507	56507.126121	1420.330521		13072.374494	23544.635884	94978.874947	47575.469221	102301.442914		38745.843895	73935.258253			56340.551074	2011	73935.258253	UNISDR (2015). Global Assessment Report on Disaster Risk Reduction 2015, Geneva, Switzerland: United Nations Office for Disaster Risk Reduction	E
2017.Q2.G.01	VC_DSR_GDPLS	Direct economic loss attributed to disasters, total (millions of current United States dollars)	266	11.78727747	-0.60687619	GAB	Gabon	1	ANNUAL	CU_USD																			
2017.Q2.G.01	VC_DSR_GDPLS	Direct economic loss attributed to disasters, total (millions of current United States dollars)	268	43.3713615	42.04813028	GEO	Georgia	1	ANNUAL	CU_USD																			
2017.Q2.G.01	VC_DSR_GDPLS	Direct economic loss attributed to disasters, total (millions of current United States dollars)	270	-15.39944785	13.45295927	GMB	Gambia	1	ANNUAL	CU_USD																			
2017.Q2.G.01	VC_DSR_GDPLS	Direct economic loss attributed to disasters, total (millions of current United States dollars)	275	35.25694122	31.94347933	PSE	State of Palestine	1	ANNUAL	CU_USD	132365.953666	20033.76596		10732.374622		3577.458207	3577.458207			633210.102673	261154.449125		135943.411873	2270970.469925	825319.608399	2013	2270970.469925	UNISDR (2015). Global Assessment Report on Disaster Risk Reduction 2015, Geneva, Switzerland: United Nations Office for Disaster Risk Reduction	E
2017.Q2.G.01	VC_DSR_GDPLS	Direct economic loss attributed to disasters, total (millions of current United States dollars)	276	10.3806066	51.08862743	DEU	Germany	1	ANNUAL	CU_USD																			
2017.Q2.G.01	VC_DSR_GDPLS	Direct economic loss attributed to disasters, total (millions of current United States dollars)	288	-1.205623522	7.964825185	GHA	Ghana	1	ANNUAL	CU_USD																			
2017.Q2.G.01	VC_DSR_GDPLS	Direct economic loss attributed to disasters, total (millions of current United States dollars)	292	-5.347561686	36.13895036	GIB	Gibraltar	1	ANNUAL	CU_USD																			
2017.Q2.G.01	VC_DSR_GDPLS	Direct economic loss attributed to disasters, total (millions of current United States dollars)	296	-157.5643005	1.768837732	KIR	Kiribati	1	ANNUAL	CU_USD																			
2017.Q2.G.01	VC_DSR_GDPLS	Direct economic loss attributed to disasters, total (millions of current United States dollars)	300	22.58307827	39.47301873	GRC	Greece	1	ANNUAL	CU_USD																			
2017.Q2.G.01	VC_DSR_GDPLS	Direct economic loss attributed to disasters, total (millions of current United States dollars)	304	-41.39371316	74.75625681	GRL	Greenland	1	ANNUAL	CU_USD																			
2017.Q2.G.01	VC_DSR_GDPLS	Direct economic loss attributed to disasters, total (millions of current United States dollars)	308	-61.68248568	12.11238395	GRD	Grenada	1	ANNUAL	CU_USD			93248.681325		129022444.57585	66903122.029535		24982.34211								2007	24982.34211	UNISDR (2015). Global Assessment Report on Disaster Risk Reduction 2015, Geneva, Switzerland: United Nations Office for Disaster Risk Reduction	E
2017.Q2.G.01	VC_DSR_GDPLS	Direct economic loss attributed to disasters, total (millions of current United States dollars)	312	-61.64762115	16.14416917	GLP	Guadeloupe	1	ANNUAL	CU_USD																			
2017.Q2.G.01	VC_DSR_GDPLS	Direct economic loss attributed to disasters, total (millions of current United States dollars)	316	144.7029305	13.35485404	GUM	Guam	1	ANNUAL	CU_USD																			
2017.Q2.G.01	VC_DSR_GDPLS	Direct economic loss attributed to disasters, total (millions of current United States dollars)	320	-91.2312746	15.00273719	GTM	Guatemala	1	ANNUAL	CU_USD	16888443.330996	123150728.243993	11089448.508542	11999821.098708	21049489.927847	453538669.696998	13312261.926743	20660107.965108	91940472.606843	16687938.432087	534180225.80134	39485355.93146	269328676.800463	29465083.183501	177829456.02977	2013	29465083.183501	UNISDR (2015). Global Assessment Report on Disaster Risk Reduction 2015, Geneva, Switzerland: United Nations Office for Disaster Risk Reduction	E
2017.Q2.G.01	VC_DSR_GDPLS	Direct economic loss attributed to disasters, total (millions of current United States dollars)	324	-11.28173419	11.00210343	GIN	Guinea	1	ANNUAL	CU_USD																			
2017.Q2.G.01	VC_DSR_GDPLS	Direct economic loss attributed to disasters, total (millions of current United States dollars)	328	-58.97322037	4.788012784	GUY	Guyana	1	ANNUAL	CU_USD	2503030.174127	54837.005816	411915.183226	126697203.629287	982475.099559	328996924.791123	64698442.531781	5843424.364447	1028468.871182	1079568.15357	1371036.616296	3254320.427391	774349.533297		1619818.6826385	2012	774349.533297	UNISDR (2015). Global Assessment Report on Disaster Risk Reduction 2015, Geneva, Switzerland: United Nations Office for Disaster Risk Reduction	E
2017.Q2.G.01	VC_DSR_GDPLS	Direct economic loss attributed to disasters, total (millions of current United States dollars)	332	-72.33640958	18.40426539	HTI	Haiti	1	ANNUAL	CU_USD																			
2017.Q2.G.01	VC_DSR_GDPLS	Direct economic loss attributed to disasters, total (millions of current United States dollars)	334	73.52633626	-53.09106147	HMD	Heard Island and McDonald Islands	1	ANNUAL	CU_USD																			
2017.Q2.G.01	VC_DSR_GDPLS	Direct economic loss attributed to disasters, total (millions of current United States dollars)	336	12.45315803	41.90343751	VAT	Holy See	1	ANNUAL	CU_USD																			
2017.Q2.G.01	VC_DSR_GDPLS	Direct economic loss attributed to disasters, total (millions of current United States dollars)	340	-86.59974381	14.82243161	HND	Honduras	1	ANNUAL	CU_USD	35905011.613552	33012627.163134	59919620.841477	32772467.798664	7472323.018207	107736040.670611	32226187.50439	42366391.361782	210219576.801862	79328479.454165	157559572.998389	169240398.194959	30259415.412245	31847161.775077	93647005.566967	2013	31847161.775077	UNISDR (2015). Global Assessment Report on Disaster Risk Reduction 2015, Geneva, Switzerland: United Nations Office for Disaster Risk Reduction	E
2017.Q2.G.01	VC_DSR_GDPLS	Direct economic loss attributed to disasters, total (millions of current United States dollars)	344	114.0266445	22.41749934	HKG	China, Hong Kong Special Administrative Region	1	ANNUAL	CU_USD																			
2017.Q2.G.01	VC_DSR_GDPLS	Direct economic loss attributed to disasters, total (millions of current United States dollars)	348	19.41221519	47.1651448	HUN	Hungary	1	ANNUAL	CU_USD																			
2017.Q2.G.01	VC_DSR_GDPLS	Direct economic loss attributed to disasters, total (millions of current United States dollars)	352	-19.02116966	64.79134763	ISL	Iceland	1	ANNUAL	CU_USD																			
2017.Q2.G.01	VC_DSR_GDPLS	Direct economic loss attributed to disasters, total (millions of current United States dollars)	356	79.3608464	22.34642074	IND	India	1	ANNUAL	CU_USD																			
2017.Q2.G.01	VC_DSR_GDPLS	Direct economic loss attributed to disasters, total (millions of current United States dollars)	360	113.9174	-0.994582204	IDN	Indonesia	1	ANNUAL	CU_USD	37878468.002445	216334745.344229	839510816.087197	2371465484.03664	8998903209.27722	2403410349.6722	4551950068.88635	2132175968.64434	748936867.61715	6336341583.74263	108170072.524834	53203952.808347	66631969.121057	68676557.201552	1326604827.07968	2013	68676557.201552	UNISDR (2015). Global Assessment Report on Disaster Risk Reduction 2015, Geneva, Switzerland: United Nations Office for Disaster Risk Reduction	E
2017.Q2.G.01	VC_DSR_GDPLS	Direct economic loss attributed to disasters, total (millions of current United States dollars)	364	54.19766348	32.74370885	IRN	Iran (Islamic Republic of)	1	ANNUAL	CU_USD	58548645.898643	82875162.307507	2243021681.90564	804397939.496177	255706580.483514	417147961.885732	1098560263.71825	116063786.575381	34392667.821282	11631374.97971	80715757.663317	7477613510.18454			2523320214.27586	2011	7477613510.18454	UNISDR (2015). Global Assessment Report on Disaster Risk Reduction 2015, Geneva, Switzerland: United Nations Office for Disaster Risk Reduction	E
2017.Q2.G.01	VC_DSR_GDPLS	Direct economic loss attributed to disasters, total (millions of current United States dollars)	368	43.76606267	33.05013795	IRQ	Iraq	1	ANNUAL	CU_USD																			
2017.Q2.G.01	VC_DSR_GDPLS	Direct economic loss attributed to disasters, total (millions of current United States dollars)	372	-7.121425272	53.25274054	IRL	Ireland	1	ANNUAL	CU_USD																			
2017.Q2.G.01	VC_DSR_GDPLS	Direct economic loss attributed to disasters, total (millions of current United States dollars)	376	34.62277992	31.06164552	ISR	Israel	1	ANNUAL	CU_USD																			
2017.Q2.G.01	VC_DSR_GDPLS	Direct economic loss attributed to disasters, total (millions of current United States dollars)	380	12.57022427	42.79917282	ITA	Italy	1	ANNUAL	CU_USD																			
2017.Q2.G.01	VC_DSR_GDPLS	Direct economic loss attributed to disasters, total (millions of current United States dollars)	384	-5.552690016	7.62211586	CIV	Côte d'Ivoire	1	ANNUAL	CU_USD																			
2017.Q2.G.01	VC_DSR_GDPLS	Direct economic loss attributed to disasters, total (millions of current United States dollars)	388	-77.31068409	18.15616857	JAM	Jamaica	1	ANNUAL	CU_USD	48333.858039	3760318.599266	67626315.882481	669261.34858	559156565.174921	38556973.818469	834190.714319	271926637.673242	69581103.317849	330003.582472	53571488.238111	330003.582472	85156140.299871		34846908.9257315	2012	85156140.299871	UNISDR (2015). Global Assessment Report on Disaster Risk Reduction 2015, Geneva, Switzerland: United Nations Office for Disaster Risk Reduction	E
2017.Q2.G.01	VC_DSR_GDPLS	Direct economic loss attributed to disasters, total (millions of current United States dollars)	392	139.2716103	36.6554539	JPN	Japan	1	ANNUAL	CU_USD																			
2017.Q2.G.01	VC_DSR_GDPLS	Direct economic loss attributed to disasters, total (millions of current United States dollars)	398	66.65359159	48.01963494	KAZ	Kazakhstan	1	ANNUAL	CU_USD																			
2017.Q2.G.01	VC_DSR_GDPLS	Direct economic loss attributed to disasters, total (millions of current United States dollars)	400	37.13024774	30.65365973	JOR	Jordan	1	ANNUAL	CU_USD				1203402.851093		26984.860033	6281098.096444	101193.225122	38858.198447	7133848.480387	397799.479084	296004.02421			2609217.32789367	2011	296004.02421	UNISDR (2015). Global Assessment Report on Disaster Risk Reduction 2015, Geneva, Switzerland: United Nations Office for Disaster Risk Reduction	E
2017.Q2.G.01	VC_DSR_GDPLS	Direct economic loss attributed to disasters, total (millions of current United States dollars)	404	37.86096816	0.534797278	KEN	Kenya	1	ANNUAL	CU_USD				336759.625346	280633.021122	308696.323234		19799.287625	372841.608054	11345993.043951	4901256.089016	7067962.548304	9685387.235733		8250149.729251	2012	9685387.235733	UNISDR (2015). Global Assessment Report on Disaster Risk Reduction 2015, Geneva, Switzerland: United Nations Office for Disaster Risk Reduction	E
2017.Q2.G.01	VC_DSR_GDPLS	Direct economic loss attributed to disasters, total (millions of current United States dollars)	408	127.1803633	40.1462645	PRK	Democratic People's Republic of Korea	1	ANNUAL	CU_USD																			
2017.Q2.G.01	VC_DSR_GDPLS	Direct economic loss attributed to disasters, total (millions of current United States dollars)	410	127.8610254	36.45201023	KOR	Republic of Korea	1	ANNUAL	CU_USD																			
2017.Q2.G.01	VC_DSR_GDPLS	Direct economic loss attributed to disasters, total (millions of current United States dollars)	414	47.49305029	29.53949468	KWT	Kuwait	1	ANNUAL	CU_USD																			
2017.Q2.G.01	VC_DSR_GDPLS	Direct economic loss attributed to disasters, total (millions of current United States dollars)	417	74.52324839	41.46204516	KGZ	Kyrgyzstan	1	ANNUAL	CU_USD																			
2017.Q2.G.01	VC_DSR_GDPLS	Direct economic loss attributed to disasters, total (millions of current United States dollars)	418	101.9901968	20.27482773	LAO	Lao People's Democratic Republic	1	ANNUAL	CU_USD	35599368.808523	102728.984485	2336446.435225	34909757.29728	2304540.868444	165364147.618181	9150869.948765	99931277.946517	115237469.390626	265735248.984578	180850719.741625	698498346.662246	9033153.741437		288529367.282471	2012	9033153.741437	UNISDR (2015). Global Assessment Report on Disaster Risk Reduction 2015, Geneva, Switzerland: United Nations Office for Disaster Risk Reduction	E
2017.Q2.G.01	VC_DSR_GDPLS	Direct economic loss attributed to disasters, total (millions of current United States dollars)	422	35.89391711	33.92152458	LBN	Lebanon	1	ANNUAL	CU_USD	236761.899657	1294079.28296	2261242.584243	8278190.801118	8442667.709338	149938.495142	561143.965771	512789.62994	396062.561148	1135961.600011	626771.82348	21798.963395	397707.744508	775517.10645	591551.4475688	2013	775517.10645	UNISDR (2015). Global Assessment Report on Disaster Risk Reduction 2015, Geneva, Switzerland: United Nations Office for Disaster Risk Reduction	E
2017.Q2.G.01	VC_DSR_GDPLS	Direct economic loss attributed to disasters, total (millions of current United States dollars)	426	28.25362195	-29.58041814	LSO	Lesotho	1	ANNUAL	CU_USD																			
2017.Q2.G.01	VC_DSR_GDPLS	Direct economic loss attributed to disasters, total (millions of current United States dollars)	428	26.42461876	56.64196636	LVA	Latvia	1	ANNUAL	CU_USD																			
2017.Q2.G.01	VC_DSR_GDPLS	Direct economic loss attributed to disasters, total (millions of current United States dollars)	430	-9.311879038	6.448381009	LBR	Liberia	1	ANNUAL	CU_USD																			
2017.Q2.G.01	VC_DSR_GDPLS	Direct economic loss attributed to disasters, total (millions of current United States dollars)	434	18.0295985	27.04042819	LBY	Libya	1	ANNUAL	CU_USD																			
2017.Q2.G.01	VC_DSR_GDPLS	Direct economic loss attributed to disasters, total (millions of current United States dollars)	438	9.552985019	47.14167005	LIE	Liechtenstein	1	ANNUAL	CU_USD																			
2017.Q2.G.01	VC_DSR_GDPLS	Direct economic loss attributed to disasters, total (millions of current United States dollars)	440	23.90517807	55.33680309	LTU	Lithuania	1	ANNUAL	CU_USD																			
2017.Q2.G.01	VC_DSR_GDPLS	Direct economic loss attributed to disasters, total (millions of current United States dollars)	442	6.092656563	49.77679538	LUX	Luxembourg	1	ANNUAL	CU_USD																			
2017.Q2.G.01	VC_DSR_GDPLS	Direct economic loss attributed to disasters, total (millions of current United States dollars)	446	113.5665388	22.1237259	MAC	China, Macao Special Administrative Region	1	ANNUAL	CU_USD																			
2017.Q2.G.01	VC_DSR_GDPLS	Direct economic loss attributed to disasters, total (millions of current United States dollars)	450	46.6982339	-19.38514785	MDG	Madagascar	1	ANNUAL	CU_USD	35284533.33154	42010566.145854	7402872.381902	26487997.323992	2263889907.89065	55163364.529096	109931480.712569	1226077977.04076	2729973102.21289	101324757.256379	656741285.167923	269427071.514639	1041969940.11923	273100804.614014	468512771.734437	2013	273100804.614014	UNISDR (2015). Global Assessment Report on Disaster Risk Reduction 2015, Geneva, Switzerland: United Nations Office for Disaster Risk Reduction	E
2017.Q2.G.01	VC_DSR_GDPLS	Direct economic loss attributed to disasters, total (millions of current United States dollars)	454	33.4884625	-13.40819859	MWI	Malawi	1	ANNUAL	CU_USD																			
2017.Q2.G.01	VC_DSR_GDPLS	Direct economic loss attributed to disasters, total (millions of current United States dollars)	458	116.8346314	5.452415309	MYS	Malaysia	1	ANNUAL	CU_USD																			
2017.Q2.G.01	VC_DSR_GDPLS	Direct economic loss attributed to disasters, total (millions of current United States dollars)	462	73.09672546	-0.614385021	MDV	Maldives	1	ANNUAL	CU_USD	3594876.185584	158308.044354	336297.629358	168861.913978	74926336.113714	1109012.02964	2481585.560151	2483867.477907	116377.805579							2008	116377.805579	UNISDR (2015). Global Assessment Report on Disaster Risk Reduction 2015, Geneva, Switzerland: United Nations Office for Disaster Risk Reduction	E
2017.Q2.G.01	VC_DSR_GDPLS	Direct economic loss attributed to disasters, total (millions of current United States dollars)	466	-3.522016039	17.35311254	MLI	Mali	1	ANNUAL	CU_USD					197659.805152			9029917.142983	3203364.488972	3358809.856237	2346148.979431	265384.061087			1990114.29891833	2011	265384.061087	UNISDR (2015). Global Assessment Report on Disaster Risk Reduction 2015, Geneva, Switzerland: United Nations Office for Disaster Risk Reduction	E
2017.Q2.G.01	VC_DSR_GDPLS	Direct economic loss attributed to disasters, total (millions of current United States dollars)	470	14.44617519	35.89194275	MLT	Malta	1	ANNUAL	CU_USD																			
2017.Q2.G.01	VC_DSR_GDPLS	Direct economic loss attributed to disasters, total (millions of current United States dollars)	474	-60.91544135	14.56086108	MTQ	Martinique	1	ANNUAL	CU_USD																			
2017.Q2.G.01	VC_DSR_GDPLS	Direct economic loss attributed to disasters, total (millions of current United States dollars)	478	-10.33187259	20.26089546	MRT	Mauritania	1	ANNUAL	CU_USD																			
2017.Q2.G.01	VC_DSR_GDPLS	Direct economic loss attributed to disasters, total (millions of current United States dollars)	480	57.568022	-20.28581998	MUS	Mauritius	1	ANNUAL	CU_USD	128691.73468	27576.800289	484432.458403	5630277.405265	86407.307571	119499.467917	9192.266763	281283.362944	4189835.190517	830980.915364	174653.068495	13788.400144	4596.133381	1320009.507148	468805.6049064	2013	1320009.507148	UNISDR (2015). Global Assessment Report on Disaster Risk Reduction 2015, Geneva, Switzerland: United Nations Office for Disaster Risk Reduction	E
2017.Q2.G.01	VC_DSR_GDPLS	Direct economic loss attributed to disasters, total (millions of current United States dollars)	484	-102.5148166	23.93378032	MEX	Mexico	1	ANNUAL	CU_USD	886638050.698555	147258817.75229	802491069.935806	1034455213.39394	421357251.04319	9132104726.8019	829144514.63915	4711986329.85619	1597152906.78718	2060439608.6921	4382457082.90274	4445615708.63743	1319627449.87757	2416961243.16656	2925020218.65528	2013	2416961243.16656	UNISDR (2015). Global Assessment Report on Disaster Risk Reduction 2015, Geneva, Switzerland: United Nations Office for Disaster Risk Reduction	E
2017.Q2.G.01	VC_DSR_GDPLS	Direct economic loss attributed to disasters, total (millions of current United States dollars)	492	7.424214814	43.73532918	MCO	Monaco	1	ANNUAL	CU_USD																			
2017.Q2.G.01	VC_DSR_GDPLS	Direct economic loss attributed to disasters, total (millions of current United States dollars)	496	103.0728057	46.83892054	MNG	Mongolia	1	ANNUAL	CU_USD																			
2017.Q2.G.01	VC_DSR_GDPLS	Direct economic loss attributed to disasters, total (millions of current United States dollars)	498	28.4650624	47.20236795	MDA	Republic of Moldova	1	ANNUAL	CU_USD																			
2017.Q2.G.01	VC_DSR_GDPLS	Direct economic loss attributed to disasters, total (millions of current United States dollars)	499	19.25214024	42.78717043	MNE	Montenegro	1	ANNUAL	CU_USD																			
2017.Q2.G.01	VC_DSR_GDPLS	Direct economic loss attributed to disasters, total (millions of current United States dollars)	500	-62.19261223	16.73558313	MSR	Montserrat	1	ANNUAL	CU_USD																			
2017.Q2.G.01	VC_DSR_GDPLS	Direct economic loss attributed to disasters, total (millions of current United States dollars)	504	-6.281942841	31.8440131	MAR	Morocco	1	ANNUAL	CU_USD	2801104.175166		3599592.048192	8672931.800515	78634365.113105	65911555.309654	147273144.971055	293518.065974	5809027.842696	156364845.89902	50573384.06404			154113.98411	69030781.3157233	2013	154113.98411	UNISDR (2015). Global Assessment Report on Disaster Risk Reduction 2015, Geneva, Switzerland: United Nations Office for Disaster Risk Reduction	E
2017.Q2.G.01	VC_DSR_GDPLS	Direct economic loss attributed to disasters, total (millions of current United States dollars)	508	38.18479941	-14.27963886	MOZ	Mozambique	1	ANNUAL	CU_USD	1769909376.67593	248405271.611213	536420009.862349	502786991.585637	734285859.543176	148770589.798621	159459110.100503	819403152.983506	1775596232.94651	171863117.555258	22298774.408467	47396969.955179	161365520.407508		100731095.581603	2012	161365520.407508	UNISDR (2015). Global Assessment Report on Disaster Risk Reduction 2015, Geneva, Switzerland: United Nations Office for Disaster Risk Reduction	E
2017.Q2.G.01	VC_DSR_GDPLS	Direct economic loss attributed to disasters, total (millions of current United States dollars)	512	57.87743482	21.98805614	OMN	Oman	1	ANNUAL	CU_USD																			
2017.Q2.G.01	VC_DSR_GDPLS	Direct economic loss attributed to disasters, total (millions of current United States dollars)	516	17.21907885	-22.13817068	NAM	Namibia	1	ANNUAL	CU_USD																			
2017.Q2.G.01	VC_DSR_GDPLS	Direct economic loss attributed to disasters, total (millions of current United States dollars)	520	166.92313	-0.528742623	NRU	Nauru	1	ANNUAL	CU_USD																			
2017.Q2.G.01	VC_DSR_GDPLS	Direct economic loss attributed to disasters, total (millions of current United States dollars)	524	83.94678863	28.25866332	NPL	Nepal	1	ANNUAL	CU_USD	73837048.034637	143240055.305718	299270904.851297	103054687.412163	87971198.819202	37244373.662491	82381527.139129	250860965.104468	352536413.362847	116312159.170872	205646164.622287	191086829.566483	109869899.903216	78272022.181389	140237415.088849	2013	78272022.181389	UNISDR (2015). Global Assessment Report on Disaster Risk Reduction 2015, Geneva, Switzerland: United Nations Office for Disaster Risk Reduction	E
2017.Q2.G.01	VC_DSR_GDPLS	Direct economic loss attributed to disasters, total (millions of current United States dollars)	528	5.331480568	51.86728884	NLD	Netherlands	1	ANNUAL	CU_USD																			
2017.Q2.G.01	VC_DSR_GDPLS	Direct economic loss attributed to disasters, total (millions of current United States dollars)	530	-68.30676179	12.22720635	ANT	Netherlands Antilles	1	ANNUAL	CU_USD																			
2017.Q2.G.01	VC_DSR_GDPLS	Direct economic loss attributed to disasters, total (millions of current United States dollars)	531	-68.95033464	12.15058042	CUW	Curaçao	1	ANNUAL	CU_USD																			
2017.Q2.G.01	VC_DSR_GDPLS	Direct economic loss attributed to disasters, total (millions of current United States dollars)	533	-69.97050586	12.50878756	ABW	Aruba	1	ANNUAL	CU_USD																			
2017.Q2.G.01	VC_DSR_GDPLS	Direct economic loss attributed to disasters, total (millions of current United States dollars)	534	-63.06198692	18.03926508	SXM	Sint Maarten (Dutch part)	1	ANNUAL	CU_USD																			
2017.Q2.G.01	VC_DSR_GDPLS	Direct economic loss attributed to disasters, total (millions of current United States dollars)	540	165.5067368	-21.41742531	NCL	New Caledonia	1	ANNUAL	CU_USD																			
2017.Q2.G.01	VC_DSR_GDPLS	Direct economic loss attributed to disasters, total (millions of current United States dollars)	548	167.0679779	-15.34445547	VUT	Vanuatu	1	ANNUAL	CU_USD		1881351.519726	387109.366199		520274988.171134			21678.124507	58066.40493	1306881.220287	2588987.441137	1162876.536061	203361.45371		1315526.66279875	2012	203361.45371	UNISDR (2015). Global Assessment Report on Disaster Risk Reduction 2015, Geneva, Switzerland: United Nations Office for Disaster Risk Reduction	E
2017.Q2.G.01	VC_DSR_GDPLS	Direct economic loss attributed to disasters, total (millions of current United States dollars)	554	170.4755673	-43.98721568	NZL	New Zealand	1	ANNUAL	CU_USD																			
2017.Q2.G.01	VC_DSR_GDPLS	Direct economic loss attributed to disasters, total (millions of current United States dollars)	558	-85.03060315	12.84210839	NIC	Nicaragua	1	ANNUAL	CU_USD	81620876.858324	33256270.907864	6112296.221214	8854500.69242	5209776.524273	35616605.840623	763131.90115	308299757.77277	84213148.969526	17008397.849324	40762985.094669	34308350.150964	38079907.43738	15881669.20935	29208261.9483374	2013	15881669.20935	UNISDR (2015). Global Assessment Report on Disaster Risk Reduction 2015, Geneva, Switzerland: United Nations Office for Disaster Risk Reduction	E
2017.Q2.G.01	VC_DSR_GDPLS	Direct economic loss attributed to disasters, total (millions of current United States dollars)	562	9.400167877	17.42143036	NER	Niger	1	ANNUAL	CU_USD	16500675.946985	2905833.730224	415.485382	713873.094168	1914797.008399	1758055.588319	68054602.773451	4626052.163296	2174344.194398	6699019.644074	192858050.189933	7385493.961506	33252361.561173	118729482.909711	71784881.6532794	2013	118729482.909711	UNISDR (2015). Global Assessment Report on Disaster Risk Reduction 2015, Geneva, Switzerland: United Nations Office for Disaster Risk Reduction	E
2017.Q2.G.01	VC_DSR_GDPLS	Direct economic loss attributed to disasters, total (millions of current United States dollars)	566	8.097363256	9.585789025	NGA	Nigeria	1	ANNUAL	CU_USD																			
2017.Q2.G.01	VC_DSR_GDPLS	Direct economic loss attributed to disasters, total (millions of current United States dollars)	570	-169.8601693	-19.05000475	NIU	Niue	1	ANNUAL	CU_USD																			
2017.Q2.G.01	VC_DSR_GDPLS	Direct economic loss attributed to disasters, total (millions of current United States dollars)	574	167.9515548	-29.03230018	NFK	Norfolk Island	1	ANNUAL	CU_USD																			
2017.Q2.G.01	VC_DSR_GDPLS	Direct economic loss attributed to disasters, total (millions of current United States dollars)	578	11.47846389	61.34311134	NOR	Norway	1	ANNUAL	CU_USD																			
2017.Q2.G.01	VC_DSR_GDPLS	Direct economic loss attributed to disasters, total (millions of current United States dollars)	580	145.7582114	15.19099517	MNP	Northern Mariana Islands	1	ANNUAL	CU_USD																			
2017.Q2.G.01	VC_DSR_GDPLS	Direct economic loss attributed to disasters, total (millions of current United States dollars)	581	-162.4343752	5.874443968	UMI	US Minor Outlying Islands	1	ANNUAL	CU_USD																			
2017.Q2.G.01	VC_DSR_GDPLS	Direct economic loss attributed to disasters, total (millions of current United States dollars)	583	158.225216	6.880670092	FSM	Micronesia, Federated States of	1	ANNUAL	CU_USD			9547722.34129	761381.366929	38069068.346452											2004	38069068.346452	UNISDR (2015). Global Assessment Report on Disaster Risk Reduction 2015, Geneva, Switzerland: United Nations Office for Disaster Risk Reduction	E
2017.Q2.G.01	VC_DSR_GDPLS	Direct economic loss attributed to disasters, total (millions of current United States dollars)	584	171.0839119	7.110213497	MHL	Marshall Islands	1	ANNUAL	CU_USD									92375.542119							2008	92375.542119	UNISDR (2015). Global Assessment Report on Disaster Risk Reduction 2015, Geneva, Switzerland: United Nations Office for Disaster Risk Reduction	E
2017.Q2.G.01	VC_DSR_GDPLS	Direct economic loss attributed to disasters, total (millions of current United States dollars)	585	134.5733878	7.502307591	PLW	Palau	1	ANNUAL	CU_USD													4176806.080647		4176806.080647	2012	4176806.080647	UNISDR (2015). Global Assessment Report on Disaster Risk Reduction 2015, Geneva, Switzerland: United Nations Office for Disaster Risk Reduction	E
2017.Q2.G.01	VC_DSR_GDPLS	Direct economic loss attributed to disasters, total (millions of current United States dollars)	586	68.80479684	29.36491634	PAK	Pakistan	1	ANNUAL	CU_USD	145692460.760871	13361341468.5042	13497482470.0798	605641389.070821	263181771.423783	312876750.390558	194200789.482907	347882474.071052	484430461.932896	119848838.942777	345525235.247967	150831392.118419	648254795.55833	551576249.661653	363207302.305829	2013	551576249.661653	UNISDR (2015). Global Assessment Report on Disaster Risk Reduction 2015, Geneva, Switzerland: United Nations Office for Disaster Risk Reduction	E
2017.Q2.G.01	VC_DSR_GDPLS	Direct economic loss attributed to disasters, total (millions of current United States dollars)	591	-81.26616623	8.450965746	PAN	Panama	1	ANNUAL	CU_USD	8677299.493708	9768888.919178	15891457.108198	28438699.357231	38619469.970862	22431924.714766	17927115.013499	20770692.438058	133867508.174079	11708721.780393	444782758.40754	26876884.635395	15126397.759424	4052624.580083	100509477.432567	2013	4052624.580083	UNISDR (2015). Global Assessment Report on Disaster Risk Reduction 2015, Geneva, Switzerland: United Nations Office for Disaster Risk Reduction	E
2017.Q2.G.01	VC_DSR_GDPLS	Direct economic loss attributed to disasters, total (millions of current United States dollars)	598	145.8587761	-6.756057077	PNG	Papua New Guinea	1	ANNUAL	CU_USD	1439888.794027	1072570.224122	16354492.006445	267407.918891	734637.13981		1110771.355392	69376192.935075	108169441.739869	2137794.076846			867606.462115	1382408.130042	1462602.88966767	2013	1382408.130042	UNISDR (2015). Global Assessment Report on Disaster Risk Reduction 2015, Geneva, Switzerland: United Nations Office for Disaster Risk Reduction	E
2017.Q2.G.01	VC_DSR_GDPLS	Direct economic loss attributed to disasters, total (millions of current United States dollars)	600	-60.54854225	-21.70216237	PRY	Paraguay	1	ANNUAL	CU_USD			182508.603078				25811.931007	217900804.597303	38203743.640624	36482687.575514	25811.931007				18254249.7532605	2010	25811.931007	UNISDR (2015). Global Assessment Report on Disaster Risk Reduction 2015, Geneva, Switzerland: United Nations Office for Disaster Risk Reduction	E
2017.Q2.G.01	VC_DSR_GDPLS	Direct economic loss attributed to disasters, total (millions of current United States dollars)	604	-71.82093277	-13.58939705	PER	Peru	1	ANNUAL	CU_USD	98336201.587302	1013392802.02549	111234939.621815	74261787.960265	67176826.990753	136086127.463806	40913131.126513	2310109563.65821	42481934.826682	48080937.69411	53413897.867038	27742011.040363	238250820.12378	53437190.510035	84184971.4470652	2013	53437190.510035	UNISDR (2015). Global Assessment Report on Disaster Risk Reduction 2015, Geneva, Switzerland: United Nations Office for Disaster Risk Reduction	E
2017.Q2.G.01	VC_DSR_GDPLS	Direct economic loss attributed to disasters, total (millions of current United States dollars)	608	120.8601418	14.16591706	PHL	Philippines	1	ANNUAL	CU_USD																			
2017.Q2.G.01	VC_DSR_GDPLS	Direct economic loss attributed to disasters, total (millions of current United States dollars)	612	-128.3225873	-24.37538456	PCN	Pitcairn	1	ANNUAL	CU_USD																			
2017.Q2.G.01	VC_DSR_GDPLS	Direct economic loss attributed to disasters, total (millions of current United States dollars)	616	19.40660158	52.1226733	POL	Poland	1	ANNUAL	CU_USD																			
2017.Q2.G.01	VC_DSR_GDPLS	Direct economic loss attributed to disasters, total (millions of current United States dollars)	620	-7.961599811	39.68509315	PRT	Portugal	1	ANNUAL	CU_USD																			
2017.Q2.G.01	VC_DSR_GDPLS	Direct economic loss attributed to disasters, total (millions of current United States dollars)	624	-14.40182514	12.11760394	GNB	Guinea-Bissau	1	ANNUAL	CU_USD																			
2017.Q2.G.01	VC_DSR_GDPLS	Direct economic loss attributed to disasters, total (millions of current United States dollars)	626	125.9451052	-8.797497247	TLS	Timor-Leste	1	ANNUAL	CU_USD		309325.907956	618651.815912	6711520.846933	3089711.764101		12050230.611539	28062812.589899	1146965.331488	1879367.72976	17686715.481778	3535985.945453	5587021.846681	10727647.658123	7883347.732359	2013	10727647.658123	UNISDR (2015). Global Assessment Report on Disaster Risk Reduction 2015, Geneva, Switzerland: United Nations Office for Disaster Risk Reduction	E
2017.Q2.G.01	VC_DSR_GDPLS	Direct economic loss attributed to disasters, total (millions of current United States dollars)	630	-66.47591017	18.22753799	PRI	Puerto Rico	1	ANNUAL	CU_USD																			
2017.Q2.G.01	VC_DSR_GDPLS	Direct economic loss attributed to disasters, total (millions of current United States dollars)	634	51.19152467	25.28355379	QAT	Qatar	1	ANNUAL	CU_USD																			
2017.Q2.G.01	VC_DSR_GDPLS	Direct economic loss attributed to disasters, total (millions of current United States dollars)	638	55.53171398	-21.13183266	REU	Réunion	1	ANNUAL	CU_USD																			
2017.Q2.G.01	VC_DSR_GDPLS	Direct economic loss attributed to disasters, total (millions of current United States dollars)	642	24.98481009	45.83893563	ROU	Romania	1	ANNUAL	CU_USD																			
2017.Q2.G.01	VC_DSR_GDPLS	Direct economic loss attributed to disasters, total (millions of current United States dollars)	643	99.01404926	61.61899849	RUS	Russian Federation	1	ANNUAL	CU_USD																			
2017.Q2.G.01	VC_DSR_GDPLS	Direct economic loss attributed to disasters, total (millions of current United States dollars)	646	29.92310194	-1.999842114	RWA	Rwanda	1	ANNUAL	CU_USD																			
2017.Q2.G.01	VC_DSR_GDPLS	Direct economic loss attributed to disasters, total (millions of current United States dollars)	652	-62.83173536	17.89513362	BLM	Saint Barthélemy	1	ANNUAL	CU_USD																			
2017.Q2.G.01	VC_DSR_GDPLS	Direct economic loss attributed to disasters, total (millions of current United States dollars)	654	-5.705752501	-15.96503946	SHN	Saint Helena	1	ANNUAL	CU_USD																			
2017.Q2.G.01	VC_DSR_GDPLS	Direct economic loss attributed to disasters, total (millions of current United States dollars)	659	-62.76628613	17.33994219	KNA	Saint Kitts and Nevis	1	ANNUAL	CU_USD					29133.160805		1741887.133514	830409.364618	726248.080063		47932.62028	87399.482414	58266.32161	29133.160805	55682.89627725	2013	29133.160805	UNISDR (2015). Global Assessment Report on Disaster Risk Reduction 2015, Geneva, Switzerland: United Nations Office for Disaster Risk Reduction	E
2017.Q2.G.01	VC_DSR_GDPLS	Direct economic loss attributed to disasters, total (millions of current United States dollars)	660	-63.05651612	18.21525315	AIA	Anguilla	1	ANNUAL	CU_USD																			
2017.Q2.G.01	VC_DSR_GDPLS	Direct economic loss attributed to disasters, total (millions of current United States dollars)	662	-60.96529553	13.89405601	LCA	Saint Lucia	1	ANNUAL	CU_USD			1314055.048522		772476.873814			1717493.730525	338739.388818	23241.124447	1030743.869234	73790.57012		28760.891503	289134.113826	2013	28760.891503	UNISDR (2015). Global Assessment Report on Disaster Risk Reduction 2015, Geneva, Switzerland: United Nations Office for Disaster Risk Reduction	E
2017.Q2.G.01	VC_DSR_GDPLS	Direct economic loss attributed to disasters, total (millions of current United States dollars)	663	-63.04505461	18.0882685	MAF	Saint Martin (French Part)	1	ANNUAL	CU_USD																			
2017.Q2.G.01	VC_DSR_GDPLS	Direct economic loss attributed to disasters, total (millions of current United States dollars)	666	-56.33682442	46.85812735	SPM	Saint Pierre and Miquelon	1	ANNUAL	CU_USD																			
2017.Q2.G.01	VC_DSR_GDPLS	Direct economic loss attributed to disasters, total (millions of current United States dollars)	670	-61.19024321	13.24627968	VCT	Saint Vincent and the Grenadines	1	ANNUAL	CU_USD			3701793.395563	95500.812416	7493128.126116	2848823.341809	45192.348733	310377.640353	185317.052665	23875.203104	12090372.671787	284512.83699		11094320.50155	5873270.30335775	2013	11094320.50155	UNISDR (2015). Global Assessment Report on Disaster Risk Reduction 2015, Geneva, Switzerland: United Nations Office for Disaster Risk Reduction	E
2017.Q2.G.01	VC_DSR_GDPLS	Direct economic loss attributed to disasters, total (millions of current United States dollars)	674	12.46329038	43.93841766	SMR	San Marino	1	ANNUAL	CU_USD																			
2017.Q2.G.01	VC_DSR_GDPLS	Direct economic loss attributed to disasters, total (millions of current United States dollars)	678	6.609772265	0.241554875	STP	Sao Tome and Principe	1	ANNUAL	CU_USD																			
2017.Q2.G.01	VC_DSR_GDPLS	Direct economic loss attributed to disasters, total (millions of current United States dollars)	682	44.54763347	24.12594211	SAU	Saudi Arabia	1	ANNUAL	CU_USD																			
2017.Q2.G.01	VC_DSR_GDPLS	Direct economic loss attributed to disasters, total (millions of current United States dollars)	686	-14.46636926	14.35920905	SEN	Senegal	1	ANNUAL	CU_USD				1096683.57387		11464027.574215	8337.491109	20689.275167	89537453.428312	100505659.284851	3556855.748923	1940662.266497	2197015.128067	17979314.669944	25235901.4196564	2013	17979314.669944	UNISDR (2015). Global Assessment Report on Disaster Risk Reduction 2015, Geneva, Switzerland: United Nations Office for Disaster Risk Reduction	E
2017.Q2.G.01	VC_DSR_GDPLS	Direct economic loss attributed to disasters, total (millions of current United States dollars)	688	20.805876	44.03145697	SRB	Serbia	1	ANNUAL	CU_USD	45181776.084539	6775807.977308	4149792.204992	42045444.185141	974591.823014	40560592.252355	32483870.276002	78376763.589723	1783070.757285	23904691.647481	156369778.110205	48429804.667	236779854.700271	10945148.315039	95285855.4879992	2013	10945148.315039	UNISDR (2015). Global Assessment Report on Disaster Risk Reduction 2015, Geneva, Switzerland: United Nations Office for Disaster Risk Reduction	E
2017.Q2.G.01	VC_DSR_GDPLS	Direct economic loss attributed to disasters, total (millions of current United States dollars)	690	55.46561591	-4.678053059	SYC	Seychelles	1	ANNUAL	CU_USD	104643.471354	119592.538691	523217.356772	303964.369172	857079.860617	164439.7407	229628.680524	242507.092345	78281.347527	107906.383511	86814.652926	114609.516245	172412.576613	5132589.051924	1122866.4362438	2013	5132589.051924	UNISDR (2015). Global Assessment Report on Disaster Risk Reduction 2015, Geneva, Switzerland: United Nations Office for Disaster Risk Reduction	E
2017.Q2.G.01	VC_DSR_GDPLS	Direct economic loss attributed to disasters, total (millions of current United States dollars)	694	-11.78306584	8.568604164	SLE	Sierra Leone	1	ANNUAL	CU_USD							668466.086226			2999402.459738	5804734.120249	5784561.886637	6427290.985153	25398233.30529	9282844.5514134	2013	25398233.30529	UNISDR (2015). Global Assessment Report on Disaster Risk Reduction 2015, Geneva, Switzerland: United Nations Office for Disaster Risk Reduction	E
2017.Q2.G.01	VC_DSR_GDPLS	Direct economic loss attributed to disasters, total (millions of current United States dollars)	702	103.8107883	1.361009155	SGP	Singapore	1	ANNUAL	CU_USD																			
2017.Q2.G.01	VC_DSR_GDPLS	Direct economic loss attributed to disasters, total (millions of current United States dollars)	703	19.48495604	48.70741446	SVK	Slovakia	1	ANNUAL	CU_USD																			
2017.Q2.G.01	VC_DSR_GDPLS	Direct economic loss attributed to disasters, total (millions of current United States dollars)	704	105.802499	10.09643079	VNM	Viet Nam	1	ANNUAL	CU_USD	273853215.384019	264623873.766434	1811636671.59417	164778783.649303	156972567.026108	153469712.619183	2028065202.56276	424786178.775396	243254581.73938	1469526968.29321	593117712.982342				1031322340.63778	2010	593117712.982342	UNISDR (2015). Global Assessment Report on Disaster Risk Reduction 2015, Geneva, Switzerland: United Nations Office for Disaster Risk Reduction	E
2017.Q2.G.01	VC_DSR_GDPLS	Direct economic loss attributed to disasters, total (millions of current United States dollars)	705	14.82209486	46.11958061	SVN	Slovenia	1	ANNUAL	CU_USD																			
2017.Q2.G.01	VC_DSR_GDPLS	Direct economic loss attributed to disasters, total (millions of current United States dollars)	706	46.20367477	4.406485729	SOM	Somalia	1	ANNUAL	CU_USD																			
2017.Q2.G.01	VC_DSR_GDPLS	Direct economic loss attributed to disasters, total (millions of current United States dollars)	710	24.67184355	-29.99957544	ZAF	South Africa	1	ANNUAL	CU_USD																			
2017.Q2.G.01	VC_DSR_GDPLS	Direct economic loss attributed to disasters, total (millions of current United States dollars)	716	29.86909584	-19.00075492	ZWE	Zimbabwe	1	ANNUAL	CU_USD																			
2017.Q2.G.01	VC_DSR_GDPLS	Direct economic loss attributed to disasters, total (millions of current United States dollars)	724	-3.554078296	40.39211472	ESP	Spain	1	ANNUAL	CU_USD	35345115.067806	16619990.007644	15933965.71859	33804243.297414	12274037.390276	231650.711676	18439306.240381	22949092.019604	4432525.538553	15119575.631318	30111055.979669				22615315.8054935	2010	30111055.979669	UNISDR (2015). Global Assessment Report on Disaster Risk Reduction 2015, Geneva, Switzerland: United Nations Office for Disaster Risk Reduction	E
2017.Q2.G.01	VC_DSR_GDPLS	Direct economic loss attributed to disasters, total (millions of current United States dollars)	728	30.32618773	7.290839152	SSD	South Sudan	1	ANNUAL	CU_USD																			
2017.Q2.G.01	VC_DSR_GDPLS	Direct economic loss attributed to disasters, total (millions of current United States dollars)	732	-13.13515523	24.66265342	ESH	Western Sahara	1	ANNUAL	CU_USD																			
2017.Q2.G.01	VC_DSR_GDPLS	Direct economic loss attributed to disasters, total (millions of current United States dollars)	736	29.95650159	16.02643066	SDN	Sudan	1	ANNUAL	CU_USD																			
2017.Q2.G.01	VC_DSR_GDPLS	Direct economic loss attributed to disasters, total (millions of current United States dollars)	740	-55.90626394	4.132603197	SUR	Suriname	1	ANNUAL	CU_USD																			
2017.Q2.G.01	VC_DSR_GDPLS	Direct economic loss attributed to disasters, total (millions of current United States dollars)	744	13.38071013	78.82894131	SJM	Svalbard and Jan Mayen Islands	1	ANNUAL	CU_USD																			
2017.Q2.G.01	VC_DSR_GDPLS	Direct economic loss attributed to disasters, total (millions of current United States dollars)	748	31.50149288	-26.56471011	SWZ	Swaziland	1	ANNUAL	CU_USD																			
2017.Q2.G.01	VC_DSR_GDPLS	Direct economic loss attributed to disasters, total (millions of current United States dollars)	752	14.3775338	60.60103109	SWE	Sweden	1	ANNUAL	CU_USD																			
2017.Q2.G.01	VC_DSR_GDPLS	Direct economic loss attributed to disasters, total (millions of current United States dollars)	756	8.223158	46.96617097	CHE	Switzerland	1	ANNUAL	CU_USD																			
2017.Q2.G.01	VC_DSR_GDPLS	Direct economic loss attributed to disasters, total (millions of current United States dollars)	760	38.50466565	35.01676176	SYR	Syrian Arab Republic (Syria)	1	ANNUAL	CU_USD	41261249.370844	77695289.338427	8432970.297576	2531923.160751	13298321.812997	17892421.378979	16298513.372482	6417912.368168	96010511.59257	4004696.509277					4004696.509277	2009	4004696.509277	UNISDR (2015). Global Assessment Report on Disaster Risk Reduction 2015, Geneva, Switzerland: United Nations Office for Disaster Risk Reduction	E
2017.Q2.G.01	VC_DSR_GDPLS	Direct economic loss attributed to disasters, total (millions of current United States dollars)	762	69.294998	38.43069666	TJK	Tajikistan	1	ANNUAL	CU_USD																			
2017.Q2.G.01	VC_DSR_GDPLS	Direct economic loss attributed to disasters, total (millions of current United States dollars)	764	101.0202951	15.13089239	THA	Thailand	1	ANNUAL	CU_USD																			
2017.Q2.G.01	VC_DSR_GDPLS	Direct economic loss attributed to disasters, total (millions of current United States dollars)	768	0.97835765	8.532096072	TGO	Togo	1	ANNUAL	CU_USD																			
2017.Q2.G.01	VC_DSR_GDPLS	Direct economic loss attributed to disasters, total (millions of current United States dollars)	772	-171.8154473	-9.214545558	TKL	Tokelau	1	ANNUAL	CU_USD																			
2017.Q2.G.01	VC_DSR_GDPLS	Direct economic loss attributed to disasters, total (millions of current United States dollars)	776	-175.1959991	-21.19511329	TON	Tonga	1	ANNUAL	CU_USD		7883610.614074					3981.621522			3927471.469557	3560365.965204	803225.781757			2763687.73883933	2011	803225.781757	UNISDR (2015). Global Assessment Report on Disaster Risk Reduction 2015, Geneva, Switzerland: United Nations Office for Disaster Risk Reduction	E
2017.Q2.G.01	VC_DSR_GDPLS	Direct economic loss attributed to disasters, total (millions of current United States dollars)	780	-61.29389504	10.41877263	TTO	Trinidad and Tobago	1	ANNUAL	CU_USD																			
2017.Q2.G.01	VC_DSR_GDPLS	Direct economic loss attributed to disasters, total (millions of current United States dollars)	784	53.98279159	23.43322219	ARE	United Arab Emirates	1	ANNUAL	CU_USD																			
2017.Q2.G.01	VC_DSR_GDPLS	Direct economic loss attributed to disasters, total (millions of current United States dollars)	788	9.572737411	34.11439971	TUN	Tunisia	1	ANNUAL	CU_USD	10563341.525286	12414468.184235	56114.072507	5079908.458378	14317091.488015	68676.534268	953460.241647	1495851.702335	11326872.850416	27956339.609909	124725.222178	3015737.754095	57082944.901257	662869.741501	17768523.445788	2013	662869.741501	UNISDR (2015). Global Assessment Report on Disaster Risk Reduction 2015, Geneva, Switzerland: United Nations Office for Disaster Risk Reduction	E
2017.Q2.G.01	VC_DSR_GDPLS	Direct economic loss attributed to disasters, total (millions of current United States dollars)	792	35.42890329	38.9899684	TUR	Turkey	1	ANNUAL	CU_USD	47520571.001531	2525750.897068	89870055.210363	143736346.296928	41204546.291289	38078178.090806	11229417.123122	69549285.011008	3484359.675871	4712034.70144	155894196.780739	464035791.411018	4212338.702548	209428.416587	125812758.002466	2013	209428.416587	UNISDR (2015). Global Assessment Report on Disaster Risk Reduction 2015, Geneva, Switzerland: United Nations Office for Disaster Risk Reduction	E
2017.Q2.G.01	VC_DSR_GDPLS	Direct economic loss attributed to disasters, total (millions of current United States dollars)	795	58.9787665	40.0912346	TKM	Turkmenistan	1	ANNUAL	CU_USD																			
2017.Q2.G.01	VC_DSR_GDPLS	Direct economic loss attributed to disasters, total (millions of current United States dollars)	796	-71.745121	21.80780585	TCA	Turks and Caicos Islands	1	ANNUAL	CU_USD																			
2017.Q2.G.01	VC_DSR_GDPLS	Direct economic loss attributed to disasters, total (millions of current United States dollars)	798	178.6679611	-7.460048071	TUV	Tuvalu	1	ANNUAL	CU_USD																			
2017.Q2.G.01	VC_DSR_GDPLS	Direct economic loss attributed to disasters, total (millions of current United States dollars)	800	32.39100438	1.279557331	UGA	Uganda	1	ANNUAL	CU_USD		155554.410283	6523160.644399	5149130.41944	532427.194152	23886916.613844	3344834.350327	271232076.136909	25788347.190588	17410340.376979	82499565.862097	124988304.366935	529021.516084	6140279.661142	46313502.3566474	2013	6140279.661142	UNISDR (2015). Global Assessment Report on Disaster Risk Reduction 2015, Geneva, Switzerland: United Nations Office for Disaster Risk Reduction	E
2017.Q2.G.01	VC_DSR_GDPLS	Direct economic loss attributed to disasters, total (millions of current United States dollars)	804	31.40270802	49.00735945	UKR	Ukraine	1	ANNUAL	CU_USD																			
2017.Q2.G.01	VC_DSR_GDPLS	Direct economic loss attributed to disasters, total (millions of current United States dollars)	807	21.7007909	41.60048068	MKD	Macedonia, Republic of	1	ANNUAL	CU_USD																			
2017.Q2.G.01	VC_DSR_GDPLS	Direct economic loss attributed to disasters, total (millions of current United States dollars)	818	29.77468534	26.57438204	EGY	Egypt	1	ANNUAL	CU_USD																			
2017.Q2.G.01	VC_DSR_GDPLS	Direct economic loss attributed to disasters, total (millions of current United States dollars)	826	-2.23830539	53.27691757	GBR	United Kingdom	1	ANNUAL	CU_USD																			
2017.Q2.G.01	VC_DSR_GDPLS	Direct economic loss attributed to disasters, total (millions of current United States dollars)	831	-2.200712402	49.71561166	GGY	Guernsey	1	ANNUAL	CU_USD																			
2017.Q2.G.01	VC_DSR_GDPLS	Direct economic loss attributed to disasters, total (millions of current United States dollars)	832	-2.136773508	49.22353354	JEY	Jersey	1	ANNUAL	CU_USD																			
2017.Q2.G.01	VC_DSR_GDPLS	Direct economic loss attributed to disasters, total (millions of current United States dollars)	833	-4.538190305	54.22880901	IMN	Isle of Man	1	ANNUAL	CU_USD																			
2017.Q2.G.01	VC_DSR_GDPLS	Direct economic loss attributed to disasters, total (millions of current United States dollars)	834	34.80521182	-6.265332606	TZA	Tanzania, United Republic of	1	ANNUAL	CU_USD																			
2017.Q2.G.01	VC_DSR_GDPLS	Direct economic loss attributed to disasters, total (millions of current United States dollars)	840	-99.13830311	39.5277871	USA	United States of America	1	ANNUAL	CU_USD																			
2017.Q2.G.01	VC_DSR_GDPLS	Direct economic loss attributed to disasters, total (millions of current United States dollars)	850	-64.76960113	17.73297693	VIR	United States Virgin Islands	1	ANNUAL	CU_USD																			
2017.Q2.G.01	VC_DSR_GDPLS	Direct economic loss attributed to disasters, total (millions of current United States dollars)	854	-1.742843829	12.27491081	BFA	Burkina Faso	1	ANNUAL	CU_USD																			
2017.Q2.G.01	VC_DSR_GDPLS	Direct economic loss attributed to disasters, total (millions of current United States dollars)	858	-56.01387025	-32.8002838	URY	Uruguay	1	ANNUAL	CU_USD	3482855.513171	3651465.764944	7376698.515038		491274.795735	108877541.635688	834958.66842	15013557.057301	2271010.904952	4474917.829695	3081439.16381	1419914.903057			2992090.63218733	2011	1419914.903057	UNISDR (2015). Global Assessment Report on Disaster Risk Reduction 2015, Geneva, Switzerland: United Nations Office for Disaster Risk Reduction	E
2017.Q2.G.01	VC_DSR_GDPLS	Direct economic loss attributed to disasters, total (millions of current United States dollars)	860	63.11944558	41.77560518	UZB	Uzbekistan	1	ANNUAL	CU_USD																			
2017.Q2.G.01	VC_DSR_GDPLS	Direct economic loss attributed to disasters, total (millions of current United States dollars)	862	-66.15642084	7.121324748	VEN	Venezuela (Bolivarian Republic)	1	ANNUAL	CU_USD	31053562.322829	11710481.554929	227717385.415433	18231554.196057	20066267.845849	71107609.533099	101311863.095197	75929302.427197	22359733.428948	32212066.522836	135515859.095051	129624572.003712	79367368.46	17184270.326444	78780827.2816086	2013	17184270.326444	UNISDR (2015). Global Assessment Report on Disaster Risk Reduction 2015, Geneva, Switzerland: United Nations Office for Disaster Risk Reduction	E
2017.Q2.G.01	VC_DSR_GDPLS	Direct economic loss attributed to disasters, total (millions of current United States dollars)	876	-176.2034788	-13.28471201	WLF	Wallis and Futuna Islands	1	ANNUAL	CU_USD																			
2017.Q2.G.01	VC_DSR_GDPLS	Direct economic loss attributed to disasters, total (millions of current United States dollars)	882	-172.4430749	-13.61541469	WSM	Samoa	1	ANNUAL	CU_USD		5066330.710584			261890.325962				52813.365695	22048411.440629					22048411.440629	2009	22048411.440629	UNISDR (2015). Global Assessment Report on Disaster Risk Reduction 2015, Geneva, Switzerland: United Nations Office for Disaster Risk Reduction	E
2017.Q2.G.01	VC_DSR_GDPLS	Direct economic loss attributed to disasters, total (millions of current United States dollars)	887	45.22389143	15.22242099	YEM	Yemen	1	ANNUAL	CU_USD	757894.998083	3955490.085235	31037.604683	466285.875011	38255.652284	1254357.837409	12804816.44381	27966356.24387	72994752.404018	1926724.091247	11627752.866425	970105.597547	1098586.844841	8556282.980869	4835890.4761858	2013	8556282.980869	UNISDR (2015). Global Assessment Report on Disaster Risk Reduction 2015, Geneva, Switzerland: United Nations Office for Disaster Risk Reduction	E
2017.Q2.G.01	VC_DSR_GDPLS	Direct economic loss attributed to disasters, total (millions of current United States dollars)	894	27.850329	-14.59701056	ZMB	Zambia	1	ANNUAL	CU_USD																			
