series.release	series.code	series.description	geoAreaCode	X	Y	ISO3CD	geoAreaName	sliceId	Age	Freq	Location	Sex	Units	Bounds	1990	1991	1992	1993	1994	1995	1996	1997	1998	1999	2000	2001	2002	2003	2004	2005	2006	2007	2008	2009	2010	2011	2012	2013	2014	last.5.years.mean	latest.year	latest.value	latest.source
2017.Q2.G.01	VC_DSR_DMGEDUC	Damage to critical infrastructure, education facilities	4	66.02688198	33.83160199	AFG	Afghanistan	1	ALLAGE	ANNUAL	ALLAREA	BOTHSEX	NUMBER	MP																													
2017.Q2.G.01	VC_DSR_DMGEDUC	Damage to critical infrastructure, education facilities	8	20.06660928	41.13897007	ALB	Albania	1	ALLAGE	ANNUAL	ALLAREA	BOTHSEX	NUMBER	MP						4	1				4		4	1		21	2	1		4	7	2	3			4	2012	3	UNISDR (2015). Global Assessment Report on Disaster Risk Reduction 2015, Geneva, Switzerland: United Nations Office for Disaster Risk Reduction
2017.Q2.G.01	VC_DSR_DMGEDUC	Damage to critical infrastructure, education facilities	10	21.47585697	-80.40897662	ATA	Antarctica	1	ALLAGE	ANNUAL	ALLAREA	BOTHSEX	NUMBER	MP																													
2017.Q2.G.01	VC_DSR_DMGEDUC	Damage to critical infrastructure, education facilities	12	2.678164227	28.15940032	DZA	Algeria	1	ALLAGE	ANNUAL	ALLAREA	BOTHSEX	NUMBER	MP																													
2017.Q2.G.01	VC_DSR_DMGEDUC	Damage to critical infrastructure, education facilities	16	-170.7187269	-14.30587306	ASM	American Samoa	1	ALLAGE	ANNUAL	ALLAREA	BOTHSEX	NUMBER	MP																													
2017.Q2.G.01	VC_DSR_DMGEDUC	Damage to critical infrastructure, education facilities	20	1.576257417	42.54548611	AND	Andorra	1	ALLAGE	ANNUAL	ALLAREA	BOTHSEX	NUMBER	MP																													
2017.Q2.G.01	VC_DSR_DMGEDUC	Damage to critical infrastructure, education facilities	24	17.57817062	-12.33724746	AGO	Angola	1	ALLAGE	ANNUAL	ALLAREA	BOTHSEX	NUMBER	MP																													
2017.Q2.G.01	VC_DSR_DMGEDUC	Damage to critical infrastructure, education facilities	28	-61.7999755	17.07761471	ATG	Antigua and Barbuda	1	ALLAGE	ANNUAL	ALLAREA	BOTHSEX	NUMBER	MP						46				40												3	2		1	2	2014	1	UNISDR (2015). Global Assessment Report on Disaster Risk Reduction 2015, Geneva, Switzerland: United Nations Office for Disaster Risk Reduction
2017.Q2.G.01	VC_DSR_DMGEDUC	Damage to critical infrastructure, education facilities	31	50.01064725	40.39229544	AZE	Azerbaijan	1	ALLAGE	ANNUAL	ALLAREA	BOTHSEX	NUMBER	MP																													
2017.Q2.G.01	VC_DSR_DMGEDUC	Damage to critical infrastructure, education facilities	32	-65.14563274	-35.19446255	ARG	Argentina	1	ALLAGE	ANNUAL	ALLAREA	BOTHSEX	NUMBER	MP																													
2017.Q2.G.01	VC_DSR_DMGEDUC	Damage to critical infrastructure, education facilities	36	134.3499412	-25.57717202	AUS	Australia	1	ALLAGE	ANNUAL	ALLAREA	BOTHSEX	NUMBER	MP																													
2017.Q2.G.01	VC_DSR_DMGEDUC	Damage to critical infrastructure, education facilities	40	14.14172472	47.58704857	AUT	Austria	1	ALLAGE	ANNUAL	ALLAREA	BOTHSEX	NUMBER	MP																													
2017.Q2.G.01	VC_DSR_DMGEDUC	Damage to critical infrastructure, education facilities	44	-78.05111663	24.69546597	BHS	Bahamas	1	ALLAGE	ANNUAL	ALLAREA	BOTHSEX	NUMBER	MP																													
2017.Q2.G.01	VC_DSR_DMGEDUC	Damage to critical infrastructure, education facilities	48	50.5490754	26.04407747	BHR	Bahrain	1	ALLAGE	ANNUAL	ALLAREA	BOTHSEX	NUMBER	MP																													
2017.Q2.G.01	VC_DSR_DMGEDUC	Damage to critical infrastructure, education facilities	50	89.17660788	22.86961622	BGD	Bangladesh	1	ALLAGE	ANNUAL	ALLAREA	BOTHSEX	NUMBER	MP																													
2017.Q2.G.01	VC_DSR_DMGEDUC	Damage to critical infrastructure, education facilities	51	44.93839317	40.29499741	ARM	Armenia	1	ALLAGE	ANNUAL	ALLAREA	BOTHSEX	NUMBER	MP																													
2017.Q2.G.01	VC_DSR_DMGEDUC	Damage to critical infrastructure, education facilities	52	-59.5346489	13.13648273	BRB	Barbados	1	ALLAGE	ANNUAL	ALLAREA	BOTHSEX	NUMBER	MP																													
2017.Q2.G.01	VC_DSR_DMGEDUC	Damage to critical infrastructure, education facilities	56	4.660976456	50.64104975	BEL	Belgium	1	ALLAGE	ANNUAL	ALLAREA	BOTHSEX	NUMBER	MP																													
2017.Q2.G.01	VC_DSR_DMGEDUC	Damage to critical infrastructure, education facilities	60	-64.78155012	32.27881922	BMU	Bermuda	1	ALLAGE	ANNUAL	ALLAREA	BOTHSEX	NUMBER	MP																													
2017.Q2.G.01	VC_DSR_DMGEDUC	Damage to critical infrastructure, education facilities	64	90.45098484	27.39598568	BTN	Bhutan	1	ALLAGE	ANNUAL	ALLAREA	BOTHSEX	NUMBER	MP																													
2017.Q2.G.01	VC_DSR_DMGEDUC	Damage to critical infrastructure, education facilities	68	-64.66224284	-16.71273412	BOL	Bolivia (Plurinational State of)	1	ALLAGE	ANNUAL	ALLAREA	BOTHSEX	NUMBER	MP																													
2017.Q2.G.01	VC_DSR_DMGEDUC	Damage to critical infrastructure, education facilities	70	17.78584332	44.16845548	BIH	Bosnia and Herzegovina	1	ALLAGE	ANNUAL	ALLAREA	BOTHSEX	NUMBER	MP																													
2017.Q2.G.01	VC_DSR_DMGEDUC	Damage to critical infrastructure, education facilities	72	23.81380223	-22.18810073	BWA	Botswana	1	ALLAGE	ANNUAL	ALLAREA	BOTHSEX	NUMBER	MP																													
2017.Q2.G.01	VC_DSR_DMGEDUC	Damage to critical infrastructure, education facilities	74	3.410732868	-54.43295905	BVT	Bouvet Island	1	ALLAGE	ANNUAL	ALLAREA	BOTHSEX	NUMBER	MP																													
2017.Q2.G.01	VC_DSR_DMGEDUC	Damage to critical infrastructure, education facilities	76	-53.08432878	-10.77668561	BRA	Brazil	1	ALLAGE	ANNUAL	ALLAREA	BOTHSEX	NUMBER	MP																													
2017.Q2.G.01	VC_DSR_DMGEDUC	Damage to critical infrastructure, education facilities	84	-88.70199554	17.19965901	BLZ	Belize	1	ALLAGE	ANNUAL	ALLAREA	BOTHSEX	NUMBER	MP																													
2017.Q2.G.01	VC_DSR_DMGEDUC	Damage to critical infrastructure, education facilities	86	72.38715553	-7.299281071	IOT	British Indian Ocean Territory	1	ALLAGE	ANNUAL	ALLAREA	BOTHSEX	NUMBER	MP																													
2017.Q2.G.01	VC_DSR_DMGEDUC	Damage to critical infrastructure, education facilities	90	160.1584117	-9.622391719	SLB	Solomon Islands	1	ALLAGE	ANNUAL	ALLAREA	BOTHSEX	NUMBER	MP																													
2017.Q2.G.01	VC_DSR_DMGEDUC	Damage to critical infrastructure, education facilities	92	-64.63294223	18.42256578	VGB	British Virgin Islands	1	ALLAGE	ANNUAL	ALLAREA	BOTHSEX	NUMBER	MP																													
2017.Q2.G.01	VC_DSR_DMGEDUC	Damage to critical infrastructure, education facilities	96	114.6288563	4.49736984	BRN	Brunei Darussalam	1	ALLAGE	ANNUAL	ALLAREA	BOTHSEX	NUMBER	MP																													
2017.Q2.G.01	VC_DSR_DMGEDUC	Damage to critical infrastructure, education facilities	100	25.23763153	42.75731323	BGR	Bulgaria	1	ALLAGE	ANNUAL	ALLAREA	BOTHSEX	NUMBER	MP																													
2017.Q2.G.01	VC_DSR_DMGEDUC	Damage to critical infrastructure, education facilities	104	96.51752295	21.19332882	MMR	Myanmar	1	ALLAGE	ANNUAL	ALLAREA	BOTHSEX	NUMBER	MP																													
2017.Q2.G.01	VC_DSR_DMGEDUC	Damage to critical infrastructure, education facilities	108	29.89080992	-3.366387428	BDI	Burundi	1	ALLAGE	ANNUAL	ALLAREA	BOTHSEX	NUMBER	MP																													
2017.Q2.G.01	VC_DSR_DMGEDUC	Damage to critical infrastructure, education facilities	112	28.04940161	53.54193075	BLR	Belarus	1	ALLAGE	ANNUAL	ALLAREA	BOTHSEX	NUMBER	MP																													
2017.Q2.G.01	VC_DSR_DMGEDUC	Damage to critical infrastructure, education facilities	116	104.922836	12.71163737	KHM	Cambodia	1	ALLAGE	ANNUAL	ALLAREA	BOTHSEX	NUMBER	MP																													
2017.Q2.G.01	VC_DSR_DMGEDUC	Damage to critical infrastructure, education facilities	120	12.7419827	5.692387031	CMR	Cameroon	1	ALLAGE	ANNUAL	ALLAREA	BOTHSEX	NUMBER	MP																													
2017.Q2.G.01	VC_DSR_DMGEDUC	Damage to critical infrastructure, education facilities	124	-101.6575058	57.72360191	CAN	Canada	1	ALLAGE	ANNUAL	ALLAREA	BOTHSEX	NUMBER	MP																													
2017.Q2.G.01	VC_DSR_DMGEDUC	Damage to critical infrastructure, education facilities	132	-23.63544151	15.07791834	CPV	Cabo Verde	1	ALLAGE	ANNUAL	ALLAREA	BOTHSEX	NUMBER	MP																													
2017.Q2.G.01	VC_DSR_DMGEDUC	Damage to critical infrastructure, education facilities	136	-81.16740559	19.32266656	CYM	Cayman Islands	1	ALLAGE	ANNUAL	ALLAREA	BOTHSEX	NUMBER	MP																													
2017.Q2.G.01	VC_DSR_DMGEDUC	Damage to critical infrastructure, education facilities	140	20.93559492	7.003720791	CAF	Central African Republic	1	ALLAGE	ANNUAL	ALLAREA	BOTHSEX	NUMBER	MP																													
2017.Q2.G.01	VC_DSR_DMGEDUC	Damage to critical infrastructure, education facilities	144	80.70489654	7.614693343	LKA	Sri Lanka	1	ALLAGE	ANNUAL	ALLAREA	BOTHSEX	NUMBER	MP															1												2004	1	UNISDR (2015). Global Assessment Report on Disaster Risk Reduction 2015, Geneva, Switzerland: United Nations Office for Disaster Risk Reduction
2017.Q2.G.01	VC_DSR_DMGEDUC	Damage to critical infrastructure, education facilities	148	18.66618401	15.36279341	TCD	Chad	1	ALLAGE	ANNUAL	ALLAREA	BOTHSEX	NUMBER	MP																													
2017.Q2.G.01	VC_DSR_DMGEDUC	Damage to critical infrastructure, education facilities	152	-71.23029019	-35.2652885	CHL	Chile	1	ALLAGE	ANNUAL	ALLAREA	BOTHSEX	NUMBER	MP	10	106		12	3	7	2	2	6	4	3		4				1						2	3		2.5	2013	3	UNISDR (2015). Global Assessment Report on Disaster Risk Reduction 2015, Geneva, Switzerland: United Nations Office for Disaster Risk Reduction
2017.Q2.G.01	VC_DSR_DMGEDUC	Damage to critical infrastructure, education facilities	156	104.1403375	32.30955217	CHN	China	1	ALLAGE	ANNUAL	ALLAREA	BOTHSEX	NUMBER	MP																													
2017.Q2.G.01	VC_DSR_DMGEDUC	Damage to critical infrastructure, education facilities	162	105.6426067	-10.4882473	CXR	Christmas Island	1	ALLAGE	ANNUAL	ALLAREA	BOTHSEX	NUMBER	MP																													
2017.Q2.G.01	VC_DSR_DMGEDUC	Damage to critical infrastructure, education facilities	166	96.82633757	-12.18600682	CCK	Cocos (Keeling) Islands	1	ALLAGE	ANNUAL	ALLAREA	BOTHSEX	NUMBER	MP																													
2017.Q2.G.01	VC_DSR_DMGEDUC	Damage to critical infrastructure, education facilities	170	-73.07446751	3.888209046	COL	Colombia	1	ALLAGE	ANNUAL	ALLAREA	BOTHSEX	NUMBER	MP		1	6	34	12	322	131	161	121	53	62	71	74	46	135	115	111	135	257	111	243	296	657	416	203	363	2014	203	UNISDR (2015). Global Assessment Report on Disaster Risk Reduction 2015, Geneva, Switzerland: United Nations Office for Disaster Risk Reduction
2017.Q2.G.01	VC_DSR_DMGEDUC	Damage to critical infrastructure, education facilities	174	43.34234565	-11.66121732	COM	Comoros	1	ALLAGE	ANNUAL	ALLAREA	BOTHSEX	NUMBER	MP																													
2017.Q2.G.01	VC_DSR_DMGEDUC	Damage to critical infrastructure, education facilities	175	45.14015057	-12.82217691	MYT	Mayotte	1	ALLAGE	ANNUAL	ALLAREA	BOTHSEX	NUMBER	MP																													
2017.Q2.G.01	VC_DSR_DMGEDUC	Damage to critical infrastructure, education facilities	178	15.22052612	-0.840544119	COG	Congo	1	ALLAGE	ANNUAL	ALLAREA	BOTHSEX	NUMBER	MP																													
2017.Q2.G.01	VC_DSR_DMGEDUC	Damage to critical infrastructure, education facilities	180	23.65496507	-2.877154732	COD	Democratic Republic of the Congo	1	ALLAGE	ANNUAL	ALLAREA	BOTHSEX	NUMBER	MP																													
2017.Q2.G.01	VC_DSR_DMGEDUC	Damage to critical infrastructure, education facilities	184	-159.7711391	-21.22696458	COK	Cook Islands	1	ALLAGE	ANNUAL	ALLAREA	BOTHSEX	NUMBER	MP																													
2017.Q2.G.01	VC_DSR_DMGEDUC	Damage to critical infrastructure, education facilities	188	-84.19712782	9.970998683	CRI	Costa Rica	1	ALLAGE	ANNUAL	ALLAREA	BOTHSEX	NUMBER	MP	2			5	1		3		45	11	5	5	4	7	94	17	15	21	25	4	17	9	206	11	35	55.6	2014	35	UNISDR (2015). Global Assessment Report on Disaster Risk Reduction 2015, Geneva, Switzerland: United Nations Office for Disaster Risk Reduction
2017.Q2.G.01	VC_DSR_DMGEDUC	Damage to critical infrastructure, education facilities	191	17.95874553	45.45172212	HRV	Croatia	1	ALLAGE	ANNUAL	ALLAREA	BOTHSEX	NUMBER	MP																													
2017.Q2.G.01	VC_DSR_DMGEDUC	Damage to critical infrastructure, education facilities	192	-79.54460144	22.10030366	CUB	Cuba	1	ALLAGE	ANNUAL	ALLAREA	BOTHSEX	NUMBER	MP																													
2017.Q2.G.01	VC_DSR_DMGEDUC	Damage to critical infrastructure, education facilities	196	33.22285964	35.05659437	CYP	Cyprus	1	ALLAGE	ANNUAL	ALLAREA	BOTHSEX	NUMBER	MP																													
2017.Q2.G.01	VC_DSR_DMGEDUC	Damage to critical infrastructure, education facilities	203	15.33151382	49.73913871	CZE	Czechia	1	ALLAGE	ANNUAL	ALLAREA	BOTHSEX	NUMBER	MP																													
2017.Q2.G.01	VC_DSR_DMGEDUC	Damage to critical infrastructure, education facilities	204	2.339933594	9.65401646	BEN	Benin	1	ALLAGE	ANNUAL	ALLAREA	BOTHSEX	NUMBER	MP																													
2017.Q2.G.01	VC_DSR_DMGEDUC	Damage to critical infrastructure, education facilities	208	9.326571283	56.03829721	DNK	Denmark	1	ALLAGE	ANNUAL	ALLAREA	BOTHSEX	NUMBER	MP																													
2017.Q2.G.01	VC_DSR_DMGEDUC	Damage to critical infrastructure, education facilities	212	-61.3493756	15.43391378	DMA	Dominica	1	ALLAGE	ANNUAL	ALLAREA	BOTHSEX	NUMBER	MP																													
2017.Q2.G.01	VC_DSR_DMGEDUC	Damage to critical infrastructure, education facilities	214	-70.49847576	18.89832088	DOM	Dominican Republic	1	ALLAGE	ANNUAL	ALLAREA	BOTHSEX	NUMBER	MP																													
2017.Q2.G.01	VC_DSR_DMGEDUC	Damage to critical infrastructure, education facilities	218	-78.37005241	-1.447785891	ECU	Ecuador	1	ALLAGE	ANNUAL	ALLAREA	BOTHSEX	NUMBER	MP		6	1				1	408	1059	3			805	20	5	68	32	12	3	4		80	111	53	128	93	2014	128	UNISDR (2015). Global Assessment Report on Disaster Risk Reduction 2015, Geneva, Switzerland: United Nations Office for Disaster Risk Reduction
2017.Q2.G.01	VC_DSR_DMGEDUC	Damage to critical infrastructure, education facilities	222	-88.86862995	13.73603564	SLV	El Salvador	1	ALLAGE	ANNUAL	ALLAREA	BOTHSEX	NUMBER	MP	1											8		2	5	1	5	11	15	33	73	30	4	6	13	25.2	2014	13	UNISDR (2015). Global Assessment Report on Disaster Risk Reduction 2015, Geneva, Switzerland: United Nations Office for Disaster Risk Reduction
2017.Q2.G.01	VC_DSR_DMGEDUC	Damage to critical infrastructure, education facilities	226	10.46535826	1.565792376	GNQ	Equatorial Guinea	1	ALLAGE	ANNUAL	ALLAREA	BOTHSEX	NUMBER	MP																													
2017.Q2.G.01	VC_DSR_DMGEDUC	Damage to critical infrastructure, education facilities	231	39.63505296	8.631223181	ETH	Ethiopia	1	ALLAGE	ANNUAL	ALLAREA	BOTHSEX	NUMBER	MP																													
2017.Q2.G.01	VC_DSR_DMGEDUC	Damage to critical infrastructure, education facilities	232	38.11074289	16.12894644	ERI	Eritrea	1	ALLAGE	ANNUAL	ALLAREA	BOTHSEX	NUMBER	MP																													
2017.Q2.G.01	VC_DSR_DMGEDUC	Damage to critical infrastructure, education facilities	233	25.84093481	58.68487172	EST	Estonia	1	ALLAGE	ANNUAL	ALLAREA	BOTHSEX	NUMBER	MP																													
2017.Q2.G.01	VC_DSR_DMGEDUC	Damage to critical infrastructure, education facilities	234	-7.122044325	62.21228119	FRO	Faroe Islands	1	ALLAGE	ANNUAL	ALLAREA	BOTHSEX	NUMBER	MP																													
2017.Q2.G.01	VC_DSR_DMGEDUC	Damage to critical infrastructure, education facilities	238	-58.75246778	-51.74562601	FLK	Falkland Islands (Malvinas)	1	ALLAGE	ANNUAL	ALLAREA	BOTHSEX	NUMBER	MP																													
2017.Q2.G.01	VC_DSR_DMGEDUC	Damage to critical infrastructure, education facilities	239	-36.90662765	-54.20736749	SGS	South Georgia and the South Sandwich Islands	1	ALLAGE	ANNUAL	ALLAREA	BOTHSEX	NUMBER	MP																													
2017.Q2.G.01	VC_DSR_DMGEDUC	Damage to critical infrastructure, education facilities	242	177.9660884	-17.83301566	FJI	Fiji	1	ALLAGE	ANNUAL	ALLAREA	BOTHSEX	NUMBER	MP				4																	72	3	2			25.6666666666667	2012	2	UNISDR (2015). Global Assessment Report on Disaster Risk Reduction 2015, Geneva, Switzerland: United Nations Office for Disaster Risk Reduction
2017.Q2.G.01	VC_DSR_DMGEDUC	Damage to critical infrastructure, education facilities	246	23.308447	61.91586738	FIN	Finland	1	ALLAGE	ANNUAL	ALLAREA	BOTHSEX	NUMBER	MP																													
2017.Q2.G.01	VC_DSR_DMGEDUC	Damage to critical infrastructure, education facilities	248	19.80945969	60.1544901	ALA	Åland Islands	1	ALLAGE	ANNUAL	ALLAREA	BOTHSEX	NUMBER	MP																													
2017.Q2.G.01	VC_DSR_DMGEDUC	Damage to critical infrastructure, education facilities	250	2.457288129	46.62660861	FRA	France	1	ALLAGE	ANNUAL	ALLAREA	BOTHSEX	NUMBER	MP																													
2017.Q2.G.01	VC_DSR_DMGEDUC	Damage to critical infrastructure, education facilities	254	-53.23619089	3.922673437	GUF	French Guiana	1	ALLAGE	ANNUAL	ALLAREA	BOTHSEX	NUMBER	MP																													
2017.Q2.G.01	VC_DSR_DMGEDUC	Damage to critical infrastructure, education facilities	258	-149.4052367	-17.67709294	PYF	French Polynesia	1	ALLAGE	ANNUAL	ALLAREA	BOTHSEX	NUMBER	MP																													
2017.Q2.G.01	VC_DSR_DMGEDUC	Damage to critical infrastructure, education facilities	260	69.64849091	-49.6068576	ATF	French Southern Territories	1	ALLAGE	ANNUAL	ALLAREA	BOTHSEX	NUMBER	MP																													
2017.Q2.G.01	VC_DSR_DMGEDUC	Damage to critical infrastructure, education facilities	262	42.18274707	11.56004161	DJI	Djibouti	1	ALLAGE	ANNUAL	ALLAREA	BOTHSEX	NUMBER	MP																													
2017.Q2.G.01	VC_DSR_DMGEDUC	Damage to critical infrastructure, education facilities	266	11.78727747	-0.60687619	GAB	Gabon	1	ALLAGE	ANNUAL	ALLAREA	BOTHSEX	NUMBER	MP																													
2017.Q2.G.01	VC_DSR_DMGEDUC	Damage to critical infrastructure, education facilities	268	43.3713615	42.04813028	GEO	Georgia	1	ALLAGE	ANNUAL	ALLAREA	BOTHSEX	NUMBER	MP																													
2017.Q2.G.01	VC_DSR_DMGEDUC	Damage to critical infrastructure, education facilities	270	-15.39944785	13.45295927	GMB	Gambia	1	ALLAGE	ANNUAL	ALLAREA	BOTHSEX	NUMBER	MP																													
2017.Q2.G.01	VC_DSR_DMGEDUC	Damage to critical infrastructure, education facilities	275	35.25694122	31.94347933	PSE	State of Palestine	1	ALLAGE	ANNUAL	ALLAREA	BOTHSEX	NUMBER	MP																													
2017.Q2.G.01	VC_DSR_DMGEDUC	Damage to critical infrastructure, education facilities	276	10.3806066	51.08862743	DEU	Germany	1	ALLAGE	ANNUAL	ALLAREA	BOTHSEX	NUMBER	MP																													
2017.Q2.G.01	VC_DSR_DMGEDUC	Damage to critical infrastructure, education facilities	288	-1.205623522	7.964825185	GHA	Ghana	1	ALLAGE	ANNUAL	ALLAREA	BOTHSEX	NUMBER	MP																													
2017.Q2.G.01	VC_DSR_DMGEDUC	Damage to critical infrastructure, education facilities	292	-5.347561686	36.13895036	GIB	Gibraltar	1	ALLAGE	ANNUAL	ALLAREA	BOTHSEX	NUMBER	MP																													
2017.Q2.G.01	VC_DSR_DMGEDUC	Damage to critical infrastructure, education facilities	296	-157.5643005	1.768837732	KIR	Kiribati	1	ALLAGE	ANNUAL	ALLAREA	BOTHSEX	NUMBER	MP																													
2017.Q2.G.01	VC_DSR_DMGEDUC	Damage to critical infrastructure, education facilities	300	22.58307827	39.47301873	GRC	Greece	1	ALLAGE	ANNUAL	ALLAREA	BOTHSEX	NUMBER	MP																													
2017.Q2.G.01	VC_DSR_DMGEDUC	Damage to critical infrastructure, education facilities	304	-41.39371316	74.75625681	GRL	Greenland	1	ALLAGE	ANNUAL	ALLAREA	BOTHSEX	NUMBER	MP																													
2017.Q2.G.01	VC_DSR_DMGEDUC	Damage to critical infrastructure, education facilities	308	-61.68248568	12.11238395	GRD	Grenada	1	ALLAGE	ANNUAL	ALLAREA	BOTHSEX	NUMBER	MP															55	14											2005	14	UNISDR (2015). Global Assessment Report on Disaster Risk Reduction 2015, Geneva, Switzerland: United Nations Office for Disaster Risk Reduction
2017.Q2.G.01	VC_DSR_DMGEDUC	Damage to critical infrastructure, education facilities	312	-61.64762115	16.14416917	GLP	Guadeloupe	1	ALLAGE	ANNUAL	ALLAREA	BOTHSEX	NUMBER	MP																													
2017.Q2.G.01	VC_DSR_DMGEDUC	Damage to critical infrastructure, education facilities	316	144.7029305	13.35485404	GUM	Guam	1	ALLAGE	ANNUAL	ALLAREA	BOTHSEX	NUMBER	MP																													
2017.Q2.G.01	VC_DSR_DMGEDUC	Damage to critical infrastructure, education facilities	320	-91.2312746	15.00273719	GTM	Guatemala	1	ALLAGE	ANNUAL	ALLAREA	BOTHSEX	NUMBER	MP																													
2017.Q2.G.01	VC_DSR_DMGEDUC	Damage to critical infrastructure, education facilities	324	-11.28173419	11.00210343	GIN	Guinea	1	ALLAGE	ANNUAL	ALLAREA	BOTHSEX	NUMBER	MP																													
2017.Q2.G.01	VC_DSR_DMGEDUC	Damage to critical infrastructure, education facilities	328	-58.97322037	4.788012784	GUY	Guyana	1	ALLAGE	ANNUAL	ALLAREA	BOTHSEX	NUMBER	MP																													
2017.Q2.G.01	VC_DSR_DMGEDUC	Damage to critical infrastructure, education facilities	332	-72.33640958	18.40426539	HTI	Haiti	1	ALLAGE	ANNUAL	ALLAREA	BOTHSEX	NUMBER	MP																													
2017.Q2.G.01	VC_DSR_DMGEDUC	Damage to critical infrastructure, education facilities	334	73.52633626	-53.09106147	HMD	Heard Island and McDonald Islands	1	ALLAGE	ANNUAL	ALLAREA	BOTHSEX	NUMBER	MP																													
2017.Q2.G.01	VC_DSR_DMGEDUC	Damage to critical infrastructure, education facilities	336	12.45315803	41.90343751	VAT	Holy See	1	ALLAGE	ANNUAL	ALLAREA	BOTHSEX	NUMBER	MP																													
2017.Q2.G.01	VC_DSR_DMGEDUC	Damage to critical infrastructure, education facilities	340	-86.59974381	14.82243161	HND	Honduras	1	ALLAGE	ANNUAL	ALLAREA	BOTHSEX	NUMBER	MP																													
2017.Q2.G.01	VC_DSR_DMGEDUC	Damage to critical infrastructure, education facilities	344	114.0266445	22.41749934	HKG	China, Hong Kong Special Administrative Region	1	ALLAGE	ANNUAL	ALLAREA	BOTHSEX	NUMBER	MP																													
2017.Q2.G.01	VC_DSR_DMGEDUC	Damage to critical infrastructure, education facilities	348	19.41221519	47.1651448	HUN	Hungary	1	ALLAGE	ANNUAL	ALLAREA	BOTHSEX	NUMBER	MP																													
2017.Q2.G.01	VC_DSR_DMGEDUC	Damage to critical infrastructure, education facilities	352	-19.02116966	64.79134763	ISL	Iceland	1	ALLAGE	ANNUAL	ALLAREA	BOTHSEX	NUMBER	MP																													
2017.Q2.G.01	VC_DSR_DMGEDUC	Damage to critical infrastructure, education facilities	356	79.3608464	22.34642074	IND	India	1	ALLAGE	ANNUAL	ALLAREA	BOTHSEX	NUMBER	MP																													
2017.Q2.G.01	VC_DSR_DMGEDUC	Damage to critical infrastructure, education facilities	360	113.9174	-0.994582204	IDN	Indonesia	1	ALLAGE	ANNUAL	ALLAREA	BOTHSEX	NUMBER	MP	3	1			166				29	57	42	13	69	282	677	286	837	1615	849	1004	1178	578	489	182	33	492	2014	33	UNISDR (2015). Global Assessment Report on Disaster Risk Reduction 2015, Geneva, Switzerland: United Nations Office for Disaster Risk Reduction
2017.Q2.G.01	VC_DSR_DMGEDUC	Damage to critical infrastructure, education facilities	364	54.19766348	32.74370885	IRN	Iran (Islamic Republic of)	1	ALLAGE	ANNUAL	ALLAREA	BOTHSEX	NUMBER	MP																													
2017.Q2.G.01	VC_DSR_DMGEDUC	Damage to critical infrastructure, education facilities	368	43.76606267	33.05013795	IRQ	Iraq	1	ALLAGE	ANNUAL	ALLAREA	BOTHSEX	NUMBER	MP																													
2017.Q2.G.01	VC_DSR_DMGEDUC	Damage to critical infrastructure, education facilities	372	-7.121425272	53.25274054	IRL	Ireland	1	ALLAGE	ANNUAL	ALLAREA	BOTHSEX	NUMBER	MP																													
2017.Q2.G.01	VC_DSR_DMGEDUC	Damage to critical infrastructure, education facilities	376	34.62277992	31.06164552	ISR	Israel	1	ALLAGE	ANNUAL	ALLAREA	BOTHSEX	NUMBER	MP																													
2017.Q2.G.01	VC_DSR_DMGEDUC	Damage to critical infrastructure, education facilities	380	12.57022427	42.79917282	ITA	Italy	1	ALLAGE	ANNUAL	ALLAREA	BOTHSEX	NUMBER	MP																													
2017.Q2.G.01	VC_DSR_DMGEDUC	Damage to critical infrastructure, education facilities	384	-5.552690016	7.62211586	CIV	Côte d'Ivoire	1	ALLAGE	ANNUAL	ALLAREA	BOTHSEX	NUMBER	MP																													
2017.Q2.G.01	VC_DSR_DMGEDUC	Damage to critical infrastructure, education facilities	388	-77.31068409	18.15616857	JAM	Jamaica	1	ALLAGE	ANNUAL	ALLAREA	BOTHSEX	NUMBER	MP		2		2		1						1	16	1	243	5		372	44		128		152			140	2012	152	UNISDR (2015). Global Assessment Report on Disaster Risk Reduction 2015, Geneva, Switzerland: United Nations Office for Disaster Risk Reduction
2017.Q2.G.01	VC_DSR_DMGEDUC	Damage to critical infrastructure, education facilities	392	139.2716103	36.6554539	JPN	Japan	1	ALLAGE	ANNUAL	ALLAREA	BOTHSEX	NUMBER	MP																													
2017.Q2.G.01	VC_DSR_DMGEDUC	Damage to critical infrastructure, education facilities	398	66.65359159	48.01963494	KAZ	Kazakhstan	1	ALLAGE	ANNUAL	ALLAREA	BOTHSEX	NUMBER	MP																													
2017.Q2.G.01	VC_DSR_DMGEDUC	Damage to critical infrastructure, education facilities	400	37.13024774	30.65365973	JOR	Jordan	1	ALLAGE	ANNUAL	ALLAREA	BOTHSEX	NUMBER	MP																													
2017.Q2.G.01	VC_DSR_DMGEDUC	Damage to critical infrastructure, education facilities	404	37.86096816	0.534797278	KEN	Kenya	1	ALLAGE	ANNUAL	ALLAREA	BOTHSEX	NUMBER	MP																													
2017.Q2.G.01	VC_DSR_DMGEDUC	Damage to critical infrastructure, education facilities	408	127.1803633	40.1462645	PRK	Democratic People's Republic of Korea	1	ALLAGE	ANNUAL	ALLAREA	BOTHSEX	NUMBER	MP																													
2017.Q2.G.01	VC_DSR_DMGEDUC	Damage to critical infrastructure, education facilities	410	127.8610254	36.45201023	KOR	Republic of Korea	1	ALLAGE	ANNUAL	ALLAREA	BOTHSEX	NUMBER	MP																													
2017.Q2.G.01	VC_DSR_DMGEDUC	Damage to critical infrastructure, education facilities	414	47.49305029	29.53949468	KWT	Kuwait	1	ALLAGE	ANNUAL	ALLAREA	BOTHSEX	NUMBER	MP																													
2017.Q2.G.01	VC_DSR_DMGEDUC	Damage to critical infrastructure, education facilities	417	74.52324839	41.46204516	KGZ	Kyrgyzstan	1	ALLAGE	ANNUAL	ALLAREA	BOTHSEX	NUMBER	MP																													
2017.Q2.G.01	VC_DSR_DMGEDUC	Damage to critical infrastructure, education facilities	418	101.9901968	20.27482773	LAO	Lao People's Democratic Republic	1	ALLAGE	ANNUAL	ALLAREA	BOTHSEX	NUMBER	MP																													
2017.Q2.G.01	VC_DSR_DMGEDUC	Damage to critical infrastructure, education facilities	422	35.89391711	33.92152458	LBN	Lebanon	1	ALLAGE	ANNUAL	ALLAREA	BOTHSEX	NUMBER	MP								1	1	1					1	2	1	1									2007	1	UNISDR (2015). Global Assessment Report on Disaster Risk Reduction 2015, Geneva, Switzerland: United Nations Office for Disaster Risk Reduction
2017.Q2.G.01	VC_DSR_DMGEDUC	Damage to critical infrastructure, education facilities	426	28.25362195	-29.58041814	LSO	Lesotho	1	ALLAGE	ANNUAL	ALLAREA	BOTHSEX	NUMBER	MP																													
2017.Q2.G.01	VC_DSR_DMGEDUC	Damage to critical infrastructure, education facilities	428	26.42461876	56.64196636	LVA	Latvia	1	ALLAGE	ANNUAL	ALLAREA	BOTHSEX	NUMBER	MP																													
2017.Q2.G.01	VC_DSR_DMGEDUC	Damage to critical infrastructure, education facilities	430	-9.311879038	6.448381009	LBR	Liberia	1	ALLAGE	ANNUAL	ALLAREA	BOTHSEX	NUMBER	MP																													
2017.Q2.G.01	VC_DSR_DMGEDUC	Damage to critical infrastructure, education facilities	434	18.0295985	27.04042819	LBY	Libya	1	ALLAGE	ANNUAL	ALLAREA	BOTHSEX	NUMBER	MP																													
2017.Q2.G.01	VC_DSR_DMGEDUC	Damage to critical infrastructure, education facilities	438	9.552985019	47.14167005	LIE	Liechtenstein	1	ALLAGE	ANNUAL	ALLAREA	BOTHSEX	NUMBER	MP																													
2017.Q2.G.01	VC_DSR_DMGEDUC	Damage to critical infrastructure, education facilities	440	23.90517807	55.33680309	LTU	Lithuania	1	ALLAGE	ANNUAL	ALLAREA	BOTHSEX	NUMBER	MP																													
2017.Q2.G.01	VC_DSR_DMGEDUC	Damage to critical infrastructure, education facilities	442	6.092656563	49.77679538	LUX	Luxembourg	1	ALLAGE	ANNUAL	ALLAREA	BOTHSEX	NUMBER	MP																													
2017.Q2.G.01	VC_DSR_DMGEDUC	Damage to critical infrastructure, education facilities	446	113.5665388	22.1237259	MAC	China, Macao Special Administrative Region	1	ALLAGE	ANNUAL	ALLAREA	BOTHSEX	NUMBER	MP																													
2017.Q2.G.01	VC_DSR_DMGEDUC	Damage to critical infrastructure, education facilities	450	46.6982339	-19.38514785	MDG	Madagascar	1	ALLAGE	ANNUAL	ALLAREA	BOTHSEX	NUMBER	MP																													
2017.Q2.G.01	VC_DSR_DMGEDUC	Damage to critical infrastructure, education facilities	454	33.4884625	-13.40819859	MWI	Malawi	1	ALLAGE	ANNUAL	ALLAREA	BOTHSEX	NUMBER	MP																													
2017.Q2.G.01	VC_DSR_DMGEDUC	Damage to critical infrastructure, education facilities	458	116.8346314	5.452415309	MYS	Malaysia	1	ALLAGE	ANNUAL	ALLAREA	BOTHSEX	NUMBER	MP																													
2017.Q2.G.01	VC_DSR_DMGEDUC	Damage to critical infrastructure, education facilities	462	73.09672546	-0.614385021	MDV	Maldives	1	ALLAGE	ANNUAL	ALLAREA	BOTHSEX	NUMBER	MP																													
2017.Q2.G.01	VC_DSR_DMGEDUC	Damage to critical infrastructure, education facilities	466	-3.522016039	17.35311254	MLI	Mali	1	ALLAGE	ANNUAL	ALLAREA	BOTHSEX	NUMBER	MP																													
2017.Q2.G.01	VC_DSR_DMGEDUC	Damage to critical infrastructure, education facilities	470	14.44617519	35.89194275	MLT	Malta	1	ALLAGE	ANNUAL	ALLAREA	BOTHSEX	NUMBER	MP																													
2017.Q2.G.01	VC_DSR_DMGEDUC	Damage to critical infrastructure, education facilities	474	-60.91544135	14.56086108	MTQ	Martinique	1	ALLAGE	ANNUAL	ALLAREA	BOTHSEX	NUMBER	MP																													
2017.Q2.G.01	VC_DSR_DMGEDUC	Damage to critical infrastructure, education facilities	478	-10.33187259	20.26089546	MRT	Mauritania	1	ALLAGE	ANNUAL	ALLAREA	BOTHSEX	NUMBER	MP																													
2017.Q2.G.01	VC_DSR_DMGEDUC	Damage to critical infrastructure, education facilities	480	57.568022	-20.28581998	MUS	Mauritius	1	ALLAGE	ANNUAL	ALLAREA	BOTHSEX	NUMBER	MP																													
2017.Q2.G.01	VC_DSR_DMGEDUC	Damage to critical infrastructure, education facilities	484	-102.5148166	23.93378032	MEX	Mexico	1	ALLAGE	ANNUAL	ALLAREA	BOTHSEX	NUMBER	MP																													
2017.Q2.G.01	VC_DSR_DMGEDUC	Damage to critical infrastructure, education facilities	492	7.424214814	43.73532918	MCO	Monaco	1	ALLAGE	ANNUAL	ALLAREA	BOTHSEX	NUMBER	MP																													
2017.Q2.G.01	VC_DSR_DMGEDUC	Damage to critical infrastructure, education facilities	496	103.0728057	46.83892054	MNG	Mongolia	1	ALLAGE	ANNUAL	ALLAREA	BOTHSEX	NUMBER	MP																													
2017.Q2.G.01	VC_DSR_DMGEDUC	Damage to critical infrastructure, education facilities	498	28.4650624	47.20236795	MDA	Republic of Moldova	1	ALLAGE	ANNUAL	ALLAREA	BOTHSEX	NUMBER	MP																													
2017.Q2.G.01	VC_DSR_DMGEDUC	Damage to critical infrastructure, education facilities	499	19.25214024	42.78717043	MNE	Montenegro	1	ALLAGE	ANNUAL	ALLAREA	BOTHSEX	NUMBER	MP																													
2017.Q2.G.01	VC_DSR_DMGEDUC	Damage to critical infrastructure, education facilities	500	-62.19261223	16.73558313	MSR	Montserrat	1	ALLAGE	ANNUAL	ALLAREA	BOTHSEX	NUMBER	MP																													
2017.Q2.G.01	VC_DSR_DMGEDUC	Damage to critical infrastructure, education facilities	504	-6.281942841	31.8440131	MAR	Morocco	1	ALLAGE	ANNUAL	ALLAREA	BOTHSEX	NUMBER	MP											1		4		7	1		1	9	494	4					4	2010	4	UNISDR (2015). Global Assessment Report on Disaster Risk Reduction 2015, Geneva, Switzerland: United Nations Office for Disaster Risk Reduction
2017.Q2.G.01	VC_DSR_DMGEDUC	Damage to critical infrastructure, education facilities	508	38.18479941	-14.27963886	MOZ	Mozambique	1	ALLAGE	ANNUAL	ALLAREA	BOTHSEX	NUMBER	MP																													
2017.Q2.G.01	VC_DSR_DMGEDUC	Damage to critical infrastructure, education facilities	512	57.87743482	21.98805614	OMN	Oman	1	ALLAGE	ANNUAL	ALLAREA	BOTHSEX	NUMBER	MP																													
2017.Q2.G.01	VC_DSR_DMGEDUC	Damage to critical infrastructure, education facilities	516	17.21907885	-22.13817068	NAM	Namibia	1	ALLAGE	ANNUAL	ALLAREA	BOTHSEX	NUMBER	MP																													
2017.Q2.G.01	VC_DSR_DMGEDUC	Damage to critical infrastructure, education facilities	520	166.92313	-0.528742623	NRU	Nauru	1	ALLAGE	ANNUAL	ALLAREA	BOTHSEX	NUMBER	MP																													
2017.Q2.G.01	VC_DSR_DMGEDUC	Damage to critical infrastructure, education facilities	524	83.94678863	28.25866332	NPL	Nepal	1	ALLAGE	ANNUAL	ALLAREA	BOTHSEX	NUMBER	MP																													
2017.Q2.G.01	VC_DSR_DMGEDUC	Damage to critical infrastructure, education facilities	528	5.331480568	51.86728884	NLD	Netherlands	1	ALLAGE	ANNUAL	ALLAREA	BOTHSEX	NUMBER	MP																													
2017.Q2.G.01	VC_DSR_DMGEDUC	Damage to critical infrastructure, education facilities	530	-68.30676179	12.22720635	ANT	Netherlands Antilles	1	ALLAGE	ANNUAL	ALLAREA	BOTHSEX	NUMBER	MP																													
2017.Q2.G.01	VC_DSR_DMGEDUC	Damage to critical infrastructure, education facilities	531	-68.95033464	12.15058042	CUW	Curaçao	1	ALLAGE	ANNUAL	ALLAREA	BOTHSEX	NUMBER	MP																													
2017.Q2.G.01	VC_DSR_DMGEDUC	Damage to critical infrastructure, education facilities	533	-69.97050586	12.50878756	ABW	Aruba	1	ALLAGE	ANNUAL	ALLAREA	BOTHSEX	NUMBER	MP																													
2017.Q2.G.01	VC_DSR_DMGEDUC	Damage to critical infrastructure, education facilities	534	-63.06198692	18.03926508	SXM	Sint Maarten (Dutch part)	1	ALLAGE	ANNUAL	ALLAREA	BOTHSEX	NUMBER	MP																													
2017.Q2.G.01	VC_DSR_DMGEDUC	Damage to critical infrastructure, education facilities	540	165.5067368	-21.41742531	NCL	New Caledonia	1	ALLAGE	ANNUAL	ALLAREA	BOTHSEX	NUMBER	MP																													
2017.Q2.G.01	VC_DSR_DMGEDUC	Damage to critical infrastructure, education facilities	548	167.0679779	-15.34445547	VUT	Vanuatu	1	ALLAGE	ANNUAL	ALLAREA	BOTHSEX	NUMBER	MP												6	1		44							1	2			1.5	2012	2	UNISDR (2015). Global Assessment Report on Disaster Risk Reduction 2015, Geneva, Switzerland: United Nations Office for Disaster Risk Reduction
2017.Q2.G.01	VC_DSR_DMGEDUC	Damage to critical infrastructure, education facilities	554	170.4755673	-43.98721568	NZL	New Zealand	1	ALLAGE	ANNUAL	ALLAREA	BOTHSEX	NUMBER	MP																													
2017.Q2.G.01	VC_DSR_DMGEDUC	Damage to critical infrastructure, education facilities	558	-85.03060315	12.84210839	NIC	Nicaragua	1	ALLAGE	ANNUAL	ALLAREA	BOTHSEX	NUMBER	MP																													
2017.Q2.G.01	VC_DSR_DMGEDUC	Damage to critical infrastructure, education facilities	562	9.400167877	17.42143036	NER	Niger	1	ALLAGE	ANNUAL	ALLAREA	BOTHSEX	NUMBER	MP																					1		4	13		6	2013	13	UNISDR (2015). Global Assessment Report on Disaster Risk Reduction 2015, Geneva, Switzerland: United Nations Office for Disaster Risk Reduction
2017.Q2.G.01	VC_DSR_DMGEDUC	Damage to critical infrastructure, education facilities	566	8.097363256	9.585789025	NGA	Nigeria	1	ALLAGE	ANNUAL	ALLAREA	BOTHSEX	NUMBER	MP																													
2017.Q2.G.01	VC_DSR_DMGEDUC	Damage to critical infrastructure, education facilities	570	-169.8601693	-19.05000475	NIU	Niue	1	ALLAGE	ANNUAL	ALLAREA	BOTHSEX	NUMBER	MP																													
2017.Q2.G.01	VC_DSR_DMGEDUC	Damage to critical infrastructure, education facilities	574	167.9515548	-29.03230018	NFK	Norfolk Island	1	ALLAGE	ANNUAL	ALLAREA	BOTHSEX	NUMBER	MP																													
2017.Q2.G.01	VC_DSR_DMGEDUC	Damage to critical infrastructure, education facilities	578	11.47846389	61.34311134	NOR	Norway	1	ALLAGE	ANNUAL	ALLAREA	BOTHSEX	NUMBER	MP																													
2017.Q2.G.01	VC_DSR_DMGEDUC	Damage to critical infrastructure, education facilities	580	145.7582114	15.19099517	MNP	Northern Mariana Islands	1	ALLAGE	ANNUAL	ALLAREA	BOTHSEX	NUMBER	MP																													
2017.Q2.G.01	VC_DSR_DMGEDUC	Damage to critical infrastructure, education facilities	581	-162.4343752	5.874443968	UMI	US Minor Outlying Islands	1	ALLAGE	ANNUAL	ALLAREA	BOTHSEX	NUMBER	MP																													
2017.Q2.G.01	VC_DSR_DMGEDUC	Damage to critical infrastructure, education facilities	583	158.225216	6.880670092	FSM	Micronesia, Federated States of	1	ALLAGE	ANNUAL	ALLAREA	BOTHSEX	NUMBER	MP																													
2017.Q2.G.01	VC_DSR_DMGEDUC	Damage to critical infrastructure, education facilities	584	171.0839119	7.110213497	MHL	Marshall Islands	1	ALLAGE	ANNUAL	ALLAREA	BOTHSEX	NUMBER	MP																													
2017.Q2.G.01	VC_DSR_DMGEDUC	Damage to critical infrastructure, education facilities	585	134.5733878	7.502307591	PLW	Palau	1	ALLAGE	ANNUAL	ALLAREA	BOTHSEX	NUMBER	MP																													
2017.Q2.G.01	VC_DSR_DMGEDUC	Damage to critical infrastructure, education facilities	586	68.80479684	29.36491634	PAK	Pakistan	1	ALLAGE	ANNUAL	ALLAREA	BOTHSEX	NUMBER	MP									2	7	162	517	173	475	450	723	875	20701	553	10412	458	356	363	281	109	313.4	2014	109	UNISDR (2015). Global Assessment Report on Disaster Risk Reduction 2015, Geneva, Switzerland: United Nations Office for Disaster Risk Reduction
2017.Q2.G.01	VC_DSR_DMGEDUC	Damage to critical infrastructure, education facilities	591	-81.26616623	8.450965746	PAN	Panama	1	ALLAGE	ANNUAL	ALLAREA	BOTHSEX	NUMBER	MP			5	3		1	1	3	5			1	2		4		2	3	1	1	5		25		45	25	2014	45	UNISDR (2015). Global Assessment Report on Disaster Risk Reduction 2015, Geneva, Switzerland: United Nations Office for Disaster Risk Reduction
2017.Q2.G.01	VC_DSR_DMGEDUC	Damage to critical infrastructure, education facilities	598	145.8587761	-6.756057077	PNG	Papua New Guinea	1	ALLAGE	ANNUAL	ALLAREA	BOTHSEX	NUMBER	MP										5																	1999	5	UNISDR (2015). Global Assessment Report on Disaster Risk Reduction 2015, Geneva, Switzerland: United Nations Office for Disaster Risk Reduction
2017.Q2.G.01	VC_DSR_DMGEDUC	Damage to critical infrastructure, education facilities	600	-60.54854225	-21.70216237	PRY	Paraguay	1	ALLAGE	ANNUAL	ALLAREA	BOTHSEX	NUMBER	MP																													
2017.Q2.G.01	VC_DSR_DMGEDUC	Damage to critical infrastructure, education facilities	604	-71.82093277	-13.58939705	PER	Peru	1	ALLAGE	ANNUAL	ALLAREA	BOTHSEX	NUMBER	MP																													
2017.Q2.G.01	VC_DSR_DMGEDUC	Damage to critical infrastructure, education facilities	608	120.8601418	14.16591706	PHL	Philippines	1	ALLAGE	ANNUAL	ALLAREA	BOTHSEX	NUMBER	MP																													
2017.Q2.G.01	VC_DSR_DMGEDUC	Damage to critical infrastructure, education facilities	612	-128.3225873	-24.37538456	PCN	Pitcairn	1	ALLAGE	ANNUAL	ALLAREA	BOTHSEX	NUMBER	MP																													
2017.Q2.G.01	VC_DSR_DMGEDUC	Damage to critical infrastructure, education facilities	616	19.40660158	52.1226733	POL	Poland	1	ALLAGE	ANNUAL	ALLAREA	BOTHSEX	NUMBER	MP																													
2017.Q2.G.01	VC_DSR_DMGEDUC	Damage to critical infrastructure, education facilities	620	-7.961599811	39.68509315	PRT	Portugal	1	ALLAGE	ANNUAL	ALLAREA	BOTHSEX	NUMBER	MP																													
2017.Q2.G.01	VC_DSR_DMGEDUC	Damage to critical infrastructure, education facilities	624	-14.40182514	12.11760394	GNB	Guinea-Bissau	1	ALLAGE	ANNUAL	ALLAREA	BOTHSEX	NUMBER	MP																													
2017.Q2.G.01	VC_DSR_DMGEDUC	Damage to critical infrastructure, education facilities	626	125.9451052	-8.797497247	TLS	Timor-Leste	1	ALLAGE	ANNUAL	ALLAREA	BOTHSEX	NUMBER	MP																													
2017.Q2.G.01	VC_DSR_DMGEDUC	Damage to critical infrastructure, education facilities	630	-66.47591017	18.22753799	PRI	Puerto Rico	1	ALLAGE	ANNUAL	ALLAREA	BOTHSEX	NUMBER	MP																													
2017.Q2.G.01	VC_DSR_DMGEDUC	Damage to critical infrastructure, education facilities	634	51.19152467	25.28355379	QAT	Qatar	1	ALLAGE	ANNUAL	ALLAREA	BOTHSEX	NUMBER	MP																													
2017.Q2.G.01	VC_DSR_DMGEDUC	Damage to critical infrastructure, education facilities	638	55.53171398	-21.13183266	REU	Réunion	1	ALLAGE	ANNUAL	ALLAREA	BOTHSEX	NUMBER	MP																													
2017.Q2.G.01	VC_DSR_DMGEDUC	Damage to critical infrastructure, education facilities	642	24.98481009	45.83893563	ROU	Romania	1	ALLAGE	ANNUAL	ALLAREA	BOTHSEX	NUMBER	MP																													
2017.Q2.G.01	VC_DSR_DMGEDUC	Damage to critical infrastructure, education facilities	643	99.01404926	61.61899849	RUS	Russian Federation	1	ALLAGE	ANNUAL	ALLAREA	BOTHSEX	NUMBER	MP																													
2017.Q2.G.01	VC_DSR_DMGEDUC	Damage to critical infrastructure, education facilities	646	29.92310194	-1.999842114	RWA	Rwanda	1	ALLAGE	ANNUAL	ALLAREA	BOTHSEX	NUMBER	MP																													
2017.Q2.G.01	VC_DSR_DMGEDUC	Damage to critical infrastructure, education facilities	652	-62.83173536	17.89513362	BLM	Saint Barthélemy	1	ALLAGE	ANNUAL	ALLAREA	BOTHSEX	NUMBER	MP																													
2017.Q2.G.01	VC_DSR_DMGEDUC	Damage to critical infrastructure, education facilities	654	-5.705752501	-15.96503946	SHN	Saint Helena	1	ALLAGE	ANNUAL	ALLAREA	BOTHSEX	NUMBER	MP																													
2017.Q2.G.01	VC_DSR_DMGEDUC	Damage to critical infrastructure, education facilities	659	-62.76628613	17.33994219	KNA	Saint Kitts and Nevis	1	ALLAGE	ANNUAL	ALLAREA	BOTHSEX	NUMBER	MP						61			26							1	1										2006	1	UNISDR (2015). Global Assessment Report on Disaster Risk Reduction 2015, Geneva, Switzerland: United Nations Office for Disaster Risk Reduction
2017.Q2.G.01	VC_DSR_DMGEDUC	Damage to critical infrastructure, education facilities	660	-63.05651612	18.21525315	AIA	Anguilla	1	ALLAGE	ANNUAL	ALLAREA	BOTHSEX	NUMBER	MP																													
2017.Q2.G.01	VC_DSR_DMGEDUC	Damage to critical infrastructure, education facilities	662	-60.96529553	13.89405601	LCA	Saint Lucia	1	ALLAGE	ANNUAL	ALLAREA	BOTHSEX	NUMBER	MP					5										7				3		20					20	2010	20	UNISDR (2015). Global Assessment Report on Disaster Risk Reduction 2015, Geneva, Switzerland: United Nations Office for Disaster Risk Reduction
2017.Q2.G.01	VC_DSR_DMGEDUC	Damage to critical infrastructure, education facilities	663	-63.04505461	18.0882685	MAF	Saint Martin (French Part)	1	ALLAGE	ANNUAL	ALLAREA	BOTHSEX	NUMBER	MP																													
2017.Q2.G.01	VC_DSR_DMGEDUC	Damage to critical infrastructure, education facilities	666	-56.33682442	46.85812735	SPM	Saint Pierre and Miquelon	1	ALLAGE	ANNUAL	ALLAREA	BOTHSEX	NUMBER	MP																													
2017.Q2.G.01	VC_DSR_DMGEDUC	Damage to critical infrastructure, education facilities	670	-61.19024321	13.24627968	VCT	Saint Vincent and the Grenadines	1	ALLAGE	ANNUAL	ALLAREA	BOTHSEX	NUMBER	MP																													
2017.Q2.G.01	VC_DSR_DMGEDUC	Damage to critical infrastructure, education facilities	674	12.46329038	43.93841766	SMR	San Marino	1	ALLAGE	ANNUAL	ALLAREA	BOTHSEX	NUMBER	MP																													
2017.Q2.G.01	VC_DSR_DMGEDUC	Damage to critical infrastructure, education facilities	678	6.609772265	0.241554875	STP	Sao Tome and Principe	1	ALLAGE	ANNUAL	ALLAREA	BOTHSEX	NUMBER	MP																													
2017.Q2.G.01	VC_DSR_DMGEDUC	Damage to critical infrastructure, education facilities	682	44.54763347	24.12594211	SAU	Saudi Arabia	1	ALLAGE	ANNUAL	ALLAREA	BOTHSEX	NUMBER	MP																													
2017.Q2.G.01	VC_DSR_DMGEDUC	Damage to critical infrastructure, education facilities	686	-14.46636926	14.35920905	SEN	Senegal	1	ALLAGE	ANNUAL	ALLAREA	BOTHSEX	NUMBER	MP																			2	1	2	2	4	11	11	6	2014	11	UNISDR (2015). Global Assessment Report on Disaster Risk Reduction 2015, Geneva, Switzerland: United Nations Office for Disaster Risk Reduction
2017.Q2.G.01	VC_DSR_DMGEDUC	Damage to critical infrastructure, education facilities	688	20.805876	44.03145697	SRB	Serbia	1	ALLAGE	ANNUAL	ALLAREA	BOTHSEX	NUMBER	MP																													
2017.Q2.G.01	VC_DSR_DMGEDUC	Damage to critical infrastructure, education facilities	690	55.46561591	-4.678053059	SYC	Seychelles	1	ALLAGE	ANNUAL	ALLAREA	BOTHSEX	NUMBER	MP															6			1						5		5	2013	5	UNISDR (2015). Global Assessment Report on Disaster Risk Reduction 2015, Geneva, Switzerland: United Nations Office for Disaster Risk Reduction
2017.Q2.G.01	VC_DSR_DMGEDUC	Damage to critical infrastructure, education facilities	694	-11.78306584	8.568604164	SLE	Sierra Leone	1	ALLAGE	ANNUAL	ALLAREA	BOTHSEX	NUMBER	MP																													
2017.Q2.G.01	VC_DSR_DMGEDUC	Damage to critical infrastructure, education facilities	702	103.8107883	1.361009155	SGP	Singapore	1	ALLAGE	ANNUAL	ALLAREA	BOTHSEX	NUMBER	MP																													
2017.Q2.G.01	VC_DSR_DMGEDUC	Damage to critical infrastructure, education facilities	703	19.48495604	48.70741446	SVK	Slovakia	1	ALLAGE	ANNUAL	ALLAREA	BOTHSEX	NUMBER	MP																													
2017.Q2.G.01	VC_DSR_DMGEDUC	Damage to critical infrastructure, education facilities	704	105.802499	10.09643079	VNM	Viet Nam	1	ALLAGE	ANNUAL	ALLAREA	BOTHSEX	NUMBER	MP																													
2017.Q2.G.01	VC_DSR_DMGEDUC	Damage to critical infrastructure, education facilities	705	14.82209486	46.11958061	SVN	Slovenia	1	ALLAGE	ANNUAL	ALLAREA	BOTHSEX	NUMBER	MP																													
2017.Q2.G.01	VC_DSR_DMGEDUC	Damage to critical infrastructure, education facilities	706	46.20367477	4.406485729	SOM	Somalia	1	ALLAGE	ANNUAL	ALLAREA	BOTHSEX	NUMBER	MP																													
2017.Q2.G.01	VC_DSR_DMGEDUC	Damage to critical infrastructure, education facilities	710	24.67184355	-29.99957544	ZAF	South Africa	1	ALLAGE	ANNUAL	ALLAREA	BOTHSEX	NUMBER	MP																													
2017.Q2.G.01	VC_DSR_DMGEDUC	Damage to critical infrastructure, education facilities	716	29.86909584	-19.00075492	ZWE	Zimbabwe	1	ALLAGE	ANNUAL	ALLAREA	BOTHSEX	NUMBER	MP																													
2017.Q2.G.01	VC_DSR_DMGEDUC	Damage to critical infrastructure, education facilities	724	-3.554078296	40.39211472	ESP	Spain	1	ALLAGE	ANNUAL	ALLAREA	BOTHSEX	NUMBER	MP																													
2017.Q2.G.01	VC_DSR_DMGEDUC	Damage to critical infrastructure, education facilities	728	30.32618773	7.290839152	SSD	South Sudan	1	ALLAGE	ANNUAL	ALLAREA	BOTHSEX	NUMBER	MP																													
2017.Q2.G.01	VC_DSR_DMGEDUC	Damage to critical infrastructure, education facilities	732	-13.13515523	24.66265342	ESH	Western Sahara	1	ALLAGE	ANNUAL	ALLAREA	BOTHSEX	NUMBER	MP																													
2017.Q2.G.01	VC_DSR_DMGEDUC	Damage to critical infrastructure, education facilities	736	29.95650159	16.02643066	SDN	Sudan	1	ALLAGE	ANNUAL	ALLAREA	BOTHSEX	NUMBER	MP																													
2017.Q2.G.01	VC_DSR_DMGEDUC	Damage to critical infrastructure, education facilities	740	-55.90626394	4.132603197	SUR	Suriname	1	ALLAGE	ANNUAL	ALLAREA	BOTHSEX	NUMBER	MP																													
2017.Q2.G.01	VC_DSR_DMGEDUC	Damage to critical infrastructure, education facilities	744	13.38071013	78.82894131	SJM	Svalbard and Jan Mayen Islands	1	ALLAGE	ANNUAL	ALLAREA	BOTHSEX	NUMBER	MP																													
2017.Q2.G.01	VC_DSR_DMGEDUC	Damage to critical infrastructure, education facilities	748	31.50149288	-26.56471011	SWZ	Swaziland	1	ALLAGE	ANNUAL	ALLAREA	BOTHSEX	NUMBER	MP																													
2017.Q2.G.01	VC_DSR_DMGEDUC	Damage to critical infrastructure, education facilities	752	14.3775338	60.60103109	SWE	Sweden	1	ALLAGE	ANNUAL	ALLAREA	BOTHSEX	NUMBER	MP																													
2017.Q2.G.01	VC_DSR_DMGEDUC	Damage to critical infrastructure, education facilities	756	8.223158	46.96617097	CHE	Switzerland	1	ALLAGE	ANNUAL	ALLAREA	BOTHSEX	NUMBER	MP																													
2017.Q2.G.01	VC_DSR_DMGEDUC	Damage to critical infrastructure, education facilities	760	38.50466565	35.01676176	SYR	Syrian Arab Republic (Syria)	1	ALLAGE	ANNUAL	ALLAREA	BOTHSEX	NUMBER	MP																													
2017.Q2.G.01	VC_DSR_DMGEDUC	Damage to critical infrastructure, education facilities	762	69.294998	38.43069666	TJK	Tajikistan	1	ALLAGE	ANNUAL	ALLAREA	BOTHSEX	NUMBER	MP																													
2017.Q2.G.01	VC_DSR_DMGEDUC	Damage to critical infrastructure, education facilities	764	101.0202951	15.13089239	THA	Thailand	1	ALLAGE	ANNUAL	ALLAREA	BOTHSEX	NUMBER	MP																													
2017.Q2.G.01	VC_DSR_DMGEDUC	Damage to critical infrastructure, education facilities	768	0.97835765	8.532096072	TGO	Togo	1	ALLAGE	ANNUAL	ALLAREA	BOTHSEX	NUMBER	MP																													
2017.Q2.G.01	VC_DSR_DMGEDUC	Damage to critical infrastructure, education facilities	772	-171.8154473	-9.214545558	TKL	Tokelau	1	ALLAGE	ANNUAL	ALLAREA	BOTHSEX	NUMBER	MP																													
2017.Q2.G.01	VC_DSR_DMGEDUC	Damage to critical infrastructure, education facilities	776	-175.1959991	-21.19511329	TON	Tonga	1	ALLAGE	ANNUAL	ALLAREA	BOTHSEX	NUMBER	MP																				1	1					1	2010	1	UNISDR (2015). Global Assessment Report on Disaster Risk Reduction 2015, Geneva, Switzerland: United Nations Office for Disaster Risk Reduction
2017.Q2.G.01	VC_DSR_DMGEDUC	Damage to critical infrastructure, education facilities	780	-61.29389504	10.41877263	TTO	Trinidad and Tobago	1	ALLAGE	ANNUAL	ALLAREA	BOTHSEX	NUMBER	MP								1	3	5	8								20000								2008	20000	UNISDR (2015). Global Assessment Report on Disaster Risk Reduction 2015, Geneva, Switzerland: United Nations Office for Disaster Risk Reduction
2017.Q2.G.01	VC_DSR_DMGEDUC	Damage to critical infrastructure, education facilities	784	53.98279159	23.43322219	ARE	United Arab Emirates	1	ALLAGE	ANNUAL	ALLAREA	BOTHSEX	NUMBER	MP																													
2017.Q2.G.01	VC_DSR_DMGEDUC	Damage to critical infrastructure, education facilities	788	9.572737411	34.11439971	TUN	Tunisia	1	ALLAGE	ANNUAL	ALLAREA	BOTHSEX	NUMBER	MP	80																			2	1	3	2			2	2012	2	UNISDR (2015). Global Assessment Report on Disaster Risk Reduction 2015, Geneva, Switzerland: United Nations Office for Disaster Risk Reduction
2017.Q2.G.01	VC_DSR_DMGEDUC	Damage to critical infrastructure, education facilities	792	35.42890329	38.9899684	TUR	Turkey	1	ALLAGE	ANNUAL	ALLAREA	BOTHSEX	NUMBER	MP																													
2017.Q2.G.01	VC_DSR_DMGEDUC	Damage to critical infrastructure, education facilities	795	58.9787665	40.0912346	TKM	Turkmenistan	1	ALLAGE	ANNUAL	ALLAREA	BOTHSEX	NUMBER	MP																													
2017.Q2.G.01	VC_DSR_DMGEDUC	Damage to critical infrastructure, education facilities	796	-71.745121	21.80780585	TCA	Turks and Caicos Islands	1	ALLAGE	ANNUAL	ALLAREA	BOTHSEX	NUMBER	MP																													
2017.Q2.G.01	VC_DSR_DMGEDUC	Damage to critical infrastructure, education facilities	798	178.6679611	-7.460048071	TUV	Tuvalu	1	ALLAGE	ANNUAL	ALLAREA	BOTHSEX	NUMBER	MP																													
2017.Q2.G.01	VC_DSR_DMGEDUC	Damage to critical infrastructure, education facilities	800	32.39100438	1.279557331	UGA	Uganda	1	ALLAGE	ANNUAL	ALLAREA	BOTHSEX	NUMBER	MP																													
2017.Q2.G.01	VC_DSR_DMGEDUC	Damage to critical infrastructure, education facilities	804	31.40270802	49.00735945	UKR	Ukraine	1	ALLAGE	ANNUAL	ALLAREA	BOTHSEX	NUMBER	MP																													
2017.Q2.G.01	VC_DSR_DMGEDUC	Damage to critical infrastructure, education facilities	807	21.7007909	41.60048068	MKD	Macedonia, Republic of	1	ALLAGE	ANNUAL	ALLAREA	BOTHSEX	NUMBER	MP																													
2017.Q2.G.01	VC_DSR_DMGEDUC	Damage to critical infrastructure, education facilities	818	29.77468534	26.57438204	EGY	Egypt	1	ALLAGE	ANNUAL	ALLAREA	BOTHSEX	NUMBER	MP																													
2017.Q2.G.01	VC_DSR_DMGEDUC	Damage to critical infrastructure, education facilities	826	-2.23830539	53.27691757	GBR	United Kingdom	1	ALLAGE	ANNUAL	ALLAREA	BOTHSEX	NUMBER	MP																													
2017.Q2.G.01	VC_DSR_DMGEDUC	Damage to critical infrastructure, education facilities	831	-2.200712402	49.71561166	GGY	Guernsey	1	ALLAGE	ANNUAL	ALLAREA	BOTHSEX	NUMBER	MP																													
2017.Q2.G.01	VC_DSR_DMGEDUC	Damage to critical infrastructure, education facilities	832	-2.136773508	49.22353354	JEY	Jersey	1	ALLAGE	ANNUAL	ALLAREA	BOTHSEX	NUMBER	MP																													
2017.Q2.G.01	VC_DSR_DMGEDUC	Damage to critical infrastructure, education facilities	833	-4.538190305	54.22880901	IMN	Isle of Man	1	ALLAGE	ANNUAL	ALLAREA	BOTHSEX	NUMBER	MP																													
2017.Q2.G.01	VC_DSR_DMGEDUC	Damage to critical infrastructure, education facilities	834	34.80521182	-6.265332606	TZA	Tanzania, United Republic of	1	ALLAGE	ANNUAL	ALLAREA	BOTHSEX	NUMBER	MP																													
2017.Q2.G.01	VC_DSR_DMGEDUC	Damage to critical infrastructure, education facilities	840	-99.13830311	39.5277871	USA	United States of America	1	ALLAGE	ANNUAL	ALLAREA	BOTHSEX	NUMBER	MP																													
2017.Q2.G.01	VC_DSR_DMGEDUC	Damage to critical infrastructure, education facilities	850	-64.76960113	17.73297693	VIR	United States Virgin Islands	1	ALLAGE	ANNUAL	ALLAREA	BOTHSEX	NUMBER	MP																													
2017.Q2.G.01	VC_DSR_DMGEDUC	Damage to critical infrastructure, education facilities	854	-1.742843829	12.27491081	BFA	Burkina Faso	1	ALLAGE	ANNUAL	ALLAREA	BOTHSEX	NUMBER	MP																													
2017.Q2.G.01	VC_DSR_DMGEDUC	Damage to critical infrastructure, education facilities	858	-56.01387025	-32.8002838	URY	Uruguay	1	ALLAGE	ANNUAL	ALLAREA	BOTHSEX	NUMBER	MP		1	2		11	1			1																		1998	1	UNISDR (2015). Global Assessment Report on Disaster Risk Reduction 2015, Geneva, Switzerland: United Nations Office for Disaster Risk Reduction
2017.Q2.G.01	VC_DSR_DMGEDUC	Damage to critical infrastructure, education facilities	860	63.11944558	41.77560518	UZB	Uzbekistan	1	ALLAGE	ANNUAL	ALLAREA	BOTHSEX	NUMBER	MP																													
2017.Q2.G.01	VC_DSR_DMGEDUC	Damage to critical infrastructure, education facilities	862	-66.15642084	7.121324748	VEN	Venezuela (Bolivarian Republic)	1	ALLAGE	ANNUAL	ALLAREA	BOTHSEX	NUMBER	MP		2	2											1				2			31			2	1	11.3333333333333	2014	1	UNISDR (2015). Global Assessment Report on Disaster Risk Reduction 2015, Geneva, Switzerland: United Nations Office for Disaster Risk Reduction
2017.Q2.G.01	VC_DSR_DMGEDUC	Damage to critical infrastructure, education facilities	876	-176.2034788	-13.28471201	WLF	Wallis and Futuna Islands	1	ALLAGE	ANNUAL	ALLAREA	BOTHSEX	NUMBER	MP																													
2017.Q2.G.01	VC_DSR_DMGEDUC	Damage to critical infrastructure, education facilities	882	-172.4430749	-13.61541469	WSM	Samoa	1	ALLAGE	ANNUAL	ALLAREA	BOTHSEX	NUMBER	MP																													
2017.Q2.G.01	VC_DSR_DMGEDUC	Damage to critical infrastructure, education facilities	887	45.22389143	15.22242099	YEM	Yemen	1	ALLAGE	ANNUAL	ALLAREA	BOTHSEX	NUMBER	MP																													
2017.Q2.G.01	VC_DSR_DMGEDUC	Damage to critical infrastructure, education facilities	894	27.850329	-14.59701056	ZMB	Zambia	1	ALLAGE	ANNUAL	ALLAREA	BOTHSEX	NUMBER	MP																													
